side,entry_i,exit_i,entry_ts,exit_ts,entry_mid,exit_mid,size_lots,bars_held,gross_pnl,cost,net_pnl,r_multiple,mae,mfe,exit_reason,year
-1,103,138,2009-01-02 01:45:00+00:00,2009-01-02 10:30:00+00:00,877.3810000000001,870.4910000000002,0.01,35,6.889999999999873,0.5407042349726805,6.349295765027192,1.8430466661908012,0.8759999999999764,10.155000000000086,target,2009
-1,227,231,2009-01-05 01:45:00+00:00,2009-01-05 02:45:00+00:00,874.664,869.354,0.01,4,5.309999999999945,0.5479406666666624,4.7620593333332835,1.7936193345888258,0.5049999999999955,6.543999999999983,target,2009
1,387,393,2009-01-06 17:45:00+00:00,2009-01-06 19:15:00+00:00,858.0319999999999,868.1039999999998,0.01,6,10.071999999999889,0.5342222404192578,9.537777759580631,1.8939193327205592,0.9919999999999618,11.500000000000114,target,2009
1,414,416,2009-01-07 00:30:00+00:00,2009-01-07 01:00:00+00:00,859.5260000000001,858.155,0.01,2,-1.3710000000000946,0.5444272091544842,-1.9154272091545788,-1.3971022678004716,2.004000000000133,1.1340000000000146,stop,2009
1,564,661,2009-01-08 14:00:00+00:00,2009-01-09 14:15:00+00:00,857.037,848.9110000000001,0.01,97,-8.125999999999976,0.5399025846702312,-8.665902584670208,-1.066441371482923,10.653999999999996,4.486999999999966,stop,2009
-1,661,667,2009-01-09 14:15:00+00:00,2009-01-09 15:45:00+00:00,850.149,853.197,0.01,6,-3.048000000000002,0.5401066413662232,-3.588106641366225,-1.177200341655585,3.4180000000000064,5.545999999999935,stop,2009
1,699,723,2009-01-11 17:15:00+00:00,2009-01-11 23:15:00+00:00,853.6,852.087,0.01,24,-1.5130000000000337,0.544972296015183,-2.0579722960152167,-1.360193189699386,2.5480000000001155,1.9289999999999736,stop,2009
-1,738,740,2009-01-12 03:00:00+00:00,2009-01-12 03:30:00+00:00,852.3489999999999,849.635,0.01,2,2.713999999999942,0.5442889358703327,2.169711064129609,1.5989027738612054,0.0,3.288000000000011,target,2009
-1,951,972,2009-01-14 08:15:00+00:00,2009-01-14 13:30:00+00:00,826.081,821.4409999999999,0.01,21,4.6400000000001,0.5073347972478403,4.13266520275226,1.7813212080828322,1.9289999999999736,5.802000000000021,target,2009
1,1069,1071,2009-01-15 13:45:00+00:00,2009-01-15 14:15:00+00:00,819.102,813.117,0.01,2,-5.985000000000014,0.545769588744587,-6.530769588744601,-1.0911895720542333,9.11099999999999,0.0,stop,2009
1,1111,1113,2009-01-16 00:15:00+00:00,2009-01-16 00:45:00+00:00,817.605,816.059,0.01,2,-1.5460000000000491,0.5572217462260318,-2.103221746226081,-1.3604280376623636,1.9990000000000236,0.0,stop,2009
-1,1292,1296,2009-01-19 14:45:00+00:00,2009-01-19 15:45:00+00:00,832.341,835.412,0.01,4,-3.0710000000000264,0.5228199134199139,-3.5938199134199404,-1.1702441919309376,3.3079999999999927,0.5810000000000173,stop,2009
-1,1330,1332,2009-01-20 00:15:00+00:00,2009-01-20 00:45:00+00:00,833.097,829.8229999999999,0.01,2,3.274000000000114,0.5578973290103422,2.716102670989772,1.6591952785520325,0.0,3.3070000000000164,target,2009
1,1483,1487,2009-01-21 14:30:00+00:00,2009-01-21 15:30:00+00:00,854.707,846.61,0.01,4,-8.09699999999998,0.5313191616766453,-8.628319161676625,-1.06561926166193,10.903999999999996,0.0,stop,2009
-1,1563,1565,2009-01-22 10:30:00+00:00,2009-01-22 11:00:00+00:00,849.509,850.9359999999999,0.01,2,-1.4269999999999072,0.5188068817987357,-1.945806881798643,-1.363564738471457,2.143000000000029,2.481999999999971,stop,2009
1,1649,1652,2009-01-23 08:00:00+00:00,2009-01-23 08:45:00+00:00,853.9639999999999,857.288,0.01,3,3.324000000000069,0.5671536976536935,2.756846302346376,1.6587522878136693,1.3579999999999472,3.408000000000129,target,2009
-1,1870,1875,2009-01-27 09:00:00+00:00,2009-01-27 10:15:00+00:00,893.8779999999999,896.4879999999999,0.01,5,-2.6100000000000136,0.5310449421753775,-3.141044942175391,-1.2034654950863504,2.883000000000038,1.4739999999999327,stop,2009
-1,1944,1964,2009-01-28 03:30:00+00:00,2009-01-28 08:30:00+00:00,892.3340000000001,898.365,0.01,20,-6.030999999999949,0.5388617669684652,-6.5698617669684145,-1.0893486597526894,8.215999999999894,0.8240000000000691,stop,2009
-1,2260,2269,2009-02-02 04:00:00+00:00,2009-02-02 06:15:00+00:00,913.46,910.634,0.01,9,2.826000000000022,0.5430158173210813,2.2829841826789403,1.615700058513038,1.115000000000009,6.88900000000001,target,2009
1,2394,2403,2009-02-03 13:30:00+00:00,2009-02-03 15:45:00+00:00,909.5730000000001,903.2700000000002,0.01,9,-6.302999999999884,0.5588382023101917,-6.861838202310075,-1.088662256435063,7.8950000000000955,2.9629999999999654,stop,2009
-1,2476,2477,2009-02-04 10:00:00+00:00,2009-02-04 10:15:00+00:00,900.875,902.89,0.01,1,-2.0149999999999864,0.5730360787580748,-2.588036078758061,-1.284385150748426,4.036000000000058,0.0,stop,2009
-1,2536,2537,2009-02-05 01:00:00+00:00,2009-02-05 01:15:00+00:00,902.504,904.005,0.01,1,-1.5009999999999764,0.5448846153846119,-2.045884615384588,-1.3630144006559763,1.8669999999999618,0.0,stop,2009
1,2664,2682,2009-02-06 09:00:00+00:00,2009-02-06 13:30:00+00:00,910.951,919.057,0.01,18,8.105999999999995,0.5648292453091621,7.541170754690833,1.8606392190206853,0.0,8.355000000000018,target,2009
1,2735,2746,2009-02-08 20:15:00+00:00,2009-02-08 23:00:00+00:00,911.7,910.55,0.01,11,-1.150000000000091,0.5374925044091696,-1.6874925044092606,-1.4673847864427192,3.8110000000000355,0.91599999999994,stop,2009
1,2897,2912,2009-02-10 12:45:00+00:00,2009-02-10 16:30:00+00:00,903.0260000000001,915.8040000000003,0.01,15,12.778000000000247,0.5131105406221673,12.26488945937808,1.9196884425384009,0.8520000000000891,14.344999999999914,target,2009
1,3170,3171,2009-02-13 09:00:00+00:00,2009-02-13 09:15:00+00:00,937.717,935.98,0.01,1,-1.7369999999999663,0.5044818965517239,-2.24148189655169,-1.2904328707839572,2.074999999999932,0.23599999999999,stop,2009
1,3231,3258,2009-02-15 17:45:00+00:00,2009-02-16 00:30:00+00:00,939.4000000000001,936.7,0.01,27,-2.7000000000000455,0.5564420970265953,-3.256442097026641,-1.206089665565402,3.57100000000014,2.5329999999999018,stop,2009
-1,3259,3285,2009-02-16 00:45:00+00:00,2009-02-16 07:15:00+00:00,935.829,938.601,0.01,26,-2.772000000000048,0.5522775930851065,-3.3242775930851547,-1.1992343409397896,3.869000000000142,0.0,stop,2009
-1,3581,3582,2009-02-19 09:15:00+00:00,2009-02-19 09:30:00+00:00,968.83,971.8460000000001,0.01,1,-3.0160000000000764,0.531468000000002,-3.5474680000000784,-1.176216180371349,4.090000000000032,0.0,stop,2009
-1,3642,3665,2009-02-20 00:30:00+00:00,2009-02-20 06:15:00+00:00,971.953,974.7950000000001,0.01,23,-2.8420000000000982,0.5408820346320348,-3.382882034632133,-1.1903173943110543,3.1829999999999927,2.019999999999982,stop,2009
1,3778,3784,2009-02-23 04:00:00+00:00,2009-02-23 05:30:00+00:00,986.8710000000001,989.9970000000003,0.01,6,3.1260000000002037,0.5441291409320616,2.5818708590681423,1.6518687518029265,0.6510000000000673,3.69299999999987,target,2009
-1,3862,3884,2009-02-24 01:00:00+00:00,2009-02-24 06:30:00+00:00,986.783,988.606,0.01,22,-1.822999999999979,0.5461503820682573,-2.3691503820682365,-1.2995887998180273,4.923999999999978,2.951000000000022,stop,2009
1,4015,4020,2009-02-25 15:15:00+00:00,2009-02-25 16:30:00+00:00,976.7,969.966,0.01,5,-6.734000000000037,0.5535881547619077,-7.287588154761945,-1.082207923190066,7.201000000000022,0.10799999999994725,stop,2009
1,4196,4199,2009-02-27 12:30:00+00:00,2009-02-27 13:15:00+00:00,951.65,959.1479999999998,0.01,3,7.49799999999982,0.5536516017316,6.94434839826822,1.852320191589327,0.8509999999999991,7.671000000000049,target,2009
1,4266,4326,2009-03-01 23:30:00+00:00,2009-03-02 14:30:00+00:00,948.376,943.071,0.01,60,-5.30499999999995,0.5381071428571452,-5.843107142857095,-1.1014339571832517,8.360000000000014,9.596000000000004,stop,2009
1,4326,4327,2009-03-02 14:30:00+00:00,2009-03-02 14:45:00+00:00,949.27,945.6410000000001,0.01,1,-3.6289999999999054,0.5047750000000011,-4.133774999999907,-1.1390947919537102,14.136999999999944,0.0,stop,2009
-1,4516,4520,2009-03-04 14:00:00+00:00,2009-03-04 15:00:00+00:00,917.799,908.7750000000001,0.01,4,9.023999999999887,0.5283177237250881,8.495682276274799,1.8829083059119913,1.6949999999999363,9.613000000000056,target,2009
1,4601,4602,2009-03-05 11:15:00+00:00,2009-03-05 11:30:00+00:00,916.353,914.973,0.01,1,-1.3799999999999955,0.5098858901515205,-1.889885890151516,-1.369482529095306,2.1549999999999727,0.0,stop,2009
1,4807,4812,2009-03-09 07:30:00+00:00,2009-03-09 08:45:00+00:00,934.659,939.129,0.01,5,4.470000000000027,0.5296960694418984,3.940303930558129,1.7629995215025078,1.7679999999999154,4.5330000000000155,target,2009
-1,5035,5036,2009-03-11 16:30:00+00:00,2009-03-11 16:45:00+00:00,906.883,908.7660000000001,0.01,1,-1.8830000000000382,0.5417703525640969,-2.424770352564135,-1.2877165972193763,5.56899999999996,0.0,stop,2009
-1,5117,5118,2009-03-12 13:00:00+00:00,2009-03-12 13:15:00+00:00,907.982,912.657,0.01,1,-4.675000000000068,0.544588973063973,-5.219588973064042,-1.1164896199067307,11.855999999999995,0.0,stop,2009
1,5290,5291,2009-03-16 00:45:00+00:00,2009-03-16 01:00:00+00:00,924.52,927.162,0.01,1,2.6420000000000528,0.5478427101854166,2.0941572898146363,1.5852818242351208,0.0,3.3430000000000746,target,2009
1,5388,5390,2009-03-17 01:15:00+00:00,2009-03-17 01:45:00+00:00,923.701,922.261,0.01,2,-1.4400000000000546,0.5408766233766261,-1.9808766233766808,-1.375608766233754,1.5009999999999764,0.0,stop,2009
1,5553,5637,2009-03-18 18:30:00+00:00,2009-03-19 15:30:00+00:00,914.204,959.316,0.01,84,45.11200000000008,0.5401839109116631,44.571816089088415,1.976051431507729,0.0,46.502000000000066,target,2009
-1,5846,5850,2009-03-23 12:30:00+00:00,2009-03-23 13:30:00+00:00,947.2909999999999,951.1469999999999,0.01,4,-3.855999999999995,0.5081275151515157,-4.364127515151511,-1.1317758078712439,6.947000000000116,1.9659999999998945,stop,2009
-1,6048,6053,2009-03-25 15:00:00+00:00,2009-03-25 16:15:00+00:00,929.3420000000001,932.6460000000001,0.01,5,-3.3039999999999736,0.550626780487803,-3.8546267804877767,-1.1666545945786342,4.279999999999973,4.039000000000101,stop,2009
1,6086,6094,2009-03-26 00:30:00+00:00,2009-03-26 02:30:00+00:00,933.3589999999999,932.206,0.01,8,-1.1529999999999063,0.5483719837173168,-1.7013719837172232,-1.4756044958520047,1.3149999999999409,1.2760000000000673,stop,2009
-1,6181,6204,2009-03-27 00:15:00+00:00,2009-03-27 06:00:00+00:00,933.263,934.7719999999999,0.01,23,-1.5089999999999009,0.5487102232667433,-2.0577102232666444,-1.3636250651204636,1.516999999999939,2.8630000000000564,stop,2009
1,6352,6360,2009-03-30 13:45:00+00:00,2009-03-30 15:45:00+00:00,926.409,914.847,0.01,8,-11.562000000000012,0.5022831168831221,-12.064283116883134,-1.0434425805987824,13.288000000000011,2.9669999999999845,stop,2009
-1,6426,6434,2009-03-31 08:15:00+00:00,2009-03-31 10:15:00+00:00,919.931,915.817,0.01,8,4.114000000000033,0.5244071273359403,3.5895928726640927,1.745062164639798,0.2099999999999227,6.1440000000000055,target,2009
-1,6490,6492,2009-04-01 00:15:00+00:00,2009-04-01 00:45:00+00:00,918.137,920.346,0.01,2,-2.20900000000006,0.5545507246376791,-2.763550724637739,-1.2510415231496894,3.7660000000000764,0.0,stop,2009
-1,6612,6622,2009-04-02 06:45:00+00:00,2009-04-02 09:15:00+00:00,921.8420000000001,917.9080000000004,0.01,10,3.9339999999997417,0.5249868092691581,3.4090131907305836,1.7331027914238981,1.1819999999999027,6.165000000000077,target,2009
-1,6954,6959,2009-04-07 14:00:00+00:00,2009-04-07 15:15:00+00:00,878.981,881.6880000000001,0.01,5,-2.7070000000001073,0.5397554074212189,-3.2467554074213263,-1.1993924667237523,4.236000000000104,1.1620000000000346,stop,2009
-1,6996,7002,2009-04-08 00:30:00+00:00,2009-04-08 02:00:00+00:00,880.741,882.98,0.01,6,-2.2390000000000327,0.5332927875044664,-2.772292787504499,-1.2381834691846623,2.367999999999938,1.04099999999994,stop,2009
-1,7097,7102,2009-04-09 01:45:00+00:00,2009-04-09 03:00:00+00:00,882.018,883.202,0.01,5,-1.183999999999969,0.5459890086206891,-1.7299890086206582,-1.4611393653891076,1.294999999999959,0.48900000000003274,stop,2009
1,7299,7356,2009-04-12 22:15:00+00:00,2009-04-13 12:30:00+00:00,884.0,890.538,0.01,57,6.538000000000011,0.5601625816993459,5.977837418300665,1.8286440557664898,1.6749999999999545,10.464999999999918,target,2009
-1,7451,7539,2009-04-14 12:15:00+00:00,2009-04-15 10:15:00+00:00,889.568,893.6179999999999,0.01,88,-4.0499999999999545,0.5530808694635975,-4.603080869463552,-1.1365631776453342,5.041999999999916,3.606999999999971,stop,2009
1,7539,7540,2009-04-15 10:15:00+00:00,2009-04-15 10:30:00+00:00,891.953,895.2950000000001,0.01,1,3.3420000000000982,0.5556822331553042,2.7863177668447943,1.667455276388218,0.0,3.538000000000011,target,2009
-1,7595,7596,2009-04-16 00:15:00+00:00,2009-04-16 00:30:00+00:00,890.0930000000001,887.979,0.01,1,2.1140000000000327,0.543708806818187,1.5702911931818457,1.485611346435025,0.0,2.289000000000101,target,2009
-1,7845,7848,2009-04-20 08:30:00+00:00,2009-04-20 09:15:00+00:00,870.979,872.5810000000001,0.01,3,-1.6020000000000891,0.5393553410632808,-2.14135534106337,-1.3366762428609555,2.0149999999999864,2.0109999999999673,stop,2009
1,7969,7977,2009-04-21 15:30:00+00:00,2009-04-21 17:30:00+00:00,882.431,880.953,0.01,8,-1.4780000000000655,0.5457600590623846,-2.0237600590624503,-1.3692557909758867,2.8920000000000528,2.768000000000029,stop,2009
1,8005,8031,2009-04-22 00:30:00+00:00,2009-04-22 07:00:00+00:00,883.4159999999999,887.2559999999996,0.01,26,3.8399999999996908,0.5472645775697,3.292735422429991,1.7149663658490917,1.3419999999999845,3.8420000000000982,target,2009
-1,8374,8420,2009-04-27 12:30:00+00:00,2009-04-28 00:00:00+00:00,908.7950000000001,901.5950000000003,0.01,46,7.199999999999818,0.5715964701964726,6.628403529803346,1.841223202723198,3.494999999999891,12.346000000000004,target,2009
-1,8563,8565,2009-04-29 11:45:00+00:00,2009-04-29 12:15:00+00:00,895.983,898.279,0.01,2,-2.296000000000049,0.5787095893527456,-2.8747095893527947,-1.252051214874884,3.538000000000011,0.20499999999992724,stop,2009
1,8637,8649,2009-04-30 06:15:00+00:00,2009-04-30 09:15:00+00:00,897.662,895.0440000000001,0.01,12,-2.617999999999938,0.5189300821221381,-3.1369300821220762,-1.1982162269374141,10.067000000000007,2.094000000000051,stop,2009
-1,8776,8834,2009-05-01 17:00:00+00:00,2009-05-04 01:15:00+00:00,886.792,889.277,0.01,58,-2.4850000000000136,0.5477165733039122,-3.032716573303926,-1.2204090838245107,5.302000000000021,2.5410000000000537,stop,2009
1,8834,8883,2009-05-04 01:15:00+00:00,2009-05-04 13:30:00+00:00,889.037,895.0549999999998,0.01,49,6.017999999999802,0.5169357246091197,5.501064275390682,1.8282034813528958,0.48700000000008004,17.101999999999975,target,2009
-1,9000,9042,2009-05-05 18:45:00+00:00,2009-05-06 05:15:00+00:00,899.3299999999999,902.054,0.01,42,-2.7240000000000464,0.5449224081364796,-3.2689224081365262,-1.2000449369076618,3.3610000000001037,4.600999999999885,stop,2009
1,9268,9269,2009-05-08 13:45:00+00:00,2009-05-08 14:00:00+00:00,913.325,910.443,0.01,1,-2.882000000000062,0.5365345279383416,-3.4185345279384034,-1.1861674281534802,7.596000000000004,0.0,stop,2009
-1,9342,9347,2009-05-11 02:00:00+00:00,2009-05-11 03:15:00+00:00,912.8820000000001,915.048,0.01,5,-2.16599999999994,0.5590276881373433,-2.725027688137283,-1.2580921921225108,3.01299999999992,0.0,stop,2009
-1,9434,9443,2009-05-12 01:00:00+00:00,2009-05-12 03:15:00+00:00,912.678,913.767,0.01,9,-1.0890000000000555,0.5442185132575733,-1.6332185132576287,-1.4997415181428333,1.3380000000000791,1.0430000000000064,stop,2009
1,9575,9576,2009-05-13 12:15:00+00:00,2009-05-13 12:30:00+00:00,920.851,919.221,0.01,1,-1.6299999999999955,0.5788263003662959,-2.208826300366291,-1.3551081597339247,3.4279999999999973,0.28300000000001546,stop,2009
1,9653,9661,2009-05-14 07:45:00+00:00,2009-05-14 09:45:00+00:00,923.873,922.134,0.01,8,-1.739000000000033,0.5304644026186636,-2.2694644026186968,-1.3050399094989382,1.77800000000002,1.1579999999999018,stop,2009
-1,9759,9762,2009-05-15 10:15:00+00:00,2009-05-15 11:00:00+00:00,923.471,924.697,0.01,3,-1.225999999999999,0.4964658714837291,-1.7224658714837282,-1.4049476928904807,1.56899999999996,0.0,stop,2009
1,9894,9896,2009-05-18 11:45:00+00:00,2009-05-18 12:15:00+00:00,929.219,927.893,0.01,2,-1.3260000000000218,0.5036497045979982,-1.82964970459802,-1.3798263232262367,1.552000000000021,1.0960000000000036,stop,2009
-1,9994,9997,2009-05-19 12:45:00+00:00,2009-05-19 13:30:00+00:00,922.199,924.432,0.01,3,-2.233000000000061,0.5193477702192,-2.752347770219261,-1.232578490917683,2.5680000000000973,1.3649999999998954,stop,2009
1,10395,10408,2009-05-25 09:00:00+00:00,2009-05-25 12:15:00+00:00,953.409,955.7030000000001,0.01,13,2.2940000000000964,0.5653378352305591,1.7286621647695373,1.5071160983168828,0.7939999999999827,2.4329999999999927,target,2009
1,10469,10472,2009-05-26 03:30:00+00:00,2009-05-26 04:15:00+00:00,955.0,953.94,0.01,3,-1.0599999999999454,0.5477369013083964,-1.6077369013083418,-1.5167329257626647,1.2280000000000655,0.0,stop,2009
1,10601,10608,2009-05-27 12:30:00+00:00,2009-05-27 14:15:00+00:00,952.014,949.394,0.01,7,-2.6200000000000045,0.5418626630227938,-3.1618626630227986,-1.2068178103140432,2.8190000000000737,2.5120000000000573,stop,2009
-1,10680,10684,2009-05-28 08:15:00+00:00,2009-05-28 09:15:00+00:00,949.083,950.9000000000001,0.01,4,-1.817000000000121,0.4926938637823947,-2.3096938637825155,-1.2711578777008046,2.2310000000001082,0.0,stop,2009
-1,10930,10935,2009-06-01 14:30:00+00:00,2009-06-01 15:45:00+00:00,975.0060000000001,980.0509999999999,0.01,5,-5.044999999999845,0.5707279770086182,-5.615727977008463,-1.1131274483664293,5.817999999999984,0.5790000000000646,stop,2009
-1,10969,10971,2009-06-02 00:15:00+00:00,2009-06-02 00:45:00+00:00,974.341,976.0329999999999,0.01,2,-1.6919999999998936,0.5599634246801057,-2.2519634246799995,-1.330947650520178,1.782000000000039,0.49900000000002365,stop,2009
1,11104,11109,2009-06-03 10:00:00+00:00,2009-06-03 11:15:00+00:00,981.1320000000001,979.1790000000001,0.01,5,-1.9529999999999745,0.5209926108374379,-2.4739926108374126,-1.2667652897273143,7.624000000000024,1.2859999999999445,stop,2009
-1,11213,11215,2009-06-04 13:15:00+00:00,2009-06-04 13:45:00+00:00,969.261,973.703,0.01,2,-4.442000000000007,0.544919747331571,-4.986919747331578,-1.122674414077346,4.965000000000032,0.17599999999993088,stop,2009
-1,11297,11300,2009-06-05 10:15:00+00:00,2009-06-05 11:00:00+00:00,974.405,977.028,0.01,3,-2.6230000000000473,0.5369445234708381,-3.1599445234708856,-1.2047062613308535,2.9629999999999654,0.0,stop,2009
1,11520,11529,2009-06-09 12:00:00+00:00,2009-06-09 14:15:00+00:00,956.513,953.7760000000001,0.01,9,-2.7369999999999663,0.5698008658008664,-3.3068008658008328,-1.2081844595545757,3.677000000000021,4.550999999999931,stop,2009
1,11568,11592,2009-06-10 00:00:00+00:00,2009-06-10 06:00:00+00:00,956.197,959.8550000000001,0.01,24,3.658000000000129,0.5515484298982787,3.1064515701018505,1.6984426299080049,0.2479999999999336,3.75100000000009,target,2009
1,11682,11690,2009-06-11 04:30:00+00:00,2009-06-11 06:30:00+00:00,956.0609999999999,954.75,0.01,8,-1.3109999999999218,0.5421397046623556,-1.8531397046622775,-1.4135314299484272,1.4119999999999209,1.5570000000000164,stop,2009
1,11760,11766,2009-06-12 00:00:00+00:00,2009-06-12 01:30:00+00:00,956.639,954.808,0.01,6,-1.8310000000000173,0.554916646075281,-2.385916646075298,-1.3030675292601177,2.092999999999961,0.9650000000000318,stop,2009
-1,12017,12024,2009-06-16 10:00:00+00:00,2009-06-16 11:45:00+00:00,934.076,936.702,0.01,7,-2.6259999999999764,0.5243773825932023,-3.1503773825931787,-1.1996867412769257,2.6989999999999554,0.6800000000000637,stop,2009
1,12137,12152,2009-06-17 16:00:00+00:00,2009-06-17 19:45:00+00:00,935.311,939.4250000000001,0.01,15,4.114000000000033,0.547794748969196,3.5662052510308366,1.7336923923338883,1.1140000000000327,4.692999999999984,target,2009
1,12202,12212,2009-06-18 08:15:00+00:00,2009-06-18 10:45:00+00:00,936.8879999999999,935.644,0.01,10,-1.2439999999999145,0.5370670637267337,-1.7810670637266481,-1.4317259354716805,1.3419999999998709,0.9519999999999982,stop,2009
1,12310,12311,2009-06-19 11:15:00+00:00,2009-06-19 11:30:00+00:00,936.174,934.185,0.01,1,-1.9890000000000327,0.576130728554642,-2.5651307285546747,-1.2896584859500415,2.4969999999999573,0.3849999999999909,stop,2009
1,12548,12582,2009-06-23 16:45:00+00:00,2009-06-24 01:15:00+00:00,924.503,922.425,0.01,34,-2.078000000000088,0.5486735226307511,-2.6266735226308393,-1.2640392312948643,2.5049999999999955,2.078999999999951,stop,2009
1,12596,12602,2009-06-24 04:45:00+00:00,2009-06-24 06:15:00+00:00,924.857,923.3969999999999,0.01,6,-1.4600000000000364,0.562873360287512,-2.0228733602875484,-1.3855296988270533,1.77800000000002,0.26900000000000546,stop,2009
1,12834,12883,2009-06-26 16:15:00+00:00,2009-06-28 22:00:00+00:00,939.735,937.364,0.01,49,-2.370999999999981,0.5411381247578415,-2.9121381247578224,-1.2282320222513057,4.272000000000048,1.9629999999999654,stop,2009
-1,12891,12894,2009-06-29 00:00:00+00:00,2009-06-29 00:45:00+00:00,937.09,938.307,0.01,3,-1.2169999999999845,0.5623337438423648,-1.7793337438423493,-1.462065524932105,1.40199999999993,0.5339999999999918,stop,2009
1,13032,13038,2009-06-30 11:15:00+00:00,2009-06-30 12:45:00+00:00,940.23,938.749,0.01,6,-1.4809999999999945,0.49308194244110365,-1.9740819424410982,-1.3329385161655,1.7029999999999745,1.6299999999999955,stop,2009
1,13133,13229,2009-07-01 12:30:00+00:00,2009-07-02 12:30:00+00:00,937.437,930.326,0.01,96,-7.11099999999999,0.4969996747514183,-7.607999674751408,-1.0698916713192825,10.205000000000041,7.544999999999959,stop,2009
-1,13332,13400,2009-07-03 14:15:00+00:00,2009-07-05 22:45:00+00:00,932.091,929.4630000000001,0.01,68,2.627999999999929,0.5616483620432211,2.066351637956708,1.5725659345180851,0.6730000000000018,2.880999999999972,target,2009
1,13541,13542,2009-07-07 10:00:00+00:00,2009-07-07 10:15:00+00:00,927.0440000000001,924.9939999999999,0.01,1,-2.050000000000182,0.48484404761905125,-2.534844047619233,-1.2365092915214675,2.7310000000001082,0.0,stop,2009
-1,13757,13758,2009-07-09 16:00:00+00:00,2009-07-09 16:15:00+00:00,914.6510000000001,916.821,0.01,1,-2.169999999999959,0.55623579545454,-2.726235795454499,-1.256329859656475,2.506999999999948,0.0,stop,2009
-1,13810,13816,2009-07-10 05:15:00+00:00,2009-07-10 06:45:00+00:00,914.061,911.861,0.01,6,2.2000000000000455,0.5442886762360433,1.6557113237640022,1.5051921125126981,0.5729999999999791,2.25,target,2009
1,13913,13933,2009-07-12 23:00:00+00:00,2009-07-13 04:00:00+00:00,913.877,912.105,0.01,20,-1.7719999999999343,0.5543199713672151,-2.326319971367149,-1.312821654270449,2.367999999999938,1.3120000000000118,stop,2009
-1,13961,13967,2009-07-13 11:00:00+00:00,2009-07-13 12:30:00+00:00,912.1579999999999,913.567,0.01,6,-1.4090000000001055,0.49244265607580956,-1.901442656075915,-1.3494979816009742,2.186000000000149,0.37999999999988177,stop,2009
1,14340,14344,2009-07-17 09:45:00+00:00,2009-07-17 10:45:00+00:00,935.537,933.928,0.01,4,-1.6090000000000375,0.5115949849656339,-2.1205949849656713,-1.3179583498854082,1.8430000000000746,0.4759999999999991,stop,2009
1,14589,14675,2009-07-21 17:30:00+00:00,2009-07-22 15:00:00+00:00,946.893,952.2170000000001,0.01,86,5.324000000000069,0.5361919492277647,4.787808050772305,1.7985755262104592,2.0620000000001255,5.562999999999988,target,2009
1,14675,14799,2009-07-22 15:00:00+00:00,2009-07-23 22:00:00+00:00,950.863,946.449,0.01,124,-4.414000000000101,0.5445212038303692,-4.95852120383047,-1.1233623026348791,4.54300000000012,6.242999999999938,stop,2009
1,14840,14845,2009-07-24 08:15:00+00:00,2009-07-24 09:30:00+00:00,951.254,949.346,0.01,5,-1.9080000000000157,0.5875382102855038,-2.4955382102855195,-1.3079340724766766,2.213000000000079,0.11800000000005184,stop,2009
1,14933,14954,2009-07-27 01:15:00+00:00,2009-07-27 06:30:00+00:00,951.951,956.453,0.01,21,4.501999999999953,0.5487912946428581,3.9532087053570946,1.756201112997395,1.2799999999999727,5.072999999999979,target,2009
-1,15071,15077,2009-07-28 11:45:00+00:00,2009-07-28 13:15:00+00:00,951.376,947.4280000000001,0.01,6,3.9479999999998654,0.5415140924092432,3.406485907590622,1.7256767515657236,1.0879999999999654,9.99499999999989,target,2009
-1,15279,15286,2009-07-30 15:45:00+00:00,2009-07-30 17:30:00+00:00,934.8399999999999,935.944,0.01,7,-1.1040000000000418,0.5459493116395473,-1.6499493116395891,-1.4945193040213103,1.9540000000000646,1.2469999999998436,stop,2009
1,15317,15336,2009-07-31 01:15:00+00:00,2009-07-31 06:00:00+00:00,935.983,938.2449999999997,0.01,19,2.2619999999997162,0.5526595105195333,1.709340489480183,1.5113532179313858,0.09600000000000364,2.7350000000001273,target,2009
-1,15564,15566,2009-08-04 08:15:00+00:00,2009-08-04 08:45:00+00:00,952.005,953.184,0.01,2,-1.1789999999999736,0.5089092128801447,-1.6879092128801183,-1.4316447946396573,2.891999999999939,0.5349999999999682,stop,2009
-1,15686,15687,2009-08-05 14:45:00+00:00,2009-08-05 15:00:00+00:00,959.1120000000001,961.106,0.01,1,-1.9939999999999145,0.5269543410852728,-2.5209543410851873,-1.2642699804841,5.19399999999996,0.0,stop,2009
-1,15736,15745,2009-08-06 03:15:00+00:00,2009-08-06 05:30:00+00:00,961.633,962.931,0.01,9,-1.2980000000000018,0.5355666030078792,-1.833566603007881,-1.4126090932264086,1.3689999999999145,0.3690000000000282,stop,2009
-1,15820,15868,2009-08-07 00:15:00+00:00,2009-08-07 12:15:00+00:00,960.832,962.8399999999999,0.01,48,-2.0079999999999245,0.5448923504461027,-2.5528923504460272,-1.271360732293886,2.4429999999999836,3.118000000000052,stop,2009
1,16198,16199,2009-08-12 14:15:00+00:00,2009-08-12 14:30:00+00:00,948.1800000000001,946.273,0.01,1,-1.907000000000039,0.5770278293135416,-2.4840278293135807,-1.3025840741025327,2.3700000000001182,0.0,stop,2009
1,16391,16392,2009-08-14 14:30:00+00:00,2009-08-14 14:45:00+00:00,955.487,953.218,0.01,1,-2.2690000000000055,0.549105744586833,-2.8181057445868385,-1.24200341321588,4.293000000000006,0.0,stop,2009
1,16647,16669,2009-08-19 00:00:00+00:00,2009-08-19 05:30:00+00:00,940.746,938.099,0.01,22,-2.6469999999999345,0.5545847868217069,-3.201584786821641,-1.2095144642318552,3.647000000000048,1.1450000000000955,stop,2009
-1,16798,16805,2009-08-20 13:45:00+00:00,2009-08-20 15:30:00+00:00,939.966,941.319,0.01,7,-1.3529999999999518,0.5369512436886296,-1.8899512436885813,-1.3968597514328518,1.5939999999999372,1.0769999999999982,stop,2009
1,16870,16871,2009-08-21 07:45:00+00:00,2009-08-21 08:00:00+00:00,941.973,940.307,0.01,1,-1.6659999999999402,0.5627401392790286,-2.228740139278969,-1.3377791952455276,1.9119999999999209,0.0,stop,2009
-1,17019,17029,2009-08-24 14:45:00+00:00,2009-08-24 17:15:00+00:00,949.9480000000001,943.9200000000003,0.01,10,6.027999999999793,0.5657165606936423,5.46228343930615,1.8123037290332906,2.060999999999922,9.997000000000071,target,2009
-1,17096,17102,2009-08-25 10:00:00+00:00,2009-08-25 11:30:00+00:00,946.457,947.484,0.01,6,-1.0270000000000437,0.49904067604722646,-1.5260406760472702,-1.4859208140673859,1.858000000000061,1.0270000000000437,stop,2009
1,17174,17198,2009-08-26 05:30:00+00:00,2009-08-26 11:30:00+00:00,947.38,946.101,0.01,24,-1.2789999999999964,0.542269213069489,-1.8212692130694854,-1.4239790563483117,1.738999999999919,2.427000000000021,stop,2009
-1,17279,17283,2009-08-27 07:45:00+00:00,2009-08-27 08:45:00+00:00,945.52,943.512,0.01,4,2.008000000000038,0.5676400240384607,1.4403599759615775,1.434621490001544,0.3240000000000691,2.1689999999999827,target,2009
-1,17514,17515,2009-08-31 12:15:00+00:00,2009-08-31 12:30:00+00:00,951.404,947.1320000000001,0.01,1,4.2719999999999345,0.5769813768206147,3.69501862317932,1.7298776325746144,0.0,6.894999999999982,target,2009
1,17569,17571,2009-09-01 02:00:00+00:00,2009-09-01 02:30:00+00:00,952.398,951.164,0.01,2,-1.2340000000000373,0.555281482921772,-1.7892814829218093,-1.449984994263983,1.2870000000000346,0.0,stop,2009
1,17660,17705,2009-09-02 00:45:00+00:00,2009-09-02 12:00:00+00:00,953.61,956.2219999999999,0.01,45,2.6119999999998527,0.5649948550724626,2.04700514492739,1.5673852564529138,1.0259999999999536,4.073999999999955,target,2009
1,18132,18146,2009-09-08 16:15:00+00:00,2009-09-08 19:45:00+00:00,996.433,993.4000000000001,0.01,14,-3.0329999999999018,0.5448998218288428,-3.5778998218287446,-1.1796570464321994,3.6649999999999636,2.9710000000000036,stop,2009
-1,18193,18220,2009-09-09 07:30:00+00:00,2009-09-09 14:15:00+00:00,996.951,1000.432,0.01,27,-3.4809999999999945,0.5664709781137143,-4.047470978113709,-1.1627322545572294,3.7350000000000136,4.511999999999944,stop,2009
1,18284,18286,2009-09-10 06:15:00+00:00,2009-09-10 06:45:00+00:00,995.893,994.5319999999999,0.01,2,-1.3610000000001037,0.5444579670329663,-1.90545796703307,-1.4000425915010468,1.6210000000000946,0.45699999999987995,stop,2009
1,18359,18364,2009-09-11 01:00:00+00:00,2009-09-11 02:15:00+00:00,995.602,998.1759999999998,0.01,5,2.5739999999998417,0.5461987090547145,2.0278012909451273,1.5756031786676394,0.38999999999998636,3.391999999999939,target,2009
-1,18498,18510,2009-09-14 05:30:00+00:00,2009-09-14 08:30:00+00:00,1000.02,995.3119999999999,0.01,12,4.708000000000084,0.549775769983977,4.158224230016106,1.7664503950790282,0.8240000000000691,6.1189999999999145,target,2009
1,18572,18578,2009-09-15 00:00:00+00:00,2009-09-15 01:30:00+00:00,1000.183,999.096,0.01,6,-1.086999999999989,0.5607943727413516,-1.6477943727413407,-1.515910186514588,1.26299999999992,1.5769999999999982,stop,2009
1,18818,18828,2009-09-17 13:30:00+00:00,2009-09-17 16:00:00+00:00,1015.445,1013.146,0.01,10,-2.299000000000092,0.5526547162576714,-2.8516547162577632,-1.2403891762756196,3.2169999999999845,4.182999999999879,stop,2009
1,18860,18863,2009-09-18 00:00:00+00:00,2009-09-18 00:45:00+00:00,1014.12,1012.997,0.01,3,-1.1230000000000473,0.5573882147533828,-1.6803882147534301,-1.4963385705728935,1.1929999999999836,0.8770000000000664,stop,2009
1,19086,19090,2009-09-22 00:30:00+00:00,2009-09-22 01:30:00+00:00,1005.092,1004.024,0.01,4,-1.0679999999999836,0.561716956182007,-1.6297169561819906,-1.525952206162936,1.080000000000041,0.6170000000000755,stop,2009
1,19231,19232,2009-09-23 12:45:00+00:00,2009-09-23 13:00:00+00:00,1013.24,1011.56,0.01,1,-1.6800000000000637,0.4985459197732539,-2.1785459197733177,-1.2967535236745447,2.7200000000000273,0.0,stop,2009
1,19280,19284,2009-09-24 01:00:00+00:00,2009-09-24 02:00:00+00:00,1011.654,1009.863,0.01,4,-1.79099999999994,0.5601523129921249,-2.351152312992065,-1.3127595270754573,1.9559999999999036,0.0,stop,2009
1,19551,19552,2009-09-28 12:45:00+00:00,2009-09-28 13:00:00+00:00,994.3199999999999,992.242,0.01,1,-2.0779999999999745,0.5474602813852809,-2.6254602813852554,-1.263455380839888,2.88799999999992,0.0,stop,2009
1,19615,19618,2009-09-29 04:45:00+00:00,2009-09-29 05:30:00+00:00,993.048,992.039,0.01,3,-1.0090000000000146,0.5405843352799716,-1.5495843352799863,-1.535762473022759,1.1440000000000055,0.19499999999993634,stop,2009
-1,19693,19694,2009-09-30 00:15:00+00:00,2009-09-30 00:30:00+00:00,991.462,992.781,0.01,1,-1.31899999999996,0.5445421750663055,-1.8635421750662655,-1.4128447119532388,1.4039999999999964,0.0,stop,2009
1,19846,19848,2009-10-01 14:30:00+00:00,2009-10-01 15:00:00+00:00,1004.443,1001.2919999999999,0.01,2,-3.1510000000000677,0.5467380995475093,-3.697738099547577,-1.1735125672953024,4.117999999999938,0.08600000000001273,stop,2009
-1,19884,19910,2009-10-02 00:00:00+00:00,2009-10-02 06:30:00+00:00,999.664,1001.2939999999999,0.01,26,-1.629999999999882,0.5526966509062264,-2.1826966509061085,-1.339077699942495,1.8880000000000337,1.4780000000000655,stop,2009
1,20005,20023,2009-10-05 00:15:00+00:00,2009-10-05 04:45:00+00:00,1002.067,1004.511,0.01,18,2.44399999999996,0.5514148148148178,1.8925851851851423,1.5487603806752646,0.0,2.6689999999999827,target,2009
1,20406,20415,2009-10-09 04:30:00+00:00,2009-10-09 06:45:00+00:00,1047.277,1045.741,0.01,9,-1.5360000000000584,0.5444613514072808,-2.0804613514073393,-1.3544670256557683,1.6739999999999782,1.9989999999997963,stop,2009
-1,20519,20520,2009-10-12 02:30:00+00:00,2009-10-12 02:45:00+00:00,1047.104,1048.159,0.01,1,-1.0550000000000637,0.57077751358695,-1.6257775135870136,-1.541021339892811,1.33199999999988,0.0,stop,2009
1,20610,20616,2009-10-13 01:15:00+00:00,2009-10-13 02:45:00+00:00,1052.047,1054.123,0.01,6,2.076000000000022,0.5531035202372384,1.5228964797627835,1.4671449708697182,0.4780000000000655,2.6820000000000164,target,2009
-1,20748,20749,2009-10-14 11:45:00+00:00,2009-10-14 12:00:00+00:00,1059.574,1056.3480000000004,0.01,1,3.2259999999996585,0.5813570750237436,2.6446429249759147,1.6395802386709204,0.0,3.6010000000001128,target,2009
-1,20824,20825,2009-10-15 06:45:00+00:00,2009-10-15 07:00:00+00:00,1060.557,1057.249,0.01,1,3.3079999999999927,0.5464386364506346,2.761561363549358,1.669625975543751,0.0,3.5420000000001437,target,2009
-1,20956,21006,2009-10-16 15:45:00+00:00,2009-10-18 22:30:00+00:00,1053.146,1055.036,0.01,50,-1.8900000000001,0.5554584736251309,-2.445458473625231,-1.2938933722884134,2.109000000000151,3.2719999999999345,stop,2009
1,21006,21012,2009-10-18 22:30:00+00:00,2009-10-19 00:00:00+00:00,1053.719,1051.239,0.01,6,-2.480000000000018,0.5569815546771977,-3.036981554677216,-1.2245893365633846,3.4880000000000564,1.4479999999998654,stop,2009
-1,21013,21038,2009-10-19 00:15:00+00:00,2009-10-19 06:30:00+00:00,1050.231,1053.655,0.01,25,-3.4239999999999786,0.5573163642473162,-3.981316364247295,-1.1627676297451286,3.675999999999931,2.1620000000000346,stop,2009
1,21164,21165,2009-10-20 14:00:00+00:00,2009-10-20 14:15:00+00:00,1062.007,1059.1190000000001,0.01,1,-2.88799999999992,0.5502717114568576,-3.4382717114567773,-1.1905372962108285,5.336999999999989,0.0,stop,2009
1,21233,21236,2009-10-21 07:15:00+00:00,2009-10-21 08:00:00+00:00,1058.147,1056.773,0.01,3,-1.3740000000000236,0.5478883277216589,-1.9218883277216825,-1.3987542414276926,1.5949999999998,1.5090000000000146,stop,2009
1,21301,21318,2009-10-22 00:15:00+00:00,2009-10-22 04:30:00+00:00,1058.884,1056.857,0.01,17,-2.0270000000000437,0.5599926883405217,-2.5869926883405654,-1.2762667431378933,2.508000000000038,2.29300000000012,stop,2009
1,21428,21429,2009-10-23 08:00:00+00:00,2009-10-23 08:15:00+00:00,1059.259,1058.204,0.01,1,-1.0550000000000637,0.49351957364341004,-1.5485195736434738,-1.4677910650648156,1.56899999999996,0.7210000000000036,stop,2009
-1,21533,21579,2009-10-26 02:15:00+00:00,2009-10-26 13:45:00+00:00,1055.0030000000002,1056.929,0.01,46,-1.9259999999999309,0.5289644194756589,-2.4549644194755897,-1.2746440391877871,3.3969999999999345,2.8140000000003056,stop,2009
1,21858,21859,2009-10-29 11:30:00+00:00,2009-10-29 11:45:00+00:00,1035.6779999999999,1034.3519999999999,0.01,1,-1.3260000000000218,0.5717915398275031,-1.897791539827525,-1.4312153392364206,2.3489999999999327,0.0,stop,2009
-1,21960,21961,2009-10-30 13:00:00+00:00,2009-10-30 13:15:00+00:00,1040.699,1042.501,0.01,1,-1.8019999999999072,0.5469872729263741,-2.3489872729262813,-1.30354454657403,2.647999999999911,0.0,stop,2009
-1,22027,22032,2009-11-01 22:45:00+00:00,2009-11-02 00:00:00+00:00,1041.111,1043.064,0.01,5,-1.9529999999999745,0.5615786787952803,-2.514578678795255,-1.2875466865311254,4.702999999999747,0.09300000000007458,stop,2009
1,22032,22033,2009-11-02 00:00:00+00:00,2009-11-02 00:15:00+00:00,1042.891,1045.4430000000007,0.01,1,2.5520000000005894,0.5618406430466667,1.9901593569539227,1.5596860164212092,0.0,2.8719999999998436,target,2009
1,22663,22665,2009-11-10 07:00:00+00:00,2009-11-10 07:30:00+00:00,1100.268,1098.593,0.01,2,-1.6749999999999547,0.5500433765235939,-2.2250433765235487,-1.3283841053872292,2.2670000000000528,0.95900000000006,stop,2009
-1,22879,22880,2009-11-12 13:00:00+00:00,2009-11-12 13:15:00+00:00,1112.1019999999999,1113.31,0.01,1,-1.2080000000000837,0.5798705872129559,-1.7878705872130396,-1.4800253205404932,2.8880000000001473,0.0,stop,2009
-1,22958,22959,2009-11-13 08:45:00+00:00,2009-11-13 09:00:00+00:00,1107.961,1109.2469999999998,0.01,1,-1.2859999999998308,0.5826347221432799,-1.8686347221431108,-1.453059659520495,1.8350000000000364,0.0,stop,2009
-1,23192,23193,2009-11-17 12:45:00+00:00,2009-11-17 13:00:00+00:00,1128.1390000000001,1129.466,0.01,1,-1.3269999999997708,0.5151292301184416,-1.8421292301182124,-1.388190829026775,3.3509999999998854,0.0,stop,2009
1,23356,23358,2009-11-19 05:45:00+00:00,2009-11-19 06:15:00+00:00,1140.862,1143.4100000000003,0.01,2,2.548000000000229,0.5466164079822577,2.0013835920179712,1.5709447347078425,0.0,3.459999999999809,target,2009
1,23442,23447,2009-11-20 03:15:00+00:00,2009-11-20 04:30:00+00:00,1141.1970000000001,1143.3410000000003,0.01,5,2.144000000000233,0.5491965034965061,1.5948034965037268,1.4876898288279419,0.0,2.786999999999807,target,2009
1,23905,23908,2009-11-26 16:15:00+00:00,2009-11-26 17:00:00+00:00,1182.478,1185.9279999999999,0.01,3,3.4499999999998185,0.552682668371125,2.8973173316286935,1.679604250219621,0.04300000000012005,7.635999999999967,target,2009
-1,23959,23961,2009-11-27 05:45:00+00:00,2009-11-27 06:15:00+00:00,1180.371,1171.2870000000003,0.01,2,9.083999999999833,0.5461439393939385,8.537856060605893,1.879756948614278,0.0,12.318000000000211,target,2009
-1,24052,24054,2009-11-29 22:30:00+00:00,2009-11-29 23:00:00+00:00,1175.702,1176.7060000000001,0.01,2,-1.0040000000001328,0.551079393083988,-1.555079393084121,-1.548883857653302,6.466000000000122,0.7169999999998709,stop,2009
1,24063,24078,2009-11-30 01:15:00+00:00,2009-11-30 05:00:00+00:00,1178.301,1171.523,0.01,15,-6.77800000000002,0.548620554550934,-7.326620554550954,-1.080941362430058,7.40099999999984,0.0,stop,2009
1,24176,24184,2009-12-01 05:30:00+00:00,2009-12-01 07:30:00+00:00,1177.612,1182.476,0.01,8,4.864000000000033,0.5542178393745609,4.309782160625472,1.7721143752571724,0.2840000000001055,7.677999999999884,target,2009
1,24405,24406,2009-12-03 14:45:00+00:00,2009-12-03 15:00:00+00:00,1214.3870000000002,1208.741,0.01,1,-5.6460000000001855,0.5492910245310241,-6.19529102453121,-1.0972885271928812,6.736000000000104,0.0,stop,2009
1,24471,24472,2009-12-04 07:15:00+00:00,2009-12-04 07:30:00+00:00,1210.462,1207.348,0.01,1,-3.1140000000000327,0.5529385992627678,-3.6669385992628003,-1.1775653819084013,3.229000000000042,0.0,stop,2009
1,24663,24670,2009-12-08 00:45:00+00:00,2009-12-08 02:30:00+00:00,1167.293,1162.214,0.01,7,-5.078999999999951,0.5539750485814174,-5.632975048581368,-1.1090716772162674,5.839999999999918,1.109000000000151,stop,2009
1,24949,24952,2009-12-11 00:15:00+00:00,2009-12-11 01:00:00+00:00,1135.313,1133.004,0.01,3,-2.3090000000001965,0.556633451285681,-2.8656334512858774,-1.241071221864718,3.3170000000000073,2.147999999999911,stop,2009
-1,25129,25130,2009-12-14 14:30:00+00:00,2009-12-14 14:45:00+00:00,1122.531,1123.837,0.01,1,-1.30600000000004,0.5722772727272674,-1.8782772727273074,-1.4381908673256125,2.72400000000016,1.127999999999929,stop,2009
1,25191,25192,2009-12-15 06:00:00+00:00,2009-12-15 06:15:00+00:00,1124.867,1123.271,0.01,1,-1.5960000000000036,0.5538503344481589,-2.1498503344481623,-1.347024019077793,1.877999999999929,0.1330000000000382,stop,2009
-1,25266,25267,2009-12-16 00:45:00+00:00,2009-12-16 01:00:00+00:00,1121.88,1123.205,0.01,1,-1.324999999999818,0.5518201302224596,-1.8768201302222778,-1.4164680228094606,2.9420000000000073,0.0,stop,2009
1,25379,25383,2009-12-17 05:00:00+00:00,2009-12-17 06:00:00+00:00,1131.683,1129.754,0.01,4,-1.9290000000000873,0.553850087412592,-2.4828500874126793,-1.287117722868101,3.563000000000102,1.1970000000001164,stop,2009
-1,25529,25536,2009-12-18 18:30:00+00:00,2009-12-18 20:15:00+00:00,1109.569,1113.9119999999998,0.01,7,-4.342999999999847,0.5774258902387976,-4.920425890238645,-1.1329555353992213,4.809999999999945,2.480000000000018,stop,2009
-1,25574,25575,2009-12-20 23:00:00+00:00,2009-12-20 23:15:00+00:00,1111.1,1112.8,0.01,1,-1.7000000000000455,0.5658357971014534,-2.2658357971014986,-1.3328445865302576,5.0770000000002256,0.0,stop,2009
1,25605,25610,2009-12-21 06:45:00+00:00,2009-12-21 08:00:00+00:00,1114.017,1112.439,0.01,5,-1.5779999999999745,0.5636657552973188,-2.1416657552972933,-1.3572026332682685,2.2660000000000764,1.5389999999999873,stop,2009
1,25831,25892,2009-12-23 15:15:00+00:00,2009-12-24 06:30:00+00:00,1091.106,1102.584,0.01,61,11.478000000000065,0.5402135947712439,10.937786405228822,1.9058697343141244,4.913000000000011,11.701999999999998,target,2009
-1,26144,26156,2009-12-28 15:00:00+00:00,2009-12-28 18:00:00+00:00,1104.6399999999999,1108.198,0.01,12,-3.55800000000022,0.5744838961302414,-4.132483896130461,-1.1614625902558193,3.9520000000002256,3.074999999999818,stop,2009
1,26207,26208,2009-12-29 06:45:00+00:00,2009-12-29 07:00:00+00:00,1106.171,1104.054,0.01,1,-2.116999999999962,0.5284422068789153,-2.645442206878877,-1.2496184255450755,2.252999999999929,0.0,stop,2009
1,26381,26399,2009-12-31 02:15:00+00:00,2009-12-31 06:45:00+00:00,1096.761,1099.6969999999997,0.01,18,2.9359999999996944,0.618990000000003,2.3170099999996916,1.5783446866484556,0.5540000000000873,4.692000000000007,target,2009
1,26585,26588,2010-01-03 23:00:00+00:00,2010-01-03 23:45:00+00:00,1097.4,1095.851,0.01,3,-1.5489999999999782,0.5860606759602862,-2.1350606759602644,-1.3783477572371172,1.643000000000029,2.1259999999999764,stop,2010
-1,26589,26597,2010-01-04 00:00:00+00:00,2010-01-04 02:00:00+00:00,1094.551,1096.589,0.01,8,-2.038000000000011,0.5835961486025965,-2.6215961486026074,-1.286357285869771,3.6660000000001673,1.20699999999988,stop,2010
-1,26760,26765,2010-01-05 18:45:00+00:00,2010-01-05 20:00:00+00:00,1115.255,1118.098,0.01,5,-2.842999999999847,0.6144440092930707,-3.457444009292918,-1.216125223106966,3.9049999999999727,0.0,stop,2010
-1,26970,26996,2010-01-07 23:15:00+00:00,2010-01-08 05:45:00+00:00,1127.783,1121.5549999999998,0.01,26,6.2280000000000655,0.5780139240506315,5.649986075949434,1.8143821695405826,0.6849999999999454,7.420999999999822,target,2010
1,27028,27092,2010-01-08 13:45:00+00:00,2010-01-10 23:00:00+00:00,1132.841,1151.7509999999997,0.01,64,18.909999999999854,0.5650308599445588,18.344969140055294,1.9402399936600143,7.242999999999938,20.215999999999894,target,2010
-1,27237,27253,2010-01-12 11:15:00+00:00,2010-01-12 15:15:00+00:00,1145.9279999999999,1152.065,0.01,16,-6.137000000000171,0.5066925418569188,-6.64369254185709,-1.0825635557857103,7.275000000000091,1.9349999999999454,stop,2010
1,27368,27377,2010-01-13 20:00:00+00:00,2010-01-13 22:15:00+00:00,1137.2040000000002,1136.1950000000002,0.01,9,-1.0090000000000146,0.6242031430934736,-1.6332031430934881,-1.6186354242749896,1.6780000000003383,1.2859999999998308,stop,2010
-1,27422,27433,2010-01-14 09:30:00+00:00,2010-01-14 12:15:00+00:00,1138.133,1134.867,0.01,11,3.2660000000000764,0.534080594057462,2.731919405942614,1.6729451352985611,0.7619999999999436,4.944000000000187,target,2010
-1,27493,27510,2010-01-15 03:15:00+00:00,2010-01-15 07:30:00+00:00,1138.975,1135.8869999999997,0.01,17,3.088000000000193,0.5657506148336753,2.5222493851665178,1.6335812080093006,1.5320000000001528,3.7210000000000036,target,2010
1,27621,27657,2010-01-18 05:00:00+00:00,2010-01-18 14:00:00+00:00,1134.072,1132.5069999999998,0.01,36,-1.5650000000000546,0.5410285645472172,-2.106028564547272,-1.3457051530653026,2.15300000000002,3.0450000000003,stop,2010
-1,27737,27744,2010-01-19 10:00:00+00:00,2010-01-19 11:45:00+00:00,1133.923,1129.8709999999999,0.01,7,4.052000000000135,0.46653778677462726,3.585462213225507,1.7697246856986122,1.155999999999949,4.225999999999885,target,2010
-1,27801,27825,2010-01-20 02:00:00+00:00,2010-01-20 08:00:00+00:00,1135.213,1127.9949999999997,0.01,24,7.218000000000302,0.5644731707317074,6.6535268292685945,1.8435929147321464,0.2720000000001619,7.52800000000002,target,2010
1,28120,28123,2010-01-25 03:00:00+00:00,2010-01-25 03:45:00+00:00,1098.864,1097.8359999999998,0.01,3,-1.0280000000002474,0.6006800824175849,-1.6286800824178322,-1.5843191463204673,1.4259999999999309,0.5,stop,2010
-1,28217,28227,2010-01-26 03:15:00+00:00,2010-01-26 05:45:00+00:00,1098.049,1093.9629999999997,0.01,10,4.08600000000024,0.5905460636515887,3.4954539363486514,1.7109417211690876,0.7680000000000291,4.377999999999929,target,2010
-1,28327,28329,2010-01-27 06:45:00+00:00,2010-01-27 07:15:00+00:00,1096.5520000000001,1094.5500000000006,0.01,2,2.001999999999498,0.5558328542340322,1.446167145765466,1.444722423342486,0.0,3.0440000000000964,target,2010
-1,28433,28439,2010-01-28 09:15:00+00:00,2010-01-28 10:45:00+00:00,1091.594,1088.806,0.01,6,2.788000000000011,0.535651055624202,2.252348944375809,1.6157452972566717,1.1569999999999254,4.22400000000016,target,2010
-1,28548,28676,2010-01-29 14:00:00+00:00,2010-02-01 14:15:00+00:00,1083.5349999999999,1089.508,0.01,128,-5.973000000000184,0.5322576481835528,-6.505257648183736,-1.0891106057564937,5.975000000000136,9.141999999999825,stop,2010
1,28883,28907,2010-02-03 18:00:00+00:00,2010-02-04 00:00:00+00:00,1109.655,1107.0349999999999,0.01,24,-2.6200000000001182,0.5719338386643551,-3.1919338386644736,-1.218295358268828,3.74799999999982,2.2870000000000346,stop,2010
-1,28907,28915,2010-02-04 00:00:00+00:00,2010-02-04 02:00:00+00:00,1108.149,1109.6799999999998,0.01,8,-1.530999999999949,0.5875613024288422,-2.118561302428791,-1.3837761609594132,1.5930000000000746,2.104999999999791,stop,2010
1,29159,29171,2010-02-08 08:30:00+00:00,2010-02-08 11:30:00+00:00,1071.812,1068.2759999999998,0.01,12,-3.5360000000000587,0.5069789294817257,-4.042978929481785,-1.1433763940841961,3.7519999999999527,1.675000000000182,stop,2010
1,29242,29247,2010-02-09 05:15:00+00:00,2010-02-09 06:30:00+00:00,1068.096,1070.4099999999999,0.01,5,2.313999999999851,0.5640350621029651,1.7499649378968858,1.5125021070847007,0.6739999999999782,2.56899999999996,target,2010
-1,29373,29377,2010-02-10 14:00:00+00:00,2010-02-10 15:00:00+00:00,1072.697,1066.4229999999995,0.01,4,6.274000000000342,0.6081040462427765,5.665895953757565,1.8061510850357847,2.0699999999999363,8.449999999999818,target,2010
-1,29414,29415,2010-02-11 00:15:00+00:00,2010-02-11 00:30:00+00:00,1072.894,1074.3870000000002,0.01,1,-1.4930000000001655,0.5944159411276908,-2.0874159411278566,-1.398135258625335,3.6720000000000255,0.0,stop,2010
-1,29551,29559,2010-02-12 10:30:00+00:00,2010-02-12 12:30:00+00:00,1079.75,1084.8029999999999,0.01,8,-5.052999999999884,0.5352198156682022,-5.588219815668086,-1.105921198430282,6.980000000000018,1.7110000000000127,stop,2010
1,29875,29880,2010-02-17 16:45:00+00:00,2010-02-17 18:00:00+00:00,1115.109,1120.435,0.01,5,5.326000000000022,0.5549916776050112,4.77100832239501,1.7915915592921483,0.5029999999999291,5.753999999999905,target,2010
1,29960,29962,2010-02-18 14:00:00+00:00,2010-02-18 14:30:00+00:00,1110.844,1118.554,0.01,2,7.710000000000036,0.5633649728298582,7.146635027170178,1.8538612262438765,0.0,8.298999999999978,target,2010
1,30035,30064,2010-02-19 08:45:00+00:00,2010-02-19 16:00:00+00:00,1109.83,1118.5999999999995,0.01,29,8.769999999999527,0.5807120755057835,8.189287924493744,1.867568511857283,3.67899999999986,9.609000000000151,target,2010
-1,30183,30251,2010-02-22 15:00:00+00:00,2010-02-23 08:00:00+00:00,1115.805,1119.2510000000002,0.01,68,-3.44600000000014,0.6073394902785092,-4.053339490278649,-1.1762447737314232,4.663000000000011,5.7840000000001055,stop,2010
-1,30257,30265,2010-02-23 09:30:00+00:00,2010-02-23 11:30:00+00:00,1114.024,1106.826,0.01,8,7.197999999999865,0.5330070447008755,6.66499295529899,1.8519013490689398,1.3130000000001019,7.781999999999925,target,2010
1,30476,30477,2010-02-25 16:15:00+00:00,2010-02-25 16:30:00+00:00,1102.2240000000002,1096.774,0.01,1,-5.450000000000273,0.5527998511904757,-6.0027998511907485,-1.1014311653560456,8.274000000000115,0.0,stop,2010
1,30680,30681,2010-03-01 12:30:00+00:00,2010-03-01 12:45:00+00:00,1114.906,1112.403,0.01,1,-2.502999999999929,0.4590017362697639,-2.962001736269693,-1.1833806377426197,2.800999999999931,0.0,stop,2010
1,30755,30758,2010-03-02 07:15:00+00:00,2010-03-02 08:00:00+00:00,1116.163,1118.855,0.01,3,2.6920000000000073,0.5552553623043075,2.1367446376957,1.5874774425673805,0.17300000000000182,3.7490000000000236,target,2010
1,30947,30960,2010-03-04 07:15:00+00:00,2010-03-04 10:30:00+00:00,1134.507,1138.6430000000005,0.01,13,4.136000000000422,0.506661005858956,3.6293389941414658,1.7549995136078798,0.8760000000002037,4.183999999999969,target,2010
1,31033,31039,2010-03-05 04:45:00+00:00,2010-03-05 06:15:00+00:00,1133.774,1132.5569999999998,0.01,6,-1.2170000000000982,0.596399210078993,-1.8133992100790912,-1.4900568694157312,1.655999999999949,1.3389999999999418,stop,2010
-1,31139,31143,2010-03-08 00:45:00+00:00,2010-03-08 01:45:00+00:00,1133.383,1134.7240000000002,0.01,4,-1.3410000000001219,0.5952702368779688,-1.9362702368780906,-1.4439002512139558,1.7769999999998163,1.4700000000000273,stop,2010
1,31344,31357,2010-03-10 04:00:00+00:00,2010-03-10 07:15:00+00:00,1124.587,1123.346,0.01,13,-1.2409999999999854,0.5648072755417852,-1.8058072755417707,-1.4551227039015244,1.400000000000091,2.22199999999998,stop,2010
1,31537,31556,2010-03-12 04:15:00+00:00,2010-03-12 09:00:00+00:00,1112.4009999999998,1115.8249999999994,0.01,19,3.4239999999995234,0.5397598313421119,2.8842401686574117,1.6847197246833021,1.55399999999986,3.54300000000012,target,2010
-1,31693,31695,2010-03-15 12:00:00+00:00,2010-03-15 12:30:00+00:00,1105.461,1106.511,0.01,2,-1.0499999999999545,0.4631290379558527,-1.513129037955807,-1.4410752742436883,1.1469999999999345,0.7799999999999727,stop,2010
-1,31915,31921,2010-03-17 19:30:00+00:00,2010-03-17 21:00:00+00:00,1120.3110000000001,1122.262,0.01,6,-1.9509999999997945,0.6254393487976169,-2.576439348797411,-1.3205737308035277,3.356999999999971,2.0140000000001237,stop,2010
1,31936,31962,2010-03-18 00:45:00+00:00,2010-03-18 07:15:00+00:00,1122.0320000000002,1120.768,0.01,26,-1.2640000000001237,0.6001764500998483,-1.864176450099972,-1.4748231409017323,1.875,2.1159999999999854,stop,2010
-1,32034,32042,2010-03-19 01:15:00+00:00,2010-03-19 03:15:00+00:00,1121.9189999999999,1123.93,0.01,8,-2.0110000000001946,0.645712592592592,-2.6567125925927866,-1.3210902996481997,2.221000000000231,0.0,stop,2010
1,32305,32306,2010-03-23 14:45:00+00:00,2010-03-23 15:00:00+00:00,1105.446,1103.353,0.01,1,-2.092999999999847,0.5523546979783645,-2.6453546979782114,-1.2639057324311536,4.627999999999929,0.0,stop,2010
1,32355,32358,2010-03-24 03:15:00+00:00,2010-03-24 04:00:00+00:00,1104.825,1103.1109999999999,0.01,3,-1.7140000000001692,0.6549216904433244,-2.3689216904434938,-1.3821013363146208,1.9089999999998781,0.0,stop,2010
-1,32480,32483,2010-03-25 10:30:00+00:00,2010-03-25 11:15:00+00:00,1093.738,1094.923,0.01,3,-1.1849999999999454,0.45911238443226093,-1.6441123844322063,-1.3874366113352592,1.7459999999998672,1.5389999999999873,stop,2010
1,32546,32559,2010-03-26 03:00:00+00:00,2010-03-26 06:15:00+00:00,1093.3960000000002,1096.7599999999998,0.01,13,3.3639999999995776,0.5748028163128838,2.789197183686694,1.6582622970790988,0.8079999999999927,3.561999999999898,target,2010
1,32804,32806,2010-03-30 13:00:00+00:00,2010-03-30 13:30:00+00:00,1108.847,1107.386,0.01,2,-1.4610000000000127,0.6068822523068647,-2.0678822523068776,-1.4153882630437096,2.7999999999999545,0.7480000000000473,stop,2010
1,32855,32864,2010-03-31 01:45:00+00:00,2010-03-31 04:00:00+00:00,1106.4270000000001,1105.116,0.01,9,-1.3110000000001492,0.6597966797169141,-1.9707966797170633,-1.5032774063438894,1.32100000000014,1.0229999999999109,stop,2010
1,33072,33120,2010-04-02 08:00:00+00:00,2010-04-02 20:00:00+00:00,1119.647,1124.0869999999995,0.01,48,4.4399999999996,0.6229840051183593,3.8170159948812405,1.7193765742709841,1.821999999999889,5.259999999999991,target,2010
-1,33292,33296,2010-04-06 07:45:00+00:00,2010-04-06 08:45:00+00:00,1125.417,1123.1690000000003,0.01,4,2.2479999999995925,0.6080766361962784,1.6399233638033142,1.4590065514267005,0.8710000000000946,2.675999999999931,target,2010
1,33727,33733,2010-04-12 13:15:00+00:00,2010-04-12 14:45:00+00:00,1159.643,1163.185,0.01,6,3.5419999999999168,0.4594165810850078,3.082583418914909,1.7405891693478157,1.4940000000001419,3.69399999999996,target,2010
-1,33820,33821,2010-04-13 12:30:00+00:00,2010-04-13 12:45:00+00:00,1153.25,1156.03,0.01,1,-2.7799999999999727,0.6097283171278263,-3.389728317127799,-1.2193267327797959,3.900000000000091,0.0,stop,2010
1,33878,33895,2010-04-14 03:00:00+00:00,2010-04-14 07:15:00+00:00,1155.05,1153.25,0.01,17,-1.7999999999999545,0.601082188925095,-2.4010821889250495,-1.333934549402839,1.8999999999998636,2.2999999999999545,stop,2010
1,33962,33979,2010-04-15 00:00:00+00:00,2010-04-15 04:15:00+00:00,1157.11,1155.3000000000002,0.01,17,-1.809999999999718,0.6125230158730155,-2.4225230158727333,-1.3384105060072435,1.9100000000000819,0.9400000000002819,stop,2010
1,34061,34062,2010-04-16 00:45:00+00:00,2010-04-16 01:00:00+00:00,1158.75,1156.45,0.01,1,-2.2999999999999545,0.6791624277115604,-2.9791624277115147,-1.2952880120485102,2.599999999999909,0.0,stop,2010
1,34296,34429,2010-04-20 07:15:00+00:00,2010-04-21 16:30:00+00:00,1140.336,1147.2180000000005,0.01,133,6.882000000000517,0.6044257028112447,6.277574297189272,1.824345916067655,3.05600000000004,8.167999999999893,target,2010
-1,34508,34509,2010-04-22 12:15:00+00:00,2010-04-22 12:30:00+00:00,1142.685,1139.359,0.01,1,3.326000000000022,0.5546432443261426,2.771356755673879,1.6664803100865069,0.0,3.8129999999998745,target,2010
1,34585,34586,2010-04-23 07:30:00+00:00,2010-04-23 07:45:00+00:00,1142.104,1140.866,0.01,1,-1.2380000000000564,0.5569696038497572,-1.7949696038498137,-1.4498946719303167,1.4480000000000928,0.16499999999996362,stop,2010
1,34734,34744,2010-04-26 13:30:00+00:00,2010-04-26 16:00:00+00:00,1154.04,1151.79,0.01,10,-2.25,0.50727595754284,-2.75727595754284,-1.225455981130151,2.9039999999999964,2.1030000000000655,stop,2010
-1,34801,34808,2010-04-27 06:15:00+00:00,2010-04-27 08:00:00+00:00,1152.404,1154.057,0.01,7,-1.65300000000002,0.5551218563568557,-2.208121856356876,-1.3358268943477611,1.7159999999998945,0.7519999999999527,stop,2010
-1,35022,35023,2010-04-29 13:30:00+00:00,2010-04-29 13:45:00+00:00,1162.767,1165.715,0.01,1,-2.9479999999998654,0.6051088014184387,-3.553108801418304,-1.205260787455382,4.625,0.0,stop,2010
1,35311,35312,2010-05-04 06:30:00+00:00,2010-05-04 06:45:00+00:00,1179.604,1178.3229999999999,0.01,1,-1.2810000000001764,0.601574427444467,-1.8825744274446434,-1.4696131361782858,1.3300000000001546,0.0,stop,2010
-1,35441,35442,2010-05-05 15:00:00+00:00,2010-05-05 15:15:00+00:00,1170.641,1174.383,0.01,1,-3.741999999999962,0.6072352112417669,-4.349235211241728,-1.1622755775632743,4.2039999999997235,0.0,stop,2010
1,35486,35502,2010-05-06 02:15:00+00:00,2010-05-06 06:15:00+00:00,1174.232,1172.868,0.01,16,-1.3640000000000327,0.5506303676243471,-1.9146303676243799,-1.4036879528037638,1.836999999999989,1.7649999999998727,stop,2010
-1,35691,35823,2010-05-09 22:15:00+00:00,2010-05-11 07:15:00+00:00,1195.847,1207.277,0.01,132,-11.430000000000064,0.5929193041832188,-12.022919304183283,-1.0518739548716725,12.738000000000056,11.437999999999874,stop,2010
1,36058,36112,2010-05-13 18:00:00+00:00,2010-05-14 07:30:00+00:00,1233.5529999999999,1238.5349999999999,0.01,54,4.981999999999971,0.6278522103693407,4.35414778963063,1.7479517421239084,2.2779999999997926,5.414000000000215,target,2010
1,36139,36140,2010-05-14 14:15:00+00:00,2010-05-14 14:30:00+00:00,1238.739,1234.586,0.01,1,-4.15300000000002,0.5525436327862856,-4.705543632786306,-1.133046865587836,10.465000000000146,0.0,stop,2010
-1,36202,36205,2010-05-16 22:45:00+00:00,2010-05-16 23:30:00+00:00,1232.9540000000002,1234.246,0.01,3,-1.2919999999999163,0.7042584831373397,-1.996258483137256,-1.5450917052146946,1.8170000000000073,0.5630000000001019,stop,2010
1,36235,36237,2010-05-17 07:00:00+00:00,2010-05-17 07:30:00+00:00,1237.733,1234.04,0.01,2,-3.6929999999999836,0.6245837161279395,-4.317583716127923,-1.1691263785886656,4.039999999999964,0.7980000000000018,stop,2010
1,36378,36379,2010-05-18 18:45:00+00:00,2010-05-18 19:00:00+00:00,1227.57,1222.3310000000001,0.01,1,-5.238999999999805,0.6099124281291395,-5.848912428128945,-1.1164177186732511,5.448000000000093,1.1070000000001983,stop,2010
1,36399,36402,2010-05-19 00:00:00+00:00,2010-05-19 00:45:00+00:00,1227.299,1223.69,0.01,3,-3.6089999999999236,0.657418719646806,-4.26641871964673,-1.1821609087411526,5.460999999999785,0.0,stop,2010
1,36718,36721,2010-05-24 00:15:00+00:00,2010-05-24 01:00:00+00:00,1183.5810000000001,1181.3010000000002,0.01,3,-2.2799999999999727,0.6377412831931333,-2.9177412831931058,-1.2797110891197985,2.5950000000002547,1.2010000000000218,stop,2010
1,36819,36828,2010-05-25 01:30:00+00:00,2010-05-25 03:45:00+00:00,1189.067,1194.6909999999998,0.01,9,5.623999999999796,0.6291608236895847,4.994839176310212,1.7762585975499263,0.5589999999999691,6.511999999999944,target,2010
1,37056,37063,2010-05-27 12:45:00+00:00,2010-05-27 14:30:00+00:00,1208.5529999999999,1213.821,0.01,7,5.268000000000029,0.5648360000000028,4.703164000000026,1.7855596051632499,2.520999999999958,6.711999999999989,target,2010
-1,37106,37114,2010-05-28 01:15:00+00:00,2010-05-28 03:15:00+00:00,1208.567,1210.73,0.01,8,-2.163000000000011,0.6767690175295562,-2.839769017529567,-1.31288442789161,2.344000000000051,1.043999999999869,stop,2010
-1,37224,37244,2010-05-30 23:30:00+00:00,2010-05-31 04:30:00+00:00,1210.847,1213.799,0.01,20,-2.951999999999998,0.6507916858590477,-3.602791685859046,-1.220457888163634,3.018000000000029,1.6290000000001328,stop,2010
-1,37254,37255,2010-05-31 07:00:00+00:00,2010-05-31 07:15:00+00:00,1210.8719999999998,1211.879,0.01,1,-1.0070000000000618,0.6363356450179596,-1.6433356450180214,-1.631912259203496,1.1690000000000964,0.0,stop,2010
-1,37451,37454,2010-06-02 08:15:00+00:00,2010-06-02 09:00:00+00:00,1219.833,1221.255,0.01,3,-1.4220000000000255,0.555507575946683,-1.9775075759467085,-1.390652303759967,1.4859999999998763,0.80600000000004,stop,2010
-1,37553,37576,2010-06-03 09:45:00+00:00,2010-06-03 15:30:00+00:00,1217.7530000000002,1210.5250000000005,0.01,23,7.227999999999611,0.5088544423506064,6.7191455576490045,1.8591991028360173,1.52599999999984,7.3840000000000146,target,2010
1,37674,37796,2010-06-04 16:00:00+00:00,2010-06-07 14:30:00+00:00,1213.182,1230.7480000000003,0.01,122,17.56600000000026,0.5113021605122963,17.05469783948796,1.9417850210050904,2.9829999999999472,17.986999999999853,target,2010
1,37965,37977,2010-06-09 08:45:00+00:00,2010-06-09 11:45:00+00:00,1236.181,1233.041,0.01,12,-3.1400000000001005,0.5548292132436998,-3.6948292132438003,-1.1766972016699624,3.9890000000000327,1.0489999999999782,stop,2010
1,38173,38176,2010-06-11 12:45:00+00:00,2010-06-11 13:30:00+00:00,1227.049,1223.654,0.01,3,-3.3949999999999823,0.5555175965504093,-3.950517596550392,-1.1636281580413586,7.0340000000001055,0.7080000000000837,stop,2010
1,38289,38290,2010-06-14 10:45:00+00:00,2010-06-14 11:00:00+00:00,1228.649,1225.907,0.01,1,-2.741999999999962,0.5559938748170319,-3.297993874816994,-1.2027694656517287,2.987999999999829,0.0,stop,2010
-1,38382,38389,2010-06-15 10:00:00+00:00,2010-06-15 11:45:00+00:00,1221.6979999999999,1223.901,0.01,7,-2.203000000000202,0.4685723154736678,-2.6715723154738695,-1.212697374250397,2.5540000000000873,0.26299999999991996,stop,2010
1,38506,38507,2010-06-16 17:00:00+00:00,2010-06-16 17:15:00+00:00,1230.396,1228.2340000000002,0.01,1,-2.161999999999807,0.6041182720705958,-2.766118272070403,-1.2794256577570073,2.69399999999996,0.0,stop,2010
1,38571,38577,2010-06-17 09:15:00+00:00,2010-06-17 10:45:00+00:00,1232.159,1235.0350000000003,0.01,6,2.8760000000002037,0.4587160965681309,2.417283903432073,1.681004105307303,0.637000000000171,4.361999999999853,target,2010
1,38814,38815,2010-06-21 14:45:00+00:00,2010-06-21 15:00:00+00:00,1256.3449999999998,1253.484,0.01,1,-2.8609999999998763,0.5043998158867617,-3.3653998158866383,-1.1763019279576314,3.9619999999997617,0.0,stop,2010
1,38977,38979,2010-06-23 07:30:00+00:00,2010-06-23 08:00:00+00:00,1242.924,1240.134,0.01,2,-2.7899999999999636,0.5688753535353559,-3.3588753535353195,-1.2038979761775497,2.865000000000009,0.0,stop,2010
-1,39099,39101,2010-06-24 14:00:00+00:00,2010-06-24 14:30:00+00:00,1235.813,1238.4119999999998,0.01,2,-2.5989999999997053,0.5900844189306751,-3.1890844189303804,-1.227042869923333,7.529999999999973,0.07600000000002183,stop,2010
-1,39323,39324,2010-06-28 15:45:00+00:00,2010-06-28 16:00:00+00:00,1249.301,1244.8429999999994,0.01,1,4.458000000000538,0.6082798423999811,3.849720157600557,1.7271063964109878,0.0,12.672000000000025,target,2010
1,39421,39501,2010-06-29 16:15:00+00:00,2010-06-30 12:15:00+00:00,1243.379,1237.766,0.01,80,-5.612999999999829,0.5328223253142681,-6.145822325314097,-1.0949264787661295,6.733999999999924,2.0010000000002037,stop,2010
-1,39502,39508,2010-06-30 12:30:00+00:00,2010-06-30 14:00:00+00:00,1236.329,1242.974,0.01,6,-6.644999999999982,0.459103962439235,-7.104103962439217,-1.06909013731215,10.456000000000131,1.5899999999999181,stop,2010
1,39580,39583,2010-07-01 08:00:00+00:00,2010-07-01 08:45:00+00:00,1241.683,1240.621,0.01,3,-1.0619999999998981,0.6076977282612352,-1.6696977282611334,-1.5722200831085626,1.8890000000001237,0.26900000000000546,stop,2010
1,39900,39912,2010-07-06 08:30:00+00:00,2010-07-06 11:30:00+00:00,1211.8319999999999,1208.309,0.01,12,-3.522999999999911,0.5062520123030495,-4.02925201230296,-1.1436991235603355,3.9249999999999545,1.1950000000001637,stop,2010
-1,40031,40032,2010-07-07 17:15:00+00:00,2010-07-07 17:30:00+00:00,1197.086,1198.208,0.01,1,-1.122000000000071,0.5527334017339527,-1.6747334017340236,-1.492632265359998,1.1299999999998818,0.024999999999863576,stop,2010
-1,40103,40106,2010-07-08 11:15:00+00:00,2010-07-08 12:00:00+00:00,1198.492,1201.021,0.01,3,-2.5289999999999964,0.5319963425662323,-3.0609963425662285,-1.2103583798205746,3.33400000000006,0.30999999999994543,stop,2010
1,40162,40163,2010-07-09 02:00:00+00:00,2010-07-09 02:15:00+00:00,1199.13,1197.5210000000002,0.01,1,-1.6089999999999236,0.5753242424242448,-2.1843242424241684,-1.3575663408479006,2.053000000000111,0.0,stop,2010
1,40309,40311,2010-07-12 11:00:00+00:00,2010-07-12 11:30:00+00:00,1206.49,1205.357,0.01,2,-1.1330000000000382,0.5567050453165474,-1.6897050453165856,-1.4913548502352416,1.3799999999998818,0.12999999999988177,stop,2010
1,40393,40401,2010-07-13 08:00:00+00:00,2010-07-13 10:00:00+00:00,1203.607,1206.5990000000002,0.01,8,2.992000000000189,0.5423413466122029,2.4496586533879863,1.6374723618902616,1.4400000000000546,3.20900000000006,target,2010
-1,40505,40510,2010-07-14 12:00:00+00:00,2010-07-14 13:15:00+00:00,1208.063,1210.035,0.01,5,-1.97199999999998,0.45986352534835045,-2.4318635253483305,-1.2331965138683343,2.686999999999898,2.033000000000129,stop,2010
1,40553,40561,2010-07-15 00:00:00+00:00,2010-07-15 02:00:00+00:00,1209.9470000000001,1212.199,0.01,8,2.2519999999999527,0.6307422385620958,1.621257761437857,1.4398381540300986,0.7250000000001364,2.3619999999998527,target,2010
-1,40650,40651,2010-07-16 00:15:00+00:00,2010-07-16 00:30:00+00:00,1208.397,1210.176,0.01,1,-1.7789999999999966,0.635029059829052,-2.4140290598290486,-1.356958437228248,2.269999999999982,0.0,stop,2010
1,40927,41084,2010-07-20 14:15:00+00:00,2010-07-22 05:30:00+00:00,1188.051,1182.077,0.01,157,-5.973999999999933,0.5778436364630124,-6.551843636462945,-1.0967264205662905,6.4789999999998145,9.567000000000007,stop,2010
1,41104,41106,2010-07-22 10:30:00+00:00,2010-07-22 11:00:00+00:00,1188.025,1186.9740000000002,0.01,2,-1.0509999999999309,0.4574856595182128,-1.5084856595181437,-1.4352860699507544,1.675000000000182,1.0399999999999636,stop,2010
-1,41215,41220,2010-07-23 14:15:00+00:00,2010-07-23 15:30:00+00:00,1188.643,1193.845,0.01,5,-5.201999999999998,0.5538488269456185,-5.755848826945616,-1.1064684403970815,5.833999999999833,0.0,stop,2010
-1,41284,41287,2010-07-26 00:15:00+00:00,2010-07-26 01:00:00+00:00,1190.518,1191.5639999999999,0.01,3,-1.0459999999998217,0.6915675434363031,-1.7375675434361249,-1.66115443923176,1.11200000000008,0.3369999999999891,stop,2010
-1,41600,41605,2010-07-29 07:15:00+00:00,2010-07-29 08:30:00+00:00,1166.763,1168.5059999999999,0.01,5,-1.7429999999999384,0.6067639627830443,-2.3497639627829825,-1.3481147233408293,2.160000000000082,1.3719999999998436,stop,2010
-1,41671,41676,2010-07-30 01:00:00+00:00,2010-07-30 02:15:00+00:00,1165.824,1167.308,0.01,5,-1.4839999999999236,0.6463100000000066,-2.1303099999999304,-1.4355188679245554,1.6289999999999054,0.4920000000001892,stop,2010
-1,41838,41842,2010-08-02 11:30:00+00:00,2010-08-02 12:30:00+00:00,1176.549,1177.884,0.01,4,-1.3350000000000364,0.5314561666626156,-1.866456166662652,-1.3980945068633717,3.6549999999999727,2.0540000000000873,stop,2010
1,41922,41925,2010-08-03 08:30:00+00:00,2010-08-03 09:15:00+00:00,1181.333,1179.634,0.01,3,-1.6990000000000691,0.5094187598398012,-2.20841875983987,-1.2998344672394233,1.8680000000001655,1.52599999999984,stop,2010
1,42137,42139,2010-08-05 14:15:00+00:00,2010-08-05 14:45:00+00:00,1193.7350000000001,1191.636,0.01,2,-2.09900000000016,0.5317012760464646,-2.630701276046625,-1.2533117084547043,3.616000000000213,1.31899999999996,stop,2010
1,42182,42195,2010-08-06 01:30:00+00:00,2010-08-06 04:45:00+00:00,1194.307,1196.5010000000004,0.01,13,2.1940000000004147,0.6363556953289229,1.5576443046714918,1.4199127663365518,0.5260000000000673,2.2949999999998454,target,2010
1,42355,42356,2010-08-09 13:30:00+00:00,2010-08-09 13:45:00+00:00,1204.32,1201.7679999999998,0.01,1,-2.5520000000001346,0.4673471146245052,-3.01934711462464,-1.1831297471099063,4.7719999999999345,0.0,stop,2010
1,42471,42532,2010-08-10 18:30:00+00:00,2010-08-11 09:45:00+00:00,1204.52,1196.403,0.01,61,-8.116999999999962,0.5963156522326618,-8.713315652232623,-1.0734650304586255,8.650000000000091,1.800000000000182,stop,2010
1,42541,42554,2010-08-11 12:00:00+00:00,2010-08-11 15:15:00+00:00,1200.672,1197.0059999999999,0.01,13,-3.666000000000168,0.5333922186364438,-4.1993922186366115,-1.1454970590934042,8.020999999999958,6.876999999999953,stop,2010
-1,42595,42617,2010-08-12 01:30:00+00:00,2010-08-12 07:00:00+00:00,1199.156,1200.2240000000002,0.01,22,-1.068000000000211,0.6716152975616918,-1.7396152975619028,-1.6288532748703737,2.546000000000049,1.8419999999998709,stop,2010
-1,43019,43026,2010-08-18 07:15:00+00:00,2010-08-18 09:00:00+00:00,1222.594,1223.713,0.01,7,-1.1189999999999145,0.5052176403292403,-1.6242176403291548,-1.451490295200428,1.2349999999999,1.7860000000000582,stop,2010
1,43214,43223,2010-08-20 08:00:00+00:00,2010-08-20 10:15:00+00:00,1230.59,1229.3310000000001,0.01,9,-1.2589999999997872,0.5328565920193478,-1.791856592019135,-1.4232379603013803,1.4099999999998545,1.2010000000002492,stop,2010
-1,43302,43303,2010-08-22 22:30:00+00:00,2010-08-22 22:45:00+00:00,1226.749,1228.6,0.01,1,-1.8509999999998854,0.7025158545588774,-2.553515854558763,-1.3795331467093035,1.9710000000000036,0.0,stop,2010
-1,43311,43312,2010-08-23 00:45:00+00:00,2010-08-23 01:00:00+00:00,1227.268,1228.2759999999998,0.01,1,-1.0079999999998108,0.7096773600668309,-1.7176773600666417,-1.7040450000664327,1.4670000000000982,0.0,stop,2010
1,43461,43462,2010-08-24 14:15:00+00:00,2010-08-24 14:30:00+00:00,1225.208,1232.3960000000002,0.01,1,7.188000000000103,0.5521332139554413,6.635866786044661,1.8463736188215265,0.0,8.338999999999942,target,2010
1,43662,43663,2010-08-26 16:30:00+00:00,2010-08-26 16:45:00+00:00,1236.9340000000002,1235.475,0.01,1,-1.4590000000002874,0.6529964630091301,-2.1119964630094175,-1.4475644023365328,1.8160000000002583,0.0,stop,2010
-1,43693,43696,2010-08-27 00:15:00+00:00,2010-08-27 01:00:00+00:00,1234.8110000000001,1237.038,0.01,3,-2.2269999999998618,0.6863143004115178,-2.9133143004113795,-1.308178850656291,2.2899999999999636,0.6580000000001291,stop,2010
1,43796,43798,2010-08-29 22:15:00+00:00,2010-08-29 22:45:00+00:00,1238.27,1236.601,0.01,2,-1.6689999999998693,0.6614679487179478,-2.330467948717817,-1.396325912952666,1.8799999999998818,0.03099999999994907,stop,2010
1,43803,43804,2010-08-30 00:00:00+00:00,2010-08-30 00:15:00+00:00,1237.4099999999999,1235.206,0.01,1,-2.203999999999951,0.6316375000000076,-2.8356374999999585,-1.2865868874773239,2.9649999999996908,0.0,stop,2010
1,43900,43901,2010-08-31 00:15:00+00:00,2010-08-31 00:30:00+00:00,1237.159,1236.051,0.01,1,-1.1080000000001746,0.6611605872193482,-1.7691605872195229,-1.5967153314253104,1.2960000000000491,0.5760000000000218,stop,2010
1,44057,44082,2010-09-01 15:30:00+00:00,2010-09-01 21:45:00+00:00,1244.858,1243.4189999999999,0.01,25,-1.4390000000000782,0.5870747110438697,-2.0260747110439477,-1.407974086896343,1.803000000000111,2.5879999999999654,stop,2010
1,44133,44139,2010-09-02 10:30:00+00:00,2010-09-02 12:00:00+00:00,1246.275,1248.7470000000003,0.01,6,2.4720000000002074,0.5331030763445594,1.938896923655648,1.5686868314364768,0.3949999999999818,3.6649999999999636,target,2010
-1,44237,44238,2010-09-03 12:30:00+00:00,2010-09-03 12:45:00+00:00,1247.606,1242.4220000000003,0.01,1,5.183999999999742,0.5551187838478111,4.628881216151931,1.78583380252784,0.0,8.823000000000093,target,2010
-1,44309,44335,2010-09-05 23:15:00+00:00,2010-09-06 05:45:00+00:00,1247.3139999999999,1248.679,0.01,26,-1.3650000000002365,0.6646125225767647,-2.0296125225770014,-1.4868956209352746,1.5510000000001583,1.0979999999999563,stop,2010
1,44336,44366,2010-09-06 06:00:00+00:00,2010-09-06 13:30:00+00:00,1248.8960000000002,1247.883,0.01,30,-1.0130000000001473,0.5586301587301582,-1.5716301587303056,-1.551461163603235,1.190000000000282,2.0029999999997017,stop,2010
1,44412,44444,2010-09-07 01:00:00+00:00,2010-09-07 09:00:00+00:00,1249.1770000000001,1247.1560000000002,0.01,32,-2.020999999999958,0.6084139012751548,-2.6294139012751128,-1.3010459679738582,2.9240000000002055,1.0269999999998163,stop,2010
1,44556,44591,2010-09-08 13:00:00+00:00,2010-09-08 21:45:00+00:00,1256.8249999999998,1253.697,0.01,35,-3.1279999999999295,0.5777498134328347,-3.705749813432764,-1.1847026257777646,3.62299999999982,4.479000000000269,stop,2010
-1,44602,44608,2010-09-09 00:30:00+00:00,2010-09-09 02:00:00+00:00,1253.0030000000002,1255.1570000000002,0.01,6,-2.1539999999999964,0.6776347370220499,-2.8316347370220463,-1.3145936569276002,2.6099999999996726,0.0,stop,2010
-1,44758,44928,2010-09-10 15:30:00+00:00,2010-09-14 06:30:00+00:00,1247.145,1250.406,0.01,170,-3.2609999999999673,0.5678466995750417,-3.828846699575009,-1.1741326892287787,3.617999999999938,6.189000000000078,stop,2010
1,45247,45331,2010-09-17 14:15:00+00:00,2010-09-20 04:30:00+00:00,1274.616,1279.996,0.01,84,5.380000000000109,0.5846391149969468,4.795360885003163,1.7826620390345969,1.3530000000000655,6.936000000000149,target,2010
1,45400,45430,2010-09-20 21:45:00+00:00,2010-09-21 05:15:00+00:00,1278.284,1276.85,0.01,30,-1.4340000000001965,0.6158894815182416,-2.049889481518438,-1.429490572885744,1.5620000000001255,1.4909999999999854,stop,2010
1,45431,45436,2010-09-21 05:30:00+00:00,2010-09-21 06:45:00+00:00,1278.4160000000002,1276.722,0.01,5,-1.6940000000001874,0.595347609521675,-2.2893476095218626,-1.3514448698474673,2.619000000000142,0.23899999999980537,stop,2010
1,45652,45736,2010-09-23 12:45:00+00:00,2010-09-24 09:45:00+00:00,1291.274,1298.4139999999998,0.01,84,7.139999999999873,0.5079585547796196,6.632041445220253,1.8577146905379192,3.257000000000062,8.062000000000126,target,2010
1,45885,45903,2010-09-27 15:45:00+00:00,2010-09-27 20:15:00+00:00,1296.421,1295.092,0.01,18,-1.3289999999999509,0.6058062254873577,-1.9348062254873086,-1.455836136559353,1.3689999999999145,1.0609999999999218,stop,2010
1,45975,45976,2010-09-28 14:15:00+00:00,2010-09-28 14:30:00+00:00,1296.161,1306.1670000000004,0.01,1,10.006000000000313,0.5730174730479518,9.432982526952362,1.8854652262546605,0.0,10.691000000000031,target,2010
-1,46170,46172,2010-09-30 15:00:00+00:00,2010-09-30 15:30:00+00:00,1304.431,1298.2730000000001,0.01,2,6.157999999999902,0.5433001022494903,5.614699897750412,1.823546572832251,0.0,8.007000000000062,target,2010
1,46366,46377,2010-10-04 10:15:00+00:00,2010-10-04 13:00:00+00:00,1315.763,1312.7330000000002,0.01,11,-3.0299999999997453,0.5067350068158991,-3.5367350068156442,-1.1672392761768784,3.0519999999999072,1.6310000000000855,stop,2010
-1,46422,46433,2010-10-05 00:15:00+00:00,2010-10-05 03:00:00+00:00,1313.684,1314.748,0.01,11,-1.0640000000000782,0.6898001426060909,-1.7538001426061691,-1.648308404704925,1.1569999999999254,1.2519999999999527,stop,2010
-1,46670,46678,2010-10-07 14:15:00+00:00,2010-10-07 16:15:00+00:00,1342.921,1329.8310000000004,0.01,8,13.08999999999969,0.5892034924665506,12.50079650753314,1.9099765481334507,0.8540000000000418,13.482000000000198,target,2010
-1,46761,46764,2010-10-08 13:00:00+00:00,2010-10-08 13:45:00+00:00,1332.373,1341.745,0.01,3,-9.371999999999844,0.6070010810373532,-9.979001081037197,-1.0647675075797443,9.853000000000065,0.0,stop,2010
-1,46873,46879,2010-10-11 12:30:00+00:00,2010-10-11 14:00:00+00:00,1342.283,1347.381,0.01,6,-5.098000000000184,0.45752916859876985,-5.555529168598953,-1.0897467965081902,8.5150000000001,1.3449999999998,stop,2010
-1,46927,46930,2010-10-12 02:00:00+00:00,2010-10-12 02:45:00+00:00,1347.469,1349.755,0.01,3,-2.286000000000058,0.6502836246213239,-2.936283624621382,-1.2844635278308432,2.701000000000022,0.4250000000001819,stop,2010
-1,47259,47269,2010-10-15 13:00:00+00:00,2010-10-15 15:30:00+00:00,1369.682,1375.664,0.01,10,-5.981999999999971,0.5545653793572027,-6.536565379357174,-1.0927056802670019,6.085000000000036,6.958000000000084,stop,2010
-1,47386,47387,2010-10-18 13:30:00+00:00,2010-10-18 13:45:00+00:00,1364.202,1366.697,0.01,1,-2.494999999999891,0.4581388737288297,-2.9531388737287205,-1.1836227950817033,3.423000000000002,0.0,stop,2010
1,47429,47433,2010-10-19 00:15:00+00:00,2010-10-19 01:15:00+00:00,1368.953,1367.443,0.01,4,-1.509999999999991,0.7581417587501553,-2.2681417587501462,-1.5020806349338807,1.6100000000001273,1.8429999999998472,stop,2010
-1,47621,47670,2010-10-21 00:15:00+00:00,2010-10-21 12:30:00+00:00,1345.298,1337.9580000000003,0.01,49,7.339999999999691,0.6572501571558289,6.682749842843862,1.8209127637177502,2.5709999999999127,8.348999999999933,target,2010
1,47902,47917,2010-10-25 15:15:00+00:00,2010-10-25 19:00:00+00:00,1336.4679999999998,1342.2219999999998,0.01,15,5.753999999999905,0.5558205469307569,5.198179453069148,1.8068055102778011,2.132999999999811,6.07300000000032,target,2010
1,47957,47967,2010-10-26 05:00:00+00:00,2010-10-26 07:30:00+00:00,1339.624,1337.211,0.01,10,-2.413000000000011,0.5563001953235365,-2.969300195323547,-1.2305429736110791,4.024000000000115,0.9790000000000418,stop,2010
-1,48045,48046,2010-10-27 03:00:00+00:00,2010-10-27 03:15:00+00:00,1336.702,1334.2659999999998,0.01,1,2.436000000000149,0.7608698438385075,1.6751301561616416,1.3753121150751553,0.01799999999980173,2.6820000000000164,target,2010
1,48178,48180,2010-10-28 12:15:00+00:00,2010-10-28 12:45:00+00:00,1331.574,1336.3380000000002,0.01,2,4.764000000000124,0.6085374155497474,4.155462584450376,1.7445266937238741,0.0,5.586000000000013,target,2010
1,48265,48268,2010-10-29 10:00:00+00:00,2010-10-29 10:45:00+00:00,1337.186,1340.9479999999996,0.01,3,3.7619999999997162,0.4586481621688313,3.303351837830885,1.7561679095327667,0.4049999999999727,4.40300000000002,target,2010
1,48406,48408,2010-11-01 14:45:00+00:00,2010-11-01 15:15:00+00:00,1354.353,1352.3220000000001,0.01,2,-2.030999999999949,0.5377977841301387,-2.568797784130088,-1.264794576134984,4.141000000000076,0.9369999999998981,stop,2010
1,48450,48457,2010-11-02 01:45:00+00:00,2010-11-02 03:30:00+00:00,1353.04,1355.6499999999996,0.01,7,2.6099999999996726,0.6995087493640597,1.9104912506356129,1.4639779698359023,0.6010000000001128,4.043999999999869,target,2010
1,48540,48543,2010-11-03 00:15:00+00:00,2010-11-03 01:00:00+00:00,1356.799,1354.498,0.01,3,-2.300999999999931,0.7616386289388823,-3.0626386289388132,-1.331003315488442,2.5599999999999454,0.2339999999999236,stop,2010
1,48642,48683,2010-11-04 01:45:00+00:00,2010-11-04 12:00:00+00:00,1355.297,1367.6530000000002,0.01,41,12.356000000000222,0.6558388840134519,11.70016111598677,1.8938428481687537,2.0270000000000437,13.64799999999991,target,2010
1,49010,49012,2010-11-09 19:15:00+00:00,2010-11-09 19:45:00+00:00,1407.0720000000001,1401.76,0.01,2,-5.3120000000001255,0.7589656376976819,-6.070965637697808,-1.1428775673376628,5.7840000000001055,0.0,stop,2010
1,49035,49039,2010-11-10 01:30:00+00:00,2010-11-10 02:30:00+00:00,1402.883,1399.532,0.01,4,-3.3510000000001128,0.6667506240495795,-4.017750624049692,-1.1989706428079847,4.627999999999929,0.0,stop,2010
1,49127,49156,2010-11-11 00:30:00+00:00,2010-11-11 07:45:00+00:00,1402.981,1408.927,0.01,29,5.945999999999913,0.595722559845532,5.350277440154381,1.799622415120908,2.4880000000000564,6.147999999999911,target,2010
1,49223,49225,2010-11-12 00:30:00+00:00,2010-11-12 01:00:00+00:00,1406.301,1404.6419999999998,0.01,2,-1.6590000000001055,0.665033369586713,-2.3240333695868185,-1.4008639961342197,3.81899999999996,0.7980000000002292,stop,2010
1,49623,49639,2010-11-18 01:30:00+00:00,2010-11-18 05:30:00+00:00,1346.653,1351.885,0.01,16,5.231999999999971,0.5349411718871733,4.697058828112798,1.7955117844467983,0.4110000000000582,5.2409999999999854,target,2010
1,49730,49739,2010-11-19 04:15:00+00:00,2010-11-19 06:30:00+00:00,1352.647,1356.9370000000004,0.01,9,4.290000000000418,0.5705994238683079,3.7194005761321103,1.7339862825789032,0.047000000000025466,5.374000000000024,target,2010
1,49880,49882,2010-11-22 15:00:00+00:00,2010-11-22 15:30:00+00:00,1356.661,1353.2179999999998,0.01,2,-3.443000000000211,0.7561026246399758,-4.199102624640187,-1.219605757955251,8.11700000000019,0.0,stop,2010
1,49937,49941,2010-11-23 05:15:00+00:00,2010-11-23 06:15:00+00:00,1359.091,1361.3349999999996,0.01,4,2.243999999999687,0.7644959122480413,1.4795040877516459,1.3186310942529877,0.18100000000004002,6.2970000000000255,target,2010
1,50074,50112,2010-11-24 15:30:00+00:00,2010-11-25 01:00:00+00:00,1372.913,1369.4569999999999,0.01,38,-3.456000000000131,0.5902381461475925,-4.046238146147724,-1.1707865006214035,4.651000000000067,2.729000000000042,stop,2010
1,50125,50140,2010-11-25 04:15:00+00:00,2010-11-25 08:00:00+00:00,1371.798,1370.295,0.01,15,-1.502999999999929,0.7705389134225153,-2.2735389134224446,-1.5126672743995688,1.5769999999999982,1.0299999999999727,stop,2010
1,50204,50226,2010-11-26 00:00:00+00:00,2010-11-26 05:30:00+00:00,1372.5590000000002,1371.467,0.01,22,-1.0920000000000982,0.7618538053190329,-1.8538538053191311,-1.6976683198891616,1.4590000000002874,1.5219999999999345,stop,2010
1,50341,50345,2010-11-29 07:45:00+00:00,2010-11-29 08:45:00+00:00,1366.123,1364.869,0.01,4,-1.2540000000001328,0.4590397734310779,-1.7130397734312106,-1.366060425383596,1.7490000000000236,1.9089999999998781,stop,2010
1,50429,50435,2010-11-30 05:45:00+00:00,2010-11-30 07:15:00+00:00,1365.79,1367.96,0.01,6,2.1700000000000728,0.47087386312072327,1.6991261368793495,1.5660148726998089,0.7839999999998781,4.050000000000182,target,2010
-1,50670,50748,2010-12-02 18:00:00+00:00,2010-12-03 13:30:00+00:00,1386.282,1397.621,0.01,78,-11.33900000000017,0.5452663426638977,-11.884266342664066,-1.0480876922712663,16.618999999999915,3.0579999999997654,stop,2010
-1,50960,51003,2010-12-07 15:30:00+00:00,2010-12-08 02:15:00+00:00,1412.2,1394.9420000000002,0.01,43,17.25799999999981,0.518919692383367,16.739080307616444,1.9398632874744035,4.836999999999989,18.063000000000102,target,2010
-1,51151,51163,2010-12-09 15:15:00+00:00,2010-12-09 18:15:00+00:00,1387.127,1393.156,0.01,12,-6.028999999999996,0.4541880978539542,-6.483188097853951,-1.0753339024471644,6.576000000000022,4.874000000000024,stop,2010
1,51213,51218,2010-12-10 06:45:00+00:00,2010-12-10 08:00:00+00:00,1391.4,1390.4,0.01,5,-1.0,0.4692860632489391,-1.469286063248939,-1.469286063248939,1.400000000000091,0.6999999999998181,stop,2010
-1,51316,51324,2010-12-13 03:45:00+00:00,2010-12-13 05:45:00+00:00,1386.596,1387.962,0.01,8,-1.3659999999999854,0.5788009523809516,-1.944800952380937,-1.4237195844662942,2.36200000000008,0.5730000000000928,stop,2010
-1,51454,51459,2010-12-14 14:15:00+00:00,2010-12-14 15:30:00+00:00,1394.6779999999999,1399.1100000000001,0.01,5,-4.432000000000244,0.5866054905705445,-5.018605490570788,-1.1323568345150072,4.43300000000022,2.5809999999999036,stop,2010
-1,51514,51517,2010-12-15 05:15:00+00:00,2010-12-15 06:00:00+00:00,1394.969,1391.5790000000002,0.01,3,3.389999999999873,0.6925100000000006,2.6974899999998723,1.5914395280235831,0.0,5.699000000000069,target,2010
-1,51760,51803,2010-12-17 18:45:00+00:00,2010-12-19 23:00:00+00:00,1376.197,1378.353,0.01,43,-2.1560000000001764,0.5674292792792819,-2.7234292792794585,-1.2631861221146734,3.550000000000182,3.196999999999889,stop,2010
1,51805,51806,2010-12-19 23:30:00+00:00,2010-12-19 23:45:00+00:00,1378.29,1382.2959999999998,0.01,1,4.005999999999858,0.7337930373776693,3.272206962622189,1.6336530018084396,0.0,4.33199999999988,target,2010
-1,51871,51872,2010-12-20 16:00:00+00:00,2010-12-20 16:15:00+00:00,1378.3899999999999,1380.4470000000001,0.01,1,-2.0570000000002437,0.4533606447442053,-2.510360644744449,-1.220398952233423,4.532000000000153,0.0,stop,2010
-1,51960,52160,2010-12-21 14:15:00+00:00,2010-12-23 16:15:00+00:00,1382.891,1377.397,0.01,200,5.494000000000142,0.5822538607145114,4.911746139285631,0.555878920245091,8.226999999999862,10.473000000000184,time_stop,2010
-1,52310,52311,2010-12-26 23:00:00+00:00,2010-12-26 23:15:00+00:00,1383.0500000000002,1380.6300000000006,0.01,1,2.419999999999618,1.004557142857143,1.415442857142475,1.1697874852418997,0.0,9.450000000000273,target,2010
1,52323,52364,2010-12-27 02:15:00+00:00,2010-12-27 12:30:00+00:00,1382.87,1380.135,0.01,41,-2.7349999999999,0.7823925501432634,-3.517392550143163,-1.2860667459390462,2.7979999999997744,3.7510000000002037,stop,2010
1,52658,52662,2010-12-30 14:00:00+00:00,2010-12-30 15:00:00+00:00,1409.601,1406.496,0.01,4,-3.105000000000018,0.8074342589471282,-3.9124342589471466,-1.2600432395964971,4.014000000000124,1.0619999999998981,stop,2010
1,52703,52738,2010-12-31 01:15:00+00:00,2010-12-31 10:00:00+00:00,1407.0720000000001,1410.3860000000004,0.01,35,3.3140000000003056,0.6034201592897206,2.7105798407105848,1.635835751786563,1.2590000000000146,4.032999999999902,target,2010
-1,52901,52902,2011-01-03 20:00:00+00:00,2011-01-03 20:15:00+00:00,1415.74,1413.2479999999998,0.01,1,2.492000000000189,0.9027699318181841,1.589230068182005,1.2754655442872267,0.0,2.6380000000001473,target,2011
1,52918,52921,2011-01-04 00:15:00+00:00,2011-01-04 01:00:00+00:00,1416.906,1414.995,0.01,3,-1.9110000000000582,0.47998601398599766,-2.3909860139860557,-1.2511700753458832,3.0279999999997926,0.0,stop,2011
1,53267,53268,2011-01-07 15:30:00+00:00,2011-01-07 15:45:00+00:00,1374.05,1378.2499999999998,0.01,1,4.199999999999818,0.6520700711419478,3.5479299288578705,1.6894904423133448,0.0,5.0,target,2011
1,53325,53326,2011-01-09 23:15:00+00:00,2011-01-09 23:30:00+00:00,1372.25,1369.3,0.01,1,-2.9500000000000455,0.5810989010989014,-3.5310989010989466,-1.1969826783386075,4.5499999999999545,0.0,stop,2011
-1,53331,53333,2011-01-10 00:45:00+00:00,2011-01-10 01:15:00+00:00,1370.053,1371.337,0.01,2,-1.2839999999998781,0.5800000000000001,-1.8639999999998782,-1.4517133956386723,1.8389999999999418,0.45900000000006,stop,2011
-1,53484,53489,2011-01-11 15:00:00+00:00,2011-01-11 16:15:00+00:00,1373.865,1378.251,0.01,5,-4.385999999999967,0.4526380881865987,-4.838638088186566,-1.1032006585012772,5.268000000000029,0.19699999999988904,stop,2011
-1,53570,53578,2011-01-12 12:30:00+00:00,2011-01-12 14:30:00+00:00,1378.46,1383.004,0.01,8,-4.543999999999869,0.4254361941886823,-4.969436194188551,-1.0936259230168783,5.54300000000012,0.33100000000013097,stop,2011
-1,53656,53660,2011-01-13 10:00:00+00:00,2011-01-13 11:00:00+00:00,1381.8449999999998,1378.5469999999991,0.01,4,3.298000000000684,0.39032903999830953,2.9076709600023745,1.7632934869628694,0.165000000000191,3.9309999999998126,target,2011
1,53953,53967,2011-01-18 05:30:00+00:00,2011-01-18 09:00:00+00:00,1365.239,1368.1330000000003,0.01,14,2.894000000000233,0.43801258166655294,2.45598741833368,1.6972960734854752,0.9290000000000873,3.186999999999898,target,2011
-1,54090,54091,2011-01-19 15:45:00+00:00,2011-01-19 16:00:00+00:00,1369.382,1372.0020000000002,0.01,1,-2.6200000000001182,0.479237398178106,-3.099237398178224,-1.1829150374725512,4.449000000000069,0.0,stop,2011
-1,54125,54131,2011-01-20 00:30:00+00:00,2011-01-20 02:00:00+00:00,1368.809,1369.875,0.01,6,-1.066000000000031,0.5796866231761988,-1.6456866231762297,-1.5437960817787824,1.1009999999998854,1.344000000000051,stop,2011
1,54345,54385,2011-01-24 01:00:00+00:00,2011-01-24 11:00:00+00:00,1349.531,1346.554,0.01,40,-2.9769999999998618,0.4535730743275814,-3.430573074327443,-1.152359111295802,3.3989999999998872,3.58199999999988,stop,2011
1,54566,54570,2011-01-26 08:15:00+00:00,2011-01-26 09:15:00+00:00,1337.126,1335.953,0.01,4,-1.1730000000000018,0.49359743339316614,-1.666597433393168,-1.4207991759532526,1.211999999999989,1.1850000000001728,stop,2011
1,54668,54669,2011-01-27 09:45:00+00:00,2011-01-27 10:00:00+00:00,1339.8139999999999,1338.4189999999999,0.01,1,-1.3949999999999818,0.5411354837910178,-1.9361354837909996,-1.387910741068835,2.2209999999997763,0.09700000000020736,stop,2011
1,54867,54876,2011-01-31 05:00:00+00:00,2011-01-31 07:15:00+00:00,1333.536,1337.5060000000003,0.01,9,3.9700000000002547,0.5602311180882542,3.4097688819120004,1.7177676986961117,0.0,4.233999999999924,target,2011
-1,55004,55009,2011-02-01 15:15:00+00:00,2011-02-01 16:30:00+00:00,1326.1875,1335.1109999999999,0.01,5,-8.923499999999876,0.49363441970752275,-9.417134419707399,-1.0553184759015553,9.867500000000064,0.7094999999999345,stop,2011
1,55069,55075,2011-02-02 07:30:00+00:00,2011-02-02 09:00:00+00:00,1337.87,1336.489,0.01,6,-1.3809999999998581,0.4918948717948746,-1.8728948717947327,-1.3561874524221036,1.8269999999997708,1.6140000000000327,stop,2011
1,55190,55195,2011-02-03 13:45:00+00:00,2011-02-03 15:00:00+00:00,1336.815,1329.011,0.01,5,-7.804000000000087,0.498799915760204,-8.302799915760291,-1.063915929748872,11.241999999999962,0.5564999999999145,stop,2011
-1,55350,55351,2011-02-06 23:45:00+00:00,2011-02-07 00:00:00+00:00,1344.45,1346.15,0.01,1,-1.7000000000000455,0.6480057017543728,-2.3480057017544183,-1.3811798245613855,2.8640000000000327,0.0,stop,2011
1,55412,55478,2011-02-07 15:15:00+00:00,2011-02-08 07:45:00+00:00,1349.478,1356.5600000000004,0.01,66,7.082000000000336,0.47111662620864025,6.610883373791696,1.8669537909605711,2.163000000000011,8.223999999999933,target,2011
-1,55609,55611,2011-02-09 16:30:00+00:00,2011-02-09 17:00:00+00:00,1358.5255,1364.173,0.01,2,-5.647500000000036,0.6043259768265783,-6.2518259768266145,-1.1070076984199335,5.713500000000067,0.0,stop,2011
-1,55682,55693,2011-02-10 10:45:00+00:00,2011-02-10 13:30:00+00:00,1358.138,1353.3829999999998,0.01,11,4.755000000000109,0.4796796599106856,4.275320340089424,1.798241993728423,0.624000000000251,6.239999999999782,target,2011
1,55759,55769,2011-02-11 06:00:00+00:00,2011-02-11 08:30:00+00:00,1362.145,1364.5819999999999,0.01,10,2.436999999999898,0.5827667954324367,1.8542332045674614,1.5217342671871472,0.2640000000001237,3.3079999999999927,target,2011
-1,55897,55910,2011-02-14 10:00:00+00:00,2011-02-14 13:15:00+00:00,1358.4479999999999,1359.593,0.01,13,-1.1450000000002092,0.5571347637825727,-1.702134763782782,-1.486580579722682,1.4549999999999272,1.987999999999829,stop,2011
1,56111,56114,2011-02-16 15:30:00+00:00,2011-02-16 16:15:00+00:00,1371.836,1375.5159999999998,0.01,3,3.6799999999998363,0.4578688188538085,3.222131181146028,1.7511582506229193,1.3399999999999181,4.397999999999911,target,2011
-1,56487,56501,2011-02-22 09:15:00+00:00,2011-02-22 12:45:00+00:00,1396.869,1399.976,0.01,14,-3.1070000000001983,0.5024891198414878,-3.609489119841686,-1.1617280720442407,4.060999999999922,3.8869999999999436,stop,2011
-1,56548,56555,2011-02-23 00:30:00+00:00,2011-02-23 02:15:00+00:00,1397.562,1399.116,0.01,7,-1.5540000000000875,0.6183078813410585,-2.172307881341146,-1.397881519524468,2.2090000000002874,1.8209999999999127,stop,2011
-1,56720,56801,2011-02-24 19:30:00+00:00,2011-02-25 15:45:00+00:00,1402.879,1411.583,0.01,81,-8.704000000000178,0.5423110916917273,-9.246311091691906,-1.062305961821199,8.926000000000158,7.3689999999999145,stop,2011
1,56801,56804,2011-02-25 15:45:00+00:00,2011-02-25 16:30:00+00:00,1408.1660000000002,1405.12,0.01,3,-3.0460000000002765,0.48742344735129156,-3.533423447351568,-1.160020829727921,4.469000000000051,2.285999999999831,stop,2011
-1,56895,56897,2011-02-28 08:30:00+00:00,2011-02-28 09:00:00+00:00,1408.44,1411.8165,0.01,2,-3.3764999999998513,0.40776317454892924,-3.7842631745487805,-1.1207650450315259,3.8980000000001382,0.0,stop,2011
-1,56958,56964,2011-03-01 00:15:00+00:00,2011-03-01 01:45:00+00:00,1410.2939999999999,1411.511,0.01,6,-1.2170000000000982,0.5380424184594086,-1.7550424184595068,-1.442105520508928,2.62700000000018,0.6179999999999382,stop,2011
-1,57175,57182,2011-03-03 06:30:00+00:00,2011-03-03 08:15:00+00:00,1425.509,1429.403,0.01,7,-3.894000000000006,0.4954253350815822,-4.389425335081588,-1.127227872388696,5.447000000000116,0.3369999999999891,stop,2011
-1,57300,57303,2011-03-04 13:45:00+00:00,2011-03-04 14:30:00+00:00,1417.88,1422.1100000000001,0.01,3,-4.230000000000018,0.8488433099753199,-5.078843309975338,-1.2006721772991291,8.738999999999805,0.8300000000001546,stop,2011
1,57428,57481,2011-03-07 17:00:00+00:00,2011-03-08 06:15:00+00:00,1432.9105,1428.21,0.01,53,-4.70049999999992,0.8981252397474302,-5.59862523974735,-1.191070149930315,6.726499999999987,4.361499999999978,stop,2011
1,57496,57498,2011-03-08 10:00:00+00:00,2011-03-08 10:30:00+00:00,1432.0700000000002,1435.6640000000002,0.01,2,3.5940000000000514,0.5831570025986412,3.01084299740141,1.6754830258215732,0.0,4.317000000000007,target,2011
-1,57617,57626,2011-03-09 16:15:00+00:00,2011-03-09 18:30:00+00:00,1427.972,1432.397,0.01,9,-4.4249999999999545,0.8139005141530278,-5.2389005141529825,-1.183932319582607,4.531999999999925,2.9579999999998563,stop,2011
-1,57648,57674,2011-03-10 00:00:00+00:00,2011-03-10 06:30:00+00:00,1429.586,1430.713,0.01,26,-1.1269999999999527,0.6277353074890968,-1.7547353074890495,-1.5569967235928333,1.183999999999969,2.247000000000071,stop,2011
1,57812,57981,2011-03-11 17:00:00+00:00,2011-03-15 03:45:00+00:00,1421.686,1415.555,0.01,169,-6.130999999999858,0.6241611269618561,-6.755161126961714,-1.1018041309675208,9.468000000000075,10.113000000000056,stop,2011
-1,58122,58132,2011-03-16 15:00:00+00:00,2011-03-16 17:30:00+00:00,1402.453,1395.0390000000002,0.01,10,7.41399999999976,0.40285416799868473,7.011145832001075,1.891326094416321,3.474999999999909,7.7719999999999345,target,2011
1,58198,58208,2011-03-17 10:00:00+00:00,2011-03-17 12:30:00+00:00,1402.17,1399.3200000000002,0.01,10,-2.849999999999909,0.4191288805696126,-3.2691288805695216,-1.1470627651121494,3.6849999999999454,1.7199999999998,stop,2011
1,58513,58517,2011-03-22 11:15:00+00:00,2011-03-22 12:15:00+00:00,1426.795,1424.226,0.01,4,-2.56899999999996,0.36869517367417265,-2.9376951736741326,-1.1435170002624284,3.0440000000000964,0.8330000000000837,stop,2011
-1,58731,58736,2011-03-24 17:45:00+00:00,2011-03-24 19:00:00+00:00,1433.529,1428.859,0.01,5,4.670000000000073,0.3433329563105882,4.3266670436894845,1.852962331344504,1.0289999999999964,5.433999999999969,target,2011
1,58784,58785,2011-03-25 07:00:00+00:00,2011-03-25 07:15:00+00:00,1434.971,1433.9189999999999,0.01,1,-1.0520000000001346,0.39605084582852573,-1.4480508458286603,-1.3764741880498812,1.1549999999999727,0.0,stop,2011
1,59031,59032,2011-03-29 15:30:00+00:00,2011-03-29 15:45:00+00:00,1422.676,1419.912,0.01,1,-2.7639999999998963,0.45481854533822397,-3.21881854533812,-1.1645508485304779,3.90099999999984,0.0,stop,2011
-1,59101,59112,2011-03-30 09:00:00+00:00,2011-03-30 11:45:00+00:00,1419.649,1421.72,0.01,11,-2.07100000000014,0.48121114096733864,-2.552211140967479,-1.2323569005153578,3.1140000000000327,1.9919999999997344,stop,2011
-1,59162,59164,2011-03-31 00:15:00+00:00,2011-03-31 00:45:00+00:00,1420.6950000000002,1422.376,0.01,2,-1.6809999999998129,0.4670882531194222,-2.148088253119235,-1.277863327257272,2.186999999999898,0.0,stop,2011
1,59331,59332,2011-04-01 18:30:00+00:00,2011-04-01 18:45:00+00:00,1430.482,1428.474,0.01,1,-2.008000000000038,0.5189358577589025,-2.5269358577589407,-1.2584341921110023,2.467999999999847,0.0,stop,2011
1,59383,59429,2011-04-03 23:30:00+00:00,2011-04-04 11:00:00+00:00,1430.959,1436.7590000000002,0.01,46,5.800000000000182,0.5887597402597478,5.211240259740434,1.796979399910438,1.1490000000001146,6.011999999999944,target,2011
-1,59522,59529,2011-04-05 10:15:00+00:00,2011-04-05 12:00:00+00:00,1431.83,1434.0810000000001,0.01,7,-2.2510000000002037,0.49745795625943173,-2.7484579562596356,-1.2209942053573464,2.324000000000069,1.2899999999999636,stop,2011
-1,59927,59941,2011-04-11 10:00:00+00:00,2011-04-11 13:30:00+00:00,1467.907,1470.67,0.01,14,-2.7630000000001473,0.5423050364269895,-3.3053050364271366,-1.1962739907444664,3.3810000000000855,3.09699999999998,stop,2011
-1,60025,60028,2011-04-12 10:30:00+00:00,2011-04-12 11:15:00+00:00,1462.938,1459.7260000000006,0.01,3,3.211999999999535,0.5242148075360351,2.6877851924634997,1.6735897836014253,0.2829999999999018,3.6490000000001146,target,2011
1,60108,60109,2011-04-13 07:15:00+00:00,2011-04-13 07:30:00+00:00,1459.479,1457.906,0.01,1,-1.5730000000000928,0.559066240458943,-2.132066240459036,-1.3554140117348443,1.7164999999999964,0.0,stop,2011
1,60176,60177,2011-04-14 00:15:00+00:00,2011-04-14 00:30:00+00:00,1458.545,1456.3980000000001,0.01,1,-2.1469999999999345,0.5495013375651763,-2.6965013375651106,-1.255939141856168,3.339000000000169,0.0,stop,2011
1,60445,60447,2011-04-18 11:15:00+00:00,2011-04-18 11:45:00+00:00,1481.239,1479.976,0.01,2,-1.26299999999992,0.4998451409934974,-1.7628451409934174,-1.395760206645708,1.6539999999999964,0.06999999999993634,stop,2011
1,60662,60693,2011-04-20 17:30:00+00:00,2011-04-21 01:15:00+00:00,1499.083,1506.8890000000001,0.01,31,7.806000000000041,0.4985034243913077,7.307496575608734,1.8722768577014335,2.393000000000029,8.52299999999991,target,2011
1,60740,60905,2011-04-21 13:00:00+00:00,2011-04-24 22:00:00+00:00,1504.251,1511.253,0.01,165,7.001999999999953,0.5569986953780163,6.445001304621936,1.8409029719000227,3.0914999999999964,7.750999999999976,target,2011
1,60977,60980,2011-04-25 16:00:00+00:00,2011-04-25 16:45:00+00:00,1512.926,1508.539,0.01,3,-4.386999999999944,0.6843388958738099,-5.071338895873754,-1.1559924540400772,5.528999999999996,0.0,stop,2011
1,61093,61157,2011-04-26 21:00:00+00:00,2011-04-27 13:00:00+00:00,1506.505,1511.5110000000004,0.01,64,5.006000000000313,0.4988890951390954,4.507110904861218,1.8006835416943412,2.339000000000169,6.289999999999964,target,2011
-1,61164,61165,2011-04-27 14:45:00+00:00,2011-04-27 15:00:00+00:00,1505.386,1507.781,0.01,1,-2.394999999999982,0.5247678515429675,-2.9197678515429493,-1.2191097501223263,3.3020000000001346,0.0,stop,2011
-1,61433,61434,2011-05-02 01:30:00+00:00,2011-05-02 01:45:00+00:00,1545.085,1548.672,0.01,1,-3.5869999999999895,0.6711767850376225,-4.258176785037612,-1.1871136841476513,3.7480000000000473,0.0,stop,2011
1,61542,61548,2011-05-03 04:45:00+00:00,2011-05-03 06:15:00+00:00,1550.471,1546.938,0.01,6,-3.532999999999902,0.5762505119397539,-4.109250511939656,-1.163105154808879,4.0815000000000055,0.7519999999999527,stop,2011
-1,61672,61674,2011-05-04 13:15:00+00:00,2011-05-04 13:45:00+00:00,1539.1860000000001,1541.886,0.01,2,-2.699999999999818,0.5667732179778715,-3.26677321797769,-1.209916006658485,2.92699999999968,3.5390000000002146,stop,2011
-1,62181,62195,2011-05-11 12:15:00+00:00,2011-05-11 15:45:00+00:00,1512.699,1503.0850000000005,0.01,14,9.613999999999578,0.5791176887876377,9.034882311211941,1.8795261725010064,2.9659999999998945,10.68100000000004,target,2011
1,62298,62304,2011-05-12 17:30:00+00:00,2011-05-12 19:00:00+00:00,1507.359,1501.895,0.01,6,-5.463999999999942,0.5690125866183324,-6.033012586618274,-1.104138467536299,5.661999999999807,0.6510000000000673,stop,2011
-1,62330,62331,2011-05-13 01:30:00+00:00,2011-05-13 01:45:00+00:00,1502.327,1503.75,0.01,1,-1.4230000000000018,0.5039704520113171,-1.926970452011319,-1.3541605425237642,1.4230000000000018,0.0,stop,2011
-1,62484,62490,2011-05-16 07:45:00+00:00,2011-05-16 09:15:00+00:00,1496.915,1498.125,0.01,6,-1.2100000000000364,0.47075127517358245,-1.6807512751736189,-1.3890506406393126,1.3020000000001346,2.342999999999847,stop,2011
-1,62578,62579,2011-05-17 07:15:00+00:00,2011-05-17 07:30:00+00:00,1494.8609999999999,1496.409,0.01,1,-1.5480000000002292,0.4584003326000419,-2.006400332600271,-1.2961242458656164,2.0280000000002474,0.0,stop,2011
1,62654,62671,2011-05-18 02:15:00+00:00,2011-05-18 06:30:00+00:00,1490.9450000000002,1489.711,0.01,17,-1.234000000000151,0.5082787167475032,-1.7422787167476543,-1.4118952323723186,1.2690000000002328,2.060999999999922,stop,2011
1,62766,62771,2011-05-19 06:15:00+00:00,2011-05-19 07:30:00+00:00,1495.0235,1493.627,0.01,5,-1.39650000000006,0.47807834101382846,-1.8745783410138885,-1.3423403802461926,1.7635000000000218,1.5625,stop,2011
-1,62883,62885,2011-05-20 11:30:00+00:00,2011-05-20 12:00:00+00:00,1494.137,1496.719,0.01,2,-2.5820000000001073,0.43060872617805607,-3.0126087261781636,-1.1667733253981558,3.4880000000000564,0.0,stop,2011
1,63048,63052,2011-05-23 04:45:00+00:00,2011-05-23 05:45:00+00:00,1509.48,1508.25,0.01,4,-1.2300000000000182,0.4528273081914857,-1.682827308191504,-1.3681522830825033,1.69399999999996,1.7869999999998072,stop,2011
-1,63353,63361,2011-05-26 09:00:00+00:00,2011-05-26 11:00:00+00:00,1521.732,1515.9899999999998,0.01,8,5.742000000000189,0.44798944676776714,5.294010553232422,1.8439604852776899,1.4085000000000036,5.7719999999999345,target,2011
1,63441,63463,2011-05-27 07:00:00+00:00,2011-05-27 12:30:00+00:00,1525.28,1529.7859999999998,0.01,22,4.505999999999858,0.429981326964934,4.076018673034924,1.8091516524789404,0.9800000000000182,5.656000000000176,target,2011
1,63664,63667,2011-05-31 06:30:00+00:00,2011-05-31 07:15:00+00:00,1536.0525,1538.7724999999998,0.01,3,2.7199999999998,0.4307967768049878,2.289203223194812,1.6832376641139561,0.4835000000000491,3.2545000000000073,target,2011
-1,63735,63738,2011-06-01 00:15:00+00:00,2011-06-01 01:00:00+00:00,1534.549,1531.9389999999999,0.01,3,2.6100000000001273,0.607122385716163,2.0028776142839644,1.5347721182251852,0.0,3.2899999999999636,target,2011
1,63882,63884,2011-06-02 13:00:00+00:00,2011-06-02 13:30:00+00:00,1540.1350000000002,1538.569,0.01,2,-1.566000000000258,0.47903033887204033,-2.0450303388722983,-1.3058942138390557,1.667000000000371,2.87299999999982,stop,2011
1,64135,64160,2011-06-06 20:00:00+00:00,2011-06-07 02:15:00+00:00,1544.258,1542.5,0.01,25,-1.7580000000000384,0.5398023283610665,-2.297802328361105,-1.3070547942895647,1.7580000000000382,1.6879999999998745,stop,2011
-1,64160,64167,2011-06-07 02:15:00+00:00,2011-06-07 04:00:00+00:00,1542.864,1544.556,0.01,7,-1.6920000000000073,0.4797400793650832,-2.1717400793650903,-1.2835343258658871,2.0039999999999054,0.17000000000007276,stop,2011
-1,64250,64252,2011-06-08 00:45:00+00:00,2011-06-08 01:15:00+00:00,1543.408,1541.0620000000004,0.01,2,2.345999999999549,0.5111826302209825,1.8348173697785664,1.564209181397203,0.0,2.7269999999998618,target,2011
1,64395,64489,2011-06-09 13:00:00+00:00,2011-06-10 12:30:00+00:00,1540.4180000000001,1534.2800000000002,0.01,94,-6.13799999999992,0.46629651706876757,-6.604296517068687,-1.0759688036931856,7.913000000000011,9.187999999999874,stop,2011
-1,64489,64605,2011-06-10 12:30:00+00:00,2011-06-13 09:00:00+00:00,1536.3200000000002,1525.7400000000002,0.01,116,10.579999999999927,0.4508995869967183,10.12910041300321,1.9147637831764233,0.6184999999998126,11.847999999999956,target,2011
1,64765,64786,2011-06-15 01:00:00+00:00,2011-06-15 06:15:00+00:00,1524.955,1523.739,0.01,21,-1.2159999999998945,0.44895696031204685,-1.6649569603119414,-1.3692080265724391,1.949999999999818,1.7660000000000764,stop,2011
-1,64876,64877,2011-06-16 04:45:00+00:00,2011-06-16 05:00:00+00:00,1524.9505,1527.3294999999998,0.01,1,-2.3789999999999054,0.46706031190998976,-2.8460603119098953,-1.196326318583442,2.380500000000211,0.0,stop,2011
-1,64984,64994,2011-06-17 07:45:00+00:00,2011-06-17 10:15:00+00:00,1524.255,1527.024,0.01,10,-2.768999999999778,0.45628697820743386,-3.2252869782072118,-1.164784029688505,2.900000000000091,1.3540000000002692,stop,2011
-1,65315,65320,2011-06-22 10:15:00+00:00,2011-06-22 11:30:00+00:00,1542.482,1544.6280000000002,0.01,5,-2.1460000000001855,0.41420835486162794,-2.5602083548618135,-1.1930141448562872,2.5590000000001965,1.0499999999999545,stop,2011
-1,65377,65384,2011-06-23 01:45:00+00:00,2011-06-23 03:30:00+00:00,1545.062,1547.445,0.01,7,-2.383000000000038,0.45698596783980844,-2.8399859678398465,-1.1917691849936218,2.5570000000000164,0.0,stop,2011
-1,65732,65737,2011-06-28 10:00:00+00:00,2011-06-28 11:15:00+00:00,1502.565,1500.127,0.01,5,2.438000000000102,0.40693627907607766,2.031063720924024,1.666172043415865,0.3829999999998108,2.826999999999998,target,2011
1,65790,65791,2011-06-29 00:30:00+00:00,2011-06-29 00:45:00+00:00,1502.876,1505.1519999999998,0.01,1,2.27599999999984,0.4852765891343195,1.7907234108655206,1.5735706598116401,0.0,2.29099999999994,target,2011
1,65934,65935,2011-06-30 12:30:00+00:00,2011-06-30 12:45:00+00:00,1508.7649999999999,1510.9229999999998,0.01,1,2.1579999999999018,0.40752701061787183,1.7504729893820299,1.6223104628193787,0.0,3.9160000000001673,target,2011
1,66123,66151,2011-07-04 03:15:00+00:00,2011-07-04 10:15:00+00:00,1493.525,1496.1690000000003,0.01,28,2.644000000000233,0.4660471437178231,2.1779528562824098,1.6474681212422224,1.0329999999999018,3.1779999999998836,target,2011
1,66237,66238,2011-07-05 07:45:00+00:00,2011-07-05 08:00:00+00:00,1495.0320000000002,1497.2110000000007,0.01,1,2.179000000000542,0.4183053612781669,1.7606946387223752,1.6160574930903508,0.0,2.5789999999997235,target,2011
-1,66533,66534,2011-07-08 09:45:00+00:00,2011-07-08 10:00:00+00:00,1525.37,1526.3809999999999,0.01,1,-1.0109999999999673,0.4329188169606831,-1.4439188169606503,-1.4282085232054371,3.286000000000058,0.0,stop,2011
1,66752,66755,2011-07-12 08:00:00+00:00,2011-07-12 08:45:00+00:00,1547.135,1545.429,0.01,3,-1.7059999999999038,0.43805557340377727,-2.1440555734036812,-1.2567734896856988,3.9429999999999836,2.07100000000014,stop,2011
1,67036,67037,2011-07-15 07:00:00+00:00,2011-07-15 07:15:00+00:00,1581.3539999999998,1579.101,0.01,1,-2.2529999999997017,0.43181666165765126,-2.684816661657353,-1.1916629656714197,5.117999999999938,0.0,stop,2011
1,67283,67284,2011-07-19 12:15:00+00:00,2011-07-19 12:30:00+00:00,1602.7869999999998,1598.963,0.01,1,-3.823999999999842,0.4306061642859162,-4.254606164285758,-1.11260621450992,3.9089999999996508,0.0,stop,2011
1,67391,67493,2011-07-20 15:15:00+00:00,2011-07-21 16:45:00+00:00,1597.511,1589.836,0.01,102,-7.6749999999999545,0.4274198933822127,-8.102419893382168,-1.0556898883885624,8.92100000000005,7.112500000000182,stop,2011
-1,67493,67566,2011-07-21 16:45:00+00:00,2011-07-22 11:00:00+00:00,1590.798,1597.768,0.01,73,-6.970000000000027,0.4487713234092855,-7.418771323409313,-1.0643861296139576,7.341999999999871,6.782999999999902,stop,2011
1,67566,67572,2011-07-22 11:00:00+00:00,2011-07-22 12:30:00+00:00,1595.029,1603.5300000000002,0.01,6,8.501000000000204,0.4342660865289982,8.066733913471205,1.897831764138575,0.0,8.844000000000051,target,2011
1,67778,67804,2011-07-26 07:45:00+00:00,2011-07-26 14:15:00+00:00,1610.8805,1608.353,0.01,26,-2.527499999999918,0.41135145900371556,-2.938851459003634,-1.1627503299718018,2.6894999999999527,2.9615000000001146,stop,2011
-1,67905,67906,2011-07-27 15:30:00+00:00,2011-07-27 15:45:00+00:00,1615.914,1619.656,0.01,1,-3.741999999999962,0.395518207511623,-4.137518207511585,-1.1056970089555391,5.317999999999984,0.0,stop,2011
1,67951,67955,2011-07-28 03:00:00+00:00,2011-07-28 04:00:00+00:00,1617.165,1615.4099999999999,0.01,4,-1.7550000000001091,0.44325454486514415,-2.1982545448652533,-1.2525666922308356,1.8029999999998836,0.09500000000002728,stop,2011
-1,68035,68043,2011-07-29 00:00:00+00:00,2011-07-29 02:00:00+00:00,1613.913,1615.5645000000002,0.01,8,-1.6515000000001692,0.4254357781087168,-2.076935778108886,-1.2576056785399172,1.8589999999999236,0.44299999999998363,stop,2011
1,68210,68213,2011-08-01 11:30:00+00:00,2011-08-01 12:15:00+00:00,1618.715,1617.7130000000002,0.01,3,-1.0019999999997253,0.4119703036782865,-1.4139703036780118,-1.4111480076630734,1.959999999999809,1.984000000000151,stop,2011
1,68263,68265,2011-08-02 00:45:00+00:00,2011-08-02 01:15:00+00:00,1620.147,1618.931,0.01,2,-1.2159999999998945,0.48039214151131776,-1.6963921415112122,-1.395059326900789,1.8079999999999927,0.9800000000000182,stop,2011
-1,68518,68573,2011-08-04 16:30:00+00:00,2011-08-05 06:15:00+00:00,1650.935,1663.1554999999998,0.01,55,-12.220499999999902,0.48067314140518985,-12.701173141405091,-1.0393333449044797,12.926500000000033,9.206500000000005,stop,2011
1,68577,68579,2011-08-05 07:15:00+00:00,2011-08-05 07:45:00+00:00,1658.73,1655.7534999999998,0.01,2,-2.9765000000002146,0.43884204664236864,-3.4153420466425835,-1.1474355943700107,3.86850000000004,0.79300000000012,stop,2011
-1,69019,69024,2011-08-11 13:15:00+00:00,2011-08-11 14:30:00+00:00,1767.697,1753.215,0.01,5,14.48199999999997,0.8902221268991763,13.591777873100792,1.877058123615636,1.6820000000000164,15.930999999999813,target,2011
1,69075,69087,2011-08-12 03:15:00+00:00,2011-08-12 06:15:00+00:00,1765.7150000000001,1759.6320000000003,0.01,12,-6.082999999999856,0.555265143839504,-6.6382651438393605,-1.0912814637250563,8.225000000000136,2.0644999999999527,stop,2011
1,69243,69301,2011-08-15 16:30:00+00:00,2011-08-16 07:00:00+00:00,1753.182,1771.5759999999998,0.01,58,18.393999999999778,0.590461139846471,17.803538860153306,1.935798506051269,0.3660000000002128,20.439000000000078,target,2011
1,69814,69815,2011-08-23 07:30:00+00:00,2011-08-23 07:45:00+00:00,1884.667,1874.847,0.01,1,-9.819999999999936,0.611000802868799,-10.431000802868736,-1.0622200410253364,12.795999999999822,0.0,stop,2011
1,70089,70091,2011-08-26 04:15:00+00:00,2011-08-26 04:45:00+00:00,1781.538,1774.904,0.01,2,-6.6340000000000146,0.7331114660556499,-7.367111466055665,-1.1105082101380237,9.378999999999905,0.0,stop,2011
-1,70257,70345,2011-08-29 13:45:00+00:00,2011-08-30 11:45:00+00:00,1784.121,1807.4045,0.01,88,-23.283500000000004,0.6106808111303601,-23.894180811130365,-1.0262280503846226,33.11899999999969,7.955000000000155,stop,2011
1,70346,70546,2011-08-30 12:00:00+00:00,2011-09-01 14:00:00+00:00,1817.2399999999998,1827.108,0.01,200,9.868000000000166,0.5484505870985512,9.319549412901614,0.4015316420896894,4.7849999999998545,22.73550000000023,time_stop,2011
-1,70548,70549,2011-09-01 14:30:00+00:00,2011-09-01 14:45:00+00:00,1818.871,1823.708,0.01,1,-4.836999999999989,0.5271838322220435,-5.364183832222032,-1.108989835067613,6.208000000000084,0.45600000000013097,stop,2011
1,70846,70873,2011-09-06 08:30:00+00:00,2011-09-06 15:15:00+00:00,1901.998,1879.3159999999998,0.01,27,-22.682000000000244,0.8103724801846928,-23.492372480184937,-1.0357275584245078,38.427000000000135,6.375999999999976,stop,2011
-1,71054,71055,2011-09-08 12:30:00+00:00,2011-09-08 12:45:00+00:00,1844.35,1851.1550000000002,0.01,1,-6.805000000000291,0.7131731229941005,-7.5181731229943916,-1.1048013406310169,16.78099999999995,0.0,stop,2011
-1,71141,71341,2011-09-09 10:15:00+00:00,2011-09-13 03:45:00+00:00,1846.337,1830.125,0.01,200,16.21199999999999,0.7221026831712658,15.489897316828724,0.5414533458063742,22.29300000000012,44.802999999999884,time_stop,2011
1,71397,71445,2011-09-13 17:45:00+00:00,2011-09-14 05:45:00+00:00,1839.573,1827.185,0.01,48,-12.388000000000147,0.5605186281548271,-12.948518628154975,-1.0452469024987747,12.41150000000016,5.183999999999969,stop,2011
-1,71456,71477,2011-09-14 08:30:00+00:00,2011-09-14 13:45:00+00:00,1829.855,1816.4429999999998,0.01,21,13.412000000000262,0.5730830949257464,12.838916905074516,1.914541739498101,6.150000000000091,14.54300000000012,target,2011
-1,71673,71674,2011-09-16 14:45:00+00:00,2011-09-16 15:00:00+00:00,1791.375,1796.975,0.01,1,-5.599999999999909,0.5299826062781758,-6.129982606278085,-1.0946397511211043,7.7784999999998945,0.0,stop,2011
1,71793,71797,2011-09-19 12:30:00+00:00,2011-09-19 13:30:00+00:00,1816.028,1808.935,0.01,4,-7.093000000000075,0.5641353639377171,-7.657135363937792,-1.0795340989620346,9.957000000000107,2.8279999999999745,stop,2011
-1,71875,71882,2011-09-20 09:00:00+00:00,2011-09-20 10:45:00+00:00,1792.8375,1786.1285000000003,0.01,7,6.7089999999998335,0.49000792104191543,6.2189920789579185,1.8539251986758303,2.764499999999771,8.151000000000067,target,2011
-1,71984,71998,2011-09-21 12:15:00+00:00,2011-09-21 15:45:00+00:00,1793.272,1802.568,0.01,14,-9.29600000000005,0.5133554266239835,-9.809355426624032,-1.0552232601789997,10.204000000000178,7.969499999999925,stop,2011
1,72360,72365,2011-09-27 03:00:00+00:00,2011-09-27 04:15:00+00:00,1648.003,1642.1329999999998,0.01,5,-5.870000000000118,0.795983501319455,-6.665983501319573,-1.1356019593389164,16.770499999999856,0.0,stop,2011
1,72472,72491,2011-09-28 07:00:00+00:00,2011-09-28 11:45:00+00:00,1656.1575,1644.481,0.01,19,-11.676500000000033,0.5935753865740754,-12.270075386574108,-1.0508350435981735,13.135500000000093,12.987499999999955,stop,2011
1,72572,72573,2011-09-29 08:00:00+00:00,2011-09-29 08:15:00+00:00,1633.479,1628.4015,0.01,1,-5.0775000000001,0.6041991973293843,-5.681699197329484,-1.1189954106015505,7.786499999999933,0.0,stop,2011
-1,72636,72637,2011-09-30 00:00:00+00:00,2011-09-30 00:15:00+00:00,1623.0659999999998,1624.8595,0.01,1,-1.793500000000222,0.6142695579096014,-2.4077695579098233,-1.3424976626203096,1.8850000000002183,0.7609999999997399,stop,2011
1,72756,72758,2011-10-02 22:45:00+00:00,2011-10-02 23:15:00+00:00,1625.7894999999999,1631.7724999999996,0.01,2,5.98299999999972,1.2642193470774186,4.718780652922302,1.5773961734656603,0.0,6.585500000000138,target,2011
-1,72903,72916,2011-10-04 11:45:00+00:00,2011-10-04 15:00:00+00:00,1648.787,1627.8120000000001,0.01,13,20.97499999999991,0.562405549608531,20.412594450391378,1.9463737259014509,6.55399999999986,24.131000000000085,target,2011
-1,73017,73018,2011-10-05 16:15:00+00:00,2011-10-05 16:30:00+00:00,1625.159,1632.2710000000002,0.01,1,-7.112000000000081,0.6475448749162018,-7.7595448749162825,-1.0910496168329857,11.032999999999902,0.14200000000005275,stop,2011
1,73099,73103,2011-10-06 12:45:00+00:00,2011-10-06 13:45:00+00:00,1641.696,1637.047,0.01,4,-4.648999999999887,0.5733183820247181,-5.222318382024605,-1.1233207963055996,8.865999999999985,5.764000000000124,stop,2011
1,73183,73194,2011-10-07 09:45:00+00:00,2011-10-07 12:30:00+00:00,1652.3139999999999,1663.7879999999996,0.01,11,11.473999999999705,0.5684317308394715,10.905568269160234,1.9009182968730198,3.4039999999999964,12.159000000000106,target,2011
-1,73268,73270,2011-10-09 22:30:00+00:00,2011-10-09 23:00:00+00:00,1641.461,1643.719,0.01,2,-2.258000000000038,0.9832859303466277,-3.241285930346666,-1.4354676396574895,2.731999999999971,1.4429999999999836,stop,2011
-1,73405,73423,2011-10-11 08:45:00+00:00,2011-10-11 13:15:00+00:00,1659.125,1666.7069999999999,0.01,18,-7.581999999999881,0.5236433134356446,-8.105643313435525,-1.0690640086303946,8.487999999999829,2.811999999999898,stop,2011
1,73467,73470,2011-10-12 00:15:00+00:00,2011-10-12 01:00:00+00:00,1666.528,1662.779,0.01,3,-3.7490000000000236,0.6768571674466861,-4.4258571674467095,-1.1805433895563302,4.1340000000000146,1.8749999999997726,stop,2011
-1,73588,73589,2011-10-13 06:30:00+00:00,2011-10-13 06:45:00+00:00,1671.478,1674.2939999999999,0.01,1,-2.8159999999998035,0.4717681370313963,-3.2877681370312,-1.1675312986617292,2.9989999999997963,0.0,stop,2011
-1,73718,73719,2011-10-14 15:00:00+00:00,2011-10-14 15:15:00+00:00,1669.3519999999999,1672.37,0.01,1,-3.0180000000000295,0.5220240945568435,-3.5400240945568733,-1.1729702102574018,3.2200000000002547,0.0,stop,2011
1,73827,73832,2011-10-17 14:45:00+00:00,2011-10-17 16:00:00+00:00,1682.146,1678.491,0.01,5,-3.6549999999999727,0.47378758846174124,-4.128787588461714,-1.1296272471851558,14.238999999999805,1.2560000000000855,stop,2011
-1,73869,73884,2011-10-18 01:15:00+00:00,2011-10-18 05:00:00+00:00,1674.691,1670.4270000000004,0.01,15,4.263999999999669,0.5990717412869853,3.664928258712684,1.7190095022105856,1.2830000000001291,4.593000000000075,target,2011
-1,73966,73975,2011-10-19 01:30:00+00:00,2011-10-19 03:45:00+00:00,1663.4679999999998,1659.7349999999997,0.01,9,3.733000000000174,0.5899694499341319,3.143030550066042,1.6839167158134987,1.5670000000002346,4.158999999999878,target,2011
1,74198,74300,2011-10-21 11:30:00+00:00,2011-10-24 05:30:00+00:00,1633.52,1648.7459999999996,0.01,102,15.22599999999966,0.5044932309604662,14.721506769039193,1.9337326637382795,0.10199999999986176,18.38299999999981,target,2011
-1,74372,74376,2011-10-24 23:30:00+00:00,2011-10-25 00:30:00+00:00,1644.603,1652.107,0.01,4,-7.503999999999905,0.696817841542611,-8.200817841542516,-1.0928595204614366,7.54099999999994,0.0,stop,2011
-1,74839,74855,2011-10-31 16:15:00+00:00,2011-10-31 20:15:00+00:00,1723.8919999999998,1715.9159999999993,0.01,16,7.9760000000005675,0.5912275327508156,7.384772467249752,1.8517483618980006,1.1820000000002437,8.648999999999887,target,2011
1,74943,74997,2011-11-01 18:15:00+00:00,2011-11-02 07:45:00+00:00,1719.571,1732.4309999999996,0.01,54,12.859999999999673,0.5417677167367361,12.318232283262937,1.9157437454530717,4.925999999999931,13.055000000000291,target,2011
1,75036,75108,2011-11-02 17:30:00+00:00,2011-11-03 11:30:00+00:00,1729.009,1747.2669999999998,0.01,72,18.25799999999981,0.5425530248823225,17.715446975117487,1.940568186561252,6.09699999999998,19.41300000000001,target,2011
1,75456,75468,2011-11-08 20:15:00+00:00,2011-11-08 23:15:00+00:00,1783.605,1788.8359999999998,0.01,12,5.230999999999767,0.6676922355823773,4.56330776441739,1.7447171724020618,0.0,5.7439999999999145,target,2011
1,75506,75507,2011-11-09 08:45:00+00:00,2011-11-09 09:00:00+00:00,1786.804,1783.3600000000001,0.01,1,-3.4439999999999604,0.44963700118584965,-3.89363700118581,-1.1305566205533841,3.5270000000000437,0.0,stop,2011
-1,75675,75686,2011-11-11 03:00:00+00:00,2011-11-11 05:45:00+00:00,1766.469,1768.5065,0.01,11,-2.037499999999909,0.4923803909379773,-2.5298803909378864,-1.2416590875769322,2.1599999999998545,1.759999999999991,stop,2011
1,75829,75830,2011-11-14 10:30:00+00:00,2011-11-14 10:45:00+00:00,1782.618,1779.7530000000002,0.01,1,-2.8649999999997817,0.454481566466469,-3.3194815664662505,-1.158632309412392,2.9839999999999236,0.0,stop,2011
-1,75884,75885,2011-11-15 00:15:00+00:00,2011-11-15 00:30:00+00:00,1779.33,1780.4969999999998,0.01,1,-1.1669999999999163,0.6064454507939152,-1.7734454507938315,-1.5196619115629466,2.872000000000071,0.0,stop,2011
-1,75987,76002,2011-11-16 02:00:00+00:00,2011-11-16 05:45:00+00:00,1773.664,1763.9779999999998,0.01,15,9.68600000000015,0.5210932071024199,9.16490679289773,1.8924028067102185,0.7519999999999527,10.191000000000031,target,2011
-1,76430,76431,2011-11-22 15:15:00+00:00,2011-11-22 15:30:00+00:00,1696.165,1701.589,0.01,1,-5.423999999999978,0.42332921810699625,-5.8473292181069745,-1.0780474222173668,8.683999999999969,0.0,stop,2011
-1,76467,76468,2011-11-23 00:30:00+00:00,2011-11-23 00:45:00+00:00,1698.671,1701.924,0.01,1,-3.252999999999929,0.7803531699350739,-4.033353169935003,-1.2398872333031328,3.3479999999999563,0.0,stop,2011
1,76590,76599,2011-11-24 07:30:00+00:00,2011-11-24 09:45:00+00:00,1696.987,1700.6630000000005,0.01,9,3.676000000000386,0.4635938154339781,3.212406184566408,1.7477726793068937,1.8170000000000073,3.798999999999978,target,2011
-1,76652,76670,2011-11-25 00:00:00+00:00,2011-11-25 04:30:00+00:00,1694.953,1692.105,0.01,18,2.8479999999999563,0.7188085951473424,2.129191404852614,1.4952186831830385,0.7919999999999163,3.8630000000000564,target,2011
1,76748,76784,2011-11-27 23:15:00+00:00,2011-11-28 08:15:00+00:00,1693.08,1711.7479999999996,0.01,36,18.667999999999665,0.5702935209147537,18.097706479084913,1.938901486938637,0.9139999999999873,22.291999999999916,target,2011
1,76883,76887,2011-11-29 09:00:00+00:00,2011-11-29 10:00:00+00:00,1705.8400000000001,1709.9640000000004,0.01,4,4.124000000000251,0.4130579101690079,3.710942089831243,1.79968093590253,0.0,6.757999999999811,target,2011
-1,76972,76986,2011-11-30 07:30:00+00:00,2011-11-30 11:00:00+00:00,1709.67,1717.7440000000001,0.01,14,-8.07400000000007,0.43051344883931225,-8.504513448839381,-1.0533209622045216,8.909999999999854,8.519999999999982,stop,2011
1,77111,77112,2011-12-01 18:30:00+00:00,2011-12-01 18:45:00+00:00,1737.481,1743.829,0.01,1,6.347999999999956,0.49891957259003045,5.849080427409926,1.8428104686231777,0.0,6.845000000000027,target,2011
-1,77262,77264,2011-12-05 05:45:00+00:00,2011-12-05 06:15:00+00:00,1743.703,1745.225,0.01,2,-1.5219999999999345,0.4942505157323697,-2.0162505157323043,-1.324737526762412,3.240000000000009,0.0,stop,2011
-1,77407,77408,2011-12-06 18:00:00+00:00,2011-12-06 18:15:00+00:00,1724.6819999999998,1727.1419999999998,0.01,1,-2.4600000000000364,0.4962920517092707,-2.956292051709307,-1.2017447364671803,3.9260000000001583,1.8119999999998981,stop,2011
1,77431,77459,2011-12-07 00:00:00+00:00,2011-12-07 07:00:00+00:00,1728.614,1732.848,0.01,28,4.233999999999924,0.5866488872032971,3.6473511127966267,1.7228866853078377,1.55600000000004,4.389999999999873,target,2011
-1,77583,77755,2011-12-08 14:15:00+00:00,2011-12-12 07:45:00+00:00,1722.7365,1683.9595,0.01,172,38.777000000000044,0.47998177995656194,38.29701822004348,1.975243996185545,1.412499999999909,40.82549999999992,target,2011
-1,78137,78155,2011-12-16 07:30:00+00:00,2011-12-16 12:00:00+00:00,1591.9450000000002,1595.6990000000003,0.01,18,-3.754000000000133,0.41780206319350116,-4.171802063193634,-1.1112951686716799,4.1729999999997744,3.305000000000291,stop,2011
1,78216,78217,2011-12-19 01:45:00+00:00,2011-12-19 02:00:00+00:00,1595.711,1593.612,0.01,1,-2.0989999999999327,0.5416344655543276,-2.6406344655542604,-1.2580440521935898,4.085000000000036,0.0,stop,2011
1,78307,78308,2011-12-20 00:30:00+00:00,2011-12-20 00:45:00+00:00,1595.9009999999998,1599.8229999999994,0.01,1,3.921999999999571,0.5520903842644936,3.3699096157350774,1.7184648728890597,0.0,4.621000000000095,target,2011
1,78456,78459,2011-12-21 13:45:00+00:00,2011-12-21 14:30:00+00:00,1617.051,1610.0205,0.01,3,-7.030499999999848,0.4160770241126934,-7.446577024112542,-1.0591817117008324,8.322000000000116,1.4520000000002256,stop,2011
-1,78497,78498,2011-12-22 00:00:00+00:00,2011-12-22 00:15:00+00:00,1612.342,1614.5410000000002,0.01,1,-2.199000000000069,0.7424600005663622,-2.9414600005664315,-1.3376352890251655,2.4859999999998763,0.0,stop,2011
1,78600,78608,2011-12-23 02:00:00+00:00,2011-12-23 04:00:00+00:00,1611.798,1609.546,0.01,8,-2.2519999999999527,0.5342974761236293,-2.786297476123582,-1.2372546519199115,2.810999999999922,1.8910000000000764,stop,2011
-1,78990,78999,2011-12-30 01:30:00+00:00,2011-12-30 03:45:00+00:00,1557.618,1553.5259999999998,0.01,9,4.092000000000098,0.5170092785536549,3.5749907214464436,1.7473072929845346,1.8769999999999527,5.811999999999898,target,2011
-1,79336,79342,2012-01-05 14:00:00+00:00,2012-01-05 15:30:00+00:00,1601.116,1609.2530000000002,0.01,6,-8.137000000000171,0.46684012461512997,-8.603840124615301,-1.0573725113205261,8.733999999999924,4.192000000000007,stop,2012
1,79440,79471,2012-01-06 16:00:00+00:00,2012-01-08 23:00:00+00:00,1617.8405,1615.0445,0.01,31,-2.796000000000049,0.6698599355975667,-3.465859935597616,-1.2395779454926878,6.817499999999882,4.7690000000000055,stop,2012
-1,79472,79504,2012-01-08 23:15:00+00:00,2012-01-09 07:15:00+00:00,1611.0230000000001,1616.3000000000002,0.01,32,-5.277000000000044,0.618638464628364,-5.895638464628408,-1.117232985527451,5.347999999999956,5.781500000000051,stop,2012
1,79505,79507,2012-01-09 07:30:00+00:00,2012-01-09 08:00:00+00:00,1616.371,1621.375,0.01,2,5.003999999999905,0.4338695057088814,4.570130494291024,1.826590924976463,0.0,5.110500000000002,target,2012
-1,79573,79577,2012-01-10 00:30:00+00:00,2012-01-10 01:30:00+00:00,1613.2365,1614.9645,0.01,4,-1.7280000000000655,0.5621918206299987,-2.2901918206300644,-1.3253424887904963,2.9405000000001564,1.2950000000000728,stop,2012
-1,79863,79867,2012-01-13 01:45:00+00:00,2012-01-13 02:45:00+00:00,1642.8145,1640.2965,0.01,4,2.518000000000029,0.46776001320661453,2.0502399867934145,1.628467026841454,1.0005000000001019,4.685500000000047,target,2012
-1,79966,79967,2012-01-16 03:00:00+00:00,2012-01-16 03:15:00+00:00,1639.8745,1641.2145,0.01,1,-1.3400000000001455,0.5365582366215282,-1.8765582366216738,-1.4004165944936342,2.2460000000000946,0.0,stop,2012
1,80130,80141,2012-01-17 20:30:00+00:00,2012-01-17 23:15:00+00:00,1651.8065000000001,1654.6725000000001,0.01,11,2.8659999999999854,0.5638468331894764,2.302153166810509,1.6065269831196936,0.8895000000002256,3.574999999999818,target,2012
-1,80149,80158,2012-01-18 01:15:00+00:00,2012-01-18 03:30:00+00:00,1647.7455,1653.618,0.01,9,-5.872499999999945,0.49465309363904925,-6.367153093638994,-1.0842321147107796,6.09900000000016,3.961999999999989,stop,2012
-1,80297,80310,2012-01-19 14:15:00+00:00,2012-01-19 17:30:00+00:00,1657.2489999999998,1649.5529999999994,0.01,13,7.696000000000367,0.45596391825002963,7.240036081750338,1.8815062582510376,3.5625000000002274,7.806499999999687,target,2012
-1,80340,80341,2012-01-20 01:00:00+00:00,2012-01-20 01:15:00+00:00,1655.1745,1657.51,0.01,1,-2.335499999999911,0.46244913271907206,-2.797949132718983,-1.1980086203036138,2.800499999999829,0.0,stop,2012
-1,80570,80586,2012-01-24 10:00:00+00:00,2012-01-24 14:00:00+00:00,1668.8355000000001,1662.0315000000005,0.01,16,6.803999999999633,0.44400185608738696,6.359998143912246,1.8694879905680744,2.2334999999998217,7.198499999999967,target,2012
1,80652,80661,2012-01-25 06:30:00+00:00,2012-01-25 08:45:00+00:00,1668.527,1667.349,0.01,9,-1.178000000000111,0.4564508357106251,-1.6344508357107361,-1.3874794870208678,2.536000000000058,1.7975000000001273,stop,2012
-1,80950,80964,2012-01-30 09:15:00+00:00,2012-01-30 12:45:00+00:00,1719.4125,1724.643,0.01,14,-5.23050000000012,0.41526047208016353,-5.645760472080283,-1.079392117786092,5.43100000000004,1.3034999999999854,stop,2012
1,81079,81092,2012-01-31 17:30:00+00:00,2012-01-31 20:45:00+00:00,1733.2069999999999,1741.1369999999997,0.01,13,7.929999999999835,0.42061132078191704,7.509388679217919,1.8939189607107376,3.5099999999997635,8.199500000000171,target,2012
1,81135,81138,2012-02-01 07:30:00+00:00,2012-02-01 08:15:00+00:00,1735.3615,1739.3985000000002,0.01,3,4.037000000000262,0.4221902466110811,3.614809753389181,1.7908396102992055,0.23250000000007276,6.291500000000042,target,2012
-1,81252,81253,2012-02-02 12:45:00+00:00,2012-02-02 13:00:00+00:00,1741.9569999999999,1744.5475000000001,0.01,1,-2.5905000000002474,0.4247036973511061,-3.0152036973513536,-1.1639466116004886,3.7910000000001673,0.0,stop,2012
1,81353,81354,2012-02-03 14:00:00+00:00,2012-02-03 14:15:00+00:00,1753.4395,1747.221,0.01,1,-6.218499999999949,0.4283924353900688,-6.646892435390018,-1.0688899952384132,7.211999999999989,0.0,stop,2012
-1,81524,81528,2012-02-07 08:00:00+00:00,2012-02-07 09:00:00+00:00,1727.028,1722.0620000000001,0.01,4,4.9659999999998945,0.43092774319006555,4.535072256809829,1.8264487542528898,0.0,5.701499999999896,target,2012
1,81709,81715,2012-02-09 06:15:00+00:00,2012-02-09 07:45:00+00:00,1737.7334999999998,1735.0974999999999,0.01,6,-2.6359999999999673,0.4584103539043873,-3.0944103539043546,-1.1739037761397546,4.514999999999873,2.0635000000002037,stop,2012
1,81878,81879,2012-02-12 23:30:00+00:00,2012-02-12 23:45:00+00:00,1728.538,1725.8055,0.01,1,-2.7325000000000728,0.6388215909090993,-3.3713215909091723,-1.2337864925559314,2.8580000000001746,0.0,stop,2012
-1,81880,81882,2012-02-13 00:00:00+00:00,2012-02-13 00:30:00+00:00,1725.635,1722.2459999999999,0.01,2,3.3890000000001237,0.5586341273099298,2.830365872690194,1.6703250945353145,0.6805000000001655,5.163000000000011,target,2012
1,82034,82036,2012-02-14 14:30:00+00:00,2012-02-14 15:00:00+00:00,1726.4715,1722.059,0.01,2,-4.412500000000136,0.43795288421757034,-4.850452884217707,-1.0992527782929307,5.755000000000109,1.38799999999992,stop,2012
-1,82073,82075,2012-02-15 00:30:00+00:00,2012-02-15 01:00:00+00:00,1719.531,1721.836,0.01,2,-2.3050000000000637,0.43314500381689564,-2.7381450038169595,-1.1879154029574333,3.1175000000000637,0.0,stop,2012
-1,82172,82192,2012-02-16 01:15:00+00:00,2012-02-16 06:15:00+00:00,1723.704,1717.6630000000002,0.01,20,6.040999999999713,0.44107653093320215,5.5999234690665105,1.8539723453291763,0.9380000000001019,6.511999999999944,target,2012
-1,82323,82379,2012-02-17 15:00:00+00:00,2012-02-19 23:00:00+00:00,1722.6660000000002,1728.566,0.01,56,-5.899999999999864,0.6222897872345732,-6.5222897872344365,-1.105472845293998,9.759000000000015,5.291000000000167,stop,2012
1,82380,82540,2012-02-19 23:15:00+00:00,2012-02-21 15:15:00+00:00,1732.4250000000002,1751.6330000000007,0.01,160,19.20800000000054,0.5831711601367793,18.62482883986376,1.9392783048587294,3.7515000000003056,22.621999999999844,target,2012
1,82825,82828,2012-02-24 14:30:00+00:00,2012-02-24 15:15:00+00:00,1778.068,1773.3905,0.01,3,-4.677500000000009,0.4173096044386255,-5.094809604438635,-1.0892163772183057,5.058499999999867,2.6074999999998454,stop,2012
1,82884,82914,2012-02-26 23:15:00+00:00,2012-02-27 06:45:00+00:00,1775.7759999999998,1771.92,0.01,30,-3.855999999999767,0.5086140573892377,-4.364614057389005,-1.131901985837466,6.013999999999669,2.6740000000002055,stop,2012
-1,82917,82922,2012-02-27 07:30:00+00:00,2012-02-27 08:45:00+00:00,1772.307,1768.131,0.01,5,4.175999999999931,0.4256871498146752,3.7503128501852556,1.7961268439584854,1.42450000000008,5.061500000000024,target,2012
1,83007,83014,2012-02-28 06:00:00+00:00,2012-02-28 07:45:00+00:00,1772.268,1775.6980000000003,0.01,7,3.430000000000291,0.4369695607981589,2.993030439202132,1.7452072531789378,0.5015000000000782,3.54950000000008,target,2012
1,83137,83139,2012-02-29 14:30:00+00:00,2012-02-29 15:00:00+00:00,1782.524,1779.0565000000001,0.01,2,-3.467499999999745,0.41009820727812346,-3.8775982072778685,-1.1182691297125174,13.77599999999984,3.82100000000014,stop,2012
-1,83647,83649,2012-03-07 17:00:00+00:00,2012-03-07 17:30:00+00:00,1684.4189999999999,1681.0790000000002,0.01,2,3.339999999999691,0.42472913291250125,2.91527086708719,1.7456711778966825,0.37550000000010186,4.24799999999982,target,2012
-1,83676,83687,2012-03-08 00:15:00+00:00,2012-03-08 03:00:00+00:00,1684.839,1686.254,0.01,11,-1.4149999999999636,0.4311356951871647,-1.8461356951871284,-1.3046895372347533,2.97199999999998,1.3179999999999836,stop,2012
-1,83826,83833,2012-03-09 13:45:00+00:00,2012-03-09 15:30:00+00:00,1686.2755,1700.7,0.01,7,-14.424500000000082,0.4252829078429942,-14.849782907843077,-1.0294833725843524,24.905500000000075,9.451999999999998,stop,2012
-1,83919,83920,2012-03-12 06:00:00+00:00,2012-03-12 06:15:00+00:00,1703.759,1704.861,0.01,1,-1.1020000000000891,0.42751495795988864,-1.5295149579599778,-1.387944607949051,1.3379999999999654,1.2690000000000055,stop,2012
1,83996,84008,2012-03-13 01:15:00+00:00,2012-03-13 04:15:00+00:00,1704.161,1702.3975,0.01,12,-1.763500000000022,0.4341381559147657,-2.1976381559147877,-1.2461798445788264,2.2474999999999454,1.6539999999999964,stop,2012
1,84253,84264,2012-03-15 17:30:00+00:00,2012-03-15 20:15:00+00:00,1660.4470000000001,1657.133,0.01,11,-3.314000000000078,0.40173259680611995,-3.7157325968061983,-1.1212228716976798,4.488499999999931,6.226999999999862,stop,2012
-1,84280,84283,2012-03-16 00:15:00+00:00,2012-03-16 01:00:00+00:00,1656.221,1658.236,0.01,3,-2.0150000000001,0.4177379915671648,-2.4327379915672647,-1.2073141397355553,2.322499999999991,0.0,stop,2012
1,84396,84405,2012-03-18 23:00:00+00:00,2012-03-19 01:15:00+00:00,1658.8029999999999,1661.7389999999996,0.01,9,2.9359999999996944,0.5777530288942532,2.3582469711054412,1.6064352664207675,0.14399999999977808,3.9570000000001073,target,2012
-1,84432,84458,2012-03-19 08:00:00+00:00,2012-03-19 14:30:00+00:00,1656.645,1659.27,0.01,26,-2.625,0.43002554778066154,-3.0550255477806614,-1.1638192562973948,4.586000000000013,4.247499999999945,stop,2012
-1,84557,84565,2012-03-20 15:15:00+00:00,2012-03-20 17:15:00+00:00,1654.73,1648.3960000000002,0.01,8,6.333999999999833,0.43033924785421346,5.903660752145619,1.86411769881458,1.0989999999999327,7.932000000000016,target,2012
-1,84598,84602,2012-03-21 01:30:00+00:00,2012-03-21 02:30:00+00:00,1653.854,1655.622,0.01,4,-1.7680000000000293,0.4381956471672027,-2.206195647167232,-1.2478482167235267,2.1369999999999436,0.5209999999999582,stop,2012
1,84693,84698,2012-03-22 01:15:00+00:00,2012-03-22 02:30:00+00:00,1653.943,1651.9365,0.01,5,-2.00649999999996,0.44223985459697623,-2.448739854596936,-1.2204036155479616,3.7560000000000855,2.5090000000000146,stop,2012
1,84788,84794,2012-03-23 01:00:00+00:00,2012-03-23 02:30:00+00:00,1647.443,1645.738,0.01,6,-1.7049999999999275,0.38711793943057127,-2.0921179394304987,-1.2270486448273241,2.0325000000000273,1.5105000000000928,stop,2012
-1,84940,84941,2012-03-26 08:45:00+00:00,2012-03-26 09:00:00+00:00,1656.5655000000002,1658.23,0.01,1,-1.664499999999862,0.4108677104824176,-2.0753677104822796,-1.2468415202658165,1.9679999999998472,0.0,stop,2012
-1,85099,85101,2012-03-28 00:30:00+00:00,2012-03-28 01:00:00+00:00,1678.686,1681.5785,0.01,2,-2.8925000000001546,0.44217719449688003,-3.3346771944970346,-1.1528702487456721,3.042500000000018,0.0,stop,2012
1,85318,85321,2012-03-30 07:15:00+00:00,2012-03-30 08:00:00+00:00,1665.6385,1662.511,0.01,3,-3.1275000000000546,0.4135424815614939,-3.5410424815615484,-1.1322278118501956,3.733500000000049,0.5709999999999127,stop,2012
-1,85433,85452,2012-04-02 07:45:00+00:00,2012-04-02 12:30:00+00:00,1665.94,1667.719,0.01,19,-1.7789999999999966,0.4362878172055575,-2.215287817205554,-1.2452432924145915,3.3179999999999836,2.9414999999999054,stop,2012
-1,85547,85548,2012-04-03 12:15:00+00:00,2012-04-03 12:30:00+00:00,1672.474,1673.7820000000002,0.01,1,-1.30800000000022,0.41073069850827854,-1.7187306985084987,-1.314014295495573,2.6980000000000928,0.05399999999985994,stop,2012
-1,85819,85835,2012-04-06 08:15:00+00:00,2012-04-06 12:30:00+00:00,1630.7130000000002,1633.0835000000002,0.01,16,-2.3704999999999927,0.5350890136952773,-2.90558901369527,-1.2257283331344775,10.76299999999992,0.8130000000001019,stop,2012
1,85881,86081,2012-04-08 22:15:00+00:00,2012-04-11 00:15:00+00:00,1646.451,1657.766,0.01,200,11.315000000000055,0.594593069714046,10.720406930286009,0.6593116193287925,14.388500000000022,16.59900000000016,time_stop,2012
-1,86220,86230,2012-04-12 11:00:00+00:00,2012-04-12 13:30:00+00:00,1654.748,1656.818,0.01,10,-2.0699999999999363,0.41857981979881825,-2.4885798197987548,-1.2022124733327688,6.18100000000004,3.38799999999992,stop,2012
-1,86328,86330,2012-04-13 14:00:00+00:00,2012-04-13 14:30:00+00:00,1666.1225,1669.9425,0.01,2,-3.8200000000001637,0.4172951302342175,-4.237295130234381,-1.1092395628885339,3.9400000000000546,1.92450000000008,stop,2012
-1,86448,86544,2012-04-16 13:45:00+00:00,2012-04-17 13:45:00+00:00,1652.5235,1642.1655000000003,0.01,96,10.35799999999972,0.4174359874310518,9.940564012568668,1.919398341874674,4.348500000000058,14.21049999999991,target,2012
-1,86544,86550,2012-04-17 13:45:00+00:00,2012-04-17 15:15:00+00:00,1642.325,1654.731,0.01,6,-12.405999999999949,0.42349378146691774,-12.829493781466867,-1.0341362067924327,14.644999999999754,7.582000000000107,stop,2012
1,86598,86614,2012-04-18 03:15:00+00:00,2012-04-18 07:15:00+00:00,1652.3925,1650.2730000000001,0.01,16,-2.119499999999789,0.4308749336053684,-2.5503749336051573,-1.2032908391627324,2.4764999999999873,2.100500000000011,stop,2012
-1,86716,86726,2012-04-19 08:45:00+00:00,2012-04-19 11:15:00+00:00,1643.673,1636.981,0.01,10,6.692000000000007,0.4156432286797079,6.276356771320299,1.8757790709265667,0.7654999999999745,7.736999999999853,target,2012
1,86790,86811,2012-04-20 03:15:00+00:00,2012-04-20 08:30:00+00:00,1644.4285,1641.63,0.01,21,-2.7984999999998763,0.43274183119712006,-3.2312418311969964,-1.1546334933704268,2.9645000000000437,2.374499999999898,stop,2012
-1,86999,87004,2012-04-24 01:15:00+00:00,2012-04-24 02:30:00+00:00,1637.544,1638.563,0.01,5,-1.0190000000000055,0.43776426304706484,-1.4567642630470703,-1.429601828309188,1.2079999999998563,0.8489999999999327,stop,2012
1,87132,87141,2012-04-25 10:30:00+00:00,2012-04-25 12:45:00+00:00,1640.9180000000001,1639.1860000000001,0.01,9,-1.7319999999999711,0.43204085192182645,-2.1640408519217975,-1.2494462193544074,2.138500000000022,2.7639999999998963,stop,2012
-1,87453,87454,2012-04-30 12:30:00+00:00,2012-04-30 12:45:00+00:00,1658.6515,1655.7874999999995,0.01,1,2.8640000000004875,0.43979250176116547,2.424207498239322,1.6928823311724226,0.0,8.766000000000076,target,2012
1,87530,87534,2012-05-01 07:45:00+00:00,2012-05-01 08:45:00+00:00,1662.952,1661.828,0.01,4,-1.1240000000000236,0.44183960772222436,-1.565839607722248,-1.3930957364076646,1.1944999999998345,1.3185000000000855,stop,2012
-1,87846,87856,2012-05-04 14:45:00+00:00,2012-05-04 17:15:00+00:00,1639.5300000000002,1644.3025,0.01,10,-4.772499999999809,0.42200240061841937,-5.194502400618228,-1.0884237612610657,5.390999999999849,6.122500000000173,stop,2012
-1,87879,88012,2012-05-06 22:15:00+00:00,2012-05-08 07:30:00+00:00,1638.157,1628.1229999999998,0.01,133,10.034000000000106,0.5643933273707951,9.469606672629311,1.8875038215326314,4.641000000000076,10.253999999999905,target,2012
-1,88229,88230,2012-05-10 13:45:00+00:00,2012-05-10 14:00:00+00:00,1597.009,1600.1019999999999,0.01,1,-3.092999999999847,0.41408631137495755,-3.5070863113748048,-1.1338785358470669,3.2934999999999945,0.0,stop,2012
-1,88642,88643,2012-05-16 14:45:00+00:00,2012-05-16 15:00:00+00:00,1548.903,1544.2830000000001,0.01,1,4.619999999999891,0.4386288792774032,4.1813711207224875,1.810117368278176,0.0,13.298999999999978,target,2012
-1,88687,88694,2012-05-17 02:00:00+00:00,2012-05-17 03:45:00+00:00,1545.617,1548.46,0.01,7,-2.8430000000000746,0.4363455231783581,-3.2793455231784328,-1.1534806623912581,3.1805000000001655,1.4529999999999745,stop,2012
1,88950,89022,2012-05-21 13:30:00+00:00,2012-05-22 07:30:00+00:00,1588.9835,1584.9785000000002,0.01,72,-4.004999999999882,0.4171603478019173,-4.422160347801799,-1.1041598870916178,7.182500000000118,7.008499999999913,stop,2012
-1,89022,89026,2012-05-22 07:30:00+00:00,2012-05-22 08:30:00+00:00,1586.3035,1580.8675000000003,0.01,4,5.435999999999694,0.41402520043496843,5.021974799564726,1.847672847522078,0.0,9.683999999999969,target,2012
1,89226,89253,2012-05-24 10:30:00+00:00,2012-05-24 17:15:00+00:00,1567.8365,1561.3315,0.01,27,-6.504999999999882,0.4406315289136437,-6.945631528913525,-1.0677373603249272,10.484999999999673,10.197000000000116,stop,2012
1,89309,89319,2012-05-25 07:15:00+00:00,2012-05-25 09:45:00+00:00,1563.103,1559.8384999999998,0.01,10,-3.2645000000002256,0.41208014210158145,-3.676580142101807,-1.1262307067243231,4.058500000000095,4.308500000000095,stop,2012
1,89473,89492,2012-05-28 18:00:00+00:00,2012-05-28 23:15:00+00:00,1573.7005,1577.6335,0.01,19,3.9329999999999927,0.4989285266678417,3.434071473332151,1.746286027628862,1.3494999999998072,5.502500000000055,target,2012
1,89497,89502,2012-05-29 00:30:00+00:00,2012-05-29 01:45:00+00:00,1572.808,1575.0280000000002,0.01,5,2.2200000000002547,0.4392445134224287,1.780755486577826,1.6042842221420015,0.7519999999999527,2.555499999999938,target,2012
1,89656,89742,2012-05-30 16:15:00+00:00,2012-05-31 13:45:00+00:00,1563.107,1558.5414999999998,0.01,86,-4.565500000000156,0.42991284623158493,-4.9954128462317415,-1.0941655560686825,8.711999999999989,10.005999999999858,stop,2012
-1,89743,89833,2012-05-31 14:00:00+00:00,2012-06-01 12:30:00+00:00,1554.395,1573.1129999999998,0.01,90,-18.717999999999847,0.44689341738902993,-19.16489341738888,-1.0238750623671886,26.92950000000019,9.234500000000025,stop,2012
1,89834,90034,2012-06-01 12:45:00+00:00,2012-06-05 08:15:00+00:00,1581.379,1614.686,0.01,200,33.307000000000016,0.4374439763257369,32.86955602367428,1.1682384142619437,0.0,48.544000000000096,time_stop,2012
-1,90170,90240,2012-06-06 18:15:00+00:00,2012-06-07 11:45:00+00:00,1619.9155,1628.914,0.01,70,-8.998499999999922,0.4870908537988361,-9.485590853798758,-1.0541302276822626,9.429499999999962,6.979499999999916,stop,2012
-1,90244,90245,2012-06-07 12:45:00+00:00,2012-06-07 13:00:00+00:00,1620.825,1623.518,0.01,1,-2.6929999999999836,0.4048598343913529,-3.0978598343913366,-1.150337851612089,5.224500000000035,0.0,stop,2012
-1,90365,90369,2012-06-08 19:00:00+00:00,2012-06-08 20:00:00+00:00,1592.8564999999999,1594.902,0.01,4,-2.0455000000001746,0.4690718635784054,-2.51457186357858,-1.2293189262177293,2.49350000000004,1.3834999999999127,stop,2012
-1,90395,90402,2012-06-10 20:15:00+00:00,2012-06-10 22:00:00+00:00,1593.028,1594.496,0.01,7,-1.4680000000000746,0.641669570890631,-2.1096695708907056,-1.437104612323296,12.071999999999889,0.02800000000002001,stop,2012
1,90424,90432,2012-06-11 03:30:00+00:00,2012-06-11 05:30:00+00:00,1596.908,1599.7769999999996,0.01,8,2.868999999999687,0.4117902441489132,2.4572097558507737,1.7129381358320264,0.543999999999869,4.399499999999989,target,2012
-1,90513,90525,2012-06-12 02:00:00+00:00,2012-06-12 05:00:00+00:00,1594.0225,1591.0715,0.01,12,2.951000000000022,0.4295367887820923,2.5214632112179296,1.7088873000460256,1.143000000000029,3.3454999999999018,target,2012
1,90754,90757,2012-06-14 14:15:00+00:00,2012-06-14 15:00:00+00:00,1615.7095,1620.7524999999996,0.01,3,5.042999999999665,0.4001466889303064,4.642853311069359,1.8413060920363544,1.0394999999998618,6.78650000000016,target,2012
-1,90908,90909,2012-06-17 22:30:00+00:00,2012-06-17 22:45:00+00:00,1621.55,1615.7499999999998,0.01,1,5.800000000000182,1.1605648831244377,4.639435116875744,1.5998052127157238,0.0,12.399999999999864,target,2012
1,90917,90940,2012-06-18 00:45:00+00:00,2012-06-18 06:30:00+00:00,1624.8600000000001,1621.38,0.01,23,-3.4800000000000186,0.6746272268538831,-4.1546272268539015,-1.1938583985212297,4.804500000000189,4.339999999999918,stop,2012
1,91067,91068,2012-06-19 14:15:00+00:00,2012-06-19 14:30:00+00:00,1626.703,1623.6835,0.01,1,-3.01949999999988,0.42129381694645096,-3.440793816946331,-1.1395243639498154,5.00649999999996,1.2440000000001419,stop,2012
-1,91179,91232,2012-06-20 18:15:00+00:00,2012-06-21 07:30:00+00:00,1612.087,1597.567,0.01,53,14.519999999999984,0.4695882975478115,14.050411702452172,1.9353184163157282,0.0,15.2199999999998,target,2012
1,91475,91480,2012-06-25 15:45:00+00:00,2012-06-25 17:00:00+00:00,1577.7235,1587.6135000000004,0.01,5,9.890000000000327,0.4285153850882029,9.461484614912125,1.913343703723319,0.0,9.905499999999847,target,2012
-1,91558,91565,2012-06-26 12:30:00+00:00,2012-06-26 14:15:00+00:00,1578.9679999999998,1571.3769999999995,0.01,7,7.591000000000349,0.4155283792365611,7.175471620763788,1.8905207800720478,1.77350000000024,7.67899999999986,target,2012
-1,91660,91661,2012-06-27 14:00:00+00:00,2012-06-27 14:15:00+00:00,1572.167,1577.5135,0.01,1,-5.3465000000001055,0.4134748514503716,-5.759974851450477,-1.0773356123539444,6.605000000000018,0.0,stop,2012
1,91701,91703,2012-06-28 00:15:00+00:00,2012-06-28 00:45:00+00:00,1575.405,1578.0089999999998,0.01,2,2.6039999999998145,0.44690685801345026,2.157093141986364,1.6567535652738232,0.11400000000003274,2.8880000000001473,target,2012
-1,91810,91811,2012-06-29 03:30:00+00:00,2012-06-29 03:45:00+00:00,1564.4085,1566.3600000000001,0.01,1,-1.9515000000001237,0.5185534832377889,-2.470053483237913,-1.2657204628428165,4.236499999999978,0.0,stop,2012
-1,92255,92455,2012-07-05 12:30:00+00:00,2012-07-09 08:15:00+00:00,1601.969,1580.7820000000002,0.01,200,21.186999999999898,0.4267330415202552,20.760266958479644,1.5949805591948283,9.78650000000016,25.3425000000002,time_stop,2012
1,92493,92499,2012-07-09 17:45:00+00:00,2012-07-09 19:15:00+00:00,1591.722,1588.751,0.01,6,-2.9710000000000036,0.4718649463382062,-3.4428649463382097,-1.1588236103460807,3.3250000000000455,1.3015000000000327,stop,2012
-1,92527,92547,2012-07-10 02:15:00+00:00,2012-07-10 07:15:00+00:00,1587.0720000000001,1583.1230000000005,0.01,20,3.948999999999615,0.4371225767297258,3.511877423269889,1.778616066482771,0.060500000000047294,4.255000000000109,target,2012
-1,92645,92666,2012-07-11 07:45:00+00:00,2012-07-11 13:00:00+00:00,1579.2350000000001,1571.2630000000004,0.01,21,7.971999999999753,0.4283289311163888,7.543671068883364,1.8925416630415448,1.5670000000000073,8.207000000000107,target,2012
1,92787,92800,2012-07-12 19:30:00+00:00,2012-07-12 22:45:00+00:00,1575.3110000000001,1570.9245,0.01,13,-4.386500000000069,0.5301747107307009,-4.91667471073077,-1.1208650885058002,5.411000000000058,0.8324999999999818,stop,2012
-1,92814,92830,2012-07-13 02:15:00+00:00,2012-07-13 06:15:00+00:00,1570.5345,1572.7935,0.01,16,-2.2590000000000146,0.4791340679804307,-2.7381340679804453,-1.2121000743605257,2.3185000000000855,1.3444999999999254,stop,2012
1,92966,92967,2012-07-16 10:00:00+00:00,2012-07-16 10:15:00+00:00,1584.2894999999999,1586.5554999999995,0.01,1,2.2659999999996217,0.41823519540854,1.8477648045910817,1.6308603747496824,0.0,2.58400000000006,target,2012
-1,93074,93080,2012-07-17 13:00:00+00:00,2012-07-17 14:30:00+00:00,1586.1370000000002,1578.2020000000007,0.01,6,7.934999999999491,0.42290717377299997,7.512092826226491,1.8934071395657146,3.4924999999998363,12.167000000000144,target,2012
1,93243,93249,2012-07-19 07:15:00+00:00,2012-07-19 08:45:00+00:00,1581.3110000000001,1579.06,0.01,6,-2.2510000000002037,0.4051158171887704,-2.656115817188974,-1.1799714869785578,2.3965000000002874,2.1109999999998763,stop,2012
1,93319,93320,2012-07-20 02:15:00+00:00,2012-07-20 02:30:00+00:00,1582.862,1581.798,0.01,1,-1.0640000000000782,0.43480644652949524,-1.4988064465295734,-1.4086526753096458,2.7640000000001237,0.0965000000001055,stop,2012
-1,93426,93431,2012-07-22 22:45:00+00:00,2012-07-23 00:00:00+00:00,1582.013,1579.8229999999999,0.01,5,2.1900000000000546,0.5901705934108847,1.5998294065891698,1.4610314215425844,0.98700000000008,2.7590000000000146,target,2012
-1,93434,93455,2012-07-23 00:45:00+00:00,2012-07-23 06:00:00+00:00,1580.75,1577.2820000000002,0.01,21,3.4679999999998476,0.43268906309828287,3.0353109369015647,1.7504676683400797,0.9414999999999054,5.302000000000135,target,2012
1,93579,93584,2012-07-24 13:00:00+00:00,2012-07-24 14:15:00+00:00,1579.902,1576.2849999999999,0.01,5,-3.6170000000001896,0.3999049768666852,-4.016904976866875,-1.1105626145608694,3.7670000000000528,4.610999999999876,stop,2012
-1,93967,93971,2012-07-30 12:30:00+00:00,2012-07-30 13:30:00+00:00,1616.406,1618.7730000000001,0.01,4,-2.367000000000189,0.42251442479003115,-2.7895144247902204,-1.178502080604139,3.7775000000001455,1.6154999999998836,stop,2012
1,94070,94077,2012-07-31 14:15:00+00:00,2012-07-31 16:00:00+00:00,1622.3605,1617.2715,0.01,7,-5.088999999999942,0.42427963587725165,-5.513279635877193,-1.083371907226814,9.677500000000009,1.0804999999998017,stop,2012
-1,94139,94143,2012-08-01 07:30:00+00:00,2012-08-01 08:30:00+00:00,1617.3345,1615.0414999999998,0.01,4,2.29300000000012,0.41503080135079506,1.877969198649325,1.6380019177053875,0.7680000000000291,4.007000000000062,target,2012
-1,94255,94257,2012-08-02 12:30:00+00:00,2012-08-02 13:00:00+00:00,1605.501,1596.9169999999997,0.01,2,8.584000000000287,0.5225945754991084,8.06140542450118,1.8782398472742101,0.0,11.41599999999994,target,2012
-1,94351,94356,2012-08-03 12:30:00+00:00,2012-08-03 13:45:00+00:00,1593.971,1600.0305,0.01,5,-6.059500000000071,0.4371315949201666,-6.496631594920237,-1.0721398786896874,6.328999999999951,6.485999999999876,stop,2012
1,94612,94629,2012-08-08 00:30:00+00:00,2012-08-08 04:45:00+00:00,1610.6255,1609.6085,0.01,17,-1.0170000000000528,0.4383925140866923,-1.455392514086745,-1.4310644189642767,1.2335000000000491,1.8074999999998909,stop,2012
1,94749,94751,2012-08-09 10:45:00+00:00,2012-08-09 11:15:00+00:00,1613.5565000000001,1611.6975,0.01,2,-1.8590000000001512,0.4252789798947987,-2.2842789798949497,-1.2287676061833048,2.32950000000028,0.2519999999999527,stop,2012
1,94816,94820,2012-08-10 03:30:00+00:00,2012-08-10 04:30:00+00:00,1614.2615,1612.494,0.01,4,-1.7675000000001546,0.40811308529522305,-2.1756130852953777,-1.2308984923876591,2.4764999999999873,0.0,stop,2012
1,94977,94978,2012-08-13 13:30:00+00:00,2012-08-13 13:45:00+00:00,1620.0445,1622.9325,0.01,1,2.88799999999992,0.4091574537656329,2.478842546234287,1.7166499627661742,0.0,3.255000000000109,target,2012
-1,95049,95057,2012-08-14 07:45:00+00:00,2012-08-14 09:45:00+00:00,1614.897,1612.4119999999998,0.01,8,2.4850000000001273,0.4122329220918958,2.0727670779082317,1.6682230003284713,0.7404999999998836,2.6579999999999018,target,2012
-1,95191,95198,2012-08-15 19:15:00+00:00,2012-08-15 21:00:00+00:00,1604.7440000000001,1602.4060000000004,0.01,7,2.337999999999738,0.40263144410583257,1.9353685558939056,1.6555761812610115,0.2579999999998108,2.769999999999982,target,2012
-1,95258,95259,2012-08-16 12:00:00+00:00,2012-08-16 12:15:00+00:00,1603.75,1601.3720000000003,0.01,1,2.3779999999997017,0.40508402443583125,1.9729159755638705,1.6593069601043886,0.42099999999982174,2.440499999999929,target,2012
-1,95467,95471,2012-08-20 09:45:00+00:00,2012-08-20 10:45:00+00:00,1614.5045,1616.063,0.01,4,-1.5585000000000948,0.41868362602506054,-1.9771836260251554,-1.2686452525024288,1.7784999999998945,0.7575000000001637,stop,2012
1,95983,95986,2012-08-27 12:30:00+00:00,2012-08-27 13:15:00+00:00,1670.79,1668.165,0.01,3,-2.625,0.46687467658574217,-3.0918746765857423,-1.1778570196517113,4.5349999999998545,0.0,stop,2012
-1,96084,96085,2012-08-28 13:45:00+00:00,2012-08-28 14:00:00+00:00,1663.683,1666.6734999999999,0.01,1,-2.9904999999998836,0.4248265260528483,-3.415326526052732,-1.1420586945503644,6.342999999999847,0.0,stop,2012
-1,96131,96133,2012-08-29 01:30:00+00:00,2012-08-29 02:00:00+00:00,1665.498,1666.6795000000002,0.01,2,-1.1815000000001419,0.42463320079522887,-1.6061332007953708,-1.3594017780746321,1.8404999999997926,0.38000000000010914,stop,2012
1,96271,96278,2012-08-30 12:30:00+00:00,2012-08-30 14:15:00+00:00,1661.7735,1658.4969999999998,0.01,7,-3.2765000000001696,0.4074327305698698,-3.6839327305700396,-1.1243499864397524,4.501500000000078,2.526499999999942,stop,2012
-1,96346,96348,2012-08-31 07:15:00+00:00,2012-08-31 07:45:00+00:00,1656.857,1658.9814999999999,0.01,2,-2.124499999999898,0.42906393301157136,-2.5535639330114694,-1.2019599590546444,2.6325000000001637,0.6804999999999382,stop,2012
-1,96663,96671,2012-09-05 08:15:00+00:00,2012-09-05 10:15:00+00:00,1689.6765,1692.304,0.01,8,-2.6275000000000546,0.42303465681840574,-3.0505346568184604,-1.1610027238129008,2.663000000000011,2.2274999999999636,stop,2012
-1,96823,96834,2012-09-07 00:15:00+00:00,2012-09-07 03:00:00+00:00,1696.1979999999999,1689.2479999999996,0.01,11,6.950000000000273,0.42458953597781596,6.525410464022457,1.877815960869698,1.3524999999999636,7.0,target,2012
-1,97174,97260,2012-09-12 14:30:00+00:00,2012-09-13 12:00:00+00:00,1730.4795,1735.4705,0.01,86,-4.9909999999999854,0.42662978175919325,-5.417629781759179,-1.0854798200278892,5.39200000000028,3.3479999999999563,stop,2012
1,97261,97262,2012-09-13 12:15:00+00:00,2012-09-13 12:30:00+00:00,1735.8715000000002,1731.5720000000001,0.01,1,-4.29950000000008,0.430928968382524,-4.730428968382604,-1.1002276935416946,5.798000000000229,0.0,stop,2012
-1,97500,97578,2012-09-17 18:00:00+00:00,2012-09-18 13:30:00+00:00,1761.5645,1767.8145,0.01,78,-6.25,0.4431354152580677,-6.693135415258068,-1.070901666441291,6.968499999999949,8.788000000000011,stop,2012
-1,97578,97579,2012-09-18 13:30:00+00:00,2012-09-18 13:45:00+00:00,1761.7295,1765.6370000000002,0.01,1,-3.9075000000002547,0.4338724345861639,-4.341372434586418,-1.1110358117942765,9.358999999999924,0.0,stop,2012
1,97671,97732,2012-09-19 12:45:00+00:00,2012-09-20 04:00:00+00:00,1771.763,1765.086,0.01,61,-6.676999999999908,0.510665978316982,-7.18766597831689,-1.0764813506540345,8.183499999999867,2.5620000000001255,stop,2012
1,97780,97862,2012-09-20 16:00:00+00:00,2012-09-21 12:30:00+00:00,1769.705,1779.6049999999996,0.01,82,9.899999999999636,0.4464196590451242,9.453580340954511,1.9098142102939109,3.255000000000109,12.61850000000004,target,2012
1,97874,97931,2012-09-21 15:30:00+00:00,2012-09-23 23:30:00+00:00,1773.849,1770.3980000000001,0.01,57,-3.4509999999997945,0.4446566937579368,-3.895656693757731,-1.1288486507557123,3.623499999999922,4.355000000000018,stop,2012
-1,97993,98033,2012-09-24 15:00:00+00:00,2012-09-25 01:00:00+00:00,1765.0635,1767.6129999999998,0.01,40,-2.5494999999998527,0.41107306793393805,-2.9605730679337907,-1.1612367397269903,2.783999999999878,4.66599999999994,stop,2012
1,98035,98036,2012-09-25 01:30:00+00:00,2012-09-25 01:45:00+00:00,1766.9904999999999,1765.784,0.01,1,-1.206499999999778,0.4219371606287942,-1.6284371606285724,-1.3497199839443612,2.7174999999997453,0.0,stop,2012
-1,98136,98163,2012-09-26 02:45:00+00:00,2012-09-26 09:30:00+00:00,1763.815,1765.4805000000001,0.01,27,-1.6655000000000655,0.40519323090668663,-2.0706932309067523,-1.2432862389112405,1.6875,2.5755000000001473,stop,2012
-1,98247,98249,2012-09-27 06:30:00+00:00,2012-09-27 07:00:00+00:00,1757.259,1758.7024999999999,0.01,2,-1.4434999999998581,0.409391221064585,-1.852891221064443,-1.2836101288982509,1.7339999999999236,0.4580000000000837,stop,2012
1,98373,98385,2012-09-28 14:00:00+00:00,2012-09-28 17:00:00+00:00,1774.4850000000001,1769.5095000000001,0.01,12,-4.975500000000011,0.4700920739063081,-5.445592073906319,-1.0944813735114676,5.6875,2.099999999999909,stop,2012
-1,98431,98468,2012-09-30 22:15:00+00:00,2012-10-01 07:30:00+00:00,1768.35,1771.29,0.01,37,-2.9400000000000546,0.4918234020518643,-3.431823402051919,-1.1672868714462092,3.2525000000000546,4.804999999999836,stop,2012
1,98469,98479,2012-10-01 07:45:00+00:00,2012-10-01 10:15:00+00:00,1771.6025,1769.249,0.01,10,-2.35349999999994,0.4070692927349447,-2.7605692927348846,-1.1729633706118356,3.180499999999938,1.1114999999999782,stop,2012
1,98592,98603,2012-10-02 14:30:00+00:00,2012-10-02 17:15:00+00:00,1777.433,1773.498,0.01,11,-3.9349999999999454,0.4283492980289328,-4.363349298028878,-1.1088562383809248,4.434999999999945,3.5389999999999873,stop,2012
-1,98655,98660,2012-10-03 06:15:00+00:00,2012-10-03 07:30:00+00:00,1773.3980000000001,1774.9485,0.01,5,-1.550499999999829,0.42906212034653596,-1.979562120346365,-1.2767250050606793,1.5895000000000437,1.6000000000001364,stop,2012
-1,98873,99073,2012-10-05 12:45:00+00:00,2012-10-09 08:30:00+00:00,1780.18,1772.8135,0.01,200,7.366500000000087,0.5026963585523203,6.863803641447767,0.660298570605847,8.048000000000002,13.382499999999936,time_stop,2012
-1,99091,99098,2012-10-09 13:00:00+00:00,2012-10-09 14:45:00+00:00,1774.566,1769.144,0.01,7,5.4220000000000255,0.41861895274439814,5.003381047255627,1.8455850414074524,1.6569999999999254,6.87700000000018,target,2012
-1,99258,99259,2012-10-11 06:45:00+00:00,2012-10-11 07:00:00+00:00,1764.6315,1765.9355,0.01,1,-1.3040000000000873,0.42440186037244126,-1.7284018603725286,-1.3254615493653472,2.2204999999999018,0.3324999999999818,stop,2012
-1,99364,99377,2012-10-12 09:15:00+00:00,2012-10-12 12:30:00+00:00,1767.6195,1769.9195,0.01,13,-2.2999999999999545,0.4680634898108886,-2.768063489810843,-1.203505865135173,4.930000000000064,0.8745000000001255,stop,2012
-1,99593,99598,2012-10-16 12:30:00+00:00,2012-10-16 13:45:00+00:00,1743.28,1745.431,0.01,5,-2.1510000000000673,0.4402282318167448,-2.591228231816812,-1.2046621254378107,2.1549999999999727,3.1649999999999636,stop,2012
1,99676,99681,2012-10-17 09:15:00+00:00,2012-10-17 10:30:00+00:00,1748.1235,1750.2814999999998,0.01,5,2.1579999999999018,0.4822802432401449,1.6757197567597568,1.5530303584428482,0.5244999999997617,3.0860000000000127,target,2012
-1,99774,99778,2012-10-18 09:45:00+00:00,2012-10-18 10:45:00+00:00,1747.1354999999999,1744.4154999999996,0.01,4,2.7200000000002547,0.44711645183999854,2.272883548160256,1.6712379030588553,1.14850000000024,2.8604999999997744,target,2012
-1,100016,100019,2012-10-22 16:00:00+00:00,2012-10-22 16:45:00+00:00,1727.3155000000002,1728.8905,0.01,3,-1.574999999999818,0.45669958832977503,-2.031699588329593,-1.2899679925903669,2.1019999999998618,2.1955000000002656,stop,2012
-1,100049,100052,2012-10-23 00:15:00+00:00,2012-10-23 01:00:00+00:00,1728.1115,1725.3094999999998,0.01,3,2.8020000000001346,0.5045030456940695,2.297496954306065,1.6398978974346572,0.0,3.230000000000018,target,2012
1,100264,100271,2012-10-25 06:00:00+00:00,2012-10-25 07:45:00+00:00,1711.1395,1715.2375,0.01,7,4.097999999999956,0.4689151926790693,3.6290848073208872,1.7711492471063572,0.2985000000001037,5.292999999999893,target,2012
-1,100350,100352,2012-10-26 03:30:00+00:00,2012-10-26 04:00:00+00:00,1711.3495,1707.3245,0.01,2,4.025000000000091,0.5026021697837467,3.5223978302163443,1.7502597914118085,0.8619999999998527,5.712499999999864,target,2012
1,100450,100490,2012-10-28 22:15:00+00:00,2012-10-29 08:15:00+00:00,1713.0165000000002,1710.5495,0.01,40,-2.4670000000000982,0.5567953407542605,-3.0237953407543587,-1.2256973412056094,3.1315000000001874,4.332999999999856,stop,2012
1,100492,100503,2012-10-29 08:45:00+00:00,2012-10-29 11:30:00+00:00,1712.243,1710.6114999999998,0.01,11,-1.6315000000001874,0.4464580630579154,-2.077958063058103,-1.2736488281077931,3.218499999999949,0.9524999999998727,stop,2012
1,100557,100560,2012-10-30 01:00:00+00:00,2012-10-30 01:45:00+00:00,1711.225,1709.339,0.01,3,-1.8859999999999673,0.5012187926243998,-2.387218792624367,-1.2657575782738113,2.695499999999811,0.2139999999999418,stop,2012
1,100649,100679,2012-10-31 00:00:00+00:00,2012-10-31 07:30:00+00:00,1711.5949999999998,1714.5789999999993,0.01,30,2.983999999999469,0.4449628401750189,2.53903715982445,1.7017675333947064,0.5654999999997017,3.275500000000193,target,2012
1,100804,100805,2012-11-01 14:45:00+00:00,2012-11-01 15:00:00+00:00,1719.65,1718.31,0.01,1,-1.3400000000001455,0.45248273228738733,-1.792482732287533,-1.3376736808114464,3.600500000000011,0.0,stop,2012
-1,101088,101089,2012-11-06 09:00:00+00:00,2012-11-06 09:15:00+00:00,1686.397,1688.312,0.01,1,-1.9149999999999636,0.42247947138182246,-2.337479471381786,-1.2206159119487365,3.105000000000018,0.0,stop,2012
1,101214,101216,2012-11-07 16:30:00+00:00,2012-11-07 17:00:00+00:00,1708.7334999999998,1714.1614999999997,0.01,2,5.427999999999884,0.449993082385478,4.9780069176144055,1.8341956218181696,0.0,7.31650000000036,target,2012
1,101302,101309,2012-11-08 14:30:00+00:00,2012-11-08 16:15:00+00:00,1715.8445000000002,1721.8225000000002,0.01,7,5.9780000000000655,0.4384804212602234,5.539519578739842,1.853301966791496,1.2050000000001546,7.928499999999758,target,2012
1,101509,101510,2012-11-12 16:30:00+00:00,2012-11-12 16:45:00+00:00,1731.5500000000002,1729.856,0.01,1,-1.6940000000001874,0.46440485052818925,-2.1584048505283766,-1.274146901138216,2.343000000000302,0.0,stop,2012
1,101586,101591,2012-11-13 11:45:00+00:00,2012-11-13 13:00:00+00:00,1730.15,1726.7350000000001,0.01,5,-3.414999999999964,0.4894618603699175,-3.9044618603698815,-1.143327045496317,3.600500000000011,1.0630000000001019,stop,2012
1,101636,101639,2012-11-14 00:15:00+00:00,2012-11-14 01:00:00+00:00,1728.5965,1726.3535000000002,0.01,3,-2.242999999999938,0.5000379643015573,-2.7430379643014957,-1.222932663531686,2.647000000000162,0.0,stop,2012
-1,101748,101758,2012-11-15 04:15:00+00:00,2012-11-15 06:45:00+00:00,1726.5500000000002,1723.6480000000006,0.01,10,2.901999999999589,0.5197514490072689,2.38224855099232,1.6417977608495227,0.04399999999986903,3.7035000000000764,target,2012
1,101943,101949,2012-11-18 23:30:00+00:00,2012-11-19 01:00:00+00:00,1716.3205,1718.8304999999998,0.01,6,2.5099999999997635,0.46730493020136205,2.0426950697984014,1.6276454739431028,0.05999999999994543,5.12949999999978,target,2012
-1,102111,102209,2012-11-20 17:30:00+00:00,2012-11-21 18:00:00+00:00,1725.6599999999999,1731.185,0.01,98,-5.525000000000091,0.45326257283956833,-5.978262572839659,-1.0820384747220924,6.489500000000135,4.742999999999938,stop,2012
1,102328,102362,2012-11-22 23:45:00+00:00,2012-11-23 08:15:00+00:00,1730.5,1733.8320000000003,0.01,34,3.3320000000003347,0.5173916158379039,2.8146083841624305,1.6894408068200166,1.5709999999999127,3.486499999999978,target,2012
-1,102584,102585,2012-11-27 11:30:00+00:00,2012-11-27 11:45:00+00:00,1745.85,1747.0555,0.01,1,-1.205500000000029,0.4644923001422208,-1.6699923001422499,-1.385310908454757,1.365000000000009,0.0,stop,2012
1,102849,102859,2012-11-30 05:45:00+00:00,2012-11-30 08:15:00+00:00,1728.672,1731.0770000000002,0.01,10,2.4050000000002,0.4551205855161771,1.949879414484023,1.6215213426061212,0.08750000000009095,3.092999999999847,target,2012
-1,102995,103003,2012-12-03 13:00:00+00:00,2012-12-03 15:00:00+00:00,1716.826,1721.002,0.01,8,-4.175999999999931,0.4034139535619758,-4.5794139535619065,-1.096602958228444,5.3034999999999854,3.925999999999931,stop,2012
-1,103167,103174,2012-12-05 08:00:00+00:00,2012-12-05 09:45:00+00:00,1705.6975,1703.1735,0.01,7,2.5239999999998872,0.42713353835632006,2.0968664616435673,1.6615423626336459,0.4399999999998272,2.783000000000129,target,2012
1,103294,103377,2012-12-06 15:45:00+00:00,2012-12-07 12:30:00+00:00,1699.0715,1695.0865,0.01,83,-3.9850000000001273,0.41270307563190733,-4.397703075632035,-1.1035641344120186,4.461999999999989,4.901499999999942,stop,2012
-1,103381,103382,2012-12-07 13:30:00+00:00,2012-12-07 13:45:00+00:00,1697.646,1695.0249999999999,0.01,1,2.6210000000000946,0.48028512905181814,2.1407148709482766,1.6335100121695532,0.0,10.164499999999862,target,2012
-1,103598,103645,2012-12-11 14:30:00+00:00,2012-12-12 02:15:00+00:00,1707.377,1712.164,0.01,47,-4.787000000000035,0.4647588728108507,-5.2517588728108855,-1.0970877110530286,4.876999999999953,2.406500000000051,stop,2012
1,103706,103726,2012-12-12 17:30:00+00:00,2012-12-12 22:30:00+00:00,1714.13,1709.3980000000001,0.01,20,-4.731999999999971,0.5057498648311848,-5.237749864831156,-1.1068786696600144,4.780500000000302,9.271999999999935,stop,2012
-1,103944,103948,2012-12-16 23:45:00+00:00,2012-12-17 00:45:00+00:00,1696.79,1692.8809999999994,0.01,4,3.9090000000005607,0.48152447397563447,3.427475526024926,1.7536329117546352,0.0,5.981499999999869,target,2012
1,104000,104102,2012-12-17 13:45:00+00:00,2012-12-18 15:15:00+00:00,1697.115,1691.17,0.01,102,-5.944999999999936,0.4323927177849975,-6.377392717784934,-1.0727321644718255,6.217499999999973,6.155500000000075,stop,2012
-1,104394,104400,2012-12-21 16:15:00+00:00,2012-12-21 17:45:00+00:00,1655.8295,1658.3535,0.01,6,-2.5239999999998872,0.45705553186830755,-2.981055531868195,-1.1810838081887196,2.7369999999998527,3.2385000000001583,stop,2012
1,104443,104448,2012-12-23 23:15:00+00:00,2012-12-24 00:30:00+00:00,1658.9555,1656.0900000000001,0.01,5,-2.8654999999998836,0.5480026291853892,-3.413502629185273,-1.1912415387141553,4.194999999999936,0.0,stop,2012
-1,104448,104450,2012-12-24 00:30:00+00:00,2012-12-24 01:00:00+00:00,1656.1255,1652.4955000000004,0.01,2,3.6299999999996544,0.5081006325376642,3.12189936746199,1.720054747913106,0.0,4.035000000000082,target,2012
1,104630,104646,2012-12-26 07:45:00+00:00,2012-12-26 11:45:00+00:00,1658.01,1656.0255000000002,0.01,16,-1.9844999999997983,0.5067021670982766,-2.491202167098075,-1.2553298901982,2.560000000000173,1.4085000000000036,stop,2012
-1,104696,104699,2012-12-27 00:15:00+00:00,2012-12-27 01:00:00+00:00,1657.7745,1655.0234999999998,0.01,3,2.7510000000002037,0.5303670560884722,2.2206329439117316,1.6144187160389438,0.0,4.224499999999807,target,2012
1,104829,104833,2012-12-28 09:30:00+00:00,2012-12-28 10:30:00+00:00,1661.0194999999999,1659.1855,0.01,4,-1.8339999999998327,0.4718563008238542,-2.3058563008236868,-1.2572826067742078,2.3589999999999236,0.39000000000010004,stop,2012
1,104895,104912,2012-12-31 01:15:00+00:00,2012-12-31 05:30:00+00:00,1659.5455000000002,1662.7105000000006,0.01,17,3.1650000000004184,0.47874787917543216,2.686252120824986,1.6974736940440007,0.19550000000026557,3.2049999999999272,target,2012
1,105130,105131,2013-01-03 11:45:00+00:00,2013-01-03 12:00:00+00:00,1681.6775,1679.761,0.01,1,-1.9165000000000418,0.4624485367514621,-2.378948536751504,-1.2412984799120543,2.3819999999998345,0.0,stop,2013
-1,105269,105273,2013-01-07 00:15:00+00:00,2013-01-07 01:15:00+00:00,1656.9499999999998,1659.9499999999998,0.01,4,-3.0,0.48318094892277536,-3.4831809489227754,-1.1610603163075919,3.8415000000002237,0.9154999999996107,stop,2013
1,105406,105412,2013-01-08 11:15:00+00:00,2013-01-08 12:45:00+00:00,1654.4245,1652.4295,0.01,6,-1.9950000000001182,0.43347183617758756,-2.428471836177706,-1.217279115878477,2.0305000000000746,3.0049999999998818,stop,2013
-1,105514,105571,2013-01-09 15:00:00+00:00,2013-01-10 06:00:00+00:00,1656.85,1659.8105,0.01,57,-2.9605000000001382,0.4817946887761008,-3.442294688776239,-1.1627409859064612,3.757000000000062,5.305499999999938,stop,2013
1,105692,105693,2013-01-11 13:00:00+00:00,2013-01-11 13:15:00+00:00,1668.26,1670.999,0.01,1,2.7390000000000327,0.44308990804351384,2.295910091956519,1.676458628664835,1.06450000000018,6.865500000000111,target,2013
1,105737,105783,2013-01-14 01:15:00+00:00,2013-01-14 12:45:00+00:00,1666.1,1673.6909999999998,0.01,46,7.590999999999895,0.49950979490129105,7.091490205098604,1.8683942050055862,2.315499999999929,7.655500000000302,target,2013
1,105826,105830,2013-01-15 00:15:00+00:00,2013-01-15 01:15:00+00:00,1668.345,1666.85,0.01,4,-1.4950000000001182,0.4766833337991281,-1.9716833337992463,-1.318851728293706,1.7895000000000891,1.0954999999999018,stop,2013
1,105971,106064,2013-01-16 13:30:00+00:00,2013-01-17 13:30:00+00:00,1677.6095,1673.817,0.01,93,-3.792500000000018,0.4207389858592841,-4.213238985859302,-1.1109397457770025,5.807000000000016,6.449999999999818,stop,2013
-1,106065,106070,2013-01-17 13:45:00+00:00,2013-01-17 15:00:00+00:00,1671.8025,1681.6480000000001,0.01,5,-9.84550000000013,0.4095268114076946,-10.255026811407824,-1.0415953289734081,15.794999999999845,4.930000000000064,stop,2013
1,106181,106183,2013-01-18 19:30:00+00:00,2013-01-18 20:00:00+00:00,1686.4575,1685.25,0.01,2,-1.2074999999999818,0.43404812111381313,-1.641548121113795,-1.3594601417091674,1.6524999999999181,0.16899999999986903,stop,2013
1,106192,106283,2013-01-20 23:15:00+00:00,2013-01-22 03:45:00+00:00,1687.8055,1693.3374999999996,0.01,91,5.531999999999698,0.4704868092585602,5.061513190741138,1.8299035396751318,1.7984999999998763,5.538000000000011,target,2013
1,106321,106325,2013-01-22 13:15:00+00:00,2013-01-22 14:15:00+00:00,1691.31,1689.598,0.01,4,-1.7119999999999893,0.41928176134699574,-2.131281761346985,-1.244907570880256,4.399499999999989,2.6914999999999054,stop,2013
-1,106395,106396,2013-01-23 08:30:00+00:00,2013-01-23 08:45:00+00:00,1690.7365,1691.7885,0.01,1,-1.0520000000001346,0.40524493465736905,-1.4572449346575036,-1.3852138162141798,1.4815000000000964,0.0,stop,2013
-1,106773,106777,2013-01-29 10:15:00+00:00,2013-01-29 11:15:00+00:00,1661.1565,1662.3025,0.01,4,-1.1459999999999582,0.4022688861133397,-1.5482688861132978,-1.3510199704305013,1.4535000000000764,0.8050000000000637,stop,2013
1,106872,106873,2013-01-30 12:00:00+00:00,2013-01-30 12:15:00+00:00,1665.011,1663.7089999999998,0.01,1,-1.3020000000001346,0.41532015097449093,-1.7173201509746256,-1.3189862910710046,1.7010000000000218,0.0,stop,2013
1,106971,106973,2013-01-31 13:30:00+00:00,2013-01-31 14:00:00+00:00,1672.9495,1670.6309999999999,0.01,2,-2.3185000000000855,0.4279450132849184,-2.746445013285004,-1.1845783969311634,3.4889999999998054,0.6499999999998636,stop,2013
1,107071,107140,2013-02-01 15:15:00+00:00,2013-02-04 10:00:00+00:00,1670.8600000000001,1663.5715,0.01,69,-7.288500000000113,0.4347083541796938,-7.723208354179807,-1.0596430478397048,7.625000000000227,3.144999999999982,stop,2013
-1,107160,107161,2013-02-04 15:00:00+00:00,2013-02-04 15:15:00+00:00,1666.312,1668.1019999999999,0.01,1,-1.7899999999999634,0.40568818175443816,-2.1956881817544014,-1.2266414423209198,2.4580000000000837,0.0,stop,2013
-1,107255,107285,2013-02-05 15:30:00+00:00,2013-02-05 23:45:00+00:00,1670.498,1674.6129999999998,0.01,30,-4.114999999999782,0.4509905434989557,-4.565990543498738,-1.1095967298903961,4.574499999999944,3.7380000000000564,stop,2013
-1,107316,107318,2013-02-06 07:30:00+00:00,2013-02-06 08:00:00+00:00,1672.076,1669.6909999999998,0.01,2,2.3850000000002183,0.41957499969422707,1.9654250003059912,1.6481551365247893,1.1284999999998035,2.4780000000000655,target,2013
1,107419,107429,2013-02-07 10:00:00+00:00,2013-02-07 12:30:00+00:00,1676.337,1678.4919999999997,0.01,10,2.1549999999997453,0.4089309684516827,1.7460690315480627,1.6204816998127787,0.9880000000000564,2.3465000000001055,target,2013
-1,107506,107523,2013-02-08 08:30:00+00:00,2013-02-08 12:45:00+00:00,1672.1025,1668.7614999999996,0.01,17,3.3410000000003492,0.40958497284516454,2.9314150271551846,1.7548129465159403,0.2625000000000455,3.556999999999789,target,2013
1,107806,107807,2013-02-13 14:00:00+00:00,2013-02-13 14:15:00+00:00,1652.17,1650.9569999999999,0.01,1,-1.2130000000001928,0.40836767361943643,-1.6213676736196292,-1.3366592527777177,4.824000000000069,0.0,stop,2013
1,107893,107896,2013-02-14 12:30:00+00:00,2013-02-14 13:15:00+00:00,1647.917,1646.507,0.01,3,-1.4099999999998545,0.4102690797279471,-1.8202690797278016,-1.290970978530489,3.8479999999999563,1.8890000000001237,stop,2013
-1,108357,108408,2013-02-21 16:15:00+00:00,2013-02-22 05:45:00+00:00,1580.6979999999999,1584.708,0.01,51,-4.010000000000218,0.4153495299068105,-4.425349529907029,-1.1035784363857328,6.439000000000306,6.399999999999864,stop,2013
1,108421,108422,2013-02-22 09:00:00+00:00,2013-02-22 09:15:00+00:00,1583.8195,1582.3915,0.01,1,-1.428000000000111,0.422587383910621,-1.850587383910732,-1.2959295405536333,2.1424999999999272,0.0,stop,2013
-1,108474,108484,2013-02-24 23:15:00+00:00,2013-02-25 01:45:00+00:00,1579.15,1581.2095,0.01,10,-2.0594999999998436,0.47168373455772605,-2.53118373455757,-1.22902827606592,3.055499999999938,3.8215000000000146,stop,2013
1,108484,108485,2013-02-25 01:45:00+00:00,2013-02-25 02:00:00+00:00,1580.8265000000001,1584.0255000000006,0.01,1,3.199000000000524,0.4309329005114115,2.7680670994891123,1.730582744288002,0.0,3.745999999999867,target,2013
-1,108630,108631,2013-02-26 15:15:00+00:00,2013-02-26 15:30:00+00:00,1585.9769999999999,1594.868,0.01,1,-8.891000000000076,0.4079409887359212,-9.298940988735998,-1.0458824641475557,11.825500000000147,0.0,stop,2013
1,108728,108731,2013-02-27 16:30:00+00:00,2013-02-27 17:15:00+00:00,1604.3255,1602.1999999999998,0.01,3,-2.125500000000102,0.416823883294604,-2.542323883294706,-1.1961062730155654,2.3274999999998727,0.8315000000000055,stop,2013
-1,108783,108784,2013-02-28 07:00:00+00:00,2013-02-28 07:15:00+00:00,1599.9,1602.1835,0.01,1,-2.2835000000000036,0.40078287367807147,-2.6842828736780753,-1.1755125350024396,3.1774999999997817,0.0,stop,2013
-1,108905,108906,2013-03-01 14:15:00+00:00,2013-03-01 14:30:00+00:00,1582.963,1587.402,0.01,1,-4.439000000000078,0.4327174777803494,-4.871717477780428,-1.0974808465375856,4.439000000000078,1.6334999999999127,stop,2013
1,108946,108950,2013-03-04 01:15:00+00:00,2013-03-04 02:15:00+00:00,1584.224,1581.1044999999997,0.01,4,-3.1195000000002437,0.4312017389036665,-3.55070173890391,-1.1382278374430623,4.998499999999922,0.0,stop,2013
-1,109096,109186,2013-03-05 15:30:00+00:00,2013-03-06 14:45:00+00:00,1577.3865,1568.5555,0.01,90,8.831000000000131,0.3951085726545632,8.435891427345569,1.9105178184453502,2.8940000000000055,9.983999999999924,target,2013
1,109190,109198,2013-03-06 15:45:00+00:00,2013-03-06 17:45:00+00:00,1582.58,1575.35,0.01,8,-7.230000000000018,0.38371387301463433,-7.613713873014652,-1.0530724582316229,7.869999999999891,1.0225000000000364,stop,2013
1,109263,109274,2013-03-07 10:45:00+00:00,2013-03-07 13:30:00+00:00,1581.1019999999999,1579.3000000000002,0.01,11,-1.8019999999996799,0.39080879202877955,-2.1928087920284596,-1.2168750233234458,2.50649999999996,3.966000000000122,stop,2013
-1,109316,109332,2013-03-08 00:45:00+00:00,2013-03-08 04:45:00+00:00,1579.1505,1576.5815,0.01,16,2.56899999999996,0.39968872879072687,2.1693112712092333,1.6888371126580515,0.9990000000000236,2.8005000000000564,target,2013
-1,109403,109409,2013-03-10 23:30:00+00:00,2013-03-11 01:00:00+00:00,1577.75,1579.1015,0.01,6,-1.3514999999999873,0.4595379767125788,-1.8110379767125662,-1.3400207004902576,1.8780000000001564,2.099999999999909,stop,2013
1,109410,109447,2013-03-11 01:15:00+00:00,2013-03-11 10:30:00+00:00,1579.6280000000002,1577.75,0.01,37,-1.8780000000001567,0.4163004253056902,-2.2943004253058468,-1.2216722179476334,2.6510000000002947,3.7259999999998854,stop,2013
-1,109650,109734,2013-03-13 14:45:00+00:00,2013-03-14 12:30:00+00:00,1586.9699999999998,1577.3439999999996,0.01,84,9.626000000000204,0.38998560343516625,9.236014396565038,1.9189724489018996,3.4605000000001382,9.871999999999844,target,2013
-1,109741,109742,2013-03-14 14:15:00+00:00,2013-03-14 14:30:00+00:00,1585.335,1587.6954999999998,0.01,1,-2.3604999999997744,0.38860906582952404,-2.7491090658292983,-1.1646299791694814,2.994999999999891,0.130500000000211,stop,2013
1,110015,110020,2013-03-19 13:00:00+00:00,2013-03-19 14:15:00+00:00,1602.5120000000002,1607.0650000000005,0.01,5,4.553000000000338,0.394959846433189,4.158040153567149,1.8265056681602636,0.6130000000002838,6.550999999999931,target,2013
1,110105,110115,2013-03-20 12:15:00+00:00,2013-03-20 14:45:00+00:00,1608.9009999999998,1606.5974999999999,0.01,10,-2.3034999999999854,0.39779795371550114,-2.7012979537154864,-1.1726928386001751,2.7014999999998963,1.7130000000001928,stop,2013
-1,110149,110156,2013-03-21 00:00:00+00:00,2013-03-21 01:45:00+00:00,1606.172,1607.6129999999998,0.01,7,-1.4409999999998035,0.40884388165222024,-1.8498438816520237,-1.283722332860705,1.9589999999998327,1.5895000000000437,stop,2013
-1,110289,110344,2013-03-22 11:45:00+00:00,2013-03-25 02:30:00+00:00,1608.252,1611.903,0.01,55,-3.6510000000000673,0.415901439720128,-4.066901439720195,-1.1139143905012654,5.451999999999998,5.279999999999973,stop,2013
-1,110361,110368,2013-03-25 06:45:00+00:00,2013-03-25 08:30:00+00:00,1609.6,1606.0059999999999,0.01,7,3.5940000000000514,0.39827542372881947,3.195724576271232,1.7783664865170763,0.0,4.140999999999849,target,2013
1,110574,110664,2013-03-27 13:45:00+00:00,2013-03-28 13:00:00+00:00,1603.63,1596.906,0.01,90,-6.72400000000016,0.39910361030408475,-7.123103610304245,-1.059355087790612,7.658000000000129,4.7439999999999145,stop,2013
-1,110697,110796,2013-03-31 22:15:00+00:00,2013-04-01 23:45:00+00:00,1597.5225,1601.205,0.01,99,-3.682499999999891,0.4581248494925723,-4.140624849492463,-1.1244059333313199,4.681500000000142,2.6660000000001673,stop,2013
-1,110824,110846,2013-04-02 06:45:00+00:00,2013-04-02 12:15:00+00:00,1599.363,1595.294,0.01,22,4.06899999999996,0.40768038403284845,3.6613196159671118,1.7996164246582196,1.5799999999999272,6.9435000000000855,target,2013
-1,111123,111124,2013-04-05 12:15:00+00:00,2013-04-05 12:30:00+00:00,1554.8435,1557.5230000000001,0.01,1,-2.679500000000189,0.4423094011266961,-3.1218094011268853,-1.1650716182596248,16.807000000000016,1.324999999999818,stop,2013
1,111226,111227,2013-04-08 15:00:00+00:00,2013-04-08 15:15:00+00:00,1571.5774999999999,1569.2745,0.01,1,-2.3029999999998836,0.3971383810561969,-2.7001383810560804,-1.1724439344577582,4.08199999999988,0.0,stop,2013
-1,111303,111304,2013-04-09 11:00:00+00:00,2013-04-09 11:15:00+00:00,1571.1979999999999,1572.202,0.01,1,-1.0040000000001328,0.4183276917663609,-1.4223276917664938,-1.4166610475760018,1.12700000000018,0.0,stop,2013
-1,111399,111408,2013-04-10 12:00:00+00:00,2013-04-10 14:15:00+00:00,1578.374,1572.0199999999998,0.01,9,6.354000000000269,0.4018674371336752,5.952132562866594,1.8735072593221094,1.72849999999994,7.201000000000022,target,2013
-1,111873,111882,2013-04-17 14:30:00+00:00,2013-04-17 16:45:00+00:00,1388.237,1374.451,0.01,9,13.78600000000006,0.440351820180013,13.345648179820047,1.9361160858581155,4.99799999999982,14.676500000000033,target,2013
-1,111941,111942,2013-04-18 08:15:00+00:00,2013-04-18 08:30:00+00:00,1382.7555,1384.4965,0.01,1,-1.7409999999999857,0.5139868110528969,-2.2549868110528823,-1.2952250494272837,5.600500000000011,0.0,stop,2013
1,112006,112021,2013-04-19 01:15:00+00:00,2013-04-19 05:00:00+00:00,1390.768,1400.3429999999998,0.01,15,9.574999999999818,0.5605226525208995,9.014477347478918,1.882919550387277,0.0,10.887500000000045,target,2013
-1,112212,112229,2013-04-23 06:30:00+00:00,2013-04-23 10:45:00+00:00,1414.3605,1422.4,0.01,17,-8.03950000000009,0.5300269127841768,-8.569526912784266,-1.0659278453615486,8.6099999999999,3.736499999999978,stop,2013
1,112280,112298,2013-04-24 00:15:00+00:00,2013-04-24 04:45:00+00:00,1418.3580000000002,1426.2420000000006,0.01,18,7.88400000000047,0.4836496421846537,7.4003503578158165,1.877308563626427,2.1035000000001673,10.812999999999647,target,2013
-1,112534,112535,2013-04-26 17:15:00+00:00,2013-04-26 17:30:00+00:00,1451.35,1456.7835,0.01,1,-5.433500000000095,0.4295140057853029,-5.863014005785398,-1.0790492326834076,7.950500000000147,0.0,stop,2013
1,112672,112673,2013-04-30 05:30:00+00:00,2013-04-30 05:45:00+00:00,1467.2215,1464.8980000000001,0.01,1,-2.3234999999999673,0.406591605686716,-2.7300916056866833,-1.1749910073969105,3.5720000000001164,0.0,stop,2013
1,112776,112779,2013-05-01 08:30:00+00:00,2013-05-01 09:15:00+00:00,1472.6975,1470.227,0.01,3,-2.4704999999999018,0.5095020419248397,-2.9800020419247417,-1.2062343824832464,4.658000000000129,0.34149999999999636,stop,2013
-1,112980,112984,2013-05-03 13:00:00+00:00,2013-05-03 14:00:00+00:00,1462.3,1469.2475,0.01,4,-6.947499999999991,0.5620885592203466,-7.5095885592203375,-1.0809051542598558,13.400000000000091,0.0,stop,2013
1,113073,113075,2013-05-06 13:15:00+00:00,2013-05-06 13:45:00+00:00,1472.7154999999998,1470.615,0.01,2,-2.1004999999997835,0.46795817054724814,-2.5684581705470317,-1.2227841802177084,6.599999999999909,0.5670000000000073,stop,2013
1,113253,113254,2013-05-08 11:45:00+00:00,2013-05-08 12:00:00+00:00,1460.1309999999999,1463.6729999999993,0.01,1,3.5419999999994616,0.38592356378097287,3.1560764362184885,1.7820872028339743,0.0,6.586500000000115,target,2013
-1,113348,113352,2013-05-09 12:15:00+00:00,2013-05-09 13:15:00+00:00,1464.99,1460.8500000000001,0.01,4,4.139999999999873,0.38883283442998606,3.7511671655698864,1.8121580510000008,1.0175000000001546,4.996000000000095,target,2013
1,113598,113603,2013-05-14 05:15:00+00:00,2013-05-14 06:30:00+00:00,1442.0545000000002,1440.6599999999999,0.01,5,-1.3945000000003347,0.42064625831484864,-1.8151462583151834,-1.3016466535064524,2.5045000000000073,1.397499999999809,stop,2013
1,114012,114013,2013-05-20 16:00:00+00:00,2013-05-20 16:15:00+00:00,1369.002,1379.748,0.01,1,10.746000000000095,0.5273817540745829,10.218618245925512,1.9018459419180016,0.0,21.10550000000012,target,2013
-1,114085,114093,2013-05-21 11:15:00+00:00,2013-05-21 13:15:00+00:00,1376.7755000000002,1367.3395000000005,0.01,8,9.435999999999694,0.42146034968554563,9.014539650314148,1.9106697012111997,3.969499999999698,11.678000000000338,target,2013
1,114132,114159,2013-05-22 00:00:00+00:00,2013-05-22 06:45:00+00:00,1377.42,1381.9720000000002,0.01,27,4.552000000000135,0.4164793310446923,4.135520668955443,1.8170125962018104,1.9459999999999127,10.279999999999745,target,2013
1,114247,114259,2013-05-23 05:30:00+00:00,2013-05-23 08:30:00+00:00,1375.3925,1385.9874999999997,0.01,12,10.5949999999998,0.466925390455939,10.12807460954386,1.9118592939205383,3.5279999999997926,14.052500000000236,target,2013
1,114357,114364,2013-05-24 10:00:00+00:00,2013-05-24 11:45:00+00:00,1386.931,1391.5030000000002,0.01,7,4.572000000000116,0.4433871586269947,4.128612841373122,1.8060423628053441,1.5830000000000837,5.643000000000029,target,2013
1,114401,114402,2013-05-26 22:00:00+00:00,2013-05-26 22:15:00+00:00,1388.3355,1387.3355,0.01,1,-1.0,0.6931500691868364,-1.6931500691868364,-1.6931500691868364,1.522499999999809,0.2805000000000746,stop,2013
1,114411,114412,2013-05-27 00:30:00+00:00,2013-05-27 00:45:00+00:00,1386.528,1385.483,0.01,1,-1.0450000000000728,0.4726771912658358,-1.5176771912659086,-1.452322671067754,1.9694999999999254,0.48900000000003274,stop,2013
1,114493,114507,2013-05-28 01:30:00+00:00,2013-05-28 05:00:00+00:00,1392.2,1388.1025,0.01,14,-4.097500000000082,0.4575224586288443,-4.555022458628926,-1.1116589282803746,5.980000000000246,0.2829999999999018,stop,2013
-1,114584,114589,2013-05-29 01:15:00+00:00,2013-05-29 02:30:00+00:00,1386.029,1387.945,0.01,5,-1.91599999999994,0.3949880095903579,-2.310988009590298,-1.2061524058404856,3.2710000000001855,2.030999999999949,stop,2013
1,114816,114817,2013-05-31 13:00:00+00:00,2013-05-31 13:15:00+00:00,1409.2379999999998,1405.436,0.01,1,-3.8019999999999077,0.45350355984191676,-4.2555035598418245,-1.1192802629778873,5.886499999999842,0.0,stop,2013
-1,114889,114908,2013-06-03 08:30:00+00:00,2013-06-03 13:15:00+00:00,1398.547,1392.1770000000001,0.01,19,6.369999999999891,0.4560055300959639,5.913994469903927,1.8568271491064454,1.6710000000000491,6.7970000000000255,target,2013
1,114982,114986,2013-06-04 08:30:00+00:00,2013-06-04 09:30:00+00:00,1406.1135,1404.76,0.01,4,-1.35349999999994,0.3996667876006586,-1.7531667876005985,-1.295283921389491,2.9834999999998217,0.8450000000000273,stop,2013
1,115050,115051,2013-06-05 02:15:00+00:00,2013-06-05 02:30:00+00:00,1403.255,1405.7250000000004,0.01,1,2.4700000000002547,0.4067242278452278,2.063275772155027,1.6706686414209022,0.0,3.5524999999997817,target,2013
1,115142,115143,2013-06-06 02:00:00+00:00,2013-06-06 02:15:00+00:00,1402.3835,1400.94,0.01,1,-1.4434999999998581,0.3978520225759588,-1.8413520225758169,-1.275616226239001,1.5164999999997235,0.0,stop,2013
-1,115278,115478,2013-06-07 12:45:00+00:00,2013-06-11 16:30:00+00:00,1399.945,1376.222,0.01,200,23.722999999999956,0.4057063347535373,23.317293665246417,1.3417708404446147,0.0,34.38300000000004,time_stop,2013
1,115561,115649,2013-06-12 14:00:00+00:00,2013-06-13 13:00:00+00:00,1383.9025000000001,1378.0695,0.01,88,-5.833000000000084,0.27832802476856144,-6.111328024768645,-1.0477161023090276,5.919500000000198,11.12299999999982,stop,2013
-1,115658,115659,2013-06-13 15:15:00+00:00,2013-06-13 15:30:00+00:00,1381.9215,1374.9244999999996,0.01,1,6.997000000000299,0.2692217623959654,6.727778237604333,1.9230465163938961,0.0,7.327499999999873,target,2013
1,115696,115697,2013-06-14 01:30:00+00:00,2013-06-14 01:45:00+00:00,1385.201,1383.825,0.01,1,-1.3759999999999764,0.34771025766557023,-1.7237102576655465,-1.252696408187192,1.5350000000000819,0.0,stop,2013
1,115811,115814,2013-06-17 07:15:00+00:00,2013-06-17 08:00:00+00:00,1387.417,1386.375,0.01,3,-1.0419999999999163,0.2817547413419952,-1.3237547413419115,-1.2703980243205546,1.35349999999994,1.1604999999999563,stop,2013
1,115882,115883,2013-06-18 02:00:00+00:00,2013-06-18 02:15:00+00:00,1386.0725,1384.765,0.01,1,-1.3074999999998909,0.27754353578149094,-1.5850435357813817,-1.2122703906550776,1.446999999999889,0.0,stop,2013
-1,116023,116039,2013-06-19 14:00:00+00:00,2013-06-19 18:00:00+00:00,1373.3380000000002,1375.922,0.01,16,-2.5839999999998327,0.47224981352354906,-3.0562498135233818,-1.1827592157598992,3.4784999999997126,9.409000000000106,stop,2013
-1,116679,116682,2013-06-28 16:00:00+00:00,2013-06-28 16:45:00+00:00,1214.659,1221.0785,0.01,3,-6.419499999999971,0.45391429162109853,-6.873414291621069,-1.0707086675942208,13.120999999999867,1.36200000000008,stop,2013
1,116858,116867,2013-07-02 14:30:00+00:00,2013-07-02 16:45:00+00:00,1249.625,1244.741,0.01,9,-4.8840000000000146,0.36073613681393907,-5.244736136813954,-1.0738607978734516,5.09699999999998,3.0325000000000273,stop,2013
-1,116912,116913,2013-07-03 04:45:00+00:00,2013-07-03 05:00:00+00:00,1245.318,1246.6,0.01,1,-1.2819999999999254,0.4126333430490708,-1.6946333430489962,-1.321866882253584,1.559500000000071,0.01799999999980173,stop,2013
1,117021,117033,2013-07-04 08:45:00+00:00,2013-07-04 11:45:00+00:00,1250.835,1248.105,0.01,12,-2.730000000000018,0.8730853120326854,-3.6030853120327038,-1.3198114696090402,4.697000000000116,1.1649999999999636,stop,2013
1,117190,117191,2013-07-08 10:45:00+00:00,2013-07-08 11:00:00+00:00,1232.43,1235.1700000000003,0.01,1,2.7400000000002365,0.7345605808285507,2.0054394191716858,1.4638243935558486,1.0700000000001637,3.5249999999998636,target,2013
1,117403,117404,2013-07-10 18:00:00+00:00,2013-07-10 18:15:00+00:00,1251.0,1257.0500000000002,0.01,1,6.050000000000182,0.8335300176645672,5.216469982335615,1.7244528867224653,0.0,15.099999999999909,target,2013
-1,117555,117556,2013-07-12 09:30:00+00:00,2013-07-12 09:45:00+00:00,1274.3600000000001,1275.87,0.01,1,-1.5099999999997635,0.4631683099600579,-1.9731683099598214,-1.3067339801060467,3.742999999999938,0.0,stop,2013
1,117651,117656,2013-07-15 10:30:00+00:00,2013-07-15 11:45:00+00:00,1282.682,1280.722,0.01,5,-1.9600000000000364,0.5088898919068772,-2.4688898919069135,-1.2596376999524834,5.836999999999989,2.13799999999992,stop,2013
-1,117709,117725,2013-07-16 02:00:00+00:00,2013-07-16 06:00:00+00:00,1279.7575000000002,1283.4105,0.01,16,-3.6529999999997926,0.46712298232175914,-4.1201229823215515,-1.1278737975148605,3.7899999999999636,2.456000000000131,stop,2013
-1,117823,117825,2013-07-17 07:30:00+00:00,2013-07-17 08:00:00+00:00,1285.922,1287.439,0.01,2,-1.5170000000000528,0.4923918706312412,-2.009391870631294,-1.3245826437911827,1.9400000000000546,0.14249999999992724,stop,2013
-1,117923,117927,2013-07-18 09:15:00+00:00,2013-07-18 10:15:00+00:00,1279.4595,1282.6385,0.01,4,-3.1790000000000873,0.49654685905388124,-3.6755468590539686,-1.156195929239971,3.628500000000031,0.13650000000006912,stop,2013
1,117983,117985,2013-07-19 01:00:00+00:00,2013-07-19 01:30:00+00:00,1284.144,1287.3859999999997,0.01,2,3.241999999999735,0.5204772727272797,2.721522727272455,1.6789159329257726,0.0,3.3395000000000437,target,2013
-1,118317,118323,2013-07-24 15:15:00+00:00,2013-07-24 16:45:00+00:00,1331.719,1326.888,0.01,6,4.831000000000131,0.5343774614323331,4.296622538567798,1.7787714918516586,0.0,13.804000000000087,target,2013
-1,118401,118406,2013-07-25 13:00:00+00:00,2013-07-25 14:15:00+00:00,1322.7835,1326.9435,0.01,5,-4.160000000000082,0.4933440209494264,-4.6533440209495085,-1.1185923127282251,4.990000000000009,1.9085000000000036,stop,2013
-1,118480,118483,2013-07-26 09:30:00+00:00,2013-07-26 10:15:00+00:00,1329.0149999999999,1330.1465,0.01,3,-1.1315000000001874,0.5746551307749954,-1.7061551307751828,-1.507870199535926,1.6350000000002183,2.1399999999998727,stop,2013
-1,118536,118561,2013-07-29 00:30:00+00:00,2013-07-29 06:45:00+00:00,1327.99,1324.0270000000003,0.01,25,3.962999999999738,0.6581540611441927,3.3048459388555456,1.667850587360971,1.834999999999809,4.036499999999933,target,2013
-1,118628,118630,2013-07-30 00:30:00+00:00,2013-07-30 01:00:00+00:00,1327.4,1329.0315,0.01,2,-1.63149999999996,0.5233800287356182,-2.1548800287355783,-1.3207968303620172,1.7424999999998363,0.3000000000001819,stop,2013
-1,118719,118724,2013-07-31 00:15:00+00:00,2013-07-31 01:30:00+00:00,1325.95,1328.28,0.01,5,-2.3299999999999272,0.5452340305115071,-2.875234030511434,-1.2340060216787656,8.492500000000064,1.5,stop,2013
-1,118821,118857,2013-08-01 02:45:00+00:00,2013-08-01 11:45:00+00:00,1320.1115,1326.5665,0.01,36,-6.454999999999927,0.5678396781120658,-7.022839678111993,-1.0879689664000112,7.701999999999998,3.6289999999999054,stop,2013
1,118954,119110,2013-08-02 12:45:00+00:00,2013-08-06 05:30:00+00:00,1315.6485,1288.266,0.01,156,-27.382499999999936,0.726246018889841,-28.10874601888978,-1.0265222685616668,27.646999999999935,5.205999999999904,stop,2013
-1,119245,119276,2013-08-07 16:15:00+00:00,2013-08-08 00:45:00+00:00,1286.431,1289.32,0.01,31,-2.8889999999998963,0.5534474154183551,-3.4424474154182514,-1.1915705833916148,5.0324999999998,3.332499999999982,stop,2013
1,119277,119330,2013-08-08 01:00:00+00:00,2013-08-08 14:15:00+00:00,1291.4634999999998,1302.1034999999997,0.01,53,10.639999999999873,0.558910065933715,10.081089934066158,1.8949417169297516,3.578499999999849,15.330000000000155,target,2013
1,119594,119595,2013-08-13 11:00:00+00:00,2013-08-13 11:15:00+00:00,1328.6715,1326.7730000000001,0.01,1,-1.8984999999997854,0.4500073510367872,-2.3485073510365724,-1.2370331056290955,4.918499999999767,0.7164999999999964,stop,2013
-1,119680,119684,2013-08-14 09:30:00+00:00,2013-08-14 10:30:00+00:00,1323.71,1325.9415,0.01,4,-2.231499999999869,0.3584764265051991,-2.589976426505068,-1.1606437044612234,2.860500000000002,0.9160000000001673,stop,2013
1,119797,119801,2013-08-15 15:45:00+00:00,2013-08-15 16:45:00+00:00,1333.5300000000002,1341.8780000000006,0.01,4,8.348000000000411,0.443390858870434,7.904609141129977,1.8937731531216069,0.0,29.51599999999962,target,2013
1,119978,119981,2013-08-19 14:45:00+00:00,2013-08-19 15:30:00+00:00,1367.609,1365.1345000000001,0.01,3,-2.474499999999807,0.3383696259913341,-2.812869625991141,-1.136742625173312,4.74350000000004,0.6210000000000946,stop,2013
1,120017,120024,2013-08-20 01:30:00+00:00,2013-08-20 03:15:00+00:00,1369.261,1364.3605,0.01,7,-4.900499999999965,0.43751994841860437,-5.3380199484185695,-1.0892806751185813,4.935999999999922,0.0,stop,2013
-1,120132,120149,2013-08-21 07:15:00+00:00,2013-08-21 11:30:00+00:00,1364.4475,1368.141,0.01,17,-3.6935000000000855,0.3410271115974721,-4.034527111597558,-1.0923316939481424,3.7670000000000528,4.551000000000158,stop,2013
-1,120205,120228,2013-08-22 02:15:00+00:00,2013-08-22 08:00:00+00:00,1363.4630000000002,1366.5205,0.01,23,-3.057499999999891,0.43276860823642455,-3.4902686082363155,-1.1415432896930302,10.898499999999785,4.190500000000156,stop,2013
1,120341,120345,2013-08-23 13:00:00+00:00,2013-08-23 14:00:00+00:00,1372.2089999999998,1379.004,0.01,4,6.795000000000073,0.38140980438691513,6.413590195613158,1.8877381002540365,0.6149999999997817,21.54449999999997,target,2013
-1,120663,120703,2013-08-29 01:00:00+00:00,2013-08-29 11:00:00+00:00,1409.404,1414.5504999999998,0.01,40,-5.146499999999833,0.37698783304276023,-5.5234878330425925,-1.0732513034183955,5.398999999999887,4.6469999999999345,stop,2013
-1,120773,120774,2013-08-30 05:15:00+00:00,2013-08-30 05:30:00+00:00,1409.653,1406.9110000000003,0.01,1,2.7419999999997344,0.3756058247933067,2.3663941752064277,1.726035138735709,0.04099999999993997,3.2259999999998854,target,2013
-1,120958,120972,2013-09-03 09:15:00+00:00,2013-09-03 12:45:00+00:00,1393.29,1399.1885,0.01,14,-5.898500000000013,0.3943239901177434,-6.292823990117756,-1.0668515707582846,8.115000000000009,1.7950000000000728,stop,2013
1,121050,121054,2013-09-04 09:15:00+00:00,2013-09-04 10:15:00+00:00,1404.674,1402.6625,0.01,4,-2.011500000000069,0.3794370447216962,-2.3909370447217655,-1.1886338775648437,3.070500000000038,1.2609999999999673,stop,2013
-1,121148,121154,2013-09-05 10:45:00+00:00,2013-09-05 12:15:00+00:00,1394.976,1397.289,0.01,6,-2.3129999999998745,0.4100241219544665,-2.723024121954341,-1.177269399893856,5.021499999999833,1.1800000000000637,stop,2013
1,121252,121394,2013-09-06 13:45:00+00:00,2013-09-10 03:00:00+00:00,1389.1005,1380.7565,0.01,142,-8.344000000000051,0.3811977251373097,-8.725197725137361,-1.0456852498966094,10.608000000000175,5.616500000000087,stop,2013
-1,121747,121776,2013-09-15 23:00:00+00:00,2013-09-16 06:15:00+00:00,1330.5755,1322.8264999999997,0.01,29,7.749000000000252,0.5579509989002807,7.191049001099971,1.8559940640340011,2.369999999999891,7.764999999999873,target,2013
-1,121878,121888,2013-09-17 08:45:00+00:00,2013-09-17 11:15:00+00:00,1319.2175,1323.2575,0.01,10,-4.039999999999964,0.39133502010273946,-4.431335020102703,-1.0968651039858275,4.567999999999984,2.3840000000000146,stop,2013
-1,122007,122008,2013-09-18 17:45:00+00:00,2013-09-18 18:00:00+00:00,1307.4625,1309.5295,0.01,1,-2.0670000000000073,0.6123634347621671,-2.679363434762174,-1.2962571043842113,43.12799999999993,0.0,stop,2013
-1,122170,122173,2013-09-20 12:15:00+00:00,2013-09-20 13:00:00+00:00,1349.54,1353.71,0.01,3,-4.170000000000073,0.4588975522902056,-4.628897552290279,-1.1100473746499275,7.270500000000084,0.0,stop,2013
-1,122382,122397,2013-09-24 19:00:00+00:00,2013-09-24 23:30:00+00:00,1323.4299999999998,1326.069,0.01,15,-2.6390000000001237,0.3925789117945165,-3.0315789117946403,-1.1487604819228867,2.8010000000001583,1.3899999999998727,stop,2013
-1,122400,122403,2013-09-25 00:15:00+00:00,2013-09-25 01:00:00+00:00,1324.242,1325.9065,0.01,3,-1.6645000000000891,0.42402917968599413,-2.088529179686083,-1.254748681097009,2.7345000000000255,0.4574999999999818,stop,2013
-1,122549,122632,2013-09-26 14:15:00+00:00,2013-09-27 11:45:00+00:00,1324.16,1336.125,0.01,83,-11.964999999999918,0.3016900385783421,-12.266690038578261,-1.0252143784854446,19.750999999999976,5.191000000000031,stop,2013
-1,122726,122730,2013-09-30 12:15:00+00:00,2013-09-30 13:15:00+00:00,1332.56,1324.1609999999996,0.01,4,8.399000000000342,0.3417619706185088,8.057238029381834,1.9186184139496383,0.7094999999999345,9.697999999999865,target,2013
1,122795,122813,2013-10-01 06:30:00+00:00,2013-10-01 11:00:00+00:00,1335.6375,1329.94,0.01,18,-5.697499999999991,0.3675987691295031,-6.065098769129494,-1.0645193100709966,9.812999999999874,1.4424999999998818,stop,2013
1,122919,122996,2013-10-02 14:15:00+00:00,2013-10-03 10:15:00+00:00,1316.575,1305.675,0.01,77,-10.900000000000091,0.37454474467680393,-11.274544744676895,-1.0343619031813578,12.932500000000118,7.39449999999988,stop,2013
1,123008,123098,2013-10-03 13:15:00+00:00,2013-10-04 12:30:00+00:00,1313.051,1325.4939999999997,0.01,90,12.442999999999756,0.42189365723265776,12.021106342767098,1.9321877911705108,5.33849999999984,12.521000000000186,target,2013
-1,123103,123105,2013-10-04 13:45:00+00:00,2013-10-04 14:15:00+00:00,1313.3674999999998,1306.0974999999994,0.01,2,7.2700000000004374,0.35726053253968987,6.912739467460748,1.9017164972380556,0.0,7.617499999999836,target,2013
1,123133,123168,2013-10-06 22:15:00+00:00,2013-10-07 07:00:00+00:00,1314.8,1311.6599999999999,0.01,35,-3.1400000000001005,0.5107331340051917,-3.650733134005292,-1.1626538643328583,3.690499999999929,1.3379999999999654,stop,2013
-1,123168,123170,2013-10-07 07:00:00+00:00,2013-10-07 07:30:00+00:00,1312.8899999999999,1308.8299999999995,0.01,2,4.0600000000004,0.36524125494850346,3.694758745051897,1.8200781995327746,0.0,4.210499999999911,target,2013
1,123271,123279,2013-10-08 09:45:00+00:00,2013-10-08 11:45:00+00:00,1322.8455,1318.871,0.01,8,-3.974499999999807,0.36768937486274067,-4.3421893748625475,-1.0925121084067828,5.494499999999789,1.9640000000001692,stop,2013
1,123325,123327,2013-10-09 00:00:00+00:00,2013-10-09 00:30:00+00:00,1320.903,1319.842,0.01,2,-1.0609999999999218,0.4462035225436494,-1.5072035225435712,-1.4205499741222265,3.8115000000000236,0.34599999999977626,stop,2013
-1,123468,123495,2013-10-10 12:45:00+00:00,2013-10-10 19:30:00+00:00,1304.527,1289.9859999999999,0.01,27,14.541000000000167,0.3762335082823452,14.164766491717822,1.948252044799898,0.0,18.427000000000135,target,2013
-1,123647,123649,2013-10-14 11:15:00+00:00,2013-10-14 11:45:00+00:00,1282.345,1283.7240000000002,0.01,2,-1.3790000000001328,0.36333818094166587,-1.7423381809417986,-1.2634794640620963,1.709500000000162,0.5550000000000637,stop,2013
1,123731,123892,2013-10-15 13:45:00+00:00,2013-10-17 07:45:00+00:00,1276.4985000000001,1296.7865000000006,0.01,161,20.288000000000466,0.3636535817905507,19.924346418209915,1.9641508693029828,8.901000000000295,44.14599999999973,target,2013
1,124184,124187,2013-10-22 11:15:00+00:00,2013-10-22 12:00:00+00:00,1314.65,1312.8400000000001,0.01,3,-1.8099999999999454,0.3793274746610719,-2.189327474661017,-1.209573190420488,3.0305000000000746,0.27549999999996544,stop,2013
-1,124464,124466,2013-10-25 11:45:00+00:00,2013-10-25 12:15:00+00:00,1338.7555,1340.8155000000002,0.01,2,-2.060000000000173,0.3779968929624344,-2.437996892962607,-1.1834936373603895,3.78449999999998,1.2554999999999836,stop,2013
-1,124633,124743,2013-10-29 07:45:00+00:00,2013-10-30 12:15:00+00:00,1345.4,1353.98,0.01,110,-8.579999999999927,0.4316865320368249,-9.011686532036752,-1.050313115622008,11.235999999999876,6.411000000000058,stop,2013
-1,124767,124927,2013-10-30 18:15:00+00:00,2013-11-01 11:45:00+00:00,1340.5155,1313.4265,0.01,160,27.088999999999942,0.38302618371648783,26.705973816283453,1.971720906366681,5.067000000000007,28.390499999999975,target,2013
1,125020,125022,2013-11-04 13:00:00+00:00,2013-11-04 13:30:00+00:00,1321.67,1318.12,0.01,2,-3.5500000000001823,0.39811599829351724,-3.9481159982936997,-1.112145351631971,3.880000000000109,0.0,stop,2013
-1,125115,125121,2013-11-05 13:30:00+00:00,2013-11-05 15:00:00+00:00,1316.25,1312.0389999999998,0.01,6,4.21100000000024,0.3740348534205042,3.836965146579736,1.822353429864411,0.0,9.927500000000009,target,2013
-1,125175,125184,2013-11-06 05:15:00+00:00,2013-11-06 07:30:00+00:00,1313.9679999999998,1310.3849999999993,0.01,9,3.5830000000005384,0.4192509771221183,3.16374902287842,1.7659776851118865,0.4795000000001437,3.6779999999998836,target,2013
1,125268,125281,2013-11-07 05:15:00+00:00,2013-11-07 08:30:00+00:00,1317.031,1315.2895,0.01,13,-1.74149999999986,0.4149214517167488,-2.156421451716609,-1.2382552120107853,1.9884999999999309,3.1489999999998872,stop,2013
-1,125394,125594,2013-11-08 13:30:00+00:00,2013-11-12 17:15:00+00:00,1294.2869999999998,1276.915,0.01,200,17.371999999999844,0.48537953517490323,16.88662046482494,1.426475795305399,2.4730000000001837,20.616999999999734,time_stop,2013
-1,125672,125673,2013-11-13 13:30:00+00:00,2013-11-13 13:45:00+00:00,1276.071,1278.9299999999998,0.01,1,-2.8589999999999236,0.376595555791193,-3.2355955557911167,-1.131722824690872,3.382000000000062,0.0,stop,2013
-1,125762,125764,2013-11-14 12:45:00+00:00,2013-11-14 13:15:00+00:00,1280.2625,1282.5549999999998,0.01,2,-2.292499999999791,0.3723493226582752,-2.664849322658066,-1.1624206423809418,3.6649999999999636,0.9529999999999745,stop,2013
-1,125839,125840,2013-11-15 08:45:00+00:00,2013-11-15 09:00:00+00:00,1282.7795,1284.3345,0.01,1,-1.5549999999998363,0.381508936784208,-1.9365089367840442,-1.245343367706912,2.3589999999999236,0.0,stop,2013
-1,125929,125948,2013-11-18 08:15:00+00:00,2013-11-18 13:00:00+00:00,1285.1019999999999,1280.3299999999995,0.01,19,4.772000000000389,0.3579612677564949,4.4140387322438945,1.8499743219796876,1.199500000000171,7.362999999999829,target,2013
-1,126049,126112,2013-11-19 15:00:00+00:00,2013-11-20 07:30:00+00:00,1276.5895,1271.7695000000003,0.01,63,4.819999999999709,0.41068975931849155,4.409310240681218,1.8295893114860928,1.981499999999869,4.9220000000000255,target,2013
-1,126419,126421,2013-11-25 15:00:00+00:00,2013-11-25 15:30:00+00:00,1241.3645000000001,1243.7095,0.01,2,-2.3449999999998,0.3730115908925485,-2.7180115908923486,-1.1590667765000344,2.509499999999889,1.63350000000014,stop,2013
1,126503,126504,2013-11-26 12:45:00+00:00,2013-11-26 13:00:00+00:00,1248.1335,1247.0285,0.01,1,-1.1050000000000182,0.38080814256950807,-1.4858081425695262,-1.3446227534565627,1.7579999999998108,0.7980000000000018,stop,2013
-1,126576,126578,2013-11-27 07:45:00+00:00,2013-11-27 08:15:00+00:00,1244.7765,1245.9365,0.01,2,-1.1600000000000819,0.3499584861878399,-1.5099584861879218,-1.3016883501619096,2.0160000000000764,0.0,stop,2013
1,126691,126714,2013-11-28 13:15:00+00:00,2013-11-29 00:45:00+00:00,1244.3975,1242.7215,0.01,23,-1.675999999999931,0.4006079754601189,-2.07660797546005,-1.2390262383413697,1.7919999999999163,1.4915000000000873,stop,2013
-1,126716,126718,2013-11-29 01:15:00+00:00,2013-11-29 01:45:00+00:00,1242.7404999999999,1243.9454999999998,0.01,2,-1.2049999999999272,0.4118728846572934,-1.6168728846572207,-1.3418032237820068,1.4855000000002292,0.009499999999889042,stop,2013
1,126797,126821,2013-12-02 01:45:00+00:00,2013-12-02 07:45:00+00:00,1247.1754999999998,1245.8025,0.01,24,-1.37299999999982,0.4333134156152027,-1.8063134156150227,-1.31559607837965,3.382999999999811,1.356000000000222,stop,2013
1,127032,127045,2013-12-04 14:00:00+00:00,2013-12-04 17:15:00+00:00,1226.7179999999998,1232.8939999999993,0.01,13,6.175999999999476,0.39308712250184547,5.782912877497631,1.8727049473763346,1.8059999999998126,11.754000000000133,target,2013
1,127107,127120,2013-12-05 09:30:00+00:00,2013-12-05 12:45:00+00:00,1232.6035000000002,1230.063,0.01,13,-2.5405000000000655,0.3938794389499913,-2.9343794389500566,-1.1550401255461449,3.3575000000000728,3.5614999999997963,stop,2013
1,127191,127194,2013-12-06 07:15:00+00:00,2013-12-06 08:00:00+00:00,1231.251,1228.0675,0.01,3,-3.183499999999867,0.4295674180427648,-3.613067418042632,-1.1349355797213077,3.8619999999998527,1.0235000000000127,stop,2013
-1,127254,127259,2013-12-09 00:00:00+00:00,2013-12-09 01:15:00+00:00,1228.3274999999999,1230.059,0.01,5,-1.7315000000000964,0.43100366036603716,-2.1625036603661334,-1.2489192378665972,2.54950000000008,2.887499999999818,stop,2013
1,127519,127525,2013-12-11 20:00:00+00:00,2013-12-11 21:30:00+00:00,1254.3445000000002,1252.0725,0.01,6,-2.272000000000162,0.41846206894749494,-2.6904620689476566,-1.1841822486564546,2.6140000000000327,0.8409999999998945,stop,2013
1,127559,127567,2013-12-12 06:45:00+00:00,2013-12-12 08:45:00+00:00,1254.945,1252.765,0.01,8,-2.1799999999998363,0.4307032352679289,-2.6107032352677653,-1.1975702914073216,2.8899999999998727,2.1704999999999472,stop,2013
1,127687,127750,2013-12-13 15:30:00+00:00,2013-12-16 08:00:00+00:00,1238.6080000000002,1232.3944999999999,0.01,63,-6.213500000000295,0.4321594130352795,-6.645659413035574,-1.0695516879432299,6.5870000000002165,0.24949999999989814,stop,2013
1,127770,127780,2013-12-16 13:00:00+00:00,2013-12-16 15:30:00+00:00,1236.083,1243.315,0.01,10,7.23199999999997,0.39123962126071904,6.840760378739251,1.8918032020849778,2.4815000000000964,8.203499999999849,target,2013
-1,127849,127857,2013-12-17 09:30:00+00:00,2013-12-17 11:30:00+00:00,1238.676,1240.031,0.01,8,-1.3550000000000182,0.4119256624278317,-1.76692566242785,-1.3040041789135248,1.3775000000000546,2.224999999999909,stop,2013
-1,127939,127942,2013-12-18 08:45:00+00:00,2013-12-18 09:30:00+00:00,1234.7565,1236.2555000000002,0.01,3,-1.499000000000251,0.42132740794548773,-1.9203274079457389,-1.2810723201770629,1.8185000000000855,1.2660000000000764,stop,2013
-1,128160,128221,2013-12-20 17:30:00+00:00,2013-12-23 09:45:00+00:00,1203.9189999999999,1198.9699999999993,0.01,61,4.949000000000524,0.38248872163658415,4.56651127836394,1.845427875677291,2.4435000000000855,6.401499999999942,target,2013
-1,128245,128253,2013-12-23 15:45:00+00:00,2013-12-23 17:45:00+00:00,1201.9105,1197.6605,0.01,8,4.25,0.3729072134387253,3.8770927865612745,1.8245142524994233,0.6700000000000728,4.551500000000033,target,2013
-1,128311,128330,2013-12-24 09:15:00+00:00,2013-12-24 14:00:00+00:00,1199.9499999999998,1202.3674999999998,0.01,19,-2.417500000000018,0.5063540373410538,-2.923854037341072,-1.2094535831814064,3.0,3.6399999999998727,stop,2013
-1,128533,128557,2013-12-30 01:30:00+00:00,2013-12-30 07:30:00+00:00,1209.8899999999999,1203.0139999999997,0.01,24,6.876000000000204,0.45457101871102024,6.421428981289184,1.8677803901364147,1.4320000000002437,6.876999999999953,target,2013
-1,128695,128697,2013-12-31 18:45:00+00:00,2013-12-31 19:15:00+00:00,1203.2875,1201.2224999999994,0.01,2,2.0650000000005093,0.4280955608443649,1.6369044391561445,1.5853796020878845,0.0,2.8199999999999363,target,2013
1,128709,128716,2014-01-01 23:15:00+00:00,2014-01-02 01:00:00+00:00,1205.4265,1208.9145000000003,0.01,7,3.4880000000002838,0.5165743148879021,2.971425685112382,1.70379913137164,0.3465000000001055,8.223500000000058,target,2014
-1,129041,129042,2014-01-07 12:45:00+00:00,2014-01-07 13:00:00+00:00,1235.71,1238.7420000000002,0.01,1,-3.032000000000153,0.39249743001804355,-3.4244974300181963,-1.1294516589769208,3.2730000000001382,0.0,stop,2014
-1,129136,129137,2014-01-08 13:15:00+00:00,2014-01-08 13:30:00+00:00,1229.6619999999998,1224.8619999999996,0.01,1,4.800000000000182,0.4054266589190431,4.394573341081139,1.831072225450405,0.0,9.11999999999989,target,2014
1,129229,129230,2014-01-09 13:15:00+00:00,2014-01-09 13:30:00+00:00,1231.0230000000001,1228.3475,0.01,1,-2.6755000000000564,0.41687850853198166,-3.092378508532038,-1.1558133091130527,3.805000000000291,0.5919999999998709,stop,2014
-1,129270,129274,2014-01-10 00:15:00+00:00,2014-01-10 01:15:00+00:00,1227.958,1229.1625,0.01,4,-1.2044999999998254,0.43563422924074363,-1.640134229240569,-1.3616722534170251,1.50649999999996,0.2300000000000182,stop,2014
-1,129520,129720,2014-01-14 16:30:00+00:00,2014-01-16 20:00:00+00:00,1242.0895,1241.983,0.01,200,0.1065000000000964,0.4146693159982175,-0.3081693159981211,-0.03291528074746303,4.40099999999984,7.698499999999967,time_stop,2014
1,129738,129756,2014-01-17 01:15:00+00:00,2014-01-17 05:45:00+00:00,1242.3775,1244.4725000000003,0.01,18,2.0950000000002547,0.4031107084923306,1.691889291507924,1.615168774709039,0.8420000000000982,2.201000000000022,target,2014
1,130122,130138,2014-01-23 09:45:00+00:00,2014-01-23 13:45:00+00:00,1244.8385,1256.9905,0.01,16,12.152000000000044,0.4265022800247494,11.725497719975294,1.92980541803411,0.42249999999989996,13.609499999999798,target,2014
1,130317,130321,2014-01-27 12:15:00+00:00,2014-01-27 13:15:00+00:00,1264.237,1262.788,0.01,4,-1.4490000000000691,0.40065913509549794,-1.8496591350955671,-1.2765073396104063,5.492500000000064,1.3344999999999345,stop,2014
-1,130386,130391,2014-01-28 06:15:00+00:00,2014-01-28 07:30:00+00:00,1259.873,1257.2500000000005,0.01,5,2.6229999999995925,0.398281545941578,2.2247184540580145,1.6963160152942127,0.7574999999999363,3.4234999999998763,target,2014
-1,130577,130600,2014-01-30 07:30:00+00:00,2014-01-30 13:15:00+00:00,1257.5245,1250.5025,0.01,23,7.021999999999935,0.43965745409062723,6.582342545909309,1.8747771420989374,1.9454999999998108,14.121000000000095,target,2014
-1,130690,130693,2014-01-31 12:30:00+00:00,2014-01-31 13:15:00+00:00,1248.084,1250.4035,0.01,3,-2.3194999999998345,0.4190290845908439,-2.7385290845906782,-1.1806549189872273,5.54099999999994,0.1614999999999327,stop,2014
-1,130776,130782,2014-02-03 10:45:00+00:00,2014-02-03 12:15:00+00:00,1246.25,1247.87,0.01,6,-1.6199999999998909,0.41510322093629676,-2.0351032209361875,-1.2562365561335336,2.8220000000001164,1.949999999999818,stop,2014
1,130875,130878,2014-02-04 12:15:00+00:00,2014-02-04 13:00:00+00:00,1253.6425,1252.6064999999999,0.01,3,-1.0360000000000582,0.4168062358515686,-1.452806235851627,-1.4023226214783255,1.2274999999999636,2.0075000000001637,stop,2014
1,130980,131159,2014-02-05 15:15:00+00:00,2014-02-07 13:30:00+00:00,1258.658,1270.8299999999995,0.01,179,12.17199999999957,0.4232409250445684,11.748759074955002,1.9304566340708866,5.744999999999891,13.102499999999964,target,2014
-1,131163,131164,2014-02-07 14:30:00+00:00,2014-02-07 14:45:00+00:00,1257.7795,1260.2595,0.01,1,-2.479999999999791,0.40364274920382887,-2.8836427492036196,-1.1627591730660738,3.1204999999999927,0.0,stop,2014
-1,131510,131511,2014-02-13 08:30:00+00:00,2014-02-13 08:45:00+00:00,1286.4185,1287.7350000000001,0.01,1,-1.3165000000001328,0.4191574987966907,-1.7356574987968234,-1.3183877696898203,1.9829999999999472,0.0,stop,2014
-1,131762,131768,2014-02-18 06:00:00+00:00,2014-02-18 07:30:00+00:00,1317.255,1319.1689999999999,0.01,6,-1.91399999999976,0.3840433151290333,-2.298043315128793,-1.2006495899315994,2.1549999999997453,0.38200000000006185,stop,2014
-1,131837,131851,2014-02-19 01:30:00+00:00,2014-02-19 05:00:00+00:00,1318.73,1314.7069999999999,0.01,14,4.023000000000138,0.39249901421538097,3.6305009857847574,1.8048724761544284,0.875,4.238000000000056,target,2014
-1,131981,131982,2014-02-20 14:15:00+00:00,2014-02-20 14:30:00+00:00,1314.951,1312.469,0.01,1,2.481999999999971,0.3296409437008094,2.1523590562991615,1.7343747431903196,0.45699999999987995,3.5709999999999127,target,2014
-1,132032,132033,2014-02-21 03:45:00+00:00,2014-02-21 04:00:00+00:00,1316.69,1317.8890000000001,0.01,1,-1.1990000000000691,0.4008357147163342,-1.5998357147164033,-1.3343083525573904,1.3899999999998727,0.0,stop,2014
1,132115,132132,2014-02-24 01:30:00+00:00,2014-02-24 05:45:00+00:00,1321.9675,1326.1424999999997,0.01,17,4.174999999999727,0.4013554352329824,3.773644564766745,1.8077339232416727,1.8134999999999764,5.19600000000014,target,2014
-1,132345,132346,2014-02-26 12:45:00+00:00,2014-02-26 13:00:00+00:00,1335.1225,1331.8055,0.01,1,3.3170000000000073,0.3345994285793527,2.9824005714206545,1.7982517765575206,0.0,5.1729999999997744,target,2014
-1,132429,132430,2014-02-27 10:30:00+00:00,2014-02-27 10:45:00+00:00,1331.5525,1332.914,0.01,1,-1.3614999999999782,0.3502019347544616,-1.7117019347544398,-1.2572177265916027,1.8379999999999654,0.0,stop,2014
1,132485,132492,2014-02-28 01:15:00+00:00,2014-02-28 03:00:00+00:00,1333.0055,1331.2255,0.01,7,-1.779999999999973,0.39570759739445954,-2.1757075973944326,-1.2223076389856549,2.4255000000000564,0.4194999999999709,stop,2014
-1,132811,132816,2014-03-05 14:00:00+00:00,2014-03-05 15:15:00+00:00,1336.7849999999999,1338.134,0.01,5,-1.34900000000016,0.33017981956735415,-1.6791798195675143,-1.244758947047676,1.8845000000001164,2.55600000000004,stop,2014
1,132871,132872,2014-03-06 05:45:00+00:00,2014-03-06 06:00:00+00:00,1338.7939999999999,1337.4479999999999,0.01,1,-1.3460000000000036,0.3174126925544855,-1.6634126925544892,-1.235819236667522,4.1909999999998035,0.0,stop,2014
1,133081,133082,2014-03-10 12:00:00+00:00,2014-03-10 12:15:00+00:00,1340.143,1338.1805,0.01,1,-1.962500000000091,0.3233249242324956,-2.2858249242325863,-1.1647515537490345,2.005000000000109,0.0,stop,2014
-1,133129,133130,2014-03-11 01:30:00+00:00,2014-03-11 01:45:00+00:00,1339.1715,1340.2710000000002,0.01,1,-1.099500000000262,0.33773868534482326,-1.4372386853450851,-1.3071747934013123,2.936500000000251,0.0,stop,2014
1,133529,133544,2014-03-17 12:15:00+00:00,2014-03-17 16:00:00+00:00,1377.902,1374.7759999999998,0.01,15,-3.1260000000002037,0.35109231852798317,-3.477092318528187,-1.1123136015764428,6.300000000000182,4.442000000000007,stop,2014
1,133872,133876,2014-03-21 08:45:00+00:00,2014-03-21 09:45:00+00:00,1338.149,1336.2199999999998,0.01,4,-1.9290000000000873,0.36549256807545794,-2.2944925680755452,-1.1894725599146923,2.2909999999997126,1.849500000000262,stop,2014
-1,134150,134153,2014-03-26 11:30:00+00:00,2014-03-26 12:15:00+00:00,1314.949,1311.8690000000001,0.01,3,3.0799999999999272,0.4108783955468249,2.6691216044531023,1.73319584704751,0.0,4.673000000000002,target,2014
-1,134374,134398,2014-03-31 00:45:00+00:00,2014-03-31 06:45:00+00:00,1296.692,1292.73,0.01,24,3.961999999999989,0.3250486691858806,3.6369513308141084,1.8359168757264606,1.59900000000016,6.2150000000001455,target,2014
1,134597,134682,2014-04-02 12:00:00+00:00,2014-04-03 11:00:00+00:00,1292.01,1284.138,0.01,85,-7.872000000000071,0.3210977300720875,-8.193097730072159,-1.0407898539217588,9.624000000000024,2.6380000000001473,stop,2014
1,134879,134928,2014-04-07 15:45:00+00:00,2014-04-08 05:45:00+00:00,1298.978,1305.4719999999998,0.01,49,6.493999999999687,0.3242427909735425,6.1697572090261446,1.9001408096786085,3.038000000000011,7.600500000000011,target,2014
-1,135040,135067,2014-04-09 11:15:00+00:00,2014-04-09 18:00:00+00:00,1304.268,1309.0610000000001,0.01,27,-4.79300000000012,0.33156542903197755,-5.124565429032097,-1.0691770141940264,7.005999999999858,3.288000000000011,stop,2014
1,135211,135215,2014-04-11 09:15:00+00:00,2014-04-11 10:15:00+00:00,1317.375,1322.0110000000004,0.01,4,4.636000000000422,0.32908823529411674,4.306911764706305,1.8580292341267959,0.6089999999999236,5.973500000000058,target,2014
1,135313,135376,2014-04-14 12:45:00+00:00,2014-04-15 06:15:00+00:00,1323.6595,1318.844,0.01,63,-4.815499999999929,0.32992444862861947,-5.145424448628549,-1.068513020169998,8.711500000000115,7.575500000000147,stop,2014
-1,135577,135585,2014-04-17 12:00:00+00:00,2014-04-17 14:00:00+00:00,1302.7825,1299.9155000000003,0.01,8,2.8669999999997344,0.3326108992595556,2.534389100740179,1.767972864137017,0.36649999999985994,4.082999999999856,target,2014
-1,135752,135763,2014-04-22 09:30:00+00:00,2014-04-22 12:15:00+00:00,1291.315,1292.604,0.01,11,-1.2889999999999873,0.3245159220532321,-1.6135159220532194,-1.2517578914299732,1.5589999999997417,1.5399999999999636,stop,2014
-1,135921,135923,2014-04-24 05:15:00+00:00,2014-04-24 05:45:00+00:00,1285.3850000000002,1286.548,0.01,2,-1.1629999999997835,0.33843232428613484,-1.5014323242859184,-1.290999418990712,1.7289999999998145,0.14800000000013824,stop,2014
-1,136142,136232,2014-04-28 14:15:00+00:00,2014-04-29 13:30:00+00:00,1293.7669999999998,1300.5030000000002,0.01,90,-6.736000000000331,0.3106808934727617,-7.046680893473093,-1.0461224604324149,7.703500000000076,7.375,stop,2014
1,136232,136249,2014-04-29 13:30:00+00:00,2014-04-29 17:45:00+00:00,1297.0790000000002,1294.917,0.01,17,-2.162000000000262,0.31654713315930866,-2.4785471331595708,-1.146414030138423,2.844000000000051,3.4859999999998763,stop,2014
-1,136273,136299,2014-04-30 00:30:00+00:00,2014-04-30 07:00:00+00:00,1294.7939999999999,1292.0239999999994,0.01,26,2.7700000000004366,0.3322167216903336,2.437783278310103,1.7601323309095442,1.3120000000003529,3.8350000000000364,target,2014
-1,136504,136507,2014-05-02 11:45:00+00:00,2014-05-02 12:30:00+00:00,1286.701,1283.5860000000002,0.01,3,3.1149999999997817,0.35974336310736493,2.7552566368924167,1.7690251280209373,1.1729999999997744,10.898000000000138,target,2014
1,136699,136742,2014-05-06 14:15:00+00:00,2014-05-07 01:45:00+00:00,1307.15,1312.5819999999999,0.01,43,5.431999999999789,0.3302816537972408,5.101718346202548,1.878394089176269,1.2980000000002292,5.527000000000044,target,2014
-1,136784,136799,2014-05-07 12:15:00+00:00,2014-05-07 16:00:00+00:00,1303.3025,1291.7335,0.01,15,11.56899999999996,0.33566051339964126,11.233339486600318,1.9419724239952212,2.098499999999831,12.307000000000016,target,2014
1,136968,136969,2014-05-09 11:45:00+00:00,2014-05-09 12:00:00+00:00,1294.075,1292.5425,0.01,1,-1.5325000000000273,0.33352763972997806,-1.8660276397300053,-1.2176363065122167,2.2590000000000146,0.0,stop,2014
1,137029,137036,2014-05-12 04:00:00+00:00,2014-05-12 05:45:00+00:00,1291.8429999999998,1288.9920000000002,0.01,7,-2.850999999999658,0.339505035496566,-3.190505035496224,-1.1190827904232223,3.5,0.0,stop,2014
1,137121,137122,2014-05-13 03:45:00+00:00,2014-05-13 04:00:00+00:00,1294.1680000000001,1292.953,0.01,1,-1.2150000000001455,0.33578212898212584,-1.5507821289822714,-1.2763638921663256,1.774000000000342,0.0,stop,2014
-1,137203,137213,2014-05-14 01:00:00+00:00,2014-05-14 03:30:00+00:00,1293.0285,1294.549,0.01,10,-1.5205000000000837,0.3366726100328707,-1.8571726100329544,-1.2214223018959895,1.919499999999971,1.387499999999818,stop,2014
1,137349,137354,2014-05-15 14:15:00+00:00,2014-05-15 15:30:00+00:00,1302.623,1297.94,0.01,5,-4.682999999999993,0.3260536149243488,-5.009053614924341,-1.06962494446388,8.376000000000204,0.0,stop,2014
1,137489,137508,2014-05-19 03:00:00+00:00,2014-05-19 07:45:00+00:00,1295.905,1298.394,0.01,19,2.4890000000000327,0.33018754041909587,2.158812459580937,1.7346825709770257,0.796500000000151,5.654000000000224,target,2014
1,137625,137707,2014-05-20 13:45:00+00:00,2014-05-21 11:00:00+00:00,1295.9630000000002,1288.87,0.01,82,-7.093000000000302,0.31944565887322385,-7.4124456588735255,-1.045036748748514,7.80800000000022,0.9604999999996835,stop,2014
1,137789,137796,2014-05-22 08:30:00+00:00,2014-05-22 10:15:00+00:00,1294.0839999999998,1296.5879999999997,0.01,7,2.5039999999999054,0.3318684806640785,2.172131519335827,1.7349293285430585,0.11199999999962529,2.673999999999978,target,2014
1,137859,137871,2014-05-23 02:45:00+00:00,2014-05-23 05:45:00+00:00,1295.1855,1293.9524999999999,0.01,12,-1.2330000000001746,0.3325308441525168,-1.5655308441526914,-1.2696924932299025,1.4704999999999018,0.41849999999976717,stop,2014
1,137948,137959,2014-05-26 02:00:00+00:00,2014-05-26 04:45:00+00:00,1293.9969999999998,1292.7289999999998,0.01,11,-1.268000000000029,0.33375233885062167,-1.6017523388506507,-1.2632116236992224,1.5099999999997635,0.07500000000027285,stop,2014
-1,138033,138040,2014-05-27 04:00:00+00:00,2014-05-27 05:45:00+00:00,1291.7289999999998,1289.0849999999996,0.01,7,2.644000000000233,0.3259015064835968,2.318098493516636,1.7534784368505536,0.375,3.1929999999997563,target,2014
-1,138621,138623,2014-06-04 11:45:00+00:00,2014-06-04 12:15:00+00:00,1245.3939999999998,1246.4344999999998,0.01,2,-1.0405000000000655,0.3486269612936153,-1.3891269612936807,-1.3350571468463175,3.74100000000044,0.26199999999971624,stop,2014
1,138711,138714,2014-06-05 11:00:00+00:00,2014-06-05 11:45:00+00:00,1245.647,1244.3555000000001,0.01,3,-1.2914999999998145,0.3181916952638685,-1.6096916952636828,-1.24637374778468,4.457499999999982,1.8430000000000746,stop,2014
1,138820,138852,2014-06-06 15:00:00+00:00,2014-06-09 00:00:00+00:00,1251.1895,1254.2944999999995,0.01,32,3.1049999999995634,0.33480366375001297,2.7701963362495503,1.784345466183536,0.42250000000012733,3.1475000000000364,target,2014
1,138913,138915,2014-06-09 15:15:00+00:00,2014-06-09 15:45:00+00:00,1253.6999999999998,1252.5225,0.01,2,-1.1774999999997817,0.3310352057713197,-1.5085352057711015,-1.2811339327145488,1.3099999999999454,0.047000000000025466,stop,2014
1,138950,138994,2014-06-10 01:15:00+00:00,2014-06-10 12:15:00+00:00,1254.1260000000002,1257.8860000000004,0.01,44,3.760000000000218,0.3256542019937622,3.4343457980064556,1.826779679790562,1.705500000000029,8.5649999999996,target,2014
1,139374,139392,2014-06-16 14:30:00+00:00,2014-06-16 19:00:00+00:00,1275.96,1273.2525,0.01,18,-2.707499999999982,0.29263079673336156,-3.0001307967333433,-1.1080815500400234,3.9839999999999236,0.14949999999998909,stop,2014
-1,139470,139478,2014-06-17 15:15:00+00:00,2014-06-17 17:15:00+00:00,1269.3045000000002,1271.5320000000002,0.01,8,-2.2274999999999636,0.3217513206910921,-2.549251320691056,-1.144445037347294,3.195499999999811,0.0,stop,2014
-1,139532,139542,2014-06-18 07:30:00+00:00,2014-06-18 10:00:00+00:00,1268.981,1270.613,0.01,10,-1.6320000000000618,0.3169754656133819,-1.9489754656134437,-1.1942251627532903,2.002999999999929,2.576999999999998,stop,2014
-1,139974,139976,2014-06-25 02:15:00+00:00,2014-06-25 02:45:00+00:00,1314.909,1312.0320000000002,0.01,2,2.8769999999999527,0.3541746231916481,2.5228253768083047,1.7537889306974948,0.48099999999976717,7.408500000000004,target,2014
-1,140085,140087,2014-06-26 06:45:00+00:00,2014-06-26 07:15:00+00:00,1316.312,1313.6689999999999,0.01,2,2.643000000000029,0.3301976400039682,2.312802359996061,1.750134211120723,0.10300000000006548,4.739499999999907,target,2014
1,140183,140185,2014-06-27 08:00:00+00:00,2014-06-27 08:30:00+00:00,1317.5100000000002,1316.2469999999998,0.01,2,-1.2630000000003747,0.3351996923223058,-1.5981996923226804,-1.265399598038168,3.094500000000153,0.1069999999999709,stop,2014
-1,140248,140260,2014-06-30 01:15:00+00:00,2014-06-30 04:15:00+00:00,1314.225,1316.7424999999998,0.01,12,-2.5174999999999272,0.33013544308220416,-2.8476354430821313,-1.131136223667215,2.7280000000000655,0.0,stop,2014
1,140480,140538,2014-07-02 12:45:00+00:00,2014-07-03 04:00:00+00:00,1325.7330000000002,1322.2489999999998,0.01,58,-3.4840000000003783,0.3263540880057063,-3.8103540880060844,-1.0936722411038091,3.855000000000018,6.360999999999876,stop,2014
1,140644,140659,2014-07-04 07:15:00+00:00,2014-07-04 11:00:00+00:00,1322.449,1320.87,0.01,15,-1.5790000000001783,0.3224408444045944,-1.9014408444047728,-1.2042057279319558,1.8510000000001128,0.6300000000001091,stop,2014
1,140770,140796,2014-07-07 19:30:00+00:00,2014-07-08 02:45:00+00:00,1318.5885,1317.5504999999998,0.01,26,-1.0380000000002383,0.3300631688879564,-1.3680631688881948,-1.3179799314912146,1.1875000000002274,1.7924999999997908,stop,2014
1,140810,140829,2014-07-08 06:15:00+00:00,2014-07-08 11:00:00+00:00,1318.911,1321.9630000000002,0.01,19,3.0520000000001346,0.32281118146918697,2.7291888185309476,1.7884592519861253,1.3850000000002183,3.9845000000000255,target,2014
1,140880,140888,2014-07-09 00:30:00+00:00,2014-07-09 02:30:00+00:00,1319.0610000000001,1321.3010000000008,0.01,8,2.240000000000691,0.3332621299342045,1.9067378700664868,1.702444526844552,1.0010000000002037,2.9459999999999127,target,2014
-1,141171,141181,2014-07-14 03:45:00+00:00,2014-07-14 06:15:00+00:00,1331.866,1325.7870000000003,0.01,10,6.0789999999997235,0.33093674800119116,5.748063251998532,1.891121319953543,1.6739999999999782,14.935500000000047,target,2014
1,141450,141455,2014-07-17 04:00:00+00:00,2014-07-17 05:15:00+00:00,1303.379,1305.4070000000002,0.01,5,2.0280000000002474,0.3357896690930374,1.6922103309072098,1.6688464801844216,0.0,2.469000000000051,target,2014
1,141567,141574,2014-07-18 10:15:00+00:00,2014-07-18 12:00:00+00:00,1311.9,1309.033,0.01,7,-2.867000000000189,0.32596170212766307,-3.1929617021278522,-1.1136943502363592,3.7510000000002037,0.0,stop,2014
1,141681,141729,2014-07-21 15:45:00+00:00,2014-07-22 04:30:00+00:00,1311.9865,1310.476,0.01,48,-1.5104999999998654,0.33115072085889624,-1.8416507208587616,-1.2192325196020692,4.013500000000022,2.5475000000001273,stop,2014
1,141763,141767,2014-07-22 13:00:00+00:00,2014-07-22 14:00:00+00:00,1312.626,1309.504,0.01,4,-3.122000000000071,0.3359785491313465,-3.4579785491314174,-1.1076164475116397,8.823000000000093,1.2830000000001291,stop,2014
-1,141837,141839,2014-07-23 08:15:00+00:00,2014-07-23 08:45:00+00:00,1307.853,1309.034,0.01,2,-1.18100000000004,0.32810690419741156,-1.5091069041974516,-1.2778212567293823,1.6984999999999673,0.13450000000011642,stop,2014
1,142051,142069,2014-07-25 15:15:00+00:00,2014-07-25 19:45:00+00:00,1299.2305000000001,1307.5425,0.01,18,8.311999999999898,0.3271321166772496,7.984867883322648,1.9212867861700544,2.21100000000024,9.449499999999716,target,2014
-1,142319,142519,2014-07-30 13:00:00+00:00,2014-08-01 16:45:00+00:00,1294.2885,1295.2765,0.01,200,-0.9879999999998291,0.3650024864621675,-1.3530024864619965,-0.14187621102731673,3.7835000000000036,13.776499999999942,time_stop,2014
-1,142593,142595,2014-08-04 12:15:00+00:00,2014-08-04 12:45:00+00:00,1289.7955000000002,1292.0819999999999,0.01,2,-2.2864999999997053,0.32508431627755696,-2.6115843162772623,-1.1421755155379834,2.7554999999997563,0.0,stop,2014
-1,142686,142693,2014-08-05 12:15:00+00:00,2014-08-05 14:00:00+00:00,1289.7275,1284.0294999999996,0.01,7,5.69800000000032,0.3371936830932246,5.360806316907095,1.8816448988791836,0.0,6.7914999999998145,target,2014
-1,142769,142778,2014-08-06 09:45:00+00:00,2014-08-06 12:00:00+00:00,1288.4375,1291.636,0.01,9,-3.1984999999999673,0.3162423310812955,-3.514742331081263,-1.098872074747944,6.172500000000127,0.28749999999990905,stop,2014
1,142967,142972,2014-08-08 13:00:00+00:00,2014-08-08 14:15:00+00:00,1310.016,1313.5580000000004,0.01,5,3.542000000000371,0.34701965541491114,3.19498034458546,1.8040544012338369,0.8405000000002474,3.6644999999998618,target,2014
-1,143008,143017,2014-08-11 00:15:00+00:00,2014-08-11 02:30:00+00:00,1308.444,1305.542,0.01,9,2.9020000000000437,0.363325320846452,2.5386746791535915,1.7496035004504158,1.0270000000000437,3.16599999999994,target,2014
-1,143101,143125,2014-08-12 00:30:00+00:00,2014-08-12 06:30:00+00:00,1307.851,1309.282,0.01,24,-1.4309999999998126,0.3577473195959047,-1.7887473195957173,-1.2499981269014335,1.543999999999869,2.061000000000149,stop,2014
1,143215,143218,2014-08-13 06:00:00+00:00,2014-08-13 06:45:00+00:00,1310.3809999999999,1309.298,0.01,3,-1.0829999999998563,0.35518368124634436,-1.4381836812462008,-1.3279627712339719,1.1299999999998818,1.0090000000000146,stop,2014
-1,143327,143333,2014-08-14 11:00:00+00:00,2014-08-14 12:30:00+00:00,1310.2445,1311.8295,0.01,6,-1.5850000000000364,0.35502664951042967,-1.940026649510466,-1.223991576978184,9.3125,1.1440000000000055,stop,2014
1,143417,143419,2014-08-15 10:30:00+00:00,2014-08-15 11:00:00+00:00,1312.9935,1311.67,0.01,2,-1.3234999999999673,0.353203385998518,-1.6767033859984852,-1.2668707109924644,1.4980000000000473,0.8389999999999418,stop,2014
-1,143608,143610,2014-08-19 12:00:00+00:00,2014-08-19 12:30:00+00:00,1301.0525,1298.9774999999997,0.01,2,2.075000000000273,0.3756467996550763,1.6993532003451965,1.6379307955132272,0.6910000000000309,3.558499999999867,target,2014
-1,143704,143725,2014-08-20 12:45:00+00:00,2014-08-20 18:00:00+00:00,1296.094,1292.165,0.01,21,3.9290000000000873,0.3908980245733988,3.5381019754266885,1.8010190763179486,1.2725000000000364,5.690500000000156,target,2014
-1,143965,143995,2014-08-25 12:30:00+00:00,2014-08-25 20:00:00+00:00,1278.8519999999999,1274.5989999999997,0.01,30,4.253000000000156,0.3933661412890602,3.859633858711096,1.8150170979125109,0.20650000000023283,4.341499999999996,target,2014
1,144103,144111,2014-08-27 00:30:00+00:00,2014-08-27 02:30:00+00:00,1282.439,1284.7170000000003,0.01,8,2.2780000000002474,0.4119756085444623,1.866024391455785,1.6383006070725044,0.09800000000018372,2.298999999999978,target,2014
-1,144339,144343,2014-08-29 13:15:00+00:00,2014-08-29 14:15:00+00:00,1286.3609999999999,1288.465,0.01,4,-2.104000000000042,0.4143334273861559,-2.5183334273861977,-1.1969265339287773,5.093000000000075,0.9744999999998072,stop,2014
-1,144380,144391,2014-09-01 00:30:00+00:00,2014-09-01 03:15:00+00:00,1286.404,1287.4365,0.01,11,-1.0325000000000273,0.43200086519447817,-1.4645008651945055,-1.4184027750067476,1.3589999999999236,1.4890000000000327,stop,2014
1,144673,144683,2014-09-04 08:30:00+00:00,2014-09-04 11:00:00+00:00,1272.404,1270.8020000000001,0.01,10,-1.6019999999998618,0.4124447113003825,-2.014444711300244,-1.2574561244072522,2.5720000000001164,0.6600000000000819,stop,2014
-1,144786,144788,2014-09-05 13:30:00+00:00,2014-09-05 14:00:00+00:00,1266.504,1267.6045,0.01,2,-1.100500000000011,0.41068152952389686,-1.5111815295239077,-1.3731772190130784,1.2870000000000346,1.9369999999998981,stop,2014
1,144834,144863,2014-09-08 02:30:00+00:00,2014-09-08 09:45:00+00:00,1268.633,1266.71,0.01,29,-1.9230000000000018,0.4097162883298392,-2.332716288329841,-1.213060992371211,1.9790000000000418,3.2509999999999764,stop,2014
-1,145037,145042,2014-09-10 06:45:00+00:00,2014-09-10 08:00:00+00:00,1256.835,1254.781,0.01,5,2.0540000000000873,0.39968988409849,1.6543101159015974,1.610818029115411,0.17499999999995453,2.3015000000000327,target,2014
-1,145335,145343,2014-09-15 12:00:00+00:00,2014-09-15 14:00:00+00:00,1236.488,1232.9160000000004,0.01,8,3.5719999999996617,0.40943496228646736,3.162565037713194,1.7707531006234567,0.0,3.8659999999999854,target,2014
1,145385,145404,2014-09-16 01:30:00+00:00,2014-09-16 06:15:00+00:00,1236.632,1234.9395,0.01,19,-1.6925000000001091,0.4001381750559427,-2.092638175056052,-1.2364184195308223,1.7384999999999309,1.9290000000000873,stop,2014
1,145476,145503,2014-09-17 01:00:00+00:00,2014-09-17 07:45:00+00:00,1236.734,1235.1035,0.01,27,-1.6304999999999836,0.4143347517426639,-2.0448347517426475,-1.2541151497961778,1.9220000000000255,2.4525000000001,stop,2014
1,145671,145673,2014-09-19 03:45:00+00:00,2014-09-19 04:15:00+00:00,1228.212,1225.3755,0.01,2,-2.8364999999998872,0.39594004127557497,-3.232440041275462,-1.1395875343823694,3.061000000000149,0.13400000000001455,stop,2014
1,145812,145826,2014-09-22 16:00:00+00:00,2014-09-22 19:30:00+00:00,1219.6844999999998,1215.399,0.01,14,-4.285499999999956,0.392290306595496,-4.677790306595452,-1.0915389818213743,5.199499999999716,0.0,stop,2014
-1,145867,145873,2014-09-23 06:30:00+00:00,2014-09-23 08:00:00+00:00,1216.9425,1218.891,0.01,6,-1.9484999999999673,0.3925630003835913,-2.3410630003835586,-1.2014693355830628,2.4204999999999472,1.3125,stop,2014
1,145939,145979,2014-09-24 01:15:00+00:00,2014-09-24 11:15:00+00:00,1222.695,1220.4125,0.01,40,-2.2825000000000273,0.3549386159989305,-2.637438615998958,-1.1555043224529797,2.5804999999998017,3.4850000000001273,stop,2014
1,146086,146171,2014-09-25 14:45:00+00:00,2014-09-26 12:45:00+00:00,1224.142,1215.6975,0.01,85,-8.444500000000062,0.4095874644490523,-8.854087464449114,-1.048503459583048,9.473000000000184,7.290499999999838,stop,2014
-1,146171,146244,2014-09-26 12:45:00+00:00,2014-09-29 08:00:00+00:00,1216.8184999999999,1220.9165,0.01,73,-4.098000000000184,0.4040766557265174,-4.502076655726701,-1.0986033810948022,4.23050000000012,4.434999999999945,stop,2014
1,146251,146255,2014-09-29 09:45:00+00:00,2014-09-29 10:45:00+00:00,1219.1064999999999,1221.3804999999998,0.01,4,2.2739999999998872,0.37352731806953937,1.900472681930348,1.6714799313372402,0.09049999999979264,2.2800000000002,target,2014
-1,146363,146364,2014-09-30 14:30:00+00:00,2014-09-30 14:45:00+00:00,1215.4769999999999,1213.1099999999997,0.01,1,2.367000000000189,0.39584689129963546,1.9711531087005536,1.6655286089568198,0.0,3.352999999999838,target,2014
1,146447,146610,2014-10-01 12:30:00+00:00,2014-10-03 06:45:00+00:00,1214.094,1208.13,0.01,163,-5.963999999999942,0.4085326333924841,-6.372532633392426,-1.0684997708572248,7.402000000000044,8.495999999999867,stop,2014
1,146734,146742,2014-10-06 14:45:00+00:00,2014-10-06 16:45:00+00:00,1201.583,1207.6390000000001,0.01,8,6.05600000000004,0.40128438781516024,5.65471561218488,1.8674754333503443,1.2130000000001928,7.576000000000022,target,2014
1,146920,146921,2014-10-08 15:00:00+00:00,2014-10-08 15:15:00+00:00,1211.534,1209.8745,0.01,1,-1.6595000000002074,0.377147248047159,-2.0366472480473665,-1.227265590869004,5.233500000000049,0.0,stop,2014
-1,147077,147081,2014-10-10 07:45:00+00:00,2014-10-10 08:45:00+00:00,1220.276,1221.744,0.01,4,-1.4679999999998472,0.3706690886758951,-1.8386690886757422,-1.2524993792070391,2.4179999999998927,2.814000000000078,stop,2014
1,147188,147207,2014-10-13 12:30:00+00:00,2014-10-13 22:00:00+00:00,1227.859,1233.2959999999998,0.01,19,5.436999999999898,0.42178999598554595,5.015210004014352,1.8448445848866823,1.1424999999999272,9.365999999999985,target,2014
1,147358,147359,2014-10-15 12:30:00+00:00,2014-10-15 12:45:00+00:00,1231.0810000000001,1235.9190000000003,0.01,1,4.838000000000193,0.402975603871099,4.435024396129094,1.8334123175398584,0.0,8.129500000000007,target,2014
1,147455,147459,2014-10-16 13:30:00+00:00,2014-10-16 14:30:00+00:00,1238.074,1243.341,0.01,4,5.266999999999825,0.3770340422130214,4.889965957786804,1.8568315769079042,1.106999999999971,5.295000000000073,target,2014
1,147528,147529,2014-10-17 08:30:00+00:00,2014-10-17 08:45:00+00:00,1239.042,1237.7150000000001,0.01,1,-1.3269999999997708,0.37057264393538686,-1.6975726439351577,-1.279255948707951,1.4594999999999345,0.1959999999999127,stop,2014
-1,147580,147585,2014-10-19 22:30:00+00:00,2014-10-19 23:45:00+00:00,1237.284,1235.208,0.01,5,2.076000000000022,0.42903392080438835,1.6469660791956335,1.5866725233098422,0.0,2.5655000000001564,target,2014
1,147610,147611,2014-10-20 06:00:00+00:00,2014-10-20 06:15:00+00:00,1238.4605000000001,1241.0525000000007,0.01,1,2.592000000000553,0.3631102907542158,2.2288897092463373,1.7198223065168687,0.6285000000002583,3.0149999999998727,target,2014
1,147816,147821,2014-10-22 11:15:00+00:00,2014-10-22 12:30:00+00:00,1248.3274999999999,1246.1305000000002,0.01,5,-2.1969999999996617,0.39148602796890486,-2.5884860279685666,-1.1781911825074944,5.675999999999931,0.8975000000000364,stop,2014
1,148152,148153,2014-10-28 03:00:00+00:00,2014-10-28 03:15:00+00:00,1231.205,1230.094,0.01,1,-1.1109999999998763,0.39193775677896114,-1.5029377567788376,-1.3527792590270071,2.105999999999767,0.0,stop,2014
-1,148923,148925,2014-11-07 13:00:00+00:00,2014-11-07 13:30:00+00:00,1145.4479999999999,1148.3505,0.01,2,-2.9025000000001455,0.40222367143361365,-3.3047236714337593,-1.1385783536377583,13.493000000000166,0.16449999999986176,stop,2014
-1,149030,149043,2014-11-10 16:45:00+00:00,2014-11-10 20:00:00+00:00,1157.741,1148.6,0.01,13,9.141000000000076,0.3877028399931988,8.753297160006877,1.9151727732210488,3.740000000000009,9.360500000000002,target,2014
-1,149105,149108,2014-11-11 12:30:00+00:00,2014-11-11 13:15:00+00:00,1154.621,1157.2205,0.01,3,-2.599499999999807,0.3627446386282622,-2.962244638628069,-1.1395440040885898,2.963999999999942,1.9290000000000873,stop,2014
-1,149222,149235,2014-11-12 18:30:00+00:00,2014-11-12 21:45:00+00:00,1159.305,1162.313,0.01,13,-3.008000000000038,0.47550193032717203,-3.4835019303272103,-1.1580790991779142,3.744999999999891,1.8505000000002383,stop,2014
1,149256,149259,2014-11-13 03:45:00+00:00,2014-11-13 04:30:00+00:00,1162.175,1164.8879999999997,0.01,3,2.712999999999738,0.3886943538445659,2.3243056461551723,1.7134579035424966,0.1894999999999527,5.886000000000195,target,2014
-1,149343,149354,2014-11-14 02:15:00+00:00,2014-11-14 05:00:00+00:00,1160.548,1158.144,0.01,11,2.4039999999999964,0.37639199480190627,2.0276080051980903,1.6868619011631392,0.7554999999999836,2.6935000000000855,target,2014
-1,149676,149681,2014-11-19 15:45:00+00:00,2014-11-19 17:00:00+00:00,1185.9515000000001,1195.5515,0.01,5,-9.599999999999909,0.34689416343318197,-9.946894163433091,-1.0361348086909568,14.523499999999785,9.839500000000044,stop,2014
-1,149732,149742,2014-11-20 06:45:00+00:00,2014-11-20 09:15:00+00:00,1183.275,1189.451,0.01,10,-6.175999999999931,0.36822814472489324,-6.5442281447248245,-1.0596224327598605,6.4284999999999854,2.008000000000038,stop,2014
-1,149834,149840,2014-11-21 09:00:00+00:00,2014-11-21 10:30:00+00:00,1188.4745,1194.7165,0.01,6,-6.241999999999962,0.4100561402434856,-6.652056140243447,-1.0656930695680051,12.624000000000024,0.0,stop,2014
-1,149926,149927,2014-11-24 08:45:00+00:00,2014-11-24 09:00:00+00:00,1194.6154999999999,1196.645,0.01,1,-2.0295000000000982,0.3937083067337575,-2.423208306733856,-1.1939927601545892,2.5730000000000928,0.0,stop,2014
-1,150003,150005,2014-11-25 04:45:00+00:00,2014-11-25 05:15:00+00:00,1196.2379999999998,1197.6585,0.01,2,-1.4205000000001746,0.3985246408425951,-1.8190246408427697,-1.280552369477329,2.0210000000001855,0.0,stop,2014
-1,150113,150131,2014-11-26 09:00:00+00:00,2014-11-26 13:30:00+00:00,1197.8525,1199.5045,0.01,18,-1.6520000000000437,0.40525854798744326,-2.057258547987487,-1.2453138910335548,1.7875000000001364,2.8229999999998654,stop,2014
-1,150176,150177,2014-11-27 01:30:00+00:00,2014-11-27 01:45:00+00:00,1198.022,1199.075,0.01,1,-1.053000000000111,0.39187937213066115,-1.4448793721307722,-1.3721551492218613,1.0865000000001146,0.007000000000061846,stop,2014
1,150367,150368,2014-12-01 10:30:00+00:00,2014-12-01 10:45:00+00:00,1179.105,1175.6555,0.01,1,-3.4494999999999436,0.3864986544257822,-3.8359986544257256,-1.1120448338674556,5.442500000000109,0.0,stop,2014
1,150470,150471,2014-12-02 13:00:00+00:00,2014-12-02 13:15:00+00:00,1195.284,1201.7230000000004,0.01,1,6.439000000000306,0.3815031468575245,6.057496853142781,1.8815023615910835,0.0,6.876499999999851,target,2014
1,150515,150516,2014-12-03 01:00:00+00:00,2014-12-03 01:15:00+00:00,1195.9685,1198.5805,0.01,1,2.61200000000008,0.3734774063802507,2.2385225936198294,1.7140295510105366,0.0,5.032500000000027,target,2014
-1,150648,150654,2014-12-04 11:00:00+00:00,2014-12-04 12:30:00+00:00,1202.8049999999998,1204.3585,0.01,6,-1.5535000000002128,0.36879631238066407,-1.922296312380877,-1.2373970469138162,2.4329999999999927,1.0899999999999181,stop,2014
1,150698,150700,2014-12-05 00:15:00+00:00,2014-12-05 00:45:00+00:00,1205.56,1204.2315,0.01,2,-1.328499999999849,0.4205392837465701,-1.749039283746419,-1.3165519636782972,1.4715000000001055,0.5650000000000546,stop,2014
1,150865,150931,2014-12-08 19:00:00+00:00,2014-12-09 12:15:00+00:00,1200.451,1210.377,0.01,66,9.92599999999993,0.40292477446339797,9.523075225536532,1.918814270710578,0.9735000000000582,12.031500000000051,target,2014
1,151092,151094,2014-12-11 06:00:00+00:00,2014-12-11 06:30:00+00:00,1224.652,1222.7269999999999,0.01,2,-1.9250000000001817,0.37403066122396145,-2.299030661224143,-1.1943016421942474,2.5105000000000928,0.8519999999998618,stop,2014
-1,151180,151197,2014-12-12 04:45:00+00:00,2014-12-12 09:00:00+00:00,1221.8345,1225.777,0.01,17,-3.942500000000109,0.36722844667896576,-4.309728446679075,-1.0931460866655562,5.122000000000071,4.287499999999909,stop,2014
1,151255,151256,2014-12-15 00:15:00+00:00,2014-12-15 00:30:00+00:00,1223.799,1221.837,0.01,1,-1.961999999999989,0.4415405998704644,-2.4035405998704533,-1.2250461773040096,2.094000000000051,0.41800000000012005,stop,2014
1,151395,151406,2014-12-16 12:00:00+00:00,2014-12-16 14:45:00+00:00,1212.893,1203.79,0.01,11,-9.103000000000065,0.38730251690670475,-9.49030251690677,-1.0425466897623532,12.836000000000013,6.326999999999998,stop,2014
-1,151489,151500,2014-12-17 12:15:00+00:00,2014-12-17 15:00:00+00:00,1200.1390000000001,1194.2570000000005,0.01,11,5.881999999999607,0.355513189991132,5.526486810008475,1.8791182624987568,2.3649999999997817,6.883000000000266,target,2014
-1,151548,151554,2014-12-18 03:45:00+00:00,2014-12-18 05:15:00+00:00,1197.432,1199.35,0.01,6,-1.9179999999998927,0.4097922774205056,-2.3277922774203983,-1.2136560361942277,2.19399999999996,0.34699999999998,stop,2014
1,151649,151660,2014-12-19 05:45:00+00:00,2014-12-19 08:30:00+00:00,1198.866,1196.945,0.01,11,-1.9210000000000491,0.3819448177212517,-2.302944817721301,-1.198826037335368,2.5960000000000036,2.5289999999999964,stop,2014
-1,151725,151726,2014-12-22 01:30:00+00:00,2014-12-22 01:45:00+00:00,1196.539,1197.8685,0.01,1,-1.3295000000000528,0.418762065306124,-1.7482620653061767,-1.3149771081655564,1.3949999999999818,0.0,stop,2014
1,151988,152025,2014-12-26 01:15:00+00:00,2014-12-26 10:30:00+00:00,1182.645,1192.775,0.01,37,10.13000000000011,0.39676652442842103,9.733233475571689,1.9216650494711913,0.0,11.306500000000142,target,2014
-1,152135,152220,2014-12-29 15:00:00+00:00,2014-12-30 13:15:00+00:00,1186.9099999999999,1191.134,0.01,85,-4.22400000000016,0.36463346812189684,-4.588633468122057,-1.0863242112030973,15.705000000000155,7.974999999999909,stop,2014
-1,152312,152313,2014-12-31 13:15:00+00:00,2014-12-31 13:30:00+00:00,1194.846,1198.615,0.01,1,-3.7690000000000055,0.40948428505166945,-4.178484285051675,-1.1086453396263383,4.264499999999998,0.0,stop,2014
1,152416,152420,2015-01-02 16:15:00+00:00,2015-01-02 17:15:00+00:00,1190.6405,1187.8085,0.01,4,-2.83199999999988,0.39870751189725967,-3.2307075118971396,-1.1407865508111852,4.482999999999947,4.453999999999951,stop,2015
-1,152441,152446,2015-01-04 23:15:00+00:00,2015-01-05 00:30:00+00:00,1178.3764999999999,1188.79,0.01,5,-10.413500000000113,0.5628727583169137,-10.976372758317027,-1.0540522166722914,11.293500000000222,0.0,stop,2015
1,152447,152467,2015-01-05 00:45:00+00:00,2015-01-05 05:45:00+00:00,1189.67,1196.08,0.01,20,6.4099999999998545,0.4652313270149594,5.944768672984895,1.8548420196521156,0.0,8.17599999999993,target,2015
1,152707,152736,2015-01-07 19:15:00+00:00,2015-01-08 03:15:00+00:00,1214.682,1209.63,0.01,29,-5.051999999999907,0.410225151793208,-5.462225151793115,-1.0812005446938273,7.940499999999929,2.102999999999838,stop,2015
1,152777,152782,2015-01-08 13:30:00+00:00,2015-01-08 14:45:00+00:00,1210.4125,1214.1074999999996,0.01,5,3.694999999999709,0.378195303221372,3.316804696778337,1.795293475928876,0.058999999999741704,5.819000000000187,target,2015
1,152856,152870,2015-01-09 10:00:00+00:00,2015-01-09 13:30:00+00:00,1211.405,1209.552,0.01,14,-1.8530000000000653,0.4000591705994386,-2.253059170599504,-1.2158980953046004,4.0750000000000455,7.138999999999896,stop,2015
1,153077,153101,2015-01-13 19:15:00+00:00,2015-01-14 02:00:00+00:00,1233.9375,1227.3695,0.01,24,-6.567999999999984,0.4137560335965045,-6.981756033596488,-1.0629957420213925,8.742500000000064,1.3450000000000273,stop,2015
-1,153101,153104,2015-01-14 02:00:00+00:00,2015-01-14 02:45:00+00:00,1229.442,1230.8385,0.01,3,-1.39650000000006,0.3744941004389845,-1.7709941004390446,-1.2681662015316637,1.59699999999998,1.9069999999999254,stop,2015
1,153188,153189,2015-01-15 00:30:00+00:00,2015-01-15 00:45:00+00:00,1231.674,1230.3915,0.01,1,-1.2825000000000273,0.3959799707602354,-1.6784799707602627,-1.3087563124836077,2.1539999999999964,0.0,stop,2015
-1,153604,153605,2015-01-21 15:45:00+00:00,2015-01-21 16:00:00+00:00,1286.0475000000001,1291.2215,0.01,1,-5.173999999999978,0.3729393574394778,-5.546939357439456,-1.0720795047235174,5.998000000000047,0.0,stop,2015
-1,153658,153682,2015-01-22 06:15:00+00:00,2015-01-22 12:15:00+00:00,1288.751,1282.0859999999996,0.01,24,6.6650000000004175,0.37349167516759235,6.291508324832825,1.8879244785693716,0.9525000000001,9.062000000000126,target,2015
1,153751,153757,2015-01-23 06:15:00+00:00,2015-01-23 07:45:00+00:00,1296.033,1293.506,0.01,6,-2.5269999999998163,0.38428480011946897,-2.9112848001192853,-1.152071547336564,3.248499999999922,1.50200000000018,stop,2015
1,153818,153830,2015-01-26 00:00:00+00:00,2015-01-26 03:00:00+00:00,1298.1599999999999,1293.817,0.01,12,-4.342999999999847,0.42994011541368277,-4.77294011541353,-1.0989961122297254,4.517999999999802,1.0900000000001455,stop,2015
1,153966,154080,2015-01-27 13:45:00+00:00,2015-01-28 19:15:00+00:00,1286.129,1280.152,0.01,114,-5.976999999999862,0.3999253139828146,-6.376925313982676,-1.0669107100523378,6.207999999999856,11.554000000000087,stop,2015
-1,154080,154104,2015-01-28 19:15:00+00:00,2015-01-29 02:00:00+00:00,1285.9555,1278.6885000000002,0.01,24,7.266999999999825,0.45755134749503534,6.80944865250479,1.8740742128815064,2.3294999999998254,7.65099999999984,target,2015
1,154253,154272,2015-01-30 16:00:00+00:00,2015-01-30 20:45:00+00:00,1273.9250000000002,1284.8440000000005,0.01,19,10.919000000000324,0.41326174635179563,10.505738253648529,1.9243041036080626,3.074000000000069,10.939499999999953,target,2015
1,154320,154323,2015-02-02 09:45:00+00:00,2015-02-02 10:30:00+00:00,1275.6585,1274.0720000000001,0.01,3,-1.5864999999998872,0.35861616890911174,-1.9451161689089989,-1.226042337793342,1.7825000000000273,0.0,stop,2015
-1,154389,154395,2015-02-03 03:45:00+00:00,2015-02-03 05:15:00+00:00,1273.925,1274.9785000000002,0.01,6,-1.0535000000002128,0.3861889996308638,-1.4396889996310767,-1.3665771235223405,1.4170000000001437,0.7884999999998854,stop,2015
1,154509,154529,2015-02-04 10:30:00+00:00,2015-02-04 15:30:00+00:00,1271.5735,1263.53,0.01,20,-8.043499999999995,0.4133222671951274,-8.456822267195122,-1.051385872716495,11.933500000000095,0.8859999999999673,stop,2015
1,154590,154591,2015-02-05 07:45:00+00:00,2015-02-05 08:00:00+00:00,1270.0,1268.3670000000002,0.01,1,-1.632999999999811,0.4135087087683081,-2.046508708768119,-1.2532202748122203,4.514000000000124,0.0,stop,2015
-1,154668,154671,2015-02-06 04:15:00+00:00,2015-02-06 05:00:00+00:00,1266.1395,1267.1455,0.01,3,-1.0060000000000855,0.3789549024918767,-1.384954902491962,-1.3766947340873203,1.4114999999999327,0.25299999999992906,stop,2015
-1,154860,154868,2015-02-10 06:15:00+00:00,2015-02-10 08:15:00+00:00,1244.6485,1241.9875,0.01,8,2.661000000000058,0.39938258877434346,2.2616174112257146,1.6998251869414995,0.91599999999994,2.86850000000004,target,2015
-1,155054,155172,2015-02-12 08:45:00+00:00,2015-02-13 15:00:00+00:00,1226.962,1233.059,0.01,118,-6.09699999999998,0.38998385029493937,-6.486983850294919,-1.0639632360660884,8.048000000000002,7.226999999999862,stop,2015
-1,155186,155191,2015-02-13 18:30:00+00:00,2015-02-13 19:45:00+00:00,1227.0695,1229.591,0.01,5,-2.5214999999998327,0.3926499808800344,-2.914149980879867,-1.155720793527686,2.85349999999994,0.0,stop,2015
1,155262,155289,2015-02-16 14:30:00+00:00,2015-02-17 02:45:00+00:00,1232.4575,1229.8835,0.01,27,-2.574000000000069,0.38116618941978037,-2.9551661894198493,-1.1480832126727933,3.488499999999931,1.7975000000001273,stop,2015
-1,155290,155308,2015-02-17 03:00:00+00:00,2015-02-17 07:30:00+00:00,1228.9025000000001,1224.0265000000004,0.01,18,4.875999999999749,0.3944535326411172,4.481546467358632,1.8382060981783686,0.9284999999999854,5.510000000000218,target,2015
-1,155461,155467,2015-02-18 23:15:00+00:00,2015-02-19 00:45:00+00:00,1212.355,1214.9299999999998,0.01,6,-2.574999999999818,0.5381582457027216,-3.1131582457025395,-1.2089934934767999,2.7919999999999163,0.5550000000000637,stop,2015
1,155467,155472,2015-02-19 00:45:00+00:00,2015-02-19 02:00:00+00:00,1214.4479999999999,1217.0169999999994,0.01,5,2.5689999999995052,0.4673121110733718,2.1016878889261337,1.6361914277357248,0.0,3.3200000000001637,target,2015
1,155607,155617,2015-02-20 12:30:00+00:00,2015-02-20 15:00:00+00:00,1213.4345,1206.8220000000001,0.01,10,-6.6124999999999545,0.39814018040574845,-7.010640180405703,-1.0602102352220417,7.480000000000018,2.1174999999998363,stop,2015
1,155711,155713,2015-02-23 15:15:00+00:00,2015-02-23 15:45:00+00:00,1207.6979999999999,1204.2555,0.01,2,-3.4424999999998818,0.3846085422882454,-3.8271085422881272,-1.111723614317577,3.9794999999999163,2.742000000000189,stop,2015
1,155746,155750,2015-02-24 00:45:00+00:00,2015-02-24 01:45:00+00:00,1204.1835,1203.104,0.01,4,-1.0795000000000528,0.40757905397316646,-1.4870790539732193,-1.3775628105355688,1.2430000000001655,0.46049999999991087,stop,2015
1,155897,155898,2015-02-25 15:15:00+00:00,2015-02-25 15:30:00+00:00,1206.097,1204.3519999999999,0.01,1,-1.7450000000001182,0.34968482181848226,-2.0946848218186007,-1.2003924480335006,2.461999999999989,0.7554999999999836,stop,2015
1,155934,155940,2015-02-26 01:15:00+00:00,2015-02-26 02:45:00+00:00,1205.525,1209.2020000000002,0.01,6,3.677000000000135,0.38116451724555694,3.295835482754578,1.7926763572229845,0.5220000000001619,4.159499999999753,target,2015
1,156045,156054,2015-02-27 05:45:00+00:00,2015-02-27 08:00:00+00:00,1210.54,1208.8445000000002,0.01,9,-1.6954999999998106,0.37037705545598393,-2.0658770554557946,-1.2184470984700828,5.8595000000000255,1.8980000000001382,stop,2015
1,156164,156171,2015-03-02 12:15:00+00:00,2015-03-02 14:00:00+00:00,1216.0790000000002,1212.9855,0.01,7,-3.0935000000001764,0.37004699792561535,-3.463546997925792,-1.119620817173297,3.6540000000002237,3.856499999999869,stop,2015
-1,156232,156241,2015-03-03 06:15:00+00:00,2015-03-03 08:30:00+00:00,1210.2295,1207.4584999999997,0.01,9,2.7710000000001855,0.3609964243700016,2.410003575630184,1.7394468247058987,0.6105000000000018,2.7789999999999964,target,2015
1,156322,156324,2015-03-04 05:45:00+00:00,2015-03-04 06:15:00+00:00,1209.011,1207.8955,0.01,2,-1.1154999999998836,0.38323897184879413,-1.4987389718486777,-1.3435580204830426,1.7109999999997854,0.0,stop,2015
1,156411,156413,2015-03-05 05:00:00+00:00,2015-03-05 05:30:00+00:00,1206.049,1204.65,0.01,2,-1.3989999999998872,0.3616148504445473,-1.7606148504444346,-1.258480950996838,2.0405000000000655,0.0,stop,2015
1,156874,156881,2015-03-12 06:15:00+00:00,2015-03-12 08:00:00+00:00,1161.8525,1158.766,0.01,7,-3.0864999999998872,0.39584523153818113,-3.4823452315380683,-1.1282505205048423,3.1489999999998872,4.8425000000002,stop,2015
-1,156947,156949,2015-03-13 01:30:00+00:00,2015-03-13 02:00:00+00:00,1157.4499999999998,1158.7085,0.01,2,-1.25850000000014,0.41468646492547906,-1.6731864649256192,-1.3295085140448415,2.542500000000018,0.0,stop,2015
-1,157026,157039,2015-03-15 22:15:00+00:00,2015-03-16 01:30:00+00:00,1157.031,1158.9405000000002,0.01,13,-1.9095000000002076,0.4431389777956592,-2.3526389777958667,-1.2320706875075207,3.0039999999999054,3.3530000000000655,stop,2015
-1,157070,157083,2015-03-16 09:15:00+00:00,2015-03-16 12:30:00+00:00,1157.8249999999998,1154.4159999999993,0.01,13,3.4090000000005602,0.3587021707604447,3.0502978292401157,1.7895557813080754,1.0210000000001855,3.8649999999997817,target,2015
-1,157138,157148,2015-03-17 03:15:00+00:00,2015-03-17 05:45:00+00:00,1155.5915,1153.3565000000003,0.01,10,2.2349999999996726,0.33993506133792173,1.8950649386617509,1.695807551375417,0.7984999999998763,2.3859999999999673,target,2015
-1,157263,157282,2015-03-18 11:15:00+00:00,2015-03-18 16:00:00+00:00,1150.885,1153.029,0.01,19,-2.1440000000000055,0.3693927246041183,-2.513392724604124,-1.1722913827444579,2.8860000000001946,3.6620000000000346,stop,2015
1,157362,157371,2015-03-19 13:00:00+00:00,2015-03-19 15:15:00+00:00,1163.2640000000001,1169.192,0.01,9,5.927999999999884,0.3593242749856507,5.5686757250142325,1.8787704875217077,0.7825000000002547,6.829499999999825,target,2015
1,157702,157723,2015-03-25 05:45:00+00:00,2015-03-25 11:00:00+00:00,1189.49,1194.89,0.01,21,5.400000000000091,0.381528613472871,5.01847138652722,1.8586931061211613,0.9925000000000637,6.058499999999867,target,2015
1,157910,157919,2015-03-27 11:15:00+00:00,2015-03-27 13:30:00+00:00,1200.5410000000002,1198.8265000000001,0.01,9,-1.7145000000000437,0.3557954467101122,-2.0702954467101558,-1.2075214037387594,4.766500000000178,2.6974999999997635,stop,2015
1,158101,158102,2015-03-31 13:00:00+00:00,2015-03-31 13:15:00+00:00,1188.97,1186.3290000000002,0.01,1,-2.640999999999849,0.3601284873443125,-3.0011284873441615,-1.1363606540493498,3.3300000000001546,0.0,stop,2015
-1,158147,158153,2015-04-01 01:15:00+00:00,2015-04-01 02:45:00+00:00,1186.554,1188.5949999999998,0.01,6,-2.0409999999997126,0.386263408330803,-2.4272634083305156,-1.1892520373987543,2.4394999999999527,0.5850000000000364,stop,2015
-1,158295,158296,2015-04-02 15:00:00+00:00,2015-04-02 15:15:00+00:00,1196.4434999999999,1197.6145000000001,0.01,1,-1.1710000000002765,0.35222913804544403,-1.5232291380457206,-1.3007934569132031,1.811500000000251,0.0,stop,2015
-1,158455,158473,2015-04-07 08:30:00+00:00,2015-04-07 13:00:00+00:00,1209.8065000000001,1212.5585,0.01,18,-2.7519999999999527,0.3725404916012572,-3.12454049160121,-1.1353708181690638,3.62299999999982,1.8730000000000473,stop,2015
-1,158520,158530,2015-04-08 01:45:00+00:00,2015-04-08 04:15:00+00:00,1209.362,1210.975,0.01,10,-1.6129999999998292,0.3954716593647279,-2.0084716593645573,-1.2451777181430688,1.6639999999999873,1.436500000000251,stop,2015
1,158732,158851,2015-04-10 08:30:00+00:00,2015-04-13 15:15:00+00:00,1204.6950000000002,1196.731,0.01,119,-7.964000000000169,0.37061425726493036,-8.3346142572651,-1.0465361950357763,8.165000000000191,6.184999999999945,stop,2015
-1,158944,158986,2015-04-14 15:15:00+00:00,2015-04-15 02:30:00+00:00,1196.775,1192.0590000000002,0.01,42,4.7159999999998945,0.34952490304143513,4.366475096958459,1.8517706093971829,0.35349999999994,5.802999999999884,target,2015
-1,159031,159038,2015-04-15 13:45:00+00:00,2015-04-15 15:30:00+00:00,1194.8220000000001,1196.8274999999999,0.01,7,-2.0054999999997563,0.35183659728504185,-2.357336597284798,-1.1754358500548914,3.1924999999998818,1.675000000000182,stop,2015
-1,159125,159191,2015-04-16 14:15:00+00:00,2015-04-17 07:30:00+00:00,1199.4285,1204.472,0.01,66,-5.0434999999999945,0.3471134476654479,-5.390613447665443,-1.0688239214167639,6.333999999999833,4.546499999999924,stop,2015
1,159295,159296,2015-04-20 10:30:00+00:00,2015-04-20 10:45:00+00:00,1204.2865000000002,1202.212,0.01,1,-2.074500000000171,0.36039703745963275,-2.4348970374598036,-1.1737271812290204,4.901000000000295,0.0,stop,2015
-1,159399,159411,2015-04-21 13:15:00+00:00,2015-04-21 16:15:00+00:00,1198.1785,1200.3200000000002,0.01,12,-2.1415000000001783,0.3386069991239942,-2.4801069991241724,-1.1581167401933066,2.8330000000000837,3.2204999999999018,stop,2015
1,159470,159471,2015-04-22 07:45:00+00:00,2015-04-22 08:00:00+00:00,1201.027,1199.7150000000001,0.01,1,-1.3119999999998981,0.35076507011516517,-1.6627650701150634,-1.2673514253926772,2.6269999999999527,0.0,stop,2015
-1,159595,159600,2015-04-23 15:45:00+00:00,2015-04-23 17:00:00+00:00,1191.938,1193.2305000000001,0.01,5,-1.2925000000000182,0.3730438494265665,-1.6655438494265846,-1.2886219337923104,3.2604999999998654,0.7415000000000873,stop,2015
1,159651,159663,2015-04-24 06:30:00+00:00,2015-04-24 09:30:00+00:00,1194.728,1191.406,0.01,12,-3.3220000000001164,0.36858377833346195,-3.690583778333578,-1.11095237156335,4.095499999999902,1.3139999999998508,stop,2015
-1,159766,159767,2015-04-27 12:15:00+00:00,2015-04-27 12:30:00+00:00,1185.7355,1186.997,0.01,1,-1.2615000000000691,0.33954988794592517,-1.6010498879459942,-1.2691636051889865,2.060999999999922,0.0,stop,2015
-1,159976,160049,2015-04-29 18:15:00+00:00,2015-04-30 13:15:00+00:00,1201.6045,1186.7414999999996,0.01,73,14.863000000000284,0.393282654829137,14.469717345171146,1.9470789672570639,6.16800000000012,15.437999999999874,target,2015
1,160233,160324,2015-05-04 13:00:00+00:00,2015-05-05 12:30:00+00:00,1187.75,1197.4279999999999,0.01,91,9.677999999999884,0.37512176091754584,9.302878239082338,1.922479487307801,1.8854999999998654,10.884000000000015,target,2015
1,160400,160410,2015-05-06 08:15:00+00:00,2015-05-06 10:45:00+00:00,1191.9720000000002,1189.6475,0.01,10,-2.324500000000171,0.3703117832541522,-2.6948117832543232,-1.159308145086739,3.60550000000012,0.6909999999998035,stop,2015
-1,160457,160483,2015-05-07 00:00:00+00:00,2015-05-07 06:30:00+00:00,1190.384,1186.5299999999997,0.01,26,3.854000000000269,0.3852311734916533,3.468768826508616,1.8000876110577964,0.9380000000001019,5.373500000000149,target,2015
1,160580,160586,2015-05-08 07:30:00+00:00,2015-05-08 09:00:00+00:00,1187.78,1186.0610000000001,0.01,6,-1.7189999999998236,0.3666485960337726,-2.085648596033596,-1.2132917952494533,1.8885000000000218,0.5595000000000709,stop,2015
-1,160670,160688,2015-05-11 07:00:00+00:00,2015-05-11 11:30:00+00:00,1186.118,1187.7455,0.01,18,-1.6275000000000546,0.36860779815038613,-1.9961077981504407,-1.2264871263596766,2.091000000000122,1.768000000000029,stop,2015
1,160775,160776,2015-05-12 10:00:00+00:00,2015-05-12 10:15:00+00:00,1188.15,1195.7100000000005,0.01,1,7.5600000000004,0.3694216269059193,7.190578373094481,1.902269410871455,0.0,7.961499999999887,target,2015
1,161056,161069,2015-05-15 10:30:00+00:00,2015-05-15 13:45:00+00:00,1215.0485,1219.9695,0.01,13,4.920999999999822,0.3742614944933165,4.5467385055065055,1.8478920973406503,2.066500000000133,5.227999999999838,target,2015
-1,161207,161223,2015-05-19 02:00:00+00:00,2015-05-19 06:00:00+00:00,1220.732,1223.001,0.01,16,-2.2690000000000055,0.37842112429620955,-2.647421124296215,-1.1667788119419167,2.542500000000018,0.0,stop,2015
-1,161396,161411,2015-05-21 02:45:00+00:00,2015-05-21 06:30:00+00:00,1211.781,1209.536,0.01,15,2.244999999999891,0.38155106153610313,1.8634489384637878,1.660088141170493,1.0489999999999782,2.55600000000004,target,2015
1,161508,161528,2015-05-22 07:30:00+00:00,2015-05-22 12:30:00+00:00,1211.73,1208.9344999999998,0.01,20,-2.7955000000001746,0.36137116451119,-3.1568711645113647,-1.1292688837457225,6.900499999999965,3.2210000000000036,stop,2015
1,161633,161647,2015-05-25 15:45:00+00:00,2015-05-26 00:00:00+00:00,1207.5949999999998,1206.25,0.01,14,-1.3449999999998,0.440091400816166,-1.785091400815966,-1.3272055024655995,1.4754999999997835,1.1805000000001655,stop,2015
-1,161648,161668,2015-05-26 00:15:00+00:00,2015-05-26 05:15:00+00:00,1206.1195,1204.1015,0.01,20,2.018000000000029,0.39761558442882927,1.6203844155711997,1.6059310362449717,0.6249999999997726,2.1045000000001437,target,2015
-1,161867,161878,2015-05-28 08:30:00+00:00,2015-05-28 11:15:00+00:00,1190.0805,1185.7485000000001,0.01,11,4.33199999999988,0.3820214920156112,3.9499785079842686,1.8236281200297222,0.9890000000000327,4.864000000000033,target,2015
1,161955,161959,2015-05-29 07:30:00+00:00,2015-05-29 08:30:00+00:00,1190.056,1188.26,0.01,4,-1.7960000000000493,0.35428494005549976,-2.150284940055549,-1.1972633296522772,2.2110000000000127,0.7329999999999472,stop,2015
1,162010,162022,2015-05-31 22:15:00+00:00,2015-06-01 01:15:00+00:00,1192.88,1189.74,0.01,12,-3.1400000000001005,0.5323201320122091,-3.6723201320123096,-1.1695287044624816,3.2985000000001037,3.2354999999997744,stop,2015
1,162024,162044,2015-06-01 01:45:00+00:00,2015-06-01 06:45:00+00:00,1190.5345,1189.405,0.01,20,-1.1295000000000073,0.39706847655523475,-1.526568476555242,-1.351543582607554,2.5440000000000964,1.71550000000002,stop,2015
-1,162137,162152,2015-06-02 06:45:00+00:00,2015-06-02 10:30:00+00:00,1188.1934999999999,1190.7005,0.01,15,-2.507000000000062,0.3739401389390163,-2.8809401389390783,-1.1491584120219414,4.481500000000324,2.0969999999997526,stop,2015
1,162250,162252,2015-06-03 11:45:00+00:00,2015-06-03 12:15:00+00:00,1192.8705,1189.867,0.01,2,-3.003500000000031,0.38775729004005793,-3.391257290040089,-1.129101811233579,3.80600000000004,0.5005000000001019,stop,2015
-1,162487,162498,2015-06-08 01:30:00+00:00,2015-06-08 04:15:00+00:00,1175.787,1173.269,0.01,11,2.518000000000029,0.3779537183889828,2.1400462816110464,1.6997984762597471,0.8574999999998454,2.608500000000049,target,2015
1,162605,162608,2015-06-09 07:45:00+00:00,2015-06-09 08:30:00+00:00,1176.5415,1179.1135000000002,0.01,3,2.5720000000001164,0.3616451934677661,2.2103548065323504,1.7187828977700237,0.6315000000001874,5.254000000000133,target,2015
1,162685,162707,2015-06-10 04:30:00+00:00,2015-06-10 10:00:00+00:00,1180.335,1187.6550000000002,0.01,22,7.320000000000164,0.39458786600677015,6.925412133993394,1.8921891076484258,0.4414999999999054,9.46550000000002,target,2015
1,162792,162796,2015-06-11 08:00:00+00:00,2015-06-11 09:00:00+00:00,1184.4650000000001,1182.975,0.01,4,-1.4900000000002365,0.3569434495273896,-1.846943449527626,-1.2395593620988812,3.8850000000002183,0.01499999999987267,stop,2015
1,162879,162885,2015-06-12 06:30:00+00:00,2015-06-12 08:00:00+00:00,1183.395,1181.595,0.01,6,-1.7999999999999545,0.36432308119991325,-2.1643230811998677,-1.2024017117777346,3.605000000000018,0.9915000000000873,stop,2015
1,162938,162939,2015-06-14 22:15:00+00:00,2015-06-14 22:30:00+00:00,1182.6750000000002,1186.4250000000006,0.01,1,3.750000000000455,0.5001427162223249,3.2498572837781303,1.7332572180147925,0.0,3.8804999999997563,target,2015
-1,162950,162955,2015-06-15 01:15:00+00:00,2015-06-15 02:30:00+00:00,1180.4695,1182.163,0.01,5,-1.6935000000000855,0.3946692166456078,-2.088169216645693,-1.2330494340983689,1.8959999999999582,0.0,stop,2015
-1,163072,163079,2015-06-16 08:30:00+00:00,2015-06-16 10:15:00+00:00,1182.7245,1184.475,0.01,7,-1.7504999999998745,0.3611811779230997,-2.111681177922974,-1.2063302930152102,1.7994999999998527,0.8250000000000455,stop,2015
1,163204,163264,2015-06-17 18:15:00+00:00,2015-06-18 10:00:00+00:00,1183.574,1198.7020000000002,0.01,60,15.128000000000158,0.4027084222998343,14.725291577700323,1.9467598595584572,1.4639999999999418,15.54099999999994,target,2015
-1,163439,163458,2015-06-22 07:30:00+00:00,2015-06-22 12:15:00+00:00,1196.1280000000002,1192.2820000000006,0.01,19,3.845999999999549,0.3964920223170956,3.4495079776824533,1.7938159010311274,0.24399999999968713,4.907000000000153,target,2015
-1,163811,163814,2015-06-26 07:45:00+00:00,2015-06-26 08:30:00+00:00,1174.8609999999999,1176.955,0.01,3,-2.094000000000051,0.367977652654275,-2.4619776526543258,-1.1757295380392865,3.9090000000001055,0.500999999999749,stop,2015
1,163903,163910,2015-06-29 07:45:00+00:00,2015-06-29 09:30:00+00:00,1179.135,1177.3654999999999,0.01,7,-1.7695000000001075,0.3799310327070043,-2.149431032707112,-1.2147109537761975,2.9365000000000236,0.7950000000000728,stop,2015
-1,163970,163991,2015-06-30 01:30:00+00:00,2015-06-30 06:45:00+00:00,1177.228,1174.8050000000003,0.01,21,2.4229999999997744,0.4197843842824523,2.003215615717322,1.6535003018716536,0.9234999999998763,2.5385000000001128,target,2015
1,164256,164286,2015-07-03 06:30:00+00:00,2015-07-03 14:00:00+00:00,1168.3285,1166.9189999999999,0.01,30,-1.4095000000002074,0.38517510645858644,-1.7946751064587938,-1.2732707388850868,1.7335000000000491,2.0659999999998035,stop,2015
1,164316,164319,2015-07-06 02:15:00+00:00,2015-07-06 03:00:00+00:00,1169.074,1168.07,0.01,3,-1.0040000000001328,0.4195343295542909,-1.4235343295544236,-1.417862878042067,1.2445000000000164,0.0,stop,2015
1,164405,164410,2015-07-07 01:15:00+00:00,2015-07-07 02:30:00+00:00,1169.1685,1168.0755,0.01,5,-1.0930000000000746,0.36675306634418436,-1.459753066344259,-1.3355471787229272,1.5054999999999836,0.5510000000001583,stop,2015
1,164545,164745,2015-07-08 13:15:00+00:00,2015-07-10 17:15:00+00:00,1161.21,1159.625,0.01,200,-1.5850000000000364,0.3743728183026572,-1.9593728183026935,-0.24572019291480487,6.385000000000218,6.610000000000127,time_stop,2015
1,164777,164786,2015-07-13 02:15:00+00:00,2015-07-13 04:30:00+00:00,1162.2755,1161.179,0.01,9,-1.0964999999998781,0.39400463287279647,-1.4905046328726745,-1.359329350545226,2.7605000000000928,2.1005000000002383,stop,2015
-1,164912,164913,2015-07-14 13:00:00+00:00,2015-07-14 13:15:00+00:00,1156.3735000000001,1157.9555,0.01,1,-1.58199999999988,0.3590159507015497,-1.9410159507014297,-1.2269380219352573,3.526499999999942,0.0,stop,2015
1,165538,165557,2015-07-23 07:45:00+00:00,2015-07-23 12:30:00+00:00,1103.3200000000002,1097.7305000000001,0.01,19,-5.589500000000044,0.39640598635197094,-5.985905986352015,-1.0709197578230554,7.32300000000032,2.5149999999998727,stop,2015
1,165671,165871,2015-07-24 18:00:00+00:00,2015-07-28 23:00:00+00:00,1094.6644999999999,1095.54,0.01,200,0.8755000000001019,0.4423081559363465,0.4331918440637554,0.06143693718107497,6.094499999999698,10.500500000000102,time_stop,2015
1,165878,165881,2015-07-29 00:45:00+00:00,2015-07-29 01:30:00+00:00,1095.795,1097.8250000000003,0.01,3,2.0300000000002,0.39306559912036027,1.6369344008798399,1.6127432520982055,0.0,2.15949999999998,target,2015
-1,165974,165991,2015-07-30 01:45:00+00:00,2015-07-30 06:00:00+00:00,1095.3705,1090.9015,0.01,17,4.469000000000051,0.3917478368791176,4.077252163120933,1.8246821047755144,0.0,7.940499999999929,target,2015
1,166110,166241,2015-07-31 12:45:00+00:00,2015-08-03 23:30:00+00:00,1091.7115,1083.9765,0.01,131,-7.7349999999999,0.38556093072837255,-8.120560930728272,-1.0498462741730288,7.786499999999933,11.828500000000076,stop,2015
-1,166269,166271,2015-08-04 06:30:00+00:00,2015-08-04 07:00:00+00:00,1088.055,1089.436,0.01,2,-1.3809999999998581,0.39975980943225,-1.7807598094321082,-1.2894712595454678,1.7315000000000964,0.2799999999999727,stop,2015
1,166383,166384,2015-08-05 12:00:00+00:00,2015-08-05 12:15:00+00:00,1088.925,1091.8189999999997,0.01,1,2.893999999999778,0.36888226239839,2.5251177376013882,1.7450710004157441,0.10400000000004184,3.740000000000009,target,2015
-1,166476,166480,2015-08-06 12:00:00+00:00,2015-08-06 13:00:00+00:00,1085.7649999999999,1087.1689999999999,0.01,4,-1.4039999999999964,0.3583927630253582,-1.7623927630253546,-1.2552655007303128,3.331500000000233,1.125,stop,2015
1,166545,166546,2015-08-07 06:15:00+00:00,2015-08-07 06:30:00+00:00,1089.25,1092.502,0.01,1,3.2519999999999527,0.3604295879271207,2.891570412072832,1.778333586760685,0.0,3.566000000000031,target,2015
1,166615,166623,2015-08-10 00:45:00+00:00,2015-08-10 02:45:00+00:00,1091.216,1093.6479999999997,0.01,8,2.431999999999789,0.4038855440251709,2.028114455974618,1.6678572828740081,0.8654999999998836,3.04300000000012,target,2015
1,166802,166853,2015-08-12 01:30:00+00:00,2015-08-12 14:15:00+00:00,1108.565,1121.8530000000005,0.01,51,13.288000000000466,0.3924295301869182,12.895570469813547,1.940934748617263,0.0,15.49499999999989,target,2015
1,166936,166938,2015-08-13 12:00:00+00:00,2015-08-13 12:30:00+00:00,1117.3200000000002,1115.461,0.01,2,-1.8590000000001512,0.3599540662510921,-2.2189540662512433,-1.1936277924965373,3.556500000000142,1.3859999999999673,stop,2015
1,167007,167020,2015-08-14 06:30:00+00:00,2015-08-14 09:45:00+00:00,1116.239,1118.929,0.01,13,2.6900000000000546,0.39463372347477216,2.2953662765252822,1.706592027156309,0.6559999999999491,3.0650000000000546,target,2015
-1,167075,167077,2015-08-17 00:30:00+00:00,2015-08-17 01:00:00+00:00,1114.5900000000001,1115.6055000000001,0.01,2,-1.0154999999999745,0.4045650105042504,-1.420065010504225,-1.3983899660307835,1.1544999999998709,0.5190000000002328,stop,2015
-1,167217,167218,2015-08-18 13:00:00+00:00,2015-08-18 13:15:00+00:00,1116.995,1114.6349999999998,0.01,1,2.3600000000001273,0.35890738801896227,2.001092611981165,1.6958411965941163,0.0,5.4444999999998345,target,2015
-1,167261,167263,2015-08-19 01:00:00+00:00,2015-08-19 01:30:00+00:00,1116.7435,1117.834,0.01,2,-1.09050000000002,0.4154153837310971,-1.505915383731117,-1.3809402876947174,1.6779999999998836,0.0,stop,2015
-1,167605,167606,2015-08-24 17:30:00+00:00,2015-08-24 17:45:00+00:00,1153.7150000000001,1155.3335000000002,0.01,1,-1.61850000000004,0.4304378265412698,-2.0489378265413096,-1.2659486107761873,1.7554999999997563,0.0,stop,2015
1,167628,167630,2015-08-25 00:15:00+00:00,2015-08-25 00:45:00+00:00,1154.95,1153.3645,0.01,2,-1.5855000000001382,0.5090213842435656,-2.094521384243704,-1.321047861396103,1.7905000000000655,0.0,stop,2015
1,167913,167930,2015-08-28 02:30:00+00:00,2015-08-28 06:45:00+00:00,1130.5410000000002,1128.9855000000002,0.01,17,-1.5554999999999382,0.4225402807445903,-1.9780402807445285,-1.2716427391479312,1.6725000000001273,2.029499999999871,stop,2015
-1,167999,168000,2015-08-31 01:00:00+00:00,2015-08-31 01:15:00+00:00,1130.24,1131.2849999999999,0.01,1,-1.0449999999998454,0.40974584810848175,-1.454745848108327,-1.3921012900560215,4.565499999999929,0.0,stop,2015
-1,168180,168192,2015-09-02 00:15:00+00:00,2015-09-02 03:15:00+00:00,1136.121,1139.4705000000001,0.01,12,-3.3495000000000346,0.41847422001430273,-3.767974220014337,-1.1249363248288695,3.833499999999958,0.0,stop,2015
-1,168414,168614,2015-09-04 12:45:00+00:00,2015-09-08 20:30:00+00:00,1123.2395000000001,1122.1515,0.01,200,1.0880000000001928,0.4040418517652647,0.6839581482349282,0.07373814330601558,3.5670000000000073,7.214500000000044,time_stop,2015
1,168650,168652,2015-09-09 06:30:00+00:00,2015-09-09 07:00:00+00:00,1123.3854999999999,1122.1105,0.01,2,-1.2749999999998636,0.37255327927863074,-1.6475532792784944,-1.2921986504146437,1.275499999999738,0.0,stop,2015
-1,168770,168776,2015-09-10 13:30:00+00:00,2015-09-10 15:00:00+00:00,1112.6595,1108.7155,0.01,6,3.94399999999996,0.3328633909729635,3.6111366090269965,1.8312051769913962,0.0,4.229500000000144,target,2015
-1,168813,168818,2015-09-11 01:15:00+00:00,2015-09-11 02:30:00+00:00,1111.854,1112.9585,0.01,5,-1.1044999999999163,0.38661123018974813,-1.4911112301896645,-1.350032802344751,1.1649999999999636,0.36550000000011096,stop,2015
-1,168922,168946,2015-09-14 05:30:00+00:00,2015-09-14 11:30:00+00:00,1108.058,1105.9629999999997,0.01,24,2.0950000000002547,0.3617064877469218,1.7332935122533328,1.654695477091286,1.0275000000001455,4.414499999999862,target,2015
-1,169021,169035,2015-09-15 07:15:00+00:00,2015-09-15 10:45:00+00:00,1107.04,1103.8729999999996,0.01,14,3.167000000000371,0.3675507162123004,2.7994492837880705,1.7678871384829444,0.7029999999999745,4.436499999999796,target,2015
1,169112,169134,2015-09-16 07:00:00+00:00,2015-09-16 12:30:00+00:00,1106.8285,1111.1095,0.01,22,4.280999999999949,0.3789196710348946,3.9020803289650545,1.8229760938869894,0.0,7.2409999999999854,target,2015
1,169410,169491,2015-09-21 12:15:00+00:00,2015-09-22 09:30:00+00:00,1133.01,1130.778,0.01,81,-2.231999999999971,0.3631644229128983,-2.595164422912869,-1.1627080747817666,4.364000000000033,3.7115000000001146,stop,2015
1,169592,169648,2015-09-23 11:45:00+00:00,2015-09-24 02:45:00+00:00,1129.895,1135.875,0.01,56,5.980000000000018,0.38580283922459696,5.594197160775421,1.8709689500921083,0.9745000000000346,6.143500000000131,target,2015
1,169765,169781,2015-09-25 09:00:00+00:00,2015-09-25 13:00:00+00:00,1142.969,1147.1460000000002,0.01,16,4.177000000000135,0.4144938015680944,3.7625061984320403,1.8015351680306053,2.063000000000102,5.02599999999984,target,2015
-1,169848,169861,2015-09-28 06:45:00+00:00,2015-09-28 10:00:00+00:00,1141.8110000000001,1135.1340000000005,0.01,13,6.676999999999681,0.3888950813628669,6.288104918636813,1.8835120319416248,0.0,10.006000000000313,target,2015
1,170240,170440,2015-10-02 12:45:00+00:00,2015-10-06 16:45:00+00:00,1133.8255,1147.394,0.01,200,13.568500000000085,0.3518395176542111,13.216660482345874,0.5644647753463005,3.574999999999818,17.435000000000173,time_stop,2015
1,170523,170561,2015-10-07 14:30:00+00:00,2015-10-08 01:00:00+00:00,1144.8695,1141.9,0.01,38,-2.9694999999999254,0.37236999476753824,-3.3418699947674635,-1.1253982134256768,3.105000000000018,5.435999999999922,stop,2015
-1,170561,170606,2015-10-08 01:00:00+00:00,2015-10-08 12:15:00+00:00,1143.5810000000001,1139.9920000000002,0.01,45,3.5889999999999413,0.38532623255721704,3.2036737674427243,1.7852737628547097,1.7644999999997708,6.081000000000131,target,2015
1,170839,170841,2015-10-13 01:30:00+00:00,2015-10-13 02:00:00+00:00,1158.8715,1157.7,0.01,2,-1.1714999999999236,0.4052429155762301,-1.5767429155761536,-1.3459179817125535,1.2960000000000491,0.0,stop,2015
1,170975,170976,2015-10-14 12:30:00+00:00,2015-10-14 12:45:00+00:00,1166.3505,1172.0234999999998,0.01,1,5.6729999999997744,0.4040946025227351,5.268905397477039,1.857537598264498,0.0,9.803499999999985,target,2015
1,171069,171188,2015-10-15 13:00:00+00:00,2015-10-16 19:45:00+00:00,1181.5135,1174.829,0.01,119,-6.684500000000071,0.3716695482765768,-7.056169548276648,-1.0556016977001381,7.108500000000049,8.88299999999981,stop,2015
1,171253,171254,2015-10-19 13:00:00+00:00,2015-10-19 13:15:00+00:00,1177.175,1175.69,0.01,1,-1.4849999999999,0.34212068345323826,-1.8271206834531382,-1.2303842986217248,2.1420000000000528,0.0,stop,2015
1,171322,171344,2015-10-20 07:15:00+00:00,2015-10-20 12:45:00+00:00,1175.1965,1172.4095,0.01,22,-2.7870000000000346,0.35992408988720226,-3.1469240898872366,-1.1291439145630418,3.3355000000001382,2.288000000000011,stop,2015
-1,171411,171431,2015-10-21 06:30:00+00:00,2015-10-21 11:30:00+00:00,1174.875,1177.836,0.01,20,-2.9610000000000127,0.37250716654094945,-3.3335071665409624,-1.1258045141982262,3.0659999999998035,1.066000000000031,stop,2015
-1,171536,171553,2015-10-22 14:45:00+00:00,2015-10-22 19:00:00+00:00,1168.7665000000002,1164.6155000000003,0.01,17,4.15099999999984,0.3829802943117581,3.768019705688082,1.8154756471636846,0.0,4.312500000000227,target,2015
1,171593,171596,2015-10-23 06:00:00+00:00,2015-10-23 06:45:00+00:00,1170.1385,1173.6475,0.01,3,3.509000000000015,0.3637153650299172,3.145284634970098,1.792695716711362,0.7339999999999236,3.8379999999999654,target,2015
-1,171702,171703,2015-10-26 10:15:00+00:00,2015-10-26 10:30:00+00:00,1165.856,1167.0034999999998,0.01,1,-1.147499999999809,0.37531231967319895,-1.522812319673008,-1.3270695596281146,2.6684999999999945,0.20100000000002183,stop,2015
1,171785,171788,2015-10-27 08:00:00+00:00,2015-10-27 08:45:00+00:00,1166.7165,1165.3085,0.01,3,-1.4079999999999018,0.38012064249061966,-1.7881206424905214,-1.2699720472234703,1.4565000000000055,0.5934999999999491,stop,2015
-1,171918,172118,2015-10-28 18:15:00+00:00,2015-11-02 00:15:00+00:00,1162.43,1140.6595,0.01,200,21.770500000000084,0.4376245194190366,21.33287548058105,1.2497290849783906,1.5134999999997945,28.120999999999867,time_stop,2015
-1,172769,172788,2015-11-11 01:45:00+00:00,2015-11-11 06:30:00+00:00,1092.4189999999999,1093.4695,0.01,19,-1.0505000000000564,0.3801332388195116,-1.430633238819568,-1.36185934204616,1.3010000000001583,1.9589999999998327,stop,2015
-1,172914,173034,2015-11-12 15:00:00+00:00,2015-11-15 23:00:00+00:00,1085.3305,1089.6305,0.01,120,-4.2999999999999545,0.4367355652828766,-4.736735565282832,-1.1015664105309027,5.03449999999998,7.595000000000027,stop,2015
-1,173095,173118,2015-11-16 14:15:00+00:00,2015-11-16 20:00:00+00:00,1086.0995,1081.8125000000002,0.01,23,4.286999999999807,0.3738748624069444,3.913125137592863,1.825577390992787,0.8999999999998636,4.614000000000033,target,2015
-1,173316,173318,2015-11-19 00:30:00+00:00,2015-11-19 01:00:00+00:00,1073.296,1074.605,0.01,2,-1.308999999999969,0.4178600345555667,-1.7268600345555358,-1.3192208056192334,3.854999999999791,0.20000000000004547,stop,2015
-1,173469,173474,2015-11-20 15:45:00+00:00,2015-11-20 17:00:00+00:00,1079.1115,1076.3775,0.01,5,2.7339999999999236,0.36934404927868913,2.3646559507212346,1.729814155611778,0.6935000000000855,2.8409999999998945,target,2015
-1,173621,173622,2015-11-24 07:45:00+00:00,2015-11-24 08:00:00+00:00,1071.9245,1073.2945,0.01,1,-1.3699999999998909,0.3721055982668905,-1.7421055982667815,-1.2716099257422775,2.0349999999998545,0.07650000000012369,stop,2015
-1,173720,173736,2015-11-25 09:30:00+00:00,2015-11-25 13:30:00+00:00,1073.8899999999999,1070.0619999999994,0.01,16,3.8280000000004297,0.35882070515589465,3.469179294844535,1.8125283672121972,1.03650000000016,4.804999999999836,target,2015
-1,173796,173799,2015-11-26 05:30:00+00:00,2015-11-26 06:15:00+00:00,1072.9,1074.051,0.01,3,-1.15099999999984,0.3847517378751843,-1.5357517378750243,-1.3342760537578087,1.4265000000000327,0.47000000000025466,stop,2015
1,173853,173855,2015-11-27 00:30:00+00:00,2015-11-27 01:00:00+00:00,1073.1399999999999,1072.1184999999998,0.01,2,-1.02150000000006,0.42881318830774623,-1.4503131883078062,-1.4197877516473039,1.2599999999997635,0.0,stop,2015
-1,173995,173996,2015-11-30 16:00:00+00:00,2015-11-30 16:15:00+00:00,1062.3809999999999,1063.6889999999999,0.01,1,-1.3079999999999927,0.3408427346419252,-1.6488427346419179,-1.2605831304601889,1.4005000000001928,0.0,stop,2015
-1,174086,174100,2015-12-01 15:45:00+00:00,2015-12-01 19:15:00+00:00,1066.0715,1068.4035,0.01,14,-2.33199999999988,0.36768019040106464,-2.6996801904009446,-1.1576673200690752,2.4450000000001637,2.1415000000001783,stop,2015
-1,174156,174163,2015-12-02 10:15:00+00:00,2015-12-02 12:00:00+00:00,1066.5605,1067.805,0.01,7,-1.2445000000000164,0.37399388463903854,-1.6184938846390549,-1.3005173842017144,1.2709999999999582,0.0,stop,2015
-1,174260,174281,2015-12-03 13:15:00+00:00,2015-12-03 18:30:00+00:00,1055.8535000000002,1063.208,0.01,21,-7.354499999999916,0.3843381367722308,-7.738838136772147,-1.0522589077125888,8.775499999999738,2.50200000000018,stop,2015
-1,174331,174336,2015-12-04 08:00:00+00:00,2015-12-04 09:15:00+00:00,1059.7359999999999,1060.8755,0.01,5,-1.1395000000002256,0.3995411587856833,-1.539041158785909,-1.3506284851124215,2.25,0.3469999999997526,stop,2015
1,174453,174466,2015-12-07 15:30:00+00:00,2015-12-07 18:45:00+00:00,1076.0385,1074.511,0.01,13,-1.5275000000001455,0.3898532748159221,-1.9173532748160675,-1.2552230931691555,1.6890000000000782,1.8269999999997708,stop,2015
-1,174513,174514,2015-12-08 07:30:00+00:00,2015-12-08 07:45:00+00:00,1073.33,1074.6689999999999,0.01,1,-1.3389999999999418,0.37025813474699426,-1.709258134746936,-1.276518397869313,2.0,0.0,stop,2015
-1,174614,174615,2015-12-09 09:45:00+00:00,2015-12-09 10:00:00+00:00,1074.365,1077.193,0.01,1,-2.8279999999999745,0.3587452296230394,-3.186745229623014,-1.126854748805885,5.740000000000009,0.0,stop,2015
-1,174687,174689,2015-12-10 05:00:00+00:00,2015-12-10 05:30:00+00:00,1074.72,1075.7795,0.01,2,-1.059500000000071,0.37509885557294037,-1.4345988555730114,-1.3540338419753801,1.415499999999838,0.0,stop,2015
-1,174851,174854,2015-12-14 00:00:00+00:00,2015-12-14 00:45:00+00:00,1072.211,1073.2145,0.01,3,-1.003500000000031,0.43582648802798823,-1.4393264880280192,-1.4343064155734677,2.59050000000002,0.9705000000001291,stop,2015
-1,174998,175087,2015-12-15 13:45:00+00:00,2015-12-16 13:00:00+00:00,1063.2635,1067.811,0.01,89,-4.5474999999999,0.3851516137725704,-4.93265161377247,-1.0846952421709903,8.655499999999847,3.4700000000000273,stop,2015
1,175088,175111,2015-12-16 13:15:00+00:00,2015-12-16 19:00:00+00:00,1071.9189999999999,1064.804,0.01,23,-7.114999999999781,0.44870718621450306,-7.563707186214284,-1.063064959411738,10.133999999999787,6.511000000000195,stop,2015
-1,175134,175163,2015-12-17 01:45:00+00:00,2015-12-17 09:00:00+00:00,1065.821,1068.835,0.01,29,-3.0140000000001237,0.4116384994823552,-3.4256384994824787,-1.1365754809165023,3.5440000000000964,0.0,stop,2015
-1,175276,175278,2015-12-18 14:15:00+00:00,2015-12-18 14:45:00+00:00,1059.186,1061.0335,0.01,2,-1.847500000000082,0.3572665226105118,-2.2047665226105937,-1.193378361358861,5.884999999999991,0.3250000000000455,stop,2015
-1,175478,175517,2015-12-22 18:45:00+00:00,2015-12-23 05:30:00+00:00,1073.5605,1074.7694999999999,0.01,39,-1.2089999999998327,0.4236976301481882,-1.6326976301480207,-1.3504529612475158,1.3195000000000618,1.6705000000001746,stop,2015
-1,175529,175531,2015-12-23 08:30:00+00:00,2015-12-23 09:00:00+00:00,1072.79,1069.9789999999998,0.01,2,2.811000000000149,0.3943111234817785,2.4166888765183705,1.7194513529123032,0.1750000000001819,3.0335000000000036,target,2015
1,175593,175644,2015-12-24 01:30:00+00:00,2015-12-24 14:15:00+00:00,1072.868,1076.024,0.01,51,3.155999999999949,0.40874890187397855,2.7472510981259703,1.7409702776463971,1.512499999999818,3.5075000000001637,target,2015
-1,175672,175740,2015-12-28 01:30:00+00:00,2015-12-28 18:30:00+00:00,1072.591,1067.091,0.01,68,5.5,0.4080848286787922,5.091915171321208,1.8516055168440757,1.874000000000251,5.960999999999785,target,2015
-1,175797,175798,2015-12-29 09:45:00+00:00,2015-12-29 10:00:00+00:00,1071.62,1072.638,0.01,1,-1.018000000000029,0.36355935535900785,-1.381559355359037,-1.357130997405695,3.7910000000001673,0.4555000000000291,stop,2015
-1,175892,175904,2015-12-30 10:30:00+00:00,2015-12-30 13:30:00+00:00,1067.934,1061.6499999999999,0.01,12,6.284000000000106,0.3934526740006193,5.890547325999487,1.8747763609164185,1.7345000000000255,6.348999999999933,target,2015
-1,176032,176035,2016-01-03 23:30:00+00:00,2016-01-04 00:15:00+00:00,1062.8255,1064.3995,0.01,3,-1.5740000000000691,0.44072588556492204,-2.014725885564991,-1.280003739240726,1.7650000000001,0.40099999999983993,stop,2016
-1,176442,176444,2016-01-08 10:00:00+00:00,2016-01-08 10:30:00+00:00,1096.155,1097.58,0.01,2,-1.4249999999999545,0.37133018019254876,-1.7963301801925033,-1.2605825825912707,1.4559999999999036,0.0,stop,2016
-1,176532,176535,2016-01-11 09:30:00+00:00,2016-01-11 10:15:00+00:00,1100.524,1101.663,0.01,3,-1.1390000000001237,0.3584866991375189,-1.4974866991376425,-1.314738102842388,1.35550000000012,1.3889999999998963,stop,2016
-1,176738,176741,2016-01-13 15:00:00+00:00,2016-01-13 15:45:00+00:00,1087.4555,1089.595,0.01,3,-2.139499999999998,0.37779129723999344,-2.5172912972399915,-1.1765792461977067,4.01949999999988,1.384999999999991,stop,2016
-1,176798,176801,2016-01-14 07:00:00+00:00,2016-01-14 07:45:00+00:00,1090.8310000000001,1088.7840000000006,0.01,3,2.0469999999995707,0.368302133888061,1.6786978661115097,1.6401542414380672,0.0,2.706000000000131,target,2016
-1,176914,176915,2016-01-15 13:00:00+00:00,2016-01-15 13:15:00+00:00,1084.1055000000001,1085.204,0.01,1,-1.0984999999998308,0.3522834150897631,-1.450783415089594,-1.3206949613926422,5.654499999999871,0.0,stop,2016
-1,177035,177036,2016-01-19 01:00:00+00:00,2016-01-19 01:15:00+00:00,1088.405,1086.314,0.01,1,2.0909999999998945,0.41879914041379446,1.6722008595861,1.5994269340853031,0.43000000000006366,2.5699999999999363,target,2016
1,177124,177128,2016-01-20 00:15:00+00:00,2016-01-20 01:15:00+00:00,1089.1295,1091.4885,0.01,4,2.3589999999999236,0.4076713512347491,1.9513286487651744,1.6543693503732408,0.4490000000000691,3.0239999999998872,target,2016
1,177258,177263,2016-01-21 10:45:00+00:00,2016-01-21 12:00:00+00:00,1097.8564999999999,1100.7704999999996,0.01,5,2.91399999999976,0.3814538596295694,2.5325461403701905,1.7381922720455725,0.48499999999989996,4.133000000000038,target,2016
-1,177336,177351,2016-01-22 07:15:00+00:00,2016-01-22 11:00:00+00:00,1096.911,1098.7795,0.01,15,-1.86850000000004,0.3636677729410058,-2.232167772941046,-1.194630865903665,2.824000000000069,1.7480000000000473,stop,2016
-1,177785,177829,2016-01-29 04:30:00+00:00,2016-01-29 15:30:00+00:00,1115.0819999999999,1118.306,0.01,44,-3.22400000000016,0.38541550184310863,-3.6094155018432685,-1.1195457511920253,3.2789999999999964,4.135999999999967,stop,2016
1,178022,178026,2016-02-02 17:45:00+00:00,2016-02-02 18:45:00+00:00,1124.8045000000002,1128.4325000000008,0.01,4,3.628000000000611,0.3881984449341976,3.2398015550664137,1.7859986521862556,0.0,3.9854999999997744,target,2016
1,178076,178096,2016-02-03 08:15:00+00:00,2016-02-03 13:15:00+00:00,1126.6385,1130.8085,0.01,20,4.170000000000073,0.35575271614691234,3.8142472838531605,1.829375196092611,1.0454999999999472,6.511500000000069,target,2016
-1,178284,178288,2016-02-05 14:15:00+00:00,2016-02-05 15:15:00+00:00,1145.5900000000001,1151.6115,0.01,4,-6.021499999999833,0.36402349207939005,-6.385523492079223,-1.060453955339932,6.073999999999842,0.0,stop,2016
-1,178540,178556,2016-02-10 09:15:00+00:00,2016-02-10 13:15:00+00:00,1184.714,1186.935,0.01,16,-2.2210000000000036,0.3694376618111885,-2.590437661811192,-1.166338433953709,4.7409999999999854,3.070499999999811,stop,2016
-1,178783,178784,2016-02-15 01:00:00+00:00,2016-02-15 01:15:00+00:00,1227.249,1223.3200000000004,0.01,1,3.9289999999996326,0.42972427603204394,3.4992757239675885,1.78125514073195,0.0,5.304499999999962,target,2016
-1,178899,178900,2016-02-16 10:45:00+00:00,2016-02-16 11:00:00+00:00,1211.7559999999999,1214.284,0.01,1,-2.5280000000002474,0.3827356721111203,-2.9107356721113677,-1.1513986044743207,2.679500000000189,1.1909999999998035,stop,2016
1,178978,178981,2016-02-17 07:30:00+00:00,2016-02-17 08:15:00+00:00,1211.22,1207.209,0.01,3,-4.010999999999967,0.3867556317480981,-4.3977556317480655,-1.0964237426447523,4.843000000000075,0.15550000000007458,stop,2016
-1,179041,179043,2016-02-18 00:15:00+00:00,2016-02-18 00:45:00+00:00,1206.871,1209.31,0.01,2,-2.438999999999851,0.47670709281432977,-2.9157070928141806,-1.1954518625725128,2.8589999999999236,0.0,stop,2016
1,179233,179234,2016-02-22 02:15:00+00:00,2016-02-22 02:30:00+00:00,1223.4265,1222.3205,0.01,1,-1.1059999999999945,0.38265204172289774,-1.4886520417228923,-1.3459783379049726,1.3119999999998981,0.0,stop,2016
1,179325,179329,2016-02-23 02:15:00+00:00,2016-02-23 03:15:00+00:00,1215.9895000000001,1218.2785000000003,0.01,4,2.2890000000002146,0.4010116902268665,1.887988309773348,1.649618444537502,1.1295000000000073,2.5104999999998654,target,2016
-1,179497,179504,2016-02-24 23:15:00+00:00,2016-02-25 01:00:00+00:00,1226.135,1228.5149999999999,0.01,7,-2.3799999999998818,0.4706028264455484,-2.85060282644543,-1.1977322800191479,8.299999999999955,3.759999999999991,stop,2016
1,179504,179505,2016-02-25 01:00:00+00:00,2016-02-25 01:15:00+00:00,1228.025,1230.493,0.01,1,2.467999999999847,0.4494665937547196,2.0185334062451274,1.6357645107335919,0.0,6.7199999999998,target,2016
-1,179626,179628,2016-02-26 08:30:00+00:00,2016-02-26 09:00:00+00:00,1232.46,1229.5560000000005,0.01,2,2.9039999999995416,0.3741727414007583,2.5298272585987833,1.7423052745173435,0.0,3.9090000000001055,target,2016
-1,179714,179715,2016-02-29 07:30:00+00:00,2016-02-29 07:45:00+00:00,1228.2705,1230.1295,0.01,1,-1.8589999999999236,0.3956868800594074,-2.254686880059331,-1.2128493168689747,2.9085000000000036,0.0,stop,2016
-1,179837,179925,2016-03-01 15:15:00+00:00,2016-03-02 14:15:00+00:00,1232.9855,1237.884,0.01,88,-4.898500000000013,0.35299125359298195,-5.251491253592994,-1.0720610908631174,5.344499999999925,8.111499999999978,stop,2016
1,179925,179927,2016-03-02 14:15:00+00:00,2016-03-02 14:45:00+00:00,1234.26,1240.84,0.01,2,6.579999999999927,0.35571014013473357,6.224289859865194,1.8918814163724202,0.0,7.620499999999993,target,2016
1,180107,180307,2016-03-04 13:45:00+00:00,2016-03-08 17:45:00+00:00,1260.87,1265.6585,0.01,200,4.788500000000113,0.3821889336733785,4.406311066326734,0.43021978776867315,4.023999999999887,18.968500000000176,time_stop,2016
1,180476,180516,2016-03-10 14:00:00+00:00,2016-03-11 01:00:00+00:00,1258.424,1274.995,0.01,40,16.570999999999913,0.4032670076396159,16.167732992360296,1.951328585162076,1.128500000000031,18.360500000000002,target,2016
1,180550,180553,2016-03-11 09:30:00+00:00,2016-03-11 10:15:00+00:00,1265.554,1262.7694999999999,0.01,3,-2.7845000000002074,0.41469043119235155,-3.1991904311925587,-1.1489281491083931,3.255000000000109,0.0,stop,2016
-1,180649,180655,2016-03-14 10:15:00+00:00,2016-03-14 11:45:00+00:00,1258.101,1253.0990000000006,0.01,6,5.001999999999498,0.3909065536221376,4.61109344637736,1.8436998985916926,0.0,5.080500000000029,target,2016
1,180865,181065,2016-03-16 18:15:00+00:00,2016-03-20 23:15:00+00:00,1248.33,1254.335,0.01,200,6.005000000000109,0.4431546020970789,5.5618453979030305,0.3078029496058597,0.5944999999999254,22.691500000000133,time_stop,2016
-1,181065,181090,2016-03-20 23:15:00+00:00,2016-03-21 05:30:00+00:00,1254.06,1250.5499999999997,0.01,25,3.5100000000002183,0.42693946333273425,3.083060536667484,1.7567296505226737,1.4949999999998909,4.074999999999818,target,2016
1,181188,181189,2016-03-22 07:00:00+00:00,2016-03-22 07:15:00+00:00,1249.0300000000002,1252.739000000001,0.01,1,3.709000000000742,0.41772320866177576,3.2912767913389662,1.7747515725739054,0.0,5.3449999999998,target,2016
-1,181253,181256,2016-03-23 00:15:00+00:00,2016-03-23 01:00:00+00:00,1248.31,1245.81,0.01,3,2.5,0.4244747257911773,2.0755252742088226,1.660420219367058,0.7195000000001528,5.163999999999987,target,2016
-1,181486,181489,2016-03-28 12:30:00+00:00,2016-03-28 13:15:00+00:00,1218.9505,1221.541,0.01,3,-2.59050000000002,0.4026546214771379,-2.993154621477158,-1.1554350980417427,3.719500000000153,1.1604999999999563,stop,2016
-1,181534,181540,2016-03-29 01:30:00+00:00,2016-03-29 03:00:00+00:00,1220.176,1218.038,0.01,6,2.13799999999992,0.4316628398414238,1.7063371601584962,1.5961994014579608,0.8105000000000473,2.3910000000000764,target,2016
-1,181733,181740,2016-03-31 05:15:00+00:00,2016-03-31 07:00:00+00:00,1228.345,1229.789,0.01,7,-1.44399999999996,0.4295567948726606,-1.8735567948726206,-1.2974770047594686,1.475500000000011,2.0139999999998963,stop,2016
1,181823,181830,2016-04-01 04:45:00+00:00,2016-04-01 06:30:00+00:00,1231.675,1234.8449999999996,0.01,7,3.1699999999996185,0.4318435648319469,2.7381564351676717,1.7275434922195592,1.3399999999999181,3.7509999999999764,target,2016
1,181993,182022,2016-04-05 01:15:00+00:00,2016-04-05 08:30:00+00:00,1223.966,1234.0089999999996,0.01,29,10.042999999999665,0.4182821786861956,9.62471782131347,1.9167017467517256,1.7010000000000218,10.97900000000027,target,2016
-1,182106,182126,2016-04-06 06:30:00+00:00,2016-04-06 11:30:00+00:00,1226.6895,1222.1884999999997,0.01,20,4.501000000000204,0.3838138556155436,4.11718614438466,1.829453963290146,1.3450000000000273,5.210000000000036,target,2016
1,182172,182174,2016-04-07 00:00:00+00:00,2016-04-07 00:30:00+00:00,1225.566,1224.2849999999999,0.01,2,-1.2810000000001764,0.45843579154267666,-1.739435791542853,-1.3578733735695656,1.7860000000000582,1.1144999999999072,stop,2016
1,182295,182296,2016-04-08 07:45:00+00:00,2016-04-08 08:00:00+00:00,1234.0465,1237.9805000000001,0.01,1,3.9340000000001965,0.40311138295876786,3.5308886170414286,1.795062845470896,0.0,3.9540000000001783,target,2016
-1,182551,182560,2016-04-13 02:45:00+00:00,2016-04-13 05:00:00+00:00,1252.3905,1249.6284999999998,0.01,9,2.762000000000171,0.41159726935425484,2.350402730645916,1.7019570822923755,1.169499999999971,4.025000000000091,target,2016
-1,182789,182808,2016-04-15 16:15:00+00:00,2016-04-17 22:00:00+00:00,1233.206,1235.956,0.01,19,-2.75,0.4842337730421909,-3.234233773042191,-1.1760850083789784,4.6840000000001965,1.3459999999997763,stop,2016
-1,182823,182842,2016-04-18 01:45:00+00:00,2016-04-18 06:30:00+00:00,1234.2465000000002,1237.214,0.01,19,-2.9674999999997453,0.4078767153528313,-3.3753767153525764,-1.1374479242975117,3.11449999999968,1.231000000000222,stop,2016
-1,182925,182933,2016-04-19 04:15:00+00:00,2016-04-19 06:15:00+00:00,1233.374,1235.094,0.01,8,-1.7200000000000275,0.3949913914216439,-2.1149913914216714,-1.2296461578032776,4.6254999999998745,1.2940000000000964,stop,2016
-1,183077,183103,2016-04-20 19:15:00+00:00,2016-04-21 02:45:00+00:00,1244.8345,1250.9650000000001,0.01,26,-6.130500000000212,0.41465486724747375,-6.545154867247685,-1.0676380176571991,6.600500000000011,2.355000000000018,stop,2016
1,183155,183157,2016-04-21 15:45:00+00:00,2016-04-21 16:15:00+00:00,1252.2055,1250.344,0.01,2,-1.8614999999999782,0.39160644979224063,-2.253106449792219,-1.210371447645579,2.780499999999847,0.0,stop,2016
1,183217,183219,2016-04-22 08:15:00+00:00,2016-04-22 08:45:00+00:00,1250.0135,1247.9625,0.01,2,-2.050999999999931,0.4042893876240178,-2.4552893876239485,-1.197118180216495,4.322499999999991,0.0,stop,2016
1,183333,183345,2016-04-25 14:15:00+00:00,2016-04-25 17:15:00+00:00,1240.6705,1238.475,0.01,12,-2.195500000000038,0.39187141765915706,-2.5873714176591953,-1.1784884616985427,2.621499999999969,0.9610000000000127,stop,2016
-1,183381,183396,2016-04-26 03:15:00+00:00,2016-04-26 07:00:00+00:00,1237.5839999999998,1232.5589999999993,0.01,15,5.025000000000546,0.41631487090848446,4.608685129092061,1.8343025389419145,0.5160000000000764,5.099499999999807,target,2016
1,183534,183537,2016-04-27 18:30:00+00:00,2016-04-27 19:15:00+00:00,1246.8255,1242.675,0.01,3,-4.150499999999965,0.46112311865032457,-4.61162311865029,-1.111100618877323,4.429499999999962,1.6095000000000255,stop,2016
1,183565,183616,2016-04-28 03:15:00+00:00,2016-04-28 16:00:00+00:00,1247.995,1266.4449999999997,0.01,51,18.449999999999818,0.412932281683898,18.03706771831592,1.9552376930423956,1.8699999999998909,18.644000000000233,target,2016
-1,183886,183989,2016-05-03 14:30:00+00:00,2016-05-04 17:15:00+00:00,1285.525,1273.0639999999999,0.01,103,12.46100000000024,0.37539824989599124,12.08560175010425,1.9397482946960944,5.4789999999998145,13.335000000000036,target,2016
-1,184034,184038,2016-05-05 05:30:00+00:00,2016-05-05 06:30:00+00:00,1282.32,1279.9930000000002,0.01,4,2.326999999999771,0.40693607619343225,1.9200639238063386,1.6502483229965859,0.6704999999999472,2.696499999999787,target,2016
1,184115,184116,2016-05-06 02:45:00+00:00,2016-05-06 03:00:00+00:00,1280.3755,1278.9605000000001,0.01,1,-1.4149999999999636,0.4286319097768083,-1.843631909776772,-1.302920077580791,2.2155000000002474,0.0,stop,2016
-1,184219,184241,2016-05-09 05:45:00+00:00,2016-05-09 11:15:00+00:00,1280.425,1272.8809999999996,0.01,22,7.544000000000324,0.40731803360381935,7.136681966396504,1.8920153675493632,2.024499999999989,7.908999999999878,target,2016
-1,184366,184384,2016-05-10 19:30:00+00:00,2016-05-11 01:00:00+00:00,1267.375,1269.7150000000001,0.01,18,-2.3400000000001455,0.46765613292281777,-2.8076561329229635,-1.199853048257602,2.3600000000001273,2.480000000000018,stop,2016
1,184385,184424,2016-05-11 01:15:00+00:00,2016-05-11 11:00:00+00:00,1269.7350000000001,1276.2550000000006,0.01,39,6.520000000000437,0.4268665673873225,6.093133432613114,1.8690593351572717,0.930000000000291,6.889999999999873,target,2016
1,184485,184488,2016-05-12 03:15:00+00:00,2016-05-12 04:00:00+00:00,1273.2910000000002,1271.92,0.01,3,-1.3710000000000946,0.4345681368279431,-1.8055681368280376,-1.3169716534120446,1.4110000000000582,0.0,stop,2016
1,184582,184613,2016-05-13 04:30:00+00:00,2016-05-13 12:15:00+00:00,1272.1955,1269.79,0.01,31,-2.4055000000000746,0.3992622136707023,-2.804762213670777,-1.1659788874124672,3.2554999999999836,4.217499999999973,stop,2016
1,184748,184754,2016-05-17 00:00:00+00:00,2016-05-17 01:30:00+00:00,1275.505,1278.0980000000004,0.01,6,2.593000000000302,0.4377302391256487,2.155269760874653,1.6623754422478998,0.1690000000000964,3.0909999999998945,target,2016
-1,184851,184865,2016-05-18 02:45:00+00:00,2016-05-18 06:15:00+00:00,1275.5700000000002,1272.1130000000007,0.01,14,3.456999999999425,0.4128832011400528,3.0441167988593723,1.7611320791784082,1.0894999999998163,3.505000000000109,target,2016
-1,185077,185081,2016-05-20 13:15:00+00:00,2016-05-20 14:15:00+00:00,1257.4355,1251.6095,0.01,4,5.826000000000022,0.33957925082743423,5.486420749172588,1.8834262784663809,1.9344999999998436,6.994500000000244,target,2016
1,185400,185405,2016-05-26 02:00:00+00:00,2016-05-26 03:15:00+00:00,1232.2815,1231.126,0.01,5,-1.1555000000000746,0.4192187275935894,-1.574718727593664,-1.3628028797867264,3.276499999999942,0.46550000000002,stop,2016
-1,185682,185701,2016-05-31 07:15:00+00:00,2016-05-31 12:00:00+00:00,1211.2845,1213.0505,0.01,19,-1.7660000000000766,0.40018827231244175,-2.1661882723125183,-1.2266071757148496,1.9800000000000182,1.5350000000000819,stop,2016
-1,185762,185765,2016-06-01 04:15:00+00:00,2016-06-01 05:00:00+00:00,1213.1599999999999,1214.986,0.01,3,-1.8260000000002492,0.421023410696102,-2.247023410696351,-1.2305714187820616,2.8840000000000146,0.009999999999763531,stop,2016
-1,185837,185844,2016-06-02 00:00:00+00:00,2016-06-02 01:45:00+00:00,1212.964,1214.355,0.01,7,-1.3910000000000764,0.4361133540014734,-1.8271133540015498,-1.3135250567947157,2.2784999999998945,1.6099999999999,stop,2016
-1,185948,185978,2016-06-03 04:45:00+00:00,2016-06-03 12:15:00+00:00,1212.0655,1213.6554999999998,0.01,30,-1.5899999999999181,0.4263762380943577,-2.016376238094276,-1.2681611560342012,2.5440000000000964,1.3699999999998909,stop,2016
-1,186162,186164,2016-06-07 12:15:00+00:00,2016-06-07 12:45:00+00:00,1237.0590000000002,1238.62,0.01,2,-1.5609999999996944,0.37101531477561905,-1.9320153147753134,-1.23767797230986,1.9794999999999163,2.134000000000242,stop,2016
1,186606,186620,2016-06-14 08:15:00+00:00,2016-06-14 11:45:00+00:00,1278.6655,1283.2695000000003,0.01,14,4.604000000000269,0.36340766651954753,4.240592333480722,1.8421339415640632,0.0,5.351000000000113,target,2016
1,186698,186700,2016-06-15 08:15:00+00:00,2016-06-15 08:45:00+00:00,1282.8609999999999,1280.9845,0.01,2,-1.8764999999998508,0.39217794237583853,-2.2686779423756893,-1.208994373768116,1.956499999999778,0.0,stop,2016
-1,186826,187026,2016-06-16 17:15:00+00:00,2016-06-20 22:15:00+00:00,1293.5149999999999,1289.0149999999999,0.01,200,4.5,0.5016857230284151,3.998314276971585,0.4527845849013727,6.215500000000247,16.81549999999993,time_stop,2016
1,187039,187043,2016-06-21 01:30:00+00:00,2016-06-21 02:30:00+00:00,1289.579,1287.5495,0.01,4,-2.029499999999871,0.4229344319513125,-2.4524344319511835,-1.2083934131319731,2.9689999999998236,0.45050000000014734,stop,2016
-1,187244,187246,2016-06-23 06:45:00+00:00,2016-06-23 07:15:00+00:00,1268.27,1270.3049999999998,0.01,2,-2.0349999999998545,0.4561071296223337,-2.491107129622188,-1.2241312676276983,2.46550000000002,2.994999999999891,stop,2016
1,187311,187312,2016-06-24 00:30:00+00:00,2016-06-24 00:45:00+00:00,1267.365,1273.5449999999998,0.01,1,6.179999999999836,0.48630094505566684,5.69369905494417,1.8426210533800391,0.28500000000008185,7.275499999999965,target,2016
-1,187514,187515,2016-06-28 05:15:00+00:00,2016-06-28 05:30:00+00:00,1314.161,1316.326,0.01,1,-2.1649999999999636,0.4049426523297513,-2.569942652329715,-1.1870404860645534,3.238499999999931,0.09600000000000364,stop,2016
-1,187585,187586,2016-06-29 00:00:00+00:00,2016-06-29 00:15:00+00:00,1314.0945,1315.4615,0.01,1,-1.3669999999999618,0.47447123498865046,-1.8414712349886122,-1.3470894184262352,2.7164999999999964,0.0,stop,2016
-1,187684,187690,2016-06-30 01:45:00+00:00,2016-06-30 03:15:00+00:00,1316.93,1314.7900000000002,0.01,6,2.1399999999998727,0.39235654448085233,1.7476434555190203,1.633311640672079,0.2749999999998636,2.27150000000006,target,2016
-1,187944,187991,2016-07-05 01:45:00+00:00,2016-07-05 13:30:00+00:00,1339.5535,1351.2890000000002,0.01,47,-11.73550000000023,0.4368040485309921,-12.17230404853122,-1.0372207446236619,13.468000000000075,0.0,stop,2016
1,188167,188169,2016-07-07 11:30:00+00:00,2016-07-07 12:00:00+00:00,1363.1390000000001,1365.8030000000003,0.01,2,2.6640000000002146,0.3484512580213,2.3155487419789145,1.7383999564404864,0.0,2.8479999999999563,target,2016
-1,188213,188217,2016-07-08 00:00:00+00:00,2016-07-08 01:00:00+00:00,1359.9395,1356.8995,0.01,4,3.0399999999999636,0.43268942721701203,2.6073105727829518,1.7153359031466993,0.7210000000000036,5.119999999999891,target,2016
-1,188335,188353,2016-07-11 07:30:00+00:00,2016-07-11 12:00:00+00:00,1360.13,1355.2600000000002,0.01,18,4.869999999999891,0.3529388582317999,4.517061141768091,1.8550559103770807,0.7334999999998217,5.281500000000051,target,2016
-1,188545,188577,2016-07-13 14:00:00+00:00,2016-07-13 23:00:00+00:00,1342.5085,1345.4005,0.01,32,-2.8920000000000528,0.41944932473767943,-3.3114493247377323,-1.1450378024680747,3.651500000000169,5.66399999999976,stop,2016
-1,188716,188721,2016-07-15 10:45:00+00:00,2016-07-15 12:00:00+00:00,1334.24,1335.48,0.01,5,-1.240000000000009,0.35649044798267343,-1.5964904479826825,-1.2874922967602183,2.0599999999999454,2.1855000000000473,stop,2016
-1,188758,188765,2016-07-17 22:15:00+00:00,2016-07-18 00:00:00+00:00,1331.589,1334.5500000000002,0.01,7,-2.96100000000024,0.5271164486831696,-3.4881164486834098,-1.1780197395079794,3.1655000000000655,1.4099999999998545,stop,2016
-1,188767,188769,2016-07-18 00:30:00+00:00,2016-07-18 01:00:00+00:00,1332.3045,1329.5234999999996,0.01,2,2.781000000000404,0.4442730167412672,2.336726983259137,1.6804940548427167,0.7454999999999927,5.9034999999998945,target,2016
-1,188859,188862,2016-07-19 00:30:00+00:00,2016-07-19 01:15:00+00:00,1328.955,1325.774,0.01,3,3.18100000000004,0.4303173454941837,2.7506826545058565,1.7294452401797056,0.6849999999999454,3.2194999999999254,target,2016
1,188955,188956,2016-07-20 01:30:00+00:00,2016-07-20 01:45:00+00:00,1333.07,1337.1909999999996,0.01,1,4.12099999999964,0.3726133487121635,3.7483866512874764,1.8191636259586528,0.7299999999997908,5.435000000000173,target,2016
-1,189079,189080,2016-07-21 09:30:00+00:00,2016-07-21 09:45:00+00:00,1321.27,1323.1945,0.01,1,-1.92450000000008,0.3453160156943594,-2.2698160156944396,-1.1794315488149365,2.3299999999999272,0.0,stop,2016
-1,189148,189149,2016-07-22 03:45:00+00:00,2016-07-22 04:00:00+00:00,1324.78,1326.77,0.01,1,-1.990000000000009,0.3707604498567143,-2.3607604498567234,-1.1863117838475943,4.740000000000009,0.0,stop,2016
1,189290,189292,2016-07-25 16:15:00+00:00,2016-07-25 16:45:00+00:00,1322.27,1319.6485,0.01,2,-2.621499999999969,0.35704569820628934,-2.9785456982062586,-1.1361990075171824,2.8400000000001455,0.0,stop,2016
-1,189320,189321,2016-07-26 00:45:00+00:00,2016-07-26 01:00:00+00:00,1318.6305,1320.7115,0.01,1,-2.0809999999999036,0.41973692246539057,-2.500736922465294,-1.2016996263649256,4.039999999999964,0.0,stop,2016
1,189439,189459,2016-07-27 07:30:00+00:00,2016-07-27 12:30:00+00:00,1319.7585,1322.1754999999998,0.01,20,2.4169999999999163,0.36360467031058363,2.053395329689333,1.6991272897719518,1.1354999999998654,4.401499999999942,target,2016
1,189608,189808,2016-07-29 03:45:00+00:00,2016-08-02 07:45:00+00:00,1342.2015000000001,1358.0365000000002,0.01,200,15.835000000000038,0.42178969514426295,15.413210304855776,1.1417192818411686,11.866500000000087,17.243999999999687,time_stop,2016
-1,189926,189977,2016-08-03 14:15:00+00:00,2016-08-04 04:00:00+00:00,1356.951,1351.2020000000002,0.01,51,5.748999999999796,0.3563179739949325,5.392682026004864,1.8760417554374864,2.3595000000000255,6.186000000000149,target,2016
1,190006,190103,2016-08-04 11:15:00+00:00,2016-08-05 12:30:00+00:00,1362.444,1352.75,0.01,97,-9.69399999999996,0.3803467459918099,-10.07434674599177,-1.0392352739830628,20.510999999999967,2.669499999999971,stop,2016
-1,190103,190105,2016-08-05 12:30:00+00:00,2016-08-05 13:00:00+00:00,1356.665,1346.768,0.01,2,9.896999999999935,0.348843360662306,9.548156639337629,1.9295052317546109,0.0,11.786000000000058,target,2016
1,190291,190335,2016-08-09 13:30:00+00:00,2016-08-10 01:30:00+00:00,1340.2495,1347.7565,0.01,44,7.507000000000062,0.3620549753082521,7.144945024691809,1.903542034019382,1.9694999999999254,7.565500000000156,target,2016
1,190391,190426,2016-08-10 15:30:00+00:00,2016-08-11 01:15:00+00:00,1346.4299999999998,1344.28,0.01,35,-2.1499999999998636,0.35733362205347086,-2.507333622053334,-1.1662016846760435,2.7749999999998636,1.73050000000012,stop,2016
-1,190426,190427,2016-08-11 01:15:00+00:00,2016-08-11 01:30:00+00:00,1344.808,1341.884,0.01,1,2.923999999999978,0.390938934291358,2.5330610657086203,1.7325999081454442,0.0,3.0325000000000273,target,2016
1,190563,190564,2016-08-12 12:30:00+00:00,2016-08-12 12:45:00+00:00,1343.384,1350.7620000000002,0.01,1,7.378000000000156,0.3791997596891172,6.99880024031104,1.8972079805667907,0.0,13.15099999999984,target,2016
1,190634,190637,2016-08-15 07:15:00+00:00,2016-08-15 08:00:00+00:00,1341.87,1339.9560000000001,0.01,3,-1.91399999999976,0.36853476882947955,-2.2825347688292394,-1.1925469011648515,3.5960000000000036,0.17550000000028376,stop,2016
1,190698,190701,2016-08-16 00:00:00+00:00,2016-08-16 00:45:00+00:00,1341.674,1343.8829999999998,0.01,3,2.2089999999998327,0.38759315017179313,1.8214068498280396,1.6490781800164578,0.0,4.770999999999958,target,2016
-1,190816,190822,2016-08-17 06:30:00+00:00,2016-08-17 08:00:00+00:00,1343.6785,1345.3695,0.01,6,-1.691000000000031,0.3505505728963228,-2.041550572896354,-1.2073037095779517,2.7374999999999545,2.1800000000000637,stop,2016
-1,190919,190922,2016-08-18 09:15:00+00:00,2016-08-18 10:00:00+00:00,1346.5765000000001,1349.87,0.01,3,-3.2934999999997676,0.3639880672934978,-3.6574880672932655,-1.1105170995274096,3.321999999999889,0.0,stop,2016
-1,190975,190995,2016-08-19 00:15:00+00:00,2016-08-19 05:15:00+00:00,1347.9405000000002,1350.33,0.01,20,-2.389499999999771,0.3866773838578575,-2.7761773838576285,-1.1618235546590896,2.3934999999999036,2.115500000000111,stop,2016
1,191191,191193,2016-08-23 08:15:00+00:00,2016-08-23 08:45:00+00:00,1340.72,1339.52,0.01,2,-1.2000000000000455,0.36897265230073667,-1.568972652300782,-1.3074772102506023,1.6200000000001182,0.035000000000081855,stop,2016
1,191285,191286,2016-08-24 08:45:00+00:00,2016-08-24 09:00:00+00:00,1340.02,1338.636,0.01,1,-1.3840000000000146,0.3719807132120278,-1.7559807132120424,-1.268772191627185,1.74350000000004,0.0,stop,2016
-1,191477,191478,2016-08-26 10:45:00+00:00,2016-08-26 11:00:00+00:00,1325.5955,1326.76,0.01,1,-1.1645000000000891,0.35618761922336745,-1.5206876192234566,-1.3058717211020525,2.6820000000002437,0.900000000000091,stop,2016
1,191588,191609,2016-08-29 15:30:00+00:00,2016-08-29 20:45:00+00:00,1323.54,1322.12,0.01,21,-1.4200000000000728,0.42762064259676447,-1.8476206425968371,-1.3011412976033399,1.509999999999991,1.6800000000000637,stop,2016
1,191860,191943,2016-09-01 14:30:00+00:00,2016-09-02 12:15:00+00:00,1314.0505,1309.5410000000002,0.01,83,-4.509499999999889,0.3651535922907374,-4.874653592290627,-1.0809742969931804,7.515500000000202,7.817499999999882,stop,2016
-1,191944,191945,2016-09-02 12:30:00+00:00,2016-09-02 12:45:00+00:00,1306.5349999999999,1321.868,0.01,1,-15.333000000000082,0.3147898194046198,-15.647789819404702,-1.0205302171398043,19.897000000000162,0.0,stop,2016
-1,192309,192311,2016-09-08 15:30:00+00:00,2016-09-08 16:00:00+00:00,1342.74,1338.3619999999999,0.01,2,4.378000000000156,0.36448919240078576,4.013510807599371,1.833490547098779,0.0,5.779999999999973,target,2016
1,192532,192539,2016-09-13 02:15:00+00:00,2016-09-13 04:00:00+00:00,1331.606,1330.2125,0.01,7,-1.3934999999999036,0.36419769449529316,-1.7576976944951967,-1.2613546426231204,1.6859999999999218,0.12400000000002365,stop,2016
-1,192672,192673,2016-09-14 14:00:00+00:00,2016-09-14 14:15:00+00:00,1322.5555,1324.674,0.01,1,-2.11850000000004,0.3555054138997838,-2.4740054138998238,-1.1678099664384125,2.1599999999998545,0.0,stop,2016
1,192715,192723,2016-09-15 01:45:00+00:00,2016-09-15 03:45:00+00:00,1324.9355,1323.225,0.01,8,-1.7105000000001382,0.3840890774415744,-2.0945890774417126,-1.2245478383171842,2.2115000000001146,0.8544999999999163,stop,2016
1,192903,192906,2016-09-19 02:45:00+00:00,2016-09-19 03:30:00+00:00,1316.4655,1314.825,0.01,3,-1.6404999999999745,0.38624426099352155,-2.026744260993496,-1.2354430118826745,2.365500000000111,0.03950000000008913,stop,2016
-1,192989,192990,2016-09-20 01:15:00+00:00,2016-09-20 01:30:00+00:00,1314.0410000000002,1315.05,0.01,1,-1.0089999999997872,0.3714056738172628,-1.38040567381705,-1.3680928382728852,1.7794999999998709,0.0,stop,2016
-1,193094,193101,2016-09-21 04:30:00+00:00,2016-09-21 06:15:00+00:00,1314.15,1320.175,0.01,7,-6.024999999999864,0.36915192696855964,-6.394151926968423,-1.0612700293723765,6.069999999999936,3.54950000000008,stop,2016
-1,193386,193389,2016-09-26 08:30:00+00:00,2016-09-26 09:15:00+00:00,1334.496,1335.7305000000001,0.01,3,-1.2345000000000255,0.35225805522365206,-1.5867580552236775,-1.2853447186906803,1.5740000000000691,0.3410000000001219,stop,2016
-1,193452,193492,2016-09-27 02:00:00+00:00,2016-09-27 12:00:00+00:00,1336.1799999999998,1331.0399999999995,0.01,40,5.140000000000327,0.3585460514378181,4.781453948562509,1.8604879177284843,1.7860000000000582,6.8289999999997235,target,2016
-1,193701,193710,2016-09-29 18:15:00+00:00,2016-09-29 20:30:00+00:00,1323.121,1320.3830000000003,0.01,9,2.737999999999829,0.3854947381599445,2.3525052618398847,1.718411440350644,0.0,3.2960000000002765,target,2016
1,193730,193776,2016-09-30 02:30:00+00:00,2016-09-30 14:00:00+00:00,1324.445,1319.6325000000002,0.01,46,-4.812499999999773,0.3281491996553292,-5.140649199655102,-1.0681868466816302,6.868499999999813,3.7050000000001546,stop,2016
-1,194234,194236,2016-10-07 13:30:00+00:00,2016-10-07 14:00:00+00:00,1261.5615,1256.1154999999997,0.01,2,5.446000000000367,0.36187914083379197,5.084120859166576,1.86710277604342,0.6105000000000018,6.393000000000029,target,2016
-1,194272,194273,2016-10-10 00:00:00+00:00,2016-10-10 00:15:00+00:00,1259.74,1260.85,0.01,1,-1.1099999999999,0.38347520045629235,-1.4934752004561922,-1.3454731535642583,1.5950000000000273,0.0,stop,2016
1,194390,194395,2016-10-11 06:30:00+00:00,2016-10-11 07:45:00+00:00,1261.65,1259.01,0.01,5,-2.6400000000001,0.3359911519688991,-2.975991151968999,-1.1272693757457903,2.8565000000000964,0.6104999999997744,stop,2016
-1,194490,194500,2016-10-12 08:30:00+00:00,2016-10-12 11:00:00+00:00,1256.5755,1254.3445000000002,0.01,10,2.230999999999767,0.34531072786529937,1.8856892721344678,1.6904430946971445,0.02500000000009095,2.58849999999984,target,2016
1,194556,194557,2016-10-13 02:00:00+00:00,2016-10-13 02:15:00+00:00,1256.6585,1259.4385000000002,0.01,1,2.7800000000002,0.34800181831635885,2.4319981816838414,1.749638979628537,0.0,3.501499999999851,target,2016
1,194645,194651,2016-10-14 01:15:00+00:00,2016-10-14 02:45:00+00:00,1258.6390000000001,1257.0410000000002,0.01,6,-1.5979999999999563,0.3397022076080751,-1.9377022076080315,-1.2125796042603783,1.8990000000001146,0.1855000000000473,stop,2016
1,194757,194760,2016-10-17 06:15:00+00:00,2016-10-17 07:00:00+00:00,1255.6280000000002,1254.6100000000001,0.01,3,-1.018000000000029,0.3405516532721028,-1.3585516532721318,-1.3345301112692465,1.56899999999996,0.531999999999698,stop,2016
1,194881,194886,2016-10-18 14:15:00+00:00,2016-10-18 15:30:00+00:00,1258.9555,1262.7264999999998,0.01,5,3.770999999999731,0.34671933473607824,3.4242806652636526,1.8161127898509133,0.0,4.279999999999973,target,2016
-1,195066,195072,2016-10-20 14:30:00+00:00,2016-10-20 16:00:00+00:00,1265.436,1267.798,0.01,6,-2.36200000000008,0.3418410699148007,-2.7038410699148807,-1.14472526245334,2.68950000000018,0.397499999999809,stop,2016
-1,195158,195169,2016-10-21 14:30:00+00:00,2016-10-21 17:15:00+00:00,1265.136,1267.1195,0.01,11,-1.9835000000000491,0.3497443506316534,-2.3332443506317024,-1.176326872009904,2.219000000000051,1.1269999999999527,stop,2016
-1,195197,195218,2016-10-24 01:15:00+00:00,2016-10-24 06:30:00+00:00,1264.8400000000001,1266.8105,0.01,21,-1.9704999999999018,0.34981860605740817,-2.32031860605731,-1.1775278386487824,2.163499999999658,2.1200000000001182,stop,2016
1,195422,195430,2016-10-26 11:30:00+00:00,2016-10-26 13:30:00+00:00,1271.497,1273.861,0.01,8,2.3640000000000327,0.34574943154364196,2.018250568456391,1.7074877905722192,0.6270000000001801,2.8064999999999145,target,2016
1,195498,195518,2016-10-27 07:30:00+00:00,2016-10-27 12:30:00+00:00,1269.0104999999999,1271.3714999999997,0.01,20,2.3609999999998763,0.3426195258141554,2.018380474185721,1.709767449543267,1.1594999999997526,3.89850000000024,target,2016
-1,195564,195565,2016-10-28 01:00:00+00:00,2016-10-28 01:15:00+00:00,1268.4965000000002,1269.529,0.01,1,-1.0324999999998,0.3762603829015929,-1.4087603829013928,-1.364416835740112,1.2269999999998618,0.0,stop,2016
1,195701,195704,2016-10-31 12:15:00+00:00,2016-10-31 13:00:00+00:00,1274.04,1272.4465,0.01,3,-1.593499999999949,0.3330525937072499,-1.926552593707199,-1.2090069618495516,1.8800000000001091,0.44650000000001455,stop,2016
-1,195966,195967,2016-11-03 09:30:00+00:00,2016-11-03 09:45:00+00:00,1292.7535,1294.2305000000001,0.01,1,-1.4770000000000891,0.3497384939659796,-1.8267384939660687,-1.2367897724888006,1.9365000000000236,0.0,stop,2016
-1,196046,196048,2016-11-04 06:30:00+00:00,2016-11-04 07:00:00+00:00,1296.1615,1297.72,0.01,2,-1.5585000000000948,0.34607451994591654,-1.9045745199460113,-1.22205615652608,1.6555000000000746,1.32549999999992,stop,2016
-1,196265,196289,2016-11-08 16:00:00+00:00,2016-11-08 23:00:00+00:00,1283.007,1272.393,0.01,24,10.614000000000033,0.4567223881750007,10.157277611825032,1.9139396291360469,0.0,14.751999999999953,target,2016
1,196301,196302,2016-11-09 02:00:00+00:00,2016-11-09 02:15:00+00:00,1285.339,1301.1970000000001,0.01,1,15.858000000000175,0.45999908821209434,15.398000911788081,1.941985232915615,0.0,25.846000000000004,target,2016
-1,196397,196404,2016-11-10 03:00:00+00:00,2016-11-10 04:45:00+00:00,1286.681,1282.3830000000003,0.01,7,4.2979999999997744,0.3482418887379205,3.949758111261854,1.8379516571717363,1.83199999999988,4.530999999999949,target,2016
-1,196750,196759,2016-11-15 23:15:00+00:00,2016-11-16 01:30:00+00:00,1228.1895,1231.18,0.01,9,-2.990500000000111,0.3928665850955841,-3.383366585095695,-1.1313715382362715,4.211999999999989,1.8739999999997963,stop,2016
1,196759,196760,2016-11-16 01:30:00+00:00,2016-11-16 01:45:00+00:00,1230.484,1232.8059999999996,0.01,1,2.3219999999996617,0.365103208449585,1.9568967915500766,1.6855269522397602,0.0,2.671000000000049,target,2016
-1,196850,196852,2016-11-17 01:15:00+00:00,2016-11-17 01:45:00+00:00,1226.795,1228.086,0.01,2,-1.29099999999994,0.37633389596729766,-1.6673338959672377,-1.2915057288670142,1.3849999999997635,0.22499999999990905,stop,2016
1,197066,197070,2016-11-21 09:00:00+00:00,2016-11-21 10:00:00+00:00,1216.6005,1214.27,0.01,4,-2.330500000000029,0.3532602767714091,-2.683760276771438,-1.1515813245103645,2.5205000000000837,0.03949999999986176,stop,2016
-1,197151,197152,2016-11-22 07:15:00+00:00,2016-11-22 07:30:00+00:00,1214.54,1215.8200000000002,0.01,1,-1.2800000000002,0.35457126902685476,-1.6345712690270549,-1.277008803927187,1.71100000000024,0.21000000000003638,stop,2016
-1,197219,197222,2016-11-23 01:30:00+00:00,2016-11-23 02:15:00+00:00,1213.4299999999998,1214.52,0.01,3,-1.0900000000001455,1.423170496664203,-2.5131704966643484,-2.3056610061137732,1.1200000000001182,0.01999999999998181,stop,2016
1,197417,197420,2016-11-25 08:30:00+00:00,2016-11-25 09:15:00+00:00,1191.8125,1187.205,0.01,3,-4.607500000000073,0.3543915999652261,-4.961891599965299,-1.0769162452447576,6.092499999999973,0.0,stop,2016
1,197465,197513,2016-11-28 00:45:00+00:00,2016-11-28 12:45:00+00:00,1191.8964999999998,1188.24,0.01,48,-3.6564999999998236,0.37744625854210884,-4.033946258541932,-1.103226106534152,4.8449999999998,5.803500000000213,stop,2016
1,197561,197568,2016-11-29 01:30:00+00:00,2016-11-29 03:15:00+00:00,1192.4415,1190.3935000000001,0.01,7,-2.0479999999997744,0.3487419707883777,-2.396741970788152,-1.1702841654240312,3.0,1.8385000000000673,stop,2016
-1,197648,197649,2016-11-30 00:00:00+00:00,2016-11-30 00:15:00+00:00,1188.115,1190.1,0.01,1,-1.9849999999999,0.4004367831002102,-2.38543678310011,-1.2017313768766902,3.4314999999999145,0.0,stop,2016
-1,197854,197869,2016-12-02 05:00:00+00:00,2016-12-02 08:45:00+00:00,1174.317,1176.15,0.01,15,-1.833000000000084,0.34753113657001994,-2.180531136570104,-1.1895969102946014,2.163000000000011,1.2404999999998836,stop,2016
-1,197933,197939,2016-12-05 01:45:00+00:00,2016-12-05 03:15:00+00:00,1173.33,1176.741,0.01,6,-3.411000000000058,0.3418635973417294,-3.7528635973417876,-1.1002238631901857,3.4700000000002547,1.6485000000000127,stop,2016
1,198021,198042,2016-12-06 00:30:00+00:00,2016-12-06 05:45:00+00:00,1172.607,1171.1264999999999,0.01,21,-1.48050000000012,0.3653396835189792,-1.8458396835190993,-1.2467677700229312,1.7329999999999472,2.798000000000002,stop,2016
1,198147,198159,2016-12-07 09:00:00+00:00,2016-12-07 12:00:00+00:00,1171.6734999999999,1173.9294999999997,0.01,12,2.255999999999858,0.3482295834692608,1.9077704165305973,1.691285830257728,0.74350000000004,2.2600000000002183,target,2016
-1,198258,198347,2016-12-08 13:30:00+00:00,2016-12-09 12:45:00+00:00,1171.025,1162.2950000000005,0.01,89,8.729999999999563,0.36366259691132446,8.36633740308824,1.9166866902837705,4.270500000000084,9.625,target,2016
1,198457,198471,2016-12-12 17:15:00+00:00,2016-12-12 20:45:00+00:00,1163.53,1161.5900000000001,0.01,14,-1.9399999999998272,0.34264231721074573,-2.282642317210573,-1.1766197511395755,2.2200000000000273,2.3489999999999327,stop,2016
1,198487,198502,2016-12-13 01:45:00+00:00,2016-12-13 05:30:00+00:00,1163.06,1161.748,0.01,15,-1.3119999999998981,0.3551503843759208,-1.6671503843758189,-1.2706938905304483,2.1099999999999,0.8000000000001819,stop,2016
1,198580,198629,2016-12-14 01:45:00+00:00,2016-12-14 14:00:00+00:00,1161.004,1164.7019999999998,0.01,49,3.6979999999998654,0.35414588265656827,3.343854117343297,1.8084662614080145,1.7474999999999454,4.280999999999949,target,2016
1,198824,198826,2016-12-16 16:45:00+00:00,2016-12-16 17:15:00+00:00,1139.8385,1137.3785,0.01,2,-2.4600000000000364,0.35004524582122315,-2.8100452458212595,-1.1422948153744787,3.3250000000000455,0.08150000000000546,stop,2016
1,198854,198909,2016-12-19 01:15:00+00:00,2016-12-19 15:00:00+00:00,1138.9135,1136.9885,0.01,55,-1.9250000000001817,0.3880728412490639,-2.3130728412492454,-1.2015962811683258,1.9965000000001965,3.5149999999998727,stop,2016
-1,198943,198950,2016-12-20 00:15:00+00:00,2016-12-20 02:00:00+00:00,1137.2715,1138.7485000000001,0.01,7,-1.4770000000000891,0.3973528515311109,-1.8743528515312,-1.2690269814022255,1.7234999999998308,0.19000000000005457,stop,2016
1,199042,199097,2016-12-21 02:00:00+00:00,2016-12-21 15:45:00+00:00,1135.1509999999998,1131.1190000000001,0.01,55,-4.031999999999698,0.37035870891613004,-4.402358708915828,-1.0918548385208724,4.190000000000055,2.064000000000078,stop,2016
1,199187,199189,2016-12-22 15:15:00+00:00,2016-12-22 15:45:00+00:00,1134.1245,1132.392,0.01,2,-1.7324999999998454,0.364408350012219,-2.096908350012064,-1.2103367099637814,2.0914999999999964,0.0,stop,2016
-1,199270,199276,2016-12-23 13:00:00+00:00,2016-12-23 14:30:00+00:00,1130.9065,1132.114,0.01,6,-1.2074999999999818,0.33627095213461466,-1.5437709521345964,-1.2784852605669728,1.336999999999989,1.0914999999999964,stop,2016
-1,199447,199453,2016-12-28 11:15:00+00:00,2016-12-28 12:45:00+00:00,1137.6799999999998,1139.4499999999998,0.01,6,-1.769999999999982,0.3136243632640836,-2.0836243632640654,-1.1771889057989189,2.0340000000001055,0.0,stop,2016
-1,199659,199684,2016-12-30 17:45:00+00:00,2017-01-03 01:00:00+00:00,1151.8585,1155.324,0.01,25,-3.46550000000002,0.37911096170145214,-3.844610961701472,-1.1093957471364737,4.212499999999864,2.25850000000014,stop,2016
1,199685,199717,2017-01-03 01:15:00+00:00,2017-01-03 09:15:00+00:00,1156.071,1150.575,0.01,32,-5.495999999999867,0.3589000165571004,-5.854900016556968,-1.0653020408582805,5.8159999999998035,2.7660000000000764,stop,2017
1,200016,200023,2017-01-06 14:30:00+00:00,2017-01-06 16:15:00+00:00,1175.605,1173.1815,0.01,7,-2.4235000000001037,0.3220276969408898,-2.7455276969409934,-1.1328771186056843,3.3645000000001346,3.6545000000000982,stop,2017
-1,200052,200054,2017-01-09 00:30:00+00:00,2017-01-09 01:00:00+00:00,1173.172,1174.6599999999999,0.01,2,-1.487999999999829,0.3638190486381048,-1.8518190486379338,-1.2445020488159588,2.929499999999962,0.09200000000009823,stop,2017
-1,200293,200295,2017-01-11 14:30:00+00:00,2017-01-11 15:00:00+00:00,1184.4180000000001,1179.1440000000002,0.01,2,5.273999999999887,0.32545557823803084,4.948544421761857,1.8765811231558447,0.0,7.006500000000187,target,2017
-1,200417,200418,2017-01-12 23:15:00+00:00,2017-01-12 23:30:00+00:00,1193.8944999999999,1195.243,0.01,1,-1.3485000000000582,0.383973743467149,-1.7324737434672073,-1.284741374465801,1.955500000000029,0.0,stop,2017
-1,200428,200444,2017-01-13 02:00:00+00:00,2017-01-13 06:00:00+00:00,1192.94,1194.8505,0.01,16,-1.9104999999999563,0.3236377740152286,-2.234137774015185,-1.1693995153181032,2.4484999999999673,1.5855000000001382,stop,2017
-1,200756,200761,2017-01-18 19:00:00+00:00,2017-01-18 20:15:00+00:00,1209.6999999999998,1205.1489999999994,0.01,5,4.551000000000386,0.3374727984480786,4.213527201552307,1.8516929033407823,0.2515000000003056,7.254999999999882,target,2017
1,200853,200864,2017-01-19 20:00:00+00:00,2017-01-19 23:30:00+00:00,1205.7785,1203.525,0.01,11,-2.2534999999998035,0.34831390425874237,-2.6018139042585458,-1.154565744068681,3.094000000000051,0.6669999999999163,stop,2017
1,200871,200900,2017-01-20 01:15:00+00:00,2017-01-20 08:30:00+00:00,1206.449,1203.2489999999998,0.01,29,-3.200000000000273,0.3378515593228213,-3.5378515593230944,-1.1055786122883726,3.6655000000000655,2.7094999999999345,stop,2017
1,201089,201093,2017-01-24 09:45:00+00:00,2017-01-24 10:45:00+00:00,1213.4595,1212.2615,0.01,4,-1.1979999999998654,0.3417875019656335,-1.539787501965499,-1.285298415664167,1.7294999999999163,0.34900000000016007,stop,2017
1,201410,201416,2017-01-27 20:30:00+00:00,2017-01-29 23:00:00+00:00,1191.3600000000001,1193.5400000000004,0.01,6,2.180000000000291,0.3847012576330329,1.7952987423672582,1.64706306639176,0.8335000000001855,2.576499999999669,target,2017
-1,201469,201473,2017-01-30 12:15:00+00:00,2017-01-30 13:15:00+00:00,1189.955,1191.8155000000002,0.01,4,-1.8605000000002294,0.32710982157998836,-2.1876098215802178,-1.1758182325073625,2.5154999999999745,0.0,stop,2017
-1,201663,201664,2017-02-01 14:30:00+00:00,2017-02-01 14:45:00+00:00,1203.3155000000002,1205.0185,0.01,1,-1.7029999999997472,0.3166699914006284,-2.0196699914003755,-1.1859483214331623,2.8049999999998363,0.0,stop,2017
1,201795,201804,2017-02-03 01:15:00+00:00,2017-02-03 03:30:00+00:00,1215.0835000000002,1212.335,0.01,9,-2.748500000000149,0.35110687661053347,-3.099606876610683,-1.1277449068984955,4.013500000000022,1.6554999999998472,stop,2017
-1,202221,202247,2017-02-09 15:15:00+00:00,2017-02-09 21:45:00+00:00,1234.38,1226.7320000000004,0.01,26,7.647999999999684,0.48662106758412044,7.161378932415564,1.8727455367196286,1.4465000000000146,8.624500000000126,target,2017
-1,202315,202317,2017-02-10 15:45:00+00:00,2017-02-10 16:15:00+00:00,1230.2435,1232.5900000000001,0.01,2,-2.3465000000001055,0.3160836106447197,-2.662583610644825,-1.1347042875110613,3.2910000000001673,0.2705000000000837,stop,2017
1,202351,202352,2017-02-13 01:45:00+00:00,2017-02-13 02:00:00+00:00,1231.85,1230.518,0.01,1,-1.33199999999988,0.3442439730894988,-1.6762439730893788,-1.2584414212383859,2.25,0.0,stop,2017
1,202460,202467,2017-02-14 05:45:00+00:00,2017-02-14 07:30:00+00:00,1230.1,1227.67,0.01,7,-2.4299999999998363,0.3553727776040653,-2.7853727776039015,-1.1462439414008596,2.9299999999998363,0.09400000000005093,stop,2017
-1,202531,202584,2017-02-15 00:15:00+00:00,2017-02-15 13:30:00+00:00,1226.8809999999999,1223.4049999999993,0.01,53,3.4760000000005675,0.3597343141560601,3.1162656858445072,1.793018231210586,0.568000000000211,10.179999999999836,target,2017
-1,202794,202804,2017-02-17 20:00:00+00:00,2017-02-19 23:30:00+00:00,1235.5700000000002,1237.17,0.01,10,-1.599999999999909,0.37505457712812845,-1.9750545771280374,-1.2344091107050936,2.674999999999727,1.0750000000002728,stop,2017
1,202804,202811,2017-02-19 23:30:00+00:00,2017-02-20 01:15:00+00:00,1237.1399999999999,1235.385,0.01,7,-1.7549999999998818,0.37882224815832516,-2.1338222481582068,-1.215853132853761,2.3194999999998345,0.0,stop,2017
1,202843,202859,2017-02-20 09:15:00+00:00,2017-02-20 13:15:00+00:00,1236.165,1238.2420000000002,0.01,16,2.0770000000002256,0.33694987799669446,1.7400501220035312,1.67554176408603,0.7849999999998545,2.5349999999998545,target,2017
-1,202944,202945,2017-02-21 15:45:00+00:00,2017-02-21 16:00:00+00:00,1233.5015,1234.7885,0.01,1,-1.2870000000000346,0.3426664900462106,-1.6296664900462452,-1.2662521290180275,1.4075000000000273,0.021500000000060027,stop,2017
-1,203005,203008,2017-02-22 07:45:00+00:00,2017-02-22 08:30:00+00:00,1234.3200000000002,1235.5900000000001,0.01,3,-1.2699999999999818,0.3560423035948373,-1.626042303594819,-1.2803482705471199,2.1299999999998818,0.25850000000014006,stop,2017
-1,203334,203342,2017-02-27 20:30:00+00:00,2017-02-27 23:15:00+00:00,1252.8899999999999,1254.4385,0.01,8,-1.5485000000001037,0.36248107645275857,-1.9109810764528623,-1.2340852931564317,1.6400000000001,1.8784999999998035,stop,2017
-1,203376,203383,2017-02-28 07:45:00+00:00,2017-02-28 09:30:00+00:00,1252.99,1250.95,0.01,7,2.0399999999999636,0.34474765531053964,1.695252344689424,1.6620121026367198,0.7014999999998963,2.6240000000000236,target,2017
1,203512,203514,2017-03-01 18:30:00+00:00,2017-03-01 19:00:00+00:00,1249.9585,1247.4904999999999,0.01,2,-2.4680000000000746,0.3242605925860745,-2.7922605925861492,-1.1313859775470279,2.933499999999867,0.0,stop,2017
-1,203703,203715,2017-03-03 19:45:00+00:00,2017-03-05 23:45:00+00:00,1234.3365,1236.3395,0.01,12,-2.0030000000001564,0.3588812719483281,-2.3618812719484845,-1.1791718781569147,2.637000000000171,1.6024999999999636,stop,2017
-1,203715,203716,2017-03-05 23:45:00+00:00,2017-03-06 00:00:00+00:00,1234.6335,1236.1595,0.01,1,-1.5260000000000673,0.39014397031890785,-1.916143970318975,-1.2556644628564158,2.2845000000002074,0.0,stop,2017
-1,203771,203774,2017-03-06 13:45:00+00:00,2017-03-06 14:30:00+00:00,1233.1415,1230.4134999999999,0.01,3,2.7280000000000655,0.31613401806594343,2.411865981934122,1.7682301920337715,0.3930000000000291,2.8295000000000528,target,2017
-1,204145,204176,2017-03-10 14:15:00+00:00,2017-03-12 23:00:00+00:00,1203.073,1206.4234999999999,0.01,31,-3.3504999999997835,0.38967082134526504,-3.7401708213450484,-1.1163022896120849,3.421999999999798,4.394500000000107,stop,2017
1,204185,204193,2017-03-13 01:15:00+00:00,2017-03-13 03:15:00+00:00,1204.915,1207.036,0.01,8,2.1210000000000946,0.33765753269121596,1.7833424673088787,1.6816053439969818,0.6929999999997563,2.205500000000029,target,2017
-1,204279,204294,2017-03-14 02:30:00+00:00,2017-03-14 06:15:00+00:00,1203.956,1201.7479999999998,0.01,15,2.2080000000000837,0.32741559954291766,1.880584400457166,1.7034278989647595,0.6210000000000946,2.2349999999999,target,2017
-1,204381,204385,2017-03-15 05:00:00+00:00,2017-03-15 06:00:00+00:00,1202.3885,1203.8690000000001,0.01,4,-1.48050000000012,0.33779488047457706,-1.818294880474697,-1.228162702110469,2.9764999999999873,0.21849999999994907,stop,2017
-1,204737,204744,2017-03-21 02:00:00+00:00,2017-03-21 03:45:00+00:00,1229.3600000000001,1226.9900000000002,0.01,7,2.369999999999891,0.34025821442973686,2.029741785570154,1.712862266304006,0.7404999999998836,2.3795000000000073,target,2017
-1,204975,204982,2017-03-23 15:30:00+00:00,2017-03-23 17:15:00+00:00,1242.9865,1247.4254999999998,0.01,7,-4.438999999999851,0.32783432873868434,-4.766834328738535,-1.0738531941290146,4.65949999999998,0.0805000000000291,stop,2017
1,205051,205059,2017-03-24 11:30:00+00:00,2017-03-24 13:30:00+00:00,1245.5605,1243.9355,0.01,8,-1.625,0.31814646699523086,-1.943146466995231,-1.1957824412278344,2.03449999999998,0.7595000000001164,stop,2017
1,205218,205238,2017-03-28 07:15:00+00:00,2017-03-28 12:15:00+00:00,1253.743,1257.5729999999999,0.01,20,3.8299999999999272,0.31460454830505763,3.5153954516948698,1.8357156405717685,1.1124999999999545,4.3904999999999745,target,2017
1,205326,205329,2017-03-29 11:15:00+00:00,2017-03-29 12:00:00+00:00,1252.77,1251.6835,0.01,3,-1.0864999999998872,0.3133000111010731,-1.3998000111009603,-1.2883571202035027,1.5830000000000837,1.4985000000001492,stop,2017
-1,205374,205381,2017-03-30 00:15:00+00:00,2017-03-30 02:00:00+00:00,1251.9115,1249.6574999999996,0.01,7,2.25400000000036,0.3258563473854016,1.9281436526149585,1.7108639331097164,0.7974999999999,3.035000000000082,target,2017
-1,205523,205524,2017-03-31 14:30:00+00:00,2017-03-31 14:45:00+00:00,1245.4195,1246.8139999999999,0.01,1,-1.39449999999988,0.3321867191927694,-1.7266867191926494,-1.2382120610920029,1.9540000000001783,0.30749999999989086,stop,2017
1,205606,205609,2017-04-03 12:15:00+00:00,2017-04-03 13:00:00+00:00,1247.8985,1246.4009999999998,0.01,3,-1.4975000000001728,0.31131845042942324,-1.808818450429596,-1.20789212048707,2.1724999999999,0.0,stop,2017
-1,205779,205790,2017-04-05 09:30:00+00:00,2017-04-05 12:15:00+00:00,1252.5135,1248.6605,0.01,11,3.8530000000000655,0.32133348623751895,3.5316665137625467,1.8332034849532763,1.2204999999999018,4.679499999999962,target,2017
-1,205887,205888,2017-04-06 13:30:00+00:00,2017-04-06 13:45:00+00:00,1252.091,1253.497,0.01,1,-1.4060000000001764,0.3166603888814303,-1.7226603888816068,-1.2252207602285852,2.1870000000001255,0.0,stop,2017
1,205930,205931,2017-04-07 01:15:00+00:00,2017-04-07 01:30:00+00:00,1254.182,1260.983,0.01,1,6.800999999999931,0.32233324418706033,6.4786667558128705,1.905210044350224,0.0,8.807000000000016,target,2017
-1,206083,206087,2017-04-10 16:30:00+00:00,2017-04-10 17:30:00+00:00,1255.0500000000002,1251.8310000000006,0.01,4,3.2189999999995966,0.3265716177402377,2.892428382259359,1.7970974726683575,0.0,3.999000000000251,target,2017
1,206120,206157,2017-04-11 02:45:00+00:00,2017-04-11 12:00:00+00:00,1256.154,1259.0030000000002,0.01,37,2.84900000000016,0.3176170658856756,2.5313829341144842,1.777032596780865,0.5304999999998472,2.8609999999998763,target,2017
-1,206462,206514,2017-04-17 19:15:00+00:00,2017-04-18 09:15:00+00:00,1283.623,1285.981,0.01,52,-2.3579999999999472,0.311799062955105,-2.669799062955052,-1.1322303065967396,3.07549999999992,2.13799999999992,stop,2017
-1,206522,206530,2017-04-18 11:15:00+00:00,2017-04-18 13:15:00+00:00,1284.3835,1286.3400000000001,0.01,8,-1.9565000000002326,0.3077565439209282,-2.264256543921161,-1.1572995368877546,1.98050000000012,0.6284999999998035,stop,2017
-1,206591,206624,2017-04-19 05:30:00+00:00,2017-04-19 13:45:00+00:00,1285.07,1280.9219999999998,0.01,33,4.148000000000138,0.307746452551912,3.840253547448226,1.8516169466962864,0.90949999999998,10.884999999999991,target,2017
-1,206713,206716,2017-04-20 13:00:00+00:00,2017-04-20 13:45:00+00:00,1279.3029999999999,1282.171,0.01,3,-2.8680000000001655,0.30647426862261745,-3.174474268622783,-1.1068599262979777,3.594000000000051,0.9594999999999345,stop,2017
1,206788,206797,2017-04-21 08:45:00+00:00,2017-04-21 11:00:00+00:00,1281.645,1284.0520000000001,0.01,9,2.407000000000153,0.3058988575265158,2.101101142473637,1.745825627314918,1.134999999999991,4.076500000000124,target,2017
-1,206930,206935,2017-04-24 22:15:00+00:00,2017-04-24 23:30:00+00:00,1275.6799999999998,1277.1435,0.01,5,-1.4635000000000673,0.3648213687576496,-1.828321368757717,-1.2492800606475114,2.5515000000000327,0.0,stop,2017
-1,206941,206946,2017-04-25 01:00:00+00:00,2017-04-25 02:15:00+00:00,1275.9650000000001,1273.4280000000008,0.01,5,2.5369999999993524,0.3226204895907623,2.21437951040859,1.745667725982779,0.0,2.8450000000002547,target,2017
-1,207104,207108,2017-04-26 18:30:00+00:00,2017-04-26 19:30:00+00:00,1265.821,1268.2085,0.01,4,-2.3875000000000455,0.3190967309844024,-2.706596730984448,-1.133653081040585,3.219500000000153,0.43249999999989086,stop,2017
-1,207191,207248,2017-04-27 17:15:00+00:00,2017-04-28 08:30:00+00:00,1265.0135,1266.7620000000002,0.01,57,-1.7485000000001492,0.32107087367530796,-2.069570873675457,-1.1836264647842611,2.038000000000011,1.7835000000000036,stop,2017
1,207249,207264,2017-04-28 08:45:00+00:00,2017-04-28 12:30:00+00:00,1267.0515,1265.7845,0.01,15,-1.2670000000000528,0.3034666200504421,-1.5704666200504949,-1.2395158800713728,2.223500000000058,1.4744999999998072,stop,2017
-1,207312,207313,2017-05-01 01:30:00+00:00,2017-05-01 01:45:00+00:00,1266.475,1263.7549999999997,0.01,1,2.7200000000002547,0.3508037848880422,2.3691962151122126,1.7420560405235226,0.0,4.454999999999927,target,2017
-1,207767,207806,2017-05-08 00:15:00+00:00,2017-05-08 10:00:00+00:00,1231.893,1234.795,0.01,39,-2.9020000000000437,0.3203286023469901,-3.2223286023470337,-1.1103820132139852,4.023500000000013,2.9549999999999272,stop,2017
-1,207994,208000,2017-05-10 11:00:00+00:00,2017-05-10 12:30:00+00:00,1224.4434999999999,1221.8444999999997,0.01,6,2.59900000000016,0.30617165726785855,2.2928283427323013,1.7643927223795,1.0045000000000073,2.998499999999922,target,2017
1,208089,208092,2017-05-11 11:45:00+00:00,2017-05-11 12:30:00+00:00,1223.344,1221.77,0.01,3,-1.5740000000000691,0.3072676590365071,-1.8812676590365762,-1.1952145228948499,2.769999999999982,0.88149999999996,stop,2017
1,208561,208573,2017-05-18 14:45:00+00:00,2017-05-18 17:45:00+00:00,1253.766,1250.1599999999999,0.01,12,-3.6060000000002224,0.32017129294954316,-3.9261712929497654,-1.0887884894480098,6.917500000000018,3.20049999999992,stop,2017
1,208620,208628,2017-05-19 06:30:00+00:00,2017-05-19 08:30:00+00:00,1251.49,1250.0465,0.01,8,-1.4435000000000855,0.3141324042038777,-1.7576324042039633,-1.2176185688977204,3.3900000000001,0.5665000000001328,stop,2017
-1,208841,209041,2017-05-23 15:45:00+00:00,2017-05-25 19:45:00+00:00,1255.9415,1255.9,0.01,200,0.04149999999981446,0.3325145497820286,-0.29101454978221414,-0.06851431425125788,3.817500000000109,7.8904999999999745,time_stop,2017
-1,209052,209053,2017-05-25 23:30:00+00:00,2017-05-25 23:45:00+00:00,1255.0435,1256.212,0.01,1,-1.1684999999999945,0.3731908649929802,-1.5416908649929748,-1.3193760076961762,2.1195000000000164,0.29349999999999454,stop,2017
1,209061,209081,2017-05-26 01:45:00+00:00,2017-05-26 06:45:00+00:00,1256.574,1259.4420000000005,0.01,20,2.868000000000393,0.31721405639458256,2.5507859436058102,1.7787907556523437,0.3890000000001237,4.967000000000098,target,2017
-1,209257,209272,2017-05-30 08:30:00+00:00,2017-05-30 12:15:00+00:00,1264.2485,1261.6394999999995,0.01,15,2.6090000000003783,0.309645513287104,2.2993544867132742,1.7626327993200006,1.2084999999999582,4.269999999999754,target,2017
1,209349,209364,2017-05-31 08:30:00+00:00,2017-05-31 12:15:00+00:00,1264.101,1267.0970000000002,0.01,15,2.9960000000000946,0.31049109253140744,2.6855089074686873,1.7927295777494008,0.9050000000002001,3.106999999999971,target,2017
1,209434,209447,2017-06-01 06:45:00+00:00,2017-06-01 10:00:00+00:00,1266.916,1265.871,0.01,13,-1.0449999999998454,0.3087512977055167,-1.353751297705362,-1.29545578727805,1.5939999999998236,1.3005000000000564,stop,2017
1,209550,209724,2017-06-02 12:45:00+00:00,2017-06-06 10:15:00+00:00,1271.83,1290.0169999999998,0.01,174,18.186999999999898,0.3192295995163508,17.867770400483547,1.964894749049722,0.0,19.710000000000036,target,2017
-1,209847,209921,2017-06-07 18:00:00+00:00,2017-06-08 13:30:00+00:00,1286.5585,1279.6855000000005,0.01,74,6.872999999999593,0.31343945951207625,6.559560540487517,1.9087910782737976,2.4614999999998872,12.453500000000076,target,2017
-1,210267,210269,2017-06-14 08:00:00+00:00,2017-06-14 08:30:00+00:00,1266.7285,1267.7555,0.01,2,-1.0270000000000437,0.31104782166052425,-1.338047821660568,-1.3028703229411014,1.1955000000000382,0.0,stop,2017
-1,210732,210733,2017-06-21 09:15:00+00:00,2017-06-21 09:30:00+00:00,1245.955,1247.105,0.01,1,-1.150000000000091,0.31681290909193777,-1.4668129090920288,-1.2754894861668806,1.1945000000000618,0.0,stop,2017
1,210864,210902,2017-06-22 19:15:00+00:00,2017-06-23 05:45:00+00:00,1250.3200000000002,1252.9030000000007,0.01,38,2.5830000000005384,0.32813252321308917,2.2548674767874495,1.7459291341749743,0.7840000000001055,2.8099999999999454,target,2017
1,211089,211123,2017-06-27 06:30:00+00:00,2017-06-27 15:00:00+00:00,1252.1115,1247.295,0.01,34,-4.816499999999905,0.30447892910171415,-5.12097892910162,-1.063215805896755,5.636999999999944,1.0900000000001455,stop,2017
-1,211161,211162,2017-06-28 01:30:00+00:00,2017-06-28 01:45:00+00:00,1248.4035,1249.454,0.01,1,-1.0505000000000564,0.32668480342195083,-1.3771848034220073,-1.3109802983550056,2.776499999999942,0.0,stop,2017
1,211254,211275,2017-06-29 01:45:00+00:00,2017-06-29 07:00:00+00:00,1252.1480000000001,1249.5885,0.01,21,-2.559500000000071,0.31004496704345214,-2.869544967043523,-1.1211349744260377,2.8730000000000473,1.1354999999998654,stop,2017
1,211681,211685,2017-07-05 20:15:00+00:00,2017-07-05 22:15:00+00:00,1226.359,1228.6299999999997,0.01,4,2.270999999999731,0.3780922899390229,1.892907710060708,1.6670257244041675,0.9089999999998781,2.93100000000004,target,2017
-1,211693,211695,2017-07-06 00:15:00+00:00,2017-07-06 00:45:00+00:00,1225.127,1226.7475,0.01,2,-1.6204999999999927,0.34494487267368495,-1.9654448726736777,-1.2128632352198003,2.421000000000049,0.011999999999943611,stop,2017
-1,211836,211841,2017-07-07 13:00:00+00:00,2017-07-07 14:15:00+00:00,1220.8085,1213.4395000000004,0.01,5,7.368999999999687,0.30466225093966337,7.064337749060024,1.9173124573375828,0.0,7.425000000000182,target,2017
-1,211961,211970,2017-07-10 22:15:00+00:00,2017-07-11 00:30:00+00:00,1213.435,1215.37,0.01,9,-1.9349999999999454,0.3744021546722681,-2.3094021546722137,-1.1934894856187488,2.7015000000001237,1.4600000000000364,stop,2017
-1,212110,212111,2017-07-12 12:30:00+00:00,2017-07-12 12:45:00+00:00,1214.6815,1216.8400000000001,0.01,1,-2.158500000000231,0.3630204284960205,-2.5215204284962516,-1.1681818061134963,11.075000000000045,0.0,stop,2017
1,212204,212206,2017-07-13 13:00:00+00:00,2017-07-13 13:30:00+00:00,1221.096,1218.9405000000002,0.01,2,-2.155499999999847,0.31183571035242075,-2.467335710352268,-1.1446697797970042,2.5074999999999363,0.0,stop,2017
-1,212271,212278,2017-07-14 06:45:00+00:00,2017-07-14 08:30:00+00:00,1217.8319999999999,1218.8490000000002,0.01,7,-1.0170000000002801,0.3199917670306494,-1.3369917670309295,-1.3146428387714466,1.2365000000002055,0.39599999999995816,stop,2017
1,212662,212670,2017-07-20 12:30:00+00:00,2017-07-20 14:30:00+00:00,1239.5,1243.9269999999997,0.01,8,4.42699999999968,0.3118577013066561,4.115142298693024,1.8591110452646584,1.9610000000000127,6.995499999999993,target,2017
1,212938,212939,2017-07-25 12:30:00+00:00,2017-07-25 12:45:00+00:00,1253.566,1252.1245,0.01,1,-1.4415000000001328,0.3109131672131946,-1.7524131672133274,-1.2156872474597058,2.798999999999978,0.0,stop,2017
1,213053,213225,2017-07-26 18:15:00+00:00,2017-07-28 15:15:00+00:00,1255.517,1269.4010000000005,0.01,172,13.884000000000471,0.3117632181911615,13.572236781809309,1.9550902883619776,0.90300000000002,14.720000000000027,target,2017
-1,213396,213397,2017-08-01 12:00:00+00:00,2017-08-01 12:15:00+00:00,1266.0145,1263.4354999999998,0.01,1,2.5790000000001783,0.3259649291325554,2.253035070867623,1.7472160301415023,0.24549999999999272,3.29099999999994,target,2017
1,213443,213445,2017-08-02 00:45:00+00:00,2017-08-02 01:15:00+00:00,1268.2314999999999,1267.226,0.01,2,-1.0054999999997563,0.3197871042620188,-1.325287104261775,-1.3180378958350039,1.2469999999998436,0.39350000000013097,stop,2017
1,213587,213610,2017-08-03 13:45:00+00:00,2017-08-03 19:30:00+00:00,1267.3220000000001,1270.6630000000005,0.01,23,3.3410000000003492,0.3117697030112766,3.0292302969890725,1.81336743309713,0.0,3.593499999999949,target,2017
-1,213865,213887,2017-08-08 14:15:00+00:00,2017-08-08 19:45:00+00:00,1258.54,1262.645,0.01,22,-4.105000000000018,0.3168924389651737,-4.421892438965192,-1.077196696459238,4.166000000000167,6.9314999999999145,stop,2017
-1,214207,214242,2017-08-14 07:45:00+00:00,2017-08-14 16:30:00+00:00,1282.695,1285.2185,0.01,35,-2.5235000000000127,0.30693025995565404,-2.8304302599556665,-1.1216287933250058,2.9750000000001364,3.9954999999999927,stop,2017
1,214428,214432,2017-08-16 17:00:00+00:00,2017-08-16 18:00:00+00:00,1275.113,1280.0070000000003,0.01,4,4.894000000000233,0.3134825206001392,4.580517479400093,1.8718910827134758,0.0,6.6870000000001255,target,2017
-1,214613,214614,2017-08-18 17:15:00+00:00,2017-08-18 17:30:00+00:00,1285.621,1287.2195000000002,0.01,1,-1.5985000000000582,0.3091997412143477,-1.9076997412144059,-1.193431179990201,2.749499999999898,0.0,stop,2017
1,214664,214669,2017-08-21 07:00:00+00:00,2017-08-21 08:15:00+00:00,1287.084,1289.1519999999998,0.01,5,2.0679999999997563,0.30470711133745826,1.763292888662298,1.705312271433758,0.007499999999936335,2.1510000000000673,target,2017
-1,214784,214865,2017-08-22 14:00:00+00:00,2017-08-23 11:15:00+00:00,1283.743,1289.0055,0.01,81,-5.2625000000000455,0.2934306874633998,-5.555930687463445,-1.055758800468104,6.403999999999996,0.9085000000000036,stop,2017
1,214884,214899,2017-08-23 16:00:00+00:00,2017-08-23 19:45:00+00:00,1288.03,1290.4129999999998,0.01,15,2.382999999999811,0.3127288218092297,2.0702711781905814,1.737533510860886,0.7139999999999418,2.546500000000151,target,2017
-1,214940,214960,2017-08-24 07:00:00+00:00,2017-08-24 12:00:00+00:00,1287.145,1288.454,0.01,20,-1.308999999999969,0.3127774911422526,-1.6217774911422218,-1.2389438435005806,1.8904999999999745,2.5764999999998963,stop,2017
-1,215033,215034,2017-08-25 07:15:00+00:00,2017-08-25 07:30:00+00:00,1286.1035000000002,1287.315,0.01,1,-1.2114999999998872,0.3068867331644589,-1.5183867331643461,-1.2533113769413846,1.5964999999998781,0.0,stop,2017
-1,215264,215270,2017-08-29 19:00:00+00:00,2017-08-29 20:30:00+00:00,1306.6985,1310.2150000000001,0.01,6,-3.5165000000001787,0.32534443596588514,-3.8418444359660637,-1.0925193902931518,3.7575000000001637,1.5734999999999673,stop,2017
1,215280,215284,2017-08-30 00:00:00+00:00,2017-08-30 01:00:00+00:00,1309.13,1311.1900000000005,0.01,4,2.0600000000004,0.33770957328385914,1.722290426716541,1.6721266278798121,0.7450000000001182,2.3964999999998327,target,2017
-1,215407,215422,2017-08-31 08:45:00+00:00,2017-08-31 12:30:00+00:00,1306.805,1308.2585,0.01,15,-1.453499999999849,0.31493452055603455,-1.7684345205558836,-1.2166732167568401,5.121499999999969,1.74350000000004,stop,2017
1,215681,215686,2017-09-05 12:15:00+00:00,2017-09-05 13:30:00+00:00,1331.33,1334.6899999999996,0.01,5,3.359999999999673,0.30407961048766763,3.0559203895120053,1.819000231852561,1.4949999999998909,4.346000000000004,target,2017
-1,215792,215845,2017-09-06 17:00:00+00:00,2017-09-07 07:15:00+00:00,1333.125,1337.9299999999998,0.01,53,-4.804999999999836,0.2989868486514755,-5.103986848651312,-1.062224110021121,5.173000000000002,1.4020000000000437,stop,2017
1,215965,215967,2017-09-08 14:15:00+00:00,2017-09-08 14:45:00+00:00,1347.8865,1344.7165,0.01,2,-3.1700000000000728,0.3037425597206242,-3.473742559720697,-1.09581784218316,5.060500000000047,0.056999999999789,stop,2017
1,216192,216205,2017-09-13 02:00:00+00:00,2017-09-13 05:15:00+00:00,1332.1985,1330.104,0.01,13,-2.0944999999999254,0.3280914926919163,-2.4225914926918417,-1.156644303027896,2.6849999999999454,1.0779999999999745,stop,2017
-1,216328,216347,2017-09-14 13:00:00+00:00,2017-09-14 17:45:00+00:00,1322.157,1327.8865,0.01,19,-5.729500000000144,0.31267030914053434,-6.042170309140678,-1.0545720061332624,8.370000000000118,0.43200000000001637,stop,2017
-1,216406,216456,2017-09-15 09:30:00+00:00,2017-09-17 23:00:00+00:00,1324.683,1317.4489999999996,0.01,50,7.234000000000379,0.311916810233443,6.922083189766936,1.913763668721751,2.8185000000000855,7.682999999999993,target,2017
1,216653,216672,2017-09-20 02:15:00+00:00,2017-09-20 07:00:00+00:00,1312.9470000000001,1311.8055,0.01,19,-1.1415000000001783,0.2948529640884697,-1.4363529640886479,-1.2583030784830693,1.234000000000151,1.3129999999998745,stop,2017
-1,216913,216979,2017-09-24 22:15:00+00:00,2017-09-25 14:45:00+00:00,1295.1599999999999,1298.2,0.01,66,-3.040000000000191,0.3357107048332743,-3.375710704833465,-1.1104311529056754,4.272000000000162,5.6319999999998345,stop,2017
1,216980,217027,2017-09-25 15:00:00+00:00,2017-09-26 03:45:00+00:00,1299.432,1313.0520000000004,0.01,47,13.620000000000346,0.30507553975259205,13.314924460247754,1.9552018296985927,0.0,14.257499999999936,target,2017
1,217056,217058,2017-09-26 11:00:00+00:00,2017-09-26 11:30:00+00:00,1303.5565000000001,1302.1335,0.01,2,-1.4230000000002292,0.2946722334378781,-1.7176722334381074,-1.207078168262706,2.5015000000003056,0.5270000000000437,stop,2017
-1,217272,217294,2017-09-28 19:00:00+00:00,2017-09-29 01:30:00+00:00,1287.395,1285.185,0.01,22,2.2100000000000364,0.30586869832270186,1.9041313016773345,1.7231957481242561,0.5315000000000509,2.6649999999999636,target,2017
1,217318,217332,2017-09-29 07:30:00+00:00,2017-09-29 11:00:00+00:00,1287.5500000000002,1289.6180000000004,0.01,14,2.068000000000211,0.2992743638959653,1.7687256361042456,1.7105663792108947,0.5420000000003711,2.438499999999749,target,2017
1,217567,217588,2017-10-04 00:45:00+00:00,2017-10-04 06:00:00+00:00,1275.13,1277.4130000000005,0.01,21,2.2830000000003565,0.30012339091341994,1.9828766090869365,1.7370798152313858,0.6100000000001273,3.461999999999989,target,2017
-1,217681,217684,2017-10-05 06:15:00+00:00,2017-10-05 07:00:00+00:00,1273.6815,1275.105,0.01,3,-1.4235000000001037,0.29774748079338165,-1.7212474807934854,-1.2091657750568037,2.5885000000000673,0.2760000000000673,stop,2017
1,217810,217832,2017-10-06 15:30:00+00:00,2017-10-08 22:00:00+00:00,1273.08,1276.938,0.01,22,3.8580000000001746,0.33588365749849475,3.52211634250168,1.8258767975642927,0.9499999999998181,4.079999999999927,target,2017
-1,218090,218096,2017-10-11 16:30:00+00:00,2017-10-11 18:00:00+00:00,1285.12,1287.9485,0.01,6,-2.8285000000000764,0.30421936653699333,-3.13271936653707,-1.1075550173367457,5.039999999999964,0.4699999999997999,stop,2017
1,218173,218187,2017-10-12 14:15:00+00:00,2017-10-12 17:45:00+00:00,1291.5365000000002,1295.1095000000005,0.01,14,3.57300000000032,0.30611606388936885,3.2668839361109514,1.8286503980468283,0.0,3.7334999999998217,target,2017
-1,218254,218258,2017-10-13 11:30:00+00:00,2017-10-13 12:30:00+00:00,1292.451,1293.505,0.01,4,-1.0540000000000873,0.30337681820331996,-1.3573768182034072,-1.2878337933617596,9.668999999999869,1.3875000000000455,stop,2017
1,218608,218609,2017-10-19 08:00:00+00:00,2017-10-19 08:15:00+00:00,1285.7035,1283.1015,0.01,1,-2.602000000000089,0.3006680976105578,-2.902668097610647,-1.1155526893199645,2.742000000000189,0.0,stop,2017
-1,218675,218740,2017-10-20 01:45:00+00:00,2017-10-20 18:00:00+00:00,1285.195,1278.207,0.01,65,6.987999999999829,0.3051187935049137,6.6828812064949155,1.9126734992830792,0.6884999999999764,7.163499999999885,target,2017
1,218825,218832,2017-10-23 16:15:00+00:00,2017-10-23 18:00:00+00:00,1280.9850000000001,1278.8645000000001,0.01,7,-2.1204999999999927,0.29648772573420235,-2.416987725734195,-1.1398197244679102,2.410000000000082,2.058499999999867,stop,2017
1,218928,218929,2017-10-24 19:00:00+00:00,2017-10-24 19:15:00+00:00,1280.78,1277.28,0.01,1,-3.5000000000000004,0.30483304669532874,-3.8048330466953293,-1.0870951561986655,3.74149999999986,0.0,stop,2017
1,219009,219015,2017-10-25 16:15:00+00:00,2017-10-25 17:45:00+00:00,1279.0500000000002,1276.145,0.01,6,-2.9050000000002,0.2997007479773699,-3.20470074797757,-1.1031672110076933,3.297000000000253,0.4079999999999018,stop,2017
1,219077,219080,2017-10-26 10:15:00+00:00,2017-10-26 11:00:00+00:00,1279.0085,1277.835,0.01,3,-1.1734999999998763,0.3018602195743466,-1.475360219574223,-1.2572306941409277,1.6169999999999618,0.0,stop,2017
-1,219222,219228,2017-10-30 00:30:00+00:00,2017-10-30 02:00:00+00:00,1271.0165000000002,1272.4299999999998,0.01,6,-1.413499999999658,0.3136730412215795,-1.7271730412212376,-1.2219123036587587,1.6419999999998254,0.03650000000016007,stop,2017
-1,219362,219368,2017-10-31 12:30:00+00:00,2017-10-31 14:00:00+00:00,1273.228,1270.7740000000003,0.01,6,2.4539999999997235,0.289803367420467,2.1641966325792565,1.7638114364951103,0.0,5.463000000000193,target,2017
1,219428,219441,2017-11-01 06:00:00+00:00,2017-11-01 09:15:00+00:00,1273.184,1279.2720000000002,0.01,13,6.088000000000193,0.29452845922794746,5.793471540772245,1.9032429503193369,0.0,7.272999999999911,target,2017
1,219547,219552,2017-11-02 12:45:00+00:00,2017-11-02 14:00:00+00:00,1276.135,1280.265,0.01,5,4.130000000000109,0.2966336837499909,3.8333663162501184,1.8563517269975869,0.3300000000001546,8.029999999999973,target,2017
-1,219615,219633,2017-11-03 06:45:00+00:00,2017-11-03 11:15:00+00:00,1275.826,1273.8249999999998,0.01,18,2.0010000000002037,0.2967133512280875,1.7042866487721162,1.7034349313062895,0.2925000000000182,2.255000000000109,target,2017
-1,219725,219738,2017-11-06 12:15:00+00:00,2017-11-06 15:30:00+00:00,1272.0974999999999,1273.22,0.01,13,-1.1225000000001728,0.30033542132692326,-1.422835421327096,-1.267559395391427,2.2675000000001546,1.5474999999996726,stop,2017
-1,219829,219831,2017-11-07 15:15:00+00:00,2017-11-07 15:45:00+00:00,1274.883,1276.9,0.01,2,-2.0170000000000528,0.2980458522565017,-2.3150458522565547,-1.1477669074152177,2.4420000000000073,0.5890000000001692,stop,2017
1,220077,220108,2017-11-10 08:15:00+00:00,2017-11-10 16:00:00+00:00,1283.8815,1282.685,0.01,31,-1.1965000000000146,0.3046009965196663,-1.5011009965196809,-1.2545766790803698,8.276499999999942,2.0715000000000146,stop,2017
-1,220201,220236,2017-11-13 16:15:00+00:00,2017-11-14 02:00:00+00:00,1278.775,1276.6710000000003,0.01,35,2.1039999999998145,0.3003672148618875,1.803632785137927,1.7144798337814506,1.0399999999999636,2.300000000000182,target,2017
-1,220383,220510,2017-11-15 15:45:00+00:00,2017-11-17 01:30:00+00:00,1278.7035,1281.904,0.01,127,-3.20049999999992,0.3071246987212989,-3.507624698721219,-1.095961474370038,4.57549999999992,3.513500000000022,stop,2017
-1,220656,220662,2017-11-20 15:00:00+00:00,2017-11-20 16:30:00+00:00,1285.9450000000002,1280.1650000000004,0.01,6,5.779999999999745,0.29045852972578734,5.489541470273958,1.8994953184339791,1.125,7.875,target,2017
1,220748,220762,2017-11-21 15:00:00+00:00,2017-11-21 18:30:00+00:00,1283.72,1281.005,0.01,14,-2.714999999999918,0.30711809649485045,-3.0221180964947685,-1.1131190042338341,3.240000000000009,1.0899999999999181,stop,2017
-1,221001,221006,2017-11-24 13:15:00+00:00,2017-11-24 14:30:00+00:00,1288.37,1289.6100000000001,0.01,5,-1.2400000000002365,0.3074617949597026,-1.547461794959939,-1.2479530604513256,3.0300000000002,0.8509999999998854,stop,2017
-1,221024,221034,2017-11-26 23:15:00+00:00,2017-11-27 01:45:00+00:00,1287.87,1289.395,0.01,10,-1.525000000000091,0.32207489210276785,-1.8470748921028588,-1.2111966505591794,1.5650000000000546,1.0449999999998454,stop,2017
1,221035,221059,2017-11-27 02:00:00+00:00,2017-11-27 08:00:00+00:00,1289.435,1291.5679999999998,0.01,24,2.132999999999811,0.30188517600480846,1.8311148239950024,1.716938419123455,0.36999999999989086,3.230000000000018,target,2017
-1,221179,221180,2017-11-28 15:00:00+00:00,2017-11-28 15:15:00+00:00,1292.33,1293.705,0.01,1,-1.375,0.3082809240740374,-1.6832809240740374,-1.2242043084174818,3.1200000000001182,0.7849999999998545,stop,2017
-1,221264,221335,2017-11-29 13:15:00+00:00,2017-11-30 08:00:00+00:00,1290.363,1281.6790000000003,0.01,71,8.683999999999742,0.2971189717392608,8.38688102826048,1.9315709415616606,0.0,8.732999999999947,target,2017
1,221460,221483,2017-12-01 16:15:00+00:00,2017-12-03 23:00:00+00:00,1284.5819999999999,1274.2165,0.01,23,-10.365499999999884,0.34247560984539077,-10.707975609845274,-1.033039950783406,12.051999999999907,4.7365000000002055,stop,2017
-1,222146,222162,2017-12-13 03:45:00+00:00,2017-12-13 07:45:00+00:00,1244.2465000000002,1242.1095000000005,0.01,16,2.1369999999997162,0.3050573376786267,1.8319426623210895,1.7144994499965678,0.34849999999983083,2.375500000000102,target,2017
1,222285,222294,2017-12-14 15:30:00+00:00,2017-12-14 17:45:00+00:00,1252.1864999999998,1255.419499999999,0.01,9,3.232999999999265,0.29549932969112447,2.9375006703081405,1.8171980639089442,0.3474999999998545,3.247500000000173,target,2017
1,222382,222413,2017-12-15 16:45:00+00:00,2017-12-18 01:30:00+00:00,1254.6,1253.4634999999998,0.01,31,-1.1365000000000691,0.2891189863495499,-1.425618986349619,-1.254394180685906,1.7549999999998818,2.2480000000000473,stop,2017
1,222566,222568,2017-12-19 16:45:00+00:00,2017-12-19 17:15:00+00:00,1260.887,1259.5735,0.01,2,-1.3134999999999764,0.2913646514070036,-1.60486465140698,-1.2218231072759869,1.4570000000001073,0.28449999999998,stop,2017
1,222738,222739,2017-12-21 13:45:00+00:00,2017-12-21 14:00:00+00:00,1266.385,1264.13,0.01,1,-2.2549999999998818,0.2899003244781803,-2.544900324478062,-1.1285589022076254,2.4849999999999,0.0,stop,2017
1,223406,223409,2018-01-03 19:45:00+00:00,2018-01-03 20:30:00+00:00,1311.92,1316.6600000000003,0.01,3,4.7400000000002365,0.29057980074847356,4.449420199251763,1.8773924891356712,0.0,4.848999999999705,target,2018
1,223450,223457,2018-01-04 07:45:00+00:00,2018-01-04 09:30:00+00:00,1310.9515,1313.5714999999998,0.01,7,2.619999999999891,0.28959883985899937,2.3304011601408914,1.7789321833137317,0.3544999999999163,2.640500000000202,target,2018
-1,223568,223578,2018-01-05 14:15:00+00:00,2018-01-05 16:45:00+00:00,1315.0285,1320.9164999999998,0.01,10,-5.88799999999992,0.29311808091423214,-6.181118080914152,-1.0497822827639667,7.176500000000033,0.0,stop,2018
1,223628,223634,2018-01-08 06:15:00+00:00,2018-01-08 07:45:00+00:00,1318.635,1317.573,0.01,6,-1.0619999999998981,0.2955098187864087,-1.3575098187863068,-1.2782578331322383,2.803000000000111,0.3300000000001546,stop,2018
-1,223695,223704,2018-01-09 00:00:00+00:00,2018-01-09 02:15:00+00:00,1318.0815,1319.4,0.01,9,-1.3185000000000855,0.3043233630627227,-1.6228233630628082,-1.2308102867369761,1.4085000000000036,2.3015000000000327,stop,2018
1,223827,223829,2018-01-10 10:00:00+00:00,2018-01-10 10:30:00+00:00,1315.6,1317.7399999999998,0.01,2,2.1399999999998727,0.29250767457597915,1.8474923254238935,1.7266283415177601,0.01499999999987267,7.2650000000001,target,2018
1,223912,223921,2018-01-11 08:15:00+00:00,2018-01-11 10:30:00+00:00,1317.8435,1320.2344999999996,0.01,9,2.3909999999996217,0.29782176763967905,2.093178232359943,1.7508809973737132,0.9619999999999891,2.411000000000058,target,2018
1,224189,224193,2018-01-16 12:15:00+00:00,2018-01-16 13:15:00+00:00,1336.8580000000002,1334.9995,0.01,4,-1.8585000000002765,0.2991819846104504,-2.157681984610727,-1.160980352225131,3.02350000000024,0.17899999999985994,stop,2018
-1,224251,224274,2018-01-17 04:45:00+00:00,2018-01-17 10:30:00+00:00,1336.725,1338.69,0.01,23,-1.9650000000001455,0.2948589167021234,-2.259858916702269,-1.1500554283471256,2.2784999999998945,3.605000000000018,stop,2018
-1,224425,224430,2018-01-19 02:15:00+00:00,2018-01-19 03:30:00+00:00,1330.45,1331.9434999999999,0.01,5,-1.4934999999998126,0.30329346324571504,-1.7967934632455278,-1.2030756365890547,1.5350000000000819,1.0050000000001091,stop,2018
1,224506,224513,2018-01-21 23:30:00+00:00,2018-01-22 01:15:00+00:00,1333.81,1332.085,0.01,7,-1.7249999999999093,0.295384392453122,-2.0203843924530314,-1.1712373289583407,2.7584999999999127,1.3899999999998727,stop,2018
1,224545,224558,2018-01-22 09:15:00+00:00,2018-01-22 12:30:00+00:00,1333.1390000000001,1331.913,0.01,13,-1.2260000000001128,0.2822529773112584,-1.508252977311371,-1.2302226568607115,1.324500000000171,1.5209999999997308,stop,2018
-1,224657,224661,2018-01-23 14:15:00+00:00,2018-01-23 15:15:00+00:00,1332.6915,1336.772,0.01,4,-4.080500000000029,0.2923726494268172,-4.372872649426847,-1.0716511823126615,4.326999999999998,1.2464999999997417,stop,2018
-1,224862,224906,2018-01-25 19:30:00+00:00,2018-01-26 07:30:00+00:00,1348.8400000000001,1356.48,0.01,44,-7.639999999999874,0.3011403111858473,-7.941140311185721,-1.0394162710976247,7.794999999999845,6.271500000000287,stop,2018
-1,224932,224934,2018-01-26 14:00:00+00:00,2018-01-26 14:30:00+00:00,1350.0405,1352.7815,0.01,2,-2.7409999999999854,0.28669814641688995,-3.0276981464168755,-1.104596186215575,2.8609999999998763,0.6395000000002256,stop,2018
1,225102,225109,2018-01-30 10:30:00+00:00,2018-01-30 12:15:00+00:00,1345.2730000000001,1343.3615,0.01,7,-1.9115000000001598,0.2963062388193165,-2.2078062388194764,-1.1550124189480993,1.949500000000171,0.8384999999998399,stop,2018
-1,225168,225174,2018-01-31 04:00:00+00:00,2018-01-31 05:30:00+00:00,1340.815,1342.48,0.01,6,-1.6649999999999636,0.3098859084007228,-1.9748859084006865,-1.186117662703141,1.7114999999998872,0.5115000000000691,stop,2018
1,225253,225254,2018-02-01 02:15:00+00:00,2018-02-01 02:30:00+00:00,1344.04,1342.7165,0.01,1,-1.3234999999999673,0.31651788949588067,-1.640017889495848,-1.2391521643338788,1.5109999999999673,0.0,stop,2018
1,225380,225390,2018-02-02 11:00:00+00:00,2018-02-02 13:30:00+00:00,1345.609,1344.2835,0.01,10,-1.32549999999992,0.3055103224353691,-1.631010322435289,-1.2304868520825254,6.655499999999847,1.5035000000002583,stop,2018
-1,225471,225474,2018-02-05 10:45:00+00:00,2018-02-05 11:30:00+00:00,1336.6105,1338.1635,0.01,3,-1.553000000000111,0.29383897158103184,-1.8468389715811429,-1.1892073223316233,2.0429999999998927,0.9555000000000291,stop,2018
1,225527,225528,2018-02-06 01:45:00+00:00,2018-02-06 02:00:00+00:00,1338.2715,1342.2545000000002,0.01,1,3.9830000000001746,0.3277665104315106,3.655233489568664,1.8354172681739913,0.0,7.801999999999907,target,2018
1,225774,225777,2018-02-08 17:30:00+00:00,2018-02-08 18:15:00+00:00,1321.3564999999999,1317.3795,0.01,3,-3.9769999999998618,0.3032993427616567,-4.280299342761518,-1.0762633499526444,4.634499999999662,0.0,stop,2018
-1,225799,225805,2018-02-09 00:45:00+00:00,2018-02-09 02:15:00+00:00,1319.9850000000001,1316.9350000000004,0.01,6,3.049999999999727,0.3266786639817196,2.7233213360180075,1.7857844826349187,0.9259999999999309,3.080500000000029,target,2018
1,225893,226002,2018-02-12 01:15:00+00:00,2018-02-13 05:30:00+00:00,1320.77,1328.48,0.01,109,7.710000000000036,0.3138113985292478,7.396188601470788,1.918596264972958,3.7409999999999854,8.083500000000186,target,2018
1,226039,226044,2018-02-13 14:45:00+00:00,2018-02-13 16:00:00+00:00,1325.1505,1329.4745,0.01,5,4.324000000000069,0.2969752808428175,4.027024719157252,1.8626386305074873,1.0955000000001291,4.482999999999947,target,2018
1,226129,226132,2018-02-14 14:15:00+00:00,2018-02-14 15:00:00+00:00,1332.03,1342.2539999999997,0.01,3,10.223999999999705,0.29454932022412494,9.92945067977558,1.9423808059029475,0.6964999999997872,12.225500000000011,target,2018
-1,226332,226450,2018-02-16 19:00:00+00:00,2018-02-20 06:00:00+00:00,1347.8415,1340.0045,0.01,118,7.83699999999999,0.31616792680924644,7.520832073190744,1.9193140419014298,3.61850000000004,8.6875,target,2018
-1,226596,226598,2018-02-21 19:30:00+00:00,2018-02-21 20:00:00+00:00,1331.98,1323.6039999999998,0.01,2,8.376000000000204,0.31352142102227953,8.062478578977924,1.9251381516183685,0.0,9.470000000000027,target,2018
1,226671,226721,2018-02-22 15:15:00+00:00,2018-02-23 04:45:00+00:00,1330.1,1327.335,0.01,50,-2.7649999999998727,0.2968741069698037,-3.061874106969676,-1.1073685739493009,3.3114999999997963,2.1700000000000728,stop,2018
1,226748,226756,2018-02-23 11:30:00+00:00,2018-02-23 13:30:00+00:00,1329.7379999999998,1328.5900000000001,0.01,8,-1.1479999999996835,0.29692361171622794,-1.4449236117159114,-1.2586442610769248,1.4364999999997963,1.9825000000000728,stop,2018
1,226799,226803,2018-02-26 01:15:00+00:00,2018-02-26 02:15:00+00:00,1331.055,1336.1280000000004,0.01,4,5.07300000000032,0.30473030952338,4.76826969047694,1.8798618925592898,1.0200000000002092,5.49799999999982,target,2018
1,226887,226904,2018-02-27 00:15:00+00:00,2018-02-27 04:30:00+00:00,1333.805,1331.937,0.01,17,-1.8680000000001658,0.30676499469892,-2.174764994699086,-1.164221089239236,1.9420000000000073,3.013500000000022,stop,2018
1,227150,227258,2018-03-01 20:00:00+00:00,2018-03-05 01:00:00+00:00,1316.3035,1325.6934999999999,0.01,108,9.389999999999873,0.28940841467710754,9.100591585322766,1.9383581651379955,1.4600000000000364,10.20699999999988,target,2018
-1,227321,227330,2018-03-05 16:45:00+00:00,2018-03-05 19:00:00+00:00,1320.777,1317.7870000000003,0.01,9,2.9899999999997817,0.2962920978034096,2.693707902196372,1.8018113058171028,0.07699999999999818,3.2024999999998727,target,2018
-1,227375,227380,2018-03-06 07:15:00+00:00,2018-03-06 08:30:00+00:00,1321.295,1322.8315,0.01,5,-1.5364999999999327,0.30173243476348877,-1.8382324347634214,-1.1963764625860736,1.6114999999999782,0.6970000000001164,stop,2018
1,227498,227499,2018-03-07 15:00:00+00:00,2018-03-07 15:15:00+00:00,1330.094,1328.6865,0.01,1,-1.4075000000000273,0.30463413558070307,-1.7121341355807305,-1.2164363307855752,1.5955000000001291,1.2445000000000164,stop,2018
1,227557,227564,2018-03-08 06:45:00+00:00,2018-03-08 08:30:00+00:00,1328.414,1327.4015,0.01,7,-1.0125000000000455,0.2989081394043399,-1.3114081394043855,-1.2952179154610632,1.084999999999809,0.6820000000000164,stop,2018
-1,227684,227689,2018-03-09 15:30:00+00:00,2018-03-09 16:45:00+00:00,1321.2495,1324.201,0.01,5,-2.9515000000001237,0.31761814407740924,-3.2691181440775328,-1.1076124492893091,3.975500000000011,0.9510000000000218,stop,2018
-1,227720,227724,2018-03-12 00:30:00+00:00,2018-03-12 01:30:00+00:00,1321.8295,1323.0205,0.01,4,-1.191000000000031,0.325372129723731,-1.516372129723762,-1.2731923843188266,1.421500000000151,0.5180000000000291,stop,2018
1,227861,228061,2018-03-13 12:45:00+00:00,2018-03-15 16:45:00+00:00,1326.315,1316.263,0.01,200,-10.052000000000135,0.30971860763191544,-10.36171860763205,-0.8491819871850558,10.626999999999953,3.793999999999869,time_stop,2018
1,228132,228134,2018-03-16 11:30:00+00:00,2018-03-16 12:00:00+00:00,1321.1115,1320.0755,0.01,2,-1.0360000000000582,0.30834111273723186,-1.3443411127372902,-1.2976265566961531,1.3730000000000473,0.0340000000001055,stop,2018
1,228241,228309,2018-03-19 15:45:00+00:00,2018-03-20 09:45:00+00:00,1317.8815,1313.1485,0.01,68,-4.732999999999947,0.3101522149910738,-5.0431522149910215,-1.065529730612947,4.990000000000009,1.8144999999999527,stop,2018
1,228388,228393,2018-03-21 06:30:00+00:00,2018-03-21 07:45:00+00:00,1314.2089999999998,1316.2399999999998,0.01,5,2.030999999999949,0.3087578476388074,1.7222421523611415,1.695954852152816,0.2244999999998072,2.671500000000151,target,2018
1,228828,228838,2018-03-28 01:30:00+00:00,2018-03-28 04:00:00+00:00,1346.804,1345.0715,0.01,10,-1.7325000000000728,0.31150483030751136,-2.044004830307584,-1.179800767854256,2.2789999999999964,0.2619999999999436,stop,2018
1,229034,229051,2018-04-02 07:00:00+00:00,2018-04-02 11:15:00+00:00,1330.6715,1333.0184999999997,0.01,17,2.3469999999997526,0.2822625435183307,2.064737456481422,1.7594694984930888,0.0,2.653500000000122,target,2018
-1,229152,229157,2018-04-03 13:30:00+00:00,2018-04-03 14:45:00+00:00,1334.0605,1329.2024999999999,0.01,5,4.858000000000175,0.3154076264730942,4.54259237352708,1.870149186301736,1.0695000000000618,5.016500000000178,target,2018
1,229205,229211,2018-04-04 03:45:00+00:00,2018-04-04 05:15:00+00:00,1335.1345000000001,1333.995,0.01,6,-1.1395000000002256,0.31467247445451724,-1.4541724744547428,-1.2761496046111935,1.2380000000002838,0.844499999999698,stop,2018
1,229371,229391,2018-04-05 23:15:00+00:00,2018-04-06 04:15:00+00:00,1331.141,1328.9699999999998,0.01,20,-2.1710000000002765,0.33339919425086845,-2.5043991942511448,-1.153569412367953,2.3495000000000346,2.242999999999938,stop,2018
1,229427,229500,2018-04-06 13:15:00+00:00,2018-04-09 08:30:00+00:00,1330.815,1327.806,0.01,73,-3.009000000000015,0.3102710934748473,-3.319271093474862,-1.1031143547606665,3.2454999999999927,4.400000000000091,stop,2018
1,229515,229604,2018-04-09 12:15:00+00:00,2018-04-10 11:30:00+00:00,1332.359,1338.4739999999997,0.01,89,6.114999999999782,0.3024638145180988,5.812536185481683,1.9010747949245759,1.2104999999999109,6.706000000000131,target,2018
1,229781,229784,2018-04-12 09:45:00+00:00,2018-04-12 10:30:00+00:00,1347.23,1345.482,0.01,3,-1.7480000000000475,0.3070309070005257,-2.0550309070005732,-1.1756469719682594,3.3450000000000273,1.7739999999998872,stop,2018
1,229889,229982,2018-04-13 13:45:00+00:00,2018-04-16 14:00:00+00:00,1343.0135,1349.4575,0.01,93,6.443999999999959,0.30884647343426685,6.135153526565692,1.9041444837261736,2.7735000000000127,7.001499999999851,target,2018
1,230042,230049,2018-04-17 06:00:00+00:00,2018-04-17 07:45:00+00:00,1346.4315,1344.975,0.01,7,-1.4565000000000055,0.3097064271749742,-1.7662064271749798,-1.212637437126655,5.007499999999936,2.54300000000012,stop,2018
1,230138,230139,2018-04-18 07:00:00+00:00,2018-04-18 07:15:00+00:00,1345.6015,1344.458,0.01,1,-1.1434999999999036,0.3091917850614866,-1.4526917850613903,-1.2703907171504265,1.9529999999999745,0.0,stop,2018
1,230248,230251,2018-04-19 11:30:00+00:00,2018-04-19 12:15:00+00:00,1349.4835,1347.7055,0.01,3,-1.7780000000000202,0.31147927658253755,-2.0894792765825576,-1.1751851949283092,3.15300000000002,1.3185000000000855,stop,2018
-1,230536,230543,2018-04-24 14:30:00+00:00,2018-04-24 16:15:00+00:00,1329.084,1330.7715,0.01,7,-1.6875,0.31981388968347596,-2.007313889683476,-1.1895193420346526,2.535000000000082,1.5474999999999,stop,2018
-1,230692,230697,2018-04-26 07:30:00+00:00,2018-04-26 08:45:00+00:00,1324.9395,1322.3285,0.01,5,2.6109999999998763,0.2977953454591342,2.3132046545407423,1.7718917307857924,0.0,2.9134999999998854,target,2018
1,230806,230874,2018-04-27 13:00:00+00:00,2018-04-30 07:00:00+00:00,1322.507,1317.945,0.01,68,-4.5620000000001255,0.308334697981443,-4.870334697981568,-1.067587614638631,5.699000000000069,3.752999999999929,stop,2018
-1,230916,230959,2018-04-30 17:30:00+00:00,2018-05-01 05:15:00+00:00,1317.46,1311.4520000000002,0.01,43,6.007999999999811,0.3085209071850595,5.699479092814752,1.8972966354244112,1.9279999999998836,6.013500000000022,target,2018
-1,231046,231054,2018-05-02 04:00:00+00:00,2018-05-02 06:00:00+00:00,1310.626,1307.9079999999997,0.01,8,2.718000000000302,0.31996367032448475,2.398036329675817,1.764559477318286,0.165000000000191,2.8759999999999764,target,2018
1,231129,231132,2018-05-03 01:45:00+00:00,2018-05-03 02:30:00+00:00,1310.1599999999999,1308.9815,0.01,3,-1.178499999999758,0.3166949026935244,-1.4951949026932825,-1.2687271130195923,1.9034999999998945,0.0,stop,2018
-1,231239,231264,2018-05-04 06:15:00+00:00,2018-05-04 12:30:00+00:00,1311.33,1312.9329999999995,0.01,25,-1.6029999999996107,0.3206627696944908,-1.9236627696941015,-1.2000391576385332,4.236499999999978,2.638500000000022,stop,2018
1,231341,231350,2018-05-07 08:45:00+00:00,2018-05-07 11:00:00+00:00,1314.057,1312.45,0.01,9,-1.606999999999971,0.3163315677966115,-1.9233315677965823,-1.196846028498206,1.6520000000000437,0.9259999999999309,stop,2018
1,231408,231411,2018-05-08 02:30:00+00:00,2018-05-08 03:15:00+00:00,1314.2085,1313.1985,0.01,3,-1.009999999999991,0.3149637458385911,-1.324963745838582,-1.3118452929094988,1.2349999999999,0.22299999999995634,stop,2018
-1,231495,231518,2018-05-09 01:15:00+00:00,2018-05-09 07:00:00+00:00,1310.9434999999999,1306.0704999999994,0.01,23,4.873000000000502,0.30500152976640194,4.5679984702341,1.874819811300484,1.4450000000001637,5.6104999999997744,target,2018
1,231607,231610,2018-05-10 06:15:00+00:00,2018-05-10 07:00:00+00:00,1313.5915,1312.225,0.01,3,-1.3665000000000873,0.30911309699208644,-1.6756130969921736,-1.2262079012016587,2.7474999999999454,0.9855000000000018,stop,2018
1,231749,231757,2018-05-11 18:45:00+00:00,2018-05-11 20:45:00+00:00,1319.77,1318.2945,0.01,8,-1.475500000000011,0.3672403970116684,-1.8427403970116794,-1.2488921701197329,2.400000000000091,0.45200000000022555,stop,2018
1,231789,231808,2018-05-14 05:45:00+00:00,2018-05-14 10:30:00+00:00,1320.3400000000001,1319.113,0.01,19,-1.2270000000000891,0.288327833391399,-1.5153278333914881,-1.2349860092839267,1.6170000000001892,1.5249999999998636,stop,2018
1,232198,232208,2018-05-18 16:00:00+00:00,2018-05-18 18:30:00+00:00,1291.656,1293.8179999999998,0.01,10,2.161999999999807,0.29880692252500035,1.863193077474807,1.7235828653792535,0.1694999999999709,2.520999999999958,target,2018
1,232219,232226,2018-05-20 22:15:00+00:00,2018-05-21 00:00:00+00:00,1292.0285,1290.2649999999999,0.01,7,-1.763500000000022,0.3260662365591118,-2.0895662365591336,-1.184897213812933,2.46349999999984,0.0,stop,2018
-1,232226,232242,2018-05-21 00:00:00+00:00,2018-05-21 04:00:00+00:00,1290.6064999999999,1288.0364999999997,0.01,16,2.5700000000001637,0.3108214446995725,2.259178555300591,1.7581156072377022,0.21000000000003638,2.768499999999676,target,2018
-1,232337,232341,2018-05-22 04:45:00+00:00,2018-05-22 05:45:00+00:00,1289.495,1290.5735,0.01,4,-1.0785000000000764,0.2956785684239039,-1.3741785684239802,-1.2741572261695715,1.1514999999999418,1.024499999999989,stop,2018
1,232440,232462,2018-05-23 07:30:00+00:00,2018-05-23 13:00:00+00:00,1293.4005,1290.46,0.01,22,-2.940499999999929,0.3099808927734856,-3.250480892773415,-1.1054177496254016,5.291999999999916,5.2309999999999945,stop,2018
1,232527,232552,2018-05-24 06:15:00+00:00,2018-05-24 12:30:00+00:00,1295.165,1299.835,0.01,25,4.670000000000073,0.3143315494086626,4.35566845059141,1.8653826340862278,0.24499999999989086,4.990000000000009,target,2018
-1,232674,232678,2018-05-25 20:00:00+00:00,2018-05-27 22:00:00+00:00,1300.408,1297.8109999999997,0.01,4,2.5970000000002074,0.3926773049820321,2.2043226950181753,1.6975916018621482,1.2290000000000418,3.8795000000000073,target,2018
-1,232736,232765,2018-05-28 12:30:00+00:00,2018-05-29 00:45:00+00:00,1298.923,1300.3964999999998,0.01,29,-1.4734999999998308,0.32467659908119806,-1.798176599081029,-1.2203438066380967,2.477000000000089,1.9350000000001728,stop,2018
1,232765,232766,2018-05-29 00:45:00+00:00,2018-05-29 01:00:00+00:00,1300.1945,1299.0700000000002,0.01,1,-1.1244999999998981,0.32495583388727084,-1.449455833887169,-1.288978064817519,1.7474999999999454,0.014499999999770807,stop,2018
-1,232864,232877,2018-05-30 02:30:00+00:00,2018-05-30 05:45:00+00:00,1298.9465,1300.273,0.01,13,-1.3264999999998963,0.3051137904180645,-1.6316137904179608,-1.2300141654112993,1.6300000000001091,1.268500000000131,stop,2018
-1,232998,233000,2018-05-31 13:00:00+00:00,2018-05-31 13:30:00+00:00,1299.7685,1301.9850000000001,0.01,2,-2.2165000000002237,0.32218580264168023,-2.538685802641904,-1.14535790780133,2.776500000000169,0.0,stop,2018
1,233178,233186,2018-06-04 12:00:00+00:00,2018-06-04 14:00:00+00:00,1296.905,1294.9299999999998,0.01,8,-1.9750000000001364,0.3056233839265453,-2.280623383926682,-1.154746017177987,2.596499999999878,1.2115000000001146,stop,2018
-1,233275,233282,2018-06-05 13:15:00+00:00,2018-06-05 15:00:00+00:00,1293.155,1294.4115,0.01,7,-1.25649999999996,0.3012935614263047,-1.5577935614262648,-1.2397879517917345,2.389499999999998,2.441000000000031,stop,2018
1,233364,233369,2018-06-06 12:30:00+00:00,2018-06-06 13:45:00+00:00,1297.0135,1300.2714999999998,0.01,5,3.257999999999811,0.30484682744584257,2.9531531725539684,1.8128625982530018,0.0,4.190000000000055,target,2018
1,233411,233446,2018-06-07 01:15:00+00:00,2018-06-07 10:00:00+00:00,1296.9015,1299.4884999999995,0.01,35,2.5869999999995343,0.31370934369871084,2.2732906563008237,1.7574724826449424,0.8789999999999054,2.7150000000001455,target,2018
1,233560,233596,2018-06-08 15:30:00+00:00,2018-06-11 01:30:00+00:00,1298.279,1300.5570000000002,0.01,36,2.2780000000002474,0.30697829735924903,1.9710217026409984,1.7304843745748766,0.22049999999990177,3.0655000000001564,target,2018
1,233691,233696,2018-06-12 02:15:00+00:00,2018-06-12 03:30:00+00:00,1298.5120000000002,1297.2984999999999,0.01,5,-1.2135000000002947,0.3155245614607194,-1.529024561461014,-1.2600119995555359,1.2654999999999745,0.487999999999829,stop,2018
1,233826,233846,2018-06-13 13:00:00+00:00,2018-06-13 18:00:00+00:00,1297.157,1295.2865000000002,0.01,20,-1.8704999999997654,0.33567295446684225,-2.2061729544666075,-1.179456270765509,3.451999999999998,1.934500000000071,stop,2018
-1,233993,234007,2018-06-15 08:45:00+00:00,2018-06-15 12:15:00+00:00,1299.613,1296.579,0.01,14,3.0340000000001055,0.29970474165888483,2.734295258341221,1.8024358987087183,1.0209999999999582,5.462999999999965,target,2018
1,234444,234449,2018-06-22 06:30:00+00:00,2018-06-22 07:45:00+00:00,1269.969,1268.4,0.01,5,-1.56899999999996,0.3108646266220808,-1.879864626622041,-1.198129143799929,2.0225000000000364,1.3144999999999527,stop,2018
1,234557,234558,2018-06-25 11:45:00+00:00,2018-06-25 12:00:00+00:00,1269.814,1268.5985,0.01,1,-1.21550000000002,0.3061729007996514,-1.5216729007996714,-1.251890498395431,1.3140000000000782,0.022499999999809006,stop,2018
-1,234930,234932,2018-06-29 13:00:00+00:00,2018-06-29 13:30:00+00:00,1251.1100000000001,1248.6890000000003,0.01,2,2.4209999999998217,0.30640123034445066,2.114598769655371,1.746880437551034,0.0,2.5205000000000837,target,2018
-1,234973,234993,2018-07-02 00:45:00+00:00,2018-07-02 05:45:00+00:00,1251.935,1249.7350000000001,0.01,20,2.199999999999818,0.3237321898518721,1.876267810147946,1.7056980092255465,0.40399999999999636,2.849499999999807,target,2018
-1,235262,235264,2018-07-05 08:00:00+00:00,2018-07-05 08:30:00+00:00,1253.3845000000001,1254.58,0.01,2,-1.1954999999998108,0.2916173437445956,-1.4871173437444063,-1.243929187573937,1.33199999999988,0.0,stop,2018
-1,235329,235346,2018-07-06 01:45:00+00:00,2018-07-06 06:00:00+00:00,1254.2179999999998,1256.23,0.01,17,-2.012000000000171,0.3034086827800506,-2.3154086827802214,-1.1507995441252608,2.247000000000071,1.319999999999709,stop,2018
-1,235529,235540,2018-07-10 05:45:00+00:00,2018-07-10 08:30:00+00:00,1257.347,1255.113,0.01,11,2.2339999999999236,0.296512319146886,1.9374876808530375,1.7345458199222057,0.4230000000000018,3.11200000000008,target,2018
-1,235754,235801,2018-07-12 16:00:00+00:00,2018-07-13 04:45:00+00:00,1247.51,1245.2900000000002,0.01,47,2.2199999999998,0.30751863937952517,1.9124813606202746,1.7229561807391414,0.6694999999999709,2.6800000000000637,target,2018
-1,235881,235894,2018-07-16 01:45:00+00:00,2018-07-16 05:00:00+00:00,1243.195,1244.5765000000001,0.01,13,-1.3815000000001874,0.29351946583320554,-1.675019465833393,-1.212464325612136,1.709500000000162,1.6169999999999618,stop,2018
-1,236009,236014,2018-07-17 10:45:00+00:00,2018-07-17 12:00:00+00:00,1241.9605000000001,1239.5505000000003,0.01,5,2.4099999999998545,0.2936667718240345,2.11633322817582,1.7562931354157243,0.28349999999977626,2.5460000000002765,target,2018
-1,236223,236248,2018-07-19 18:15:00+00:00,2018-07-20 01:30:00+00:00,1223.8985,1216.9765000000004,0.01,25,6.921999999999572,0.29424812254386123,6.627751877455711,1.9149817617613756,0.30300000000011096,6.928500000000213,target,2018
-1,236271,236274,2018-07-20 07:15:00+00:00,2018-07-20 08:00:00+00:00,1223.0645,1224.7255,0.01,3,-1.6610000000000582,0.28941714031565846,-1.9504171403157167,-1.1742427094013537,1.762000000000171,0.14949999999998909,stop,2018
-1,236386,236431,2018-07-23 13:00:00+00:00,2018-07-24 01:15:00+00:00,1226.3035,1220.7134999999998,0.01,45,5.5900000000001455,0.29905232214351507,5.2909476778566304,1.893004535905722,1.7699999999999818,5.771499999999833,target,2018
-1,236478,236479,2018-07-24 13:00:00+00:00,2018-07-24 13:15:00+00:00,1224.9634999999998,1225.98,0.01,1,-1.0165000000001783,0.29653981975506594,-1.3130398197552442,-1.2917263352238209,2.518500000000131,0.0,stop,2018
1,236524,236526,2018-07-25 01:30:00+00:00,2018-07-25 02:00:00+00:00,1226.8000000000002,1224.7365,0.01,2,-2.0635000000002037,0.31829222898499493,-2.3817922289851987,-1.1542487177053373,2.0785000000000764,0.0,stop,2018
-1,236640,236660,2018-07-26 07:30:00+00:00,2018-07-26 12:30:00+00:00,1228.6695,1230.405,0.01,20,-1.735500000000002,0.29456345594552674,-2.0300634559455286,-1.1697282949844576,2.1555000000000746,1.7739999999998872,stop,2018
-1,236760,236765,2018-07-27 14:30:00+00:00,2018-07-27 15:45:00+00:00,1224.8235,1225.9185,0.01,5,-1.0950000000000273,0.30118429535352337,-1.3961842953535506,-1.275054151007777,2.593499999999949,0.9699999999997999,stop,2018
-1,236842,236847,2018-07-30 12:00:00+00:00,2018-07-30 13:15:00+00:00,1222.063,1223.685,0.01,5,-1.6219999999998438,0.30815591857695157,-1.9301559185767954,-1.1899851532533794,1.697499999999991,0.9770000000000891,stop,2018
-1,236937,236949,2018-07-31 12:45:00+00:00,2018-07-31 15:45:00+00:00,1219.3545,1224.3285,0.01,12,-4.97400000000016,0.30445614193064874,-5.278456141930809,-1.061209517879099,5.1655000000000655,5.294499999999971,stop,2018
-1,236983,236985,2018-08-01 01:15:00+00:00,2018-08-01 01:45:00+00:00,1221.6035000000002,1223.4605,0.01,2,-1.8569999999997435,0.30040796804560566,-2.1574079680453493,-1.1617705805307739,2.3114999999997963,0.4145000000003165,stop,2018
-1,237080,237092,2018-08-02 02:30:00+00:00,2018-08-02 05:30:00+00:00,1220.2115,1217.9754999999996,0.01,12,2.236000000000331,0.303001601128171,1.9329983988721602,1.728978889867508,0.15850000000000364,2.2784999999998945,target,2018
1,237213,237282,2018-08-03 12:45:00+00:00,2018-08-06 07:00:00+00:00,1215.7154999999998,1212.48,0.01,69,-3.2354999999997744,0.3015774462724401,-3.5370774462722148,-1.0932089155532256,3.7704999999998563,4.354500000000371,stop,2018
1,237371,237376,2018-08-07 06:15:00+00:00,2018-08-07 07:30:00+00:00,1212.2205,1210.875,0.01,5,-1.3454999999999018,0.2981097639428343,-1.643609763942736,-1.2215605826405471,1.7104999999999109,1.6735000000001037,stop,2018
1,237444,237467,2018-08-08 01:30:00+00:00,2018-08-08 07:15:00+00:00,1212.6405,1215.8244999999997,0.01,23,3.1839999999997417,0.29124244836904467,2.892757551630697,1.8170587635872688,0.17050000000017462,3.2100000000000364,target,2018
-1,237560,237567,2018-08-09 07:30:00+00:00,2018-08-09 09:15:00+00:00,1212.0234999999998,1213.6100000000001,0.01,7,-1.5865000000003422,0.2899677860484895,-1.8764677860488317,-1.1827720050730708,2.992000000000189,0.9434999999998581,stop,2018
1,237671,237690,2018-08-10 12:15:00+00:00,2018-08-10 17:00:00+00:00,1213.592,1210.774,0.01,19,-2.818000000000211,0.3064280144379244,-3.1244280144381356,-1.1087395367061397,2.963000000000193,3.5744999999997162,stop,2018
-1,237715,237743,2018-08-13 00:15:00+00:00,2018-08-13 07:15:00+00:00,1210.8485,1207.0455000000002,0.01,28,3.8029999999998836,0.30575733937090543,3.497242660628978,1.8392020303071708,0.0,5.2934999999999945,target,2018
-1,238138,238143,2018-08-17 14:00:00+00:00,2018-08-17 15:15:00+00:00,1178.4705,1180.0185,0.01,5,-1.5480000000000018,0.3066062031005497,-1.8546062031005515,-1.1980660226747735,1.79950000000008,0.962500000000091,stop,2018
-1,238327,238328,2018-08-21 15:15:00+00:00,2018-08-21 15:30:00+00:00,1187.775,1189.6335,0.01,1,-1.8584999999998217,0.303096214392517,-2.161596214392339,-1.163086475325556,1.9699999999998,0.0,stop,2018
-1,238457,238478,2018-08-23 01:45:00+00:00,2018-08-23 07:00:00+00:00,1192.38,1189.7500000000005,0.01,21,2.6299999999996544,0.2966949152084396,2.3333050847912147,1.7743764903357577,0.6949999999999363,5.916000000000167,target,2018
1,238575,238582,2018-08-24 08:15:00+00:00,2018-08-24 10:00:00+00:00,1190.115,1192.3149999999998,0.01,7,2.199999999999818,0.27817575316033594,1.9218242468394822,1.7471129516724009,0.3550000000000182,2.2884999999998854,target,2018
-1,238797,238799,2018-08-28 17:45:00+00:00,2018-08-28 18:15:00+00:00,1206.22,1202.3310000000004,0.01,2,3.888999999999669,0.31034885509227195,3.578651144907397,1.84039657747889,0.0,5.569999999999936,target,2018
1,238871,238873,2018-08-29 13:15:00+00:00,2018-08-29 13:45:00+00:00,1206.0700000000002,1203.6779999999999,0.01,2,-2.39200000000028,0.30364237935271865,-2.6956423793529987,-1.1269407940437637,3.306500000000142,0.21499999999969077,stop,2018
-1,238940,238943,2018-08-30 07:30:00+00:00,2018-08-30 08:15:00+00:00,1203.935,1201.4720000000002,0.01,3,2.462999999999738,0.2915157962159692,2.171484203783769,1.7632839657198538,0.20949999999993452,2.605000000000018,target,2018
1,239059,239063,2018-08-31 14:15:00+00:00,2018-08-31 15:15:00+00:00,1204.085,1202.0805,0.01,4,-2.0045000000000073,0.2899540944569638,-2.294454094456971,-1.144651581170847,2.816500000000133,0.9909999999999854,stop,2018
1,239125,239140,2018-09-03 07:45:00+00:00,2018-09-03 11:30:00+00:00,1202.9185,1200.1770000000001,0.01,15,-2.74149999999986,0.30470320118476746,-3.0462032011846274,-1.111144702237747,2.9134999999998854,0.9864999999999782,stop,2018
1,239314,239355,2018-09-05 13:00:00+00:00,2018-09-06 00:15:00+00:00,1196.325,1199.2859999999998,0.01,41,2.9609999999997854,0.30265528492163885,2.6583447150781465,1.7955722492930357,1.1355000000000928,3.63599999999974,target,2018
-1,239377,239379,2018-09-06 05:45:00+00:00,2018-09-06 06:15:00+00:00,1195.975,1197.4195,0.01,2,-1.4445000000000618,0.3017359141640651,-1.746235914164127,-1.208886060342023,1.600500000000011,0.0,stop,2018
1,239462,239474,2018-09-07 04:00:00+00:00,2018-09-07 07:00:00+00:00,1200.585,1199.3585000000003,0.01,12,-1.22649999999976,0.2842461280392556,-1.5107461280390155,-1.2317538752868415,2.2150000000001455,1.5904999999997926,stop,2018
1,239593,239606,2018-09-10 13:45:00+00:00,2018-09-10 17:00:00+00:00,1197.305,1195.8295,0.01,13,-1.475500000000011,0.314772122955775,-1.7902721229557859,-1.2133325130164505,2.3365000000001146,1.25,stop,2018
1,239656,239664,2018-09-11 06:30:00+00:00,2018-09-11 08:30:00+00:00,1196.5415,1195.1644999999999,0.01,8,-1.37700000000018,0.29193034729508394,-1.6689303472952641,-1.2120046095098371,1.5665000000001328,0.6735000000001037,stop,2018
-1,239748,239752,2018-09-12 06:30:00+00:00,2018-09-12 07:30:00+00:00,1194.56,1195.6754999999998,0.01,4,-1.1154999999998836,0.2779779580591449,-1.3934779580590284,-1.2491958386904292,1.650000000000091,1.7804999999998472,stop,2018
-1,239886,239900,2018-09-13 18:00:00+00:00,2018-09-13 22:30:00+00:00,1201.6345000000001,1202.8205,0.01,14,-1.1859999999999218,0.30395601006855766,-1.4899560100684794,-1.2562866863984634,1.2304999999998927,1.2695000000001073,stop,2018
-1,239957,239970,2018-09-14 12:45:00+00:00,2018-09-14 16:00:00+00:00,1202.8995,1194.7225000000003,0.01,13,8.17699999999968,0.29669625400049954,7.88030374599918,1.9274315142471539,0.5160000000000764,8.621000000000095,target,2018
1,240050,240054,2018-09-17 13:00:00+00:00,2018-09-17 14:00:00+00:00,1200.1064999999999,1203.7994999999996,0.01,4,3.6929999999997563,0.2907569327383451,3.402243067261411,1.8425361858985299,0.15200000000004366,3.9090000000001055,target,2018
-1,240105,240113,2018-09-18 03:45:00+00:00,2018-09-18 05:45:00+00:00,1198.605,1199.705,0.01,8,-1.099999999999909,0.2989252400226987,-1.3989252400226078,-1.2717502182024758,1.5740000000000691,0.6510000000000673,stop,2018
-1,240306,240315,2018-09-20 08:00:00+00:00,2018-09-20 10:15:00+00:00,1202.3000000000002,1203.5430000000001,0.01,9,-1.2429999999999382,0.2929250004520546,-1.5359250004519929,-1.2356596946517049,1.2599999999997635,0.9250000000001819,stop,2018
-1,240507,240511,2018-09-24 12:15:00+00:00,2018-09-24 13:15:00+00:00,1199.5405,1200.9654999999998,0.01,4,-1.4249999999997272,0.29151854527897625,-1.7165185452787033,-1.2045744177396716,2.28449999999998,1.6510000000000673,stop,2018
-1,240579,240580,2018-09-25 07:15:00+00:00,2018-09-25 07:30:00+00:00,1199.2205,1200.345,0.01,1,-1.1245000000001255,0.2892275629019834,-1.4137275629021089,-1.257205480570877,1.6100000000001273,0.48549999999977445,stop,2018
-1,240715,240786,2018-09-26 18:15:00+00:00,2018-09-27 13:00:00+00:00,1195.045,1184.5550000000003,0.01,71,10.489999999999782,0.29820285147846237,10.191797148521319,1.9431453095369935,4.25,10.981000000000222,target,2018
1,240886,240944,2018-09-28 15:00:00+00:00,2018-10-01 06:30:00+00:00,1191.231,1187.8415,0.01,58,-3.389499999999998,0.2916215875514126,-3.6811215875514107,-1.0860367569114655,4.354500000000144,2.6935000000000855,stop,2018
1,240968,240971,2018-10-01 12:30:00+00:00,2018-10-01 13:15:00+00:00,1189.44,1187.6365,0.01,3,-1.8034999999999852,0.2830915462341408,-2.086591546234126,-1.156967865946295,2.660000000000082,2.7100000000000364,stop,2018
1,241055,241060,2018-10-02 11:15:00+00:00,2018-10-02 12:30:00+00:00,1191.1035000000002,1193.6845000000003,0.01,5,2.581000000000131,0.2842973339025957,2.296702666097535,1.7796998574950937,0.9450000000001637,5.956499999999778,target,2018
-1,241164,241241,2018-10-03 15:30:00+00:00,2018-10-04 11:45:00+00:00,1198.2350000000001,1201.7005,0.01,77,-3.465499999999793,0.289913262314527,-3.75541326231432,-1.083656979458821,4.715499999999793,2.1555000000000746,stop,2018
-1,241260,241271,2018-10-04 16:30:00+00:00,2018-10-04 19:15:00+00:00,1198.2685000000001,1200.375,0.01,11,-2.106499999999869,0.30196426000864085,-2.4084642600085098,-1.143348806080541,2.438499999999749,1.330500000000029,stop,2018
-1,241287,241291,2018-10-05 00:15:00+00:00,2018-10-05 01:15:00+00:00,1198.498,1199.509,0.01,4,-1.0109999999999673,0.29997218265273984,-1.3109721826527072,-1.2967083903588028,1.2074999999999818,0.03999999999996362,stop,2018
-1,241383,241426,2018-10-08 01:15:00+00:00,2018-10-08 12:00:00+00:00,1199.094,1192.826,0.01,43,6.268000000000029,0.2933835304922202,5.974616469507809,1.9063868760394962,0.6459999999999582,9.370499999999993,target,2018
-1,241567,241592,2018-10-10 01:15:00+00:00,2018-10-10 07:30:00+00:00,1190.3745,1188.3224999999998,0.01,25,2.0520000000001346,0.2986342467469099,1.7533657532532247,1.708933482702836,0.7355000000002292,2.3454999999999018,target,2018
-1,242009,242035,2018-10-16 19:45:00+00:00,2018-10-17 03:15:00+00:00,1224.5815,1221.6815,0.01,26,2.900000000000091,0.32179610763065164,2.5782038923694395,1.7780716499099025,1.3304999999998017,2.9179999999998927,target,2018
1,242056,242057,2018-10-17 08:30:00+00:00,2018-10-17 08:45:00+00:00,1225.1689999999999,1227.4799999999996,0.01,1,2.3109999999996944,0.33076930976644103,1.9802306902332534,1.7137435657581266,0.0,3.0060000000000855,target,2018
-1,242153,242159,2018-10-18 09:45:00+00:00,2018-10-18 11:15:00+00:00,1222.9470000000001,1224.6095,0.01,6,-1.6624999999999093,0.30671695194857285,-1.9692169519484821,-1.1844913996683246,1.6929999999997563,0.4355000000000473,stop,2018
-1,242235,242243,2018-10-19 07:15:00+00:00,2018-10-19 09:15:00+00:00,1223.2939999999999,1227.98,0.01,8,-4.686000000000149,0.3021391838852434,-4.988139183885393,-1.0644769918662471,5.367500000000064,0.0,stop,2018
1,242327,242329,2018-10-22 07:15:00+00:00,2018-10-22 07:45:00+00:00,1227.452,1225.9985,0.01,2,-1.4535000000000764,0.3139023251203219,-1.7674023251203983,-1.2159630719781942,2.1240000000000236,0.013500000000021828,stop,2018
1,242415,242416,2018-10-23 06:15:00+00:00,2018-10-23 06:30:00+00:00,1225.2085,1227.6694999999997,0.01,1,2.4609999999997854,0.3118017771227059,2.1491982228770796,1.746605626068482,0.0,3.8565000000000964,target,2018
-1,242529,242534,2018-10-24 11:45:00+00:00,2018-10-24 13:00:00+00:00,1228.69,1230.6795,0.01,5,-1.9894999999999072,0.31396985599593175,-2.303469855995839,-1.1578134486031397,2.09699999999998,3.0160000000000764,stop,2018
1,242607,242622,2018-10-25 08:15:00+00:00,2018-10-25 12:00:00+00:00,1232.4434999999999,1231.268,0.01,15,-1.175499999999829,0.30254596389426036,-1.4780459638940893,-1.2573764048441551,1.7734999999997854,1.2450000000001182,stop,2018
-1,242669,242675,2018-10-26 00:45:00+00:00,2018-10-26 02:15:00+00:00,1231.201,1232.2115,0.01,6,-1.0104999999998654,0.3151384098384164,-1.3256384098382819,-1.311863839523462,1.0104999999998654,1.0625,stop,2018
-1,242752,242764,2018-10-28 22:30:00+00:00,2018-10-29 01:30:00+00:00,1233.2835,1234.8339999999998,0.01,12,-1.550499999999829,0.39672657013575413,-1.947226570135583,-1.2558700871562707,1.6149999999997817,1.4234999999998763,stop,2018
1,242781,242782,2018-10-29 05:45:00+00:00,2018-10-29 06:00:00+00:00,1233.9065,1232.899,0.01,1,-1.0075000000001637,0.3868842201526446,-1.3943842201528083,-1.3840041887370538,1.615000000000009,0.0,stop,2018
1,243060,243064,2018-11-01 06:30:00+00:00,2018-11-01 07:30:00+00:00,1220.415,1224.3049999999998,0.01,4,3.8899999999998727,0.37984823304808923,3.5101517669517834,1.804705278638508,0.0,4.105000000000018,target,2018
-1,243266,243272,2018-11-05 13:00:00+00:00,2018-11-05 14:30:00+00:00,1228.1035,1231.295,0.01,6,-3.1915000000001332,0.3545280023266892,-3.5460280023268225,-1.1110850704454565,4.65300000000002,1.1784999999999854,stop,2018
-1,243365,243369,2018-11-06 14:45:00+00:00,2018-11-06 15:45:00+00:00,1230.795,1228.4580000000005,0.01,4,2.3369999999995343,0.34423577742064887,1.9927642225788855,1.7054036992548418,0.6814999999999145,2.9515000000001237,target,2018
-1,243403,243428,2018-11-07 01:15:00+00:00,2018-11-07 07:30:00+00:00,1228.3285,1231.38,0.01,25,-3.0515000000000327,0.3820377993451622,-3.4335377993451948,-1.1251967227085558,3.386500000000069,4.110000000000127,stop,2018
-1,243928,243929,2018-11-14 17:30:00+00:00,2018-11-14 17:45:00+00:00,1203.0900000000001,1204.1950000000002,0.01,1,-1.1050000000000182,0.3729938038119857,-1.477993803812004,-1.3375509536759997,5.451499999999669,0.11850000000004002,stop,2018
1,244288,244298,2018-11-20 15:30:00+00:00,2018-11-20 18:00:00+00:00,1222.3335,1220.4935,0.01,10,-1.8399999999999181,0.3782759827154704,-2.2182759827153884,-1.2055847732149387,2.153500000000122,2.046500000000151,stop,2018
1,244343,244350,2018-11-21 06:15:00+00:00,2018-11-21 08:00:00+00:00,1222.1485,1224.5085000000001,0.01,7,2.3600000000001273,0.3564210888996428,2.0035789111004845,1.6979482297460817,0.7084999999999582,2.538000000000011,target,2018
-1,244515,244539,2018-11-23 07:15:00+00:00,2018-11-23 13:15:00+00:00,1224.4685,1220.7424999999998,0.01,24,3.7260000000001128,0.3544909784572858,3.371509021542827,1.8097203550953973,0.10150000000021464,4.001999999999953,target,2018
1,244616,244617,2018-11-26 12:45:00+00:00,2018-11-26 13:00:00+00:00,1225.7535,1224.6784999999998,0.01,1,-1.0750000000002728,0.35283740360340227,-1.4278374036036752,-1.3282208405612212,1.650000000000091,0.0,stop,2018
-1,244712,244717,2018-11-27 13:45:00+00:00,2018-11-27 15:00:00+00:00,1222.43,1219.1830000000002,0.01,5,3.2469999999998436,0.3531888825400375,2.8938111174598062,1.7824521819894954,0.35149999999998727,5.716499999999996,target,2018
-1,245003,245016,2018-11-30 17:30:00+00:00,2018-11-30 20:45:00+00:00,1221.3915000000002,1222.4685,0.01,13,-1.0769999999997708,0.3663192139088468,-1.4433192139086177,-1.3401292608253712,1.1584999999997763,1.5700000000001637,stop,2018
1,245029,245041,2018-12-03 01:00:00+00:00,2018-12-03 04:00:00+00:00,1222.8635,1225.4035,0.01,12,2.5399999999999636,0.37391390041864164,2.166086099581322,1.7055796059695691,0.12999999999988177,3.3565000000000964,target,2018
1,245243,245253,2018-12-05 08:30:00+00:00,2018-12-05 11:00:00+00:00,1235.21,1237.3900000000003,0.01,10,2.180000000000291,0.35552064532579747,1.8244793546744935,1.6738342703433486,0.0,2.3665000000000873,target,2018
-1,245331,245337,2018-12-06 07:30:00+00:00,2018-12-06 09:00:00+00:00,1235.6515,1237.0115,0.01,6,-1.3600000000001273,0.348719155455303,-1.7087191554554304,-1.2564111437171106,1.6720000000000255,0.8229999999998654,stop,2018
1,245394,245425,2018-12-07 00:15:00+00:00,2018-12-07 08:00:00+00:00,1238.605,1241.0350000000003,0.01,31,2.430000000000291,0.3556090813684429,2.074390918631848,1.7073176285033742,0.5365000000001601,2.651499999999942,target,2018
1,245543,245556,2018-12-10 14:30:00+00:00,2018-12-10 17:45:00+00:00,1245.04,1243.505,0.01,13,-1.5349999999998545,0.36273438880198344,-1.8977343888018379,-1.2363090480794905,2.2914999999998145,2.099999999999909,stop,2018
1,245630,245634,2018-12-11 13:15:00+00:00,2018-12-11 14:15:00+00:00,1246.6465,1245.2785,0.01,4,-1.3680000000001655,0.3773882523457861,-1.7453882523459516,-1.275868605515892,2.397999999999911,1.0249999999998636,stop,2018
1,245674,245691,2018-12-12 01:15:00+00:00,2018-12-12 05:30:00+00:00,1245.24,1244.1,0.01,17,-1.1400000000001,0.3879107274537284,-1.5279107274538284,-1.340272567941837,1.2065000000000055,0.9600000000000364,stop,2018
1,246000,246016,2018-12-17 13:45:00+00:00,2018-12-17 17:45:00+00:00,1242.045,1246.665,0.01,16,4.619999999999891,0.36638578546834405,4.253614214531547,1.8413914348621852,1.2800000000002,4.779999999999973,target,2018
1,246170,246186,2018-12-19 10:15:00+00:00,2018-12-19 14:15:00+00:00,1248.1815000000001,1250.8575000000005,0.01,16,2.6760000000003856,0.3682535050378794,2.3077464949625064,1.7247731651436278,0.9315000000001419,2.918499999999767,target,2018
1,246250,246255,2018-12-20 07:15:00+00:00,2018-12-20 08:30:00+00:00,1247.6615000000002,1250.0615000000007,0.01,5,2.4000000000005457,0.35590618960281095,2.044093810397735,1.7034115086643917,0.0,2.7319999999997435,target,2018
-1,246386,246401,2018-12-21 18:15:00+00:00,2018-12-23 23:00:00+00:00,1254.2535,1257.7085000000002,0.01,15,-3.4550000000001546,0.5072515059680036,-3.9622515059681582,-1.1468166442743795,4.941500000000133,0.15750000000002728,stop,2018
-1,246560,246573,2018-12-26 19:00:00+00:00,2018-12-26 23:15:00+00:00,1267.046,1268.44,0.01,13,-1.3940000000000055,0.42422083501116786,-1.8182208350111733,-1.3043191068946673,2.5174999999999272,2.3595000000000255,stop,2018
-1,246607,246608,2018-12-27 07:45:00+00:00,2018-12-27 08:00:00+00:00,1267.1064999999999,1268.48,0.01,1,-1.3735000000001492,0.3911655205159285,-1.7646655205160777,-1.2847947000479696,1.8350000000000364,0.2964999999999236,stop,2018
-1,246927,246935,2019-01-02 18:45:00+00:00,2019-01-02 20:45:00+00:00,1280.8600000000001,1282.1615000000002,0.01,8,-1.3015000000000327,0.360738986104479,-1.6622389861045117,-1.2771717142562196,2.5149999999998727,1.671500000000151,stop,2019
1,246998,247039,2019-01-03 13:30:00+00:00,2019-01-04 00:45:00+00:00,1288.52,1296.2800000000002,0.01,41,7.760000000000218,0.3866593985003282,7.37334060149989,1.9003455158504337,1.6100000000001273,8.61999999999989,target,2019
1,247135,247160,2019-01-07 01:45:00+00:00,2019-01-07 08:00:00+00:00,1289.0,1292.4629999999997,0.01,25,3.4629999999997376,0.37465105210420396,3.0883489478955335,1.7836263054552512,0.7535000000000309,3.4664999999999964,target,2019
1,247224,247226,2019-01-08 01:00:00+00:00,2019-01-08 01:30:00+00:00,1289.1934999999999,1288.1635,0.01,2,-1.0299999999997453,0.369533450196369,-1.3995334501961143,-1.3587703399965634,2.5099999999997635,1.1080000000001746,stop,2019
-1,247321,247350,2019-01-09 02:15:00+00:00,2019-01-09 09:30:00+00:00,1284.4785000000002,1280.9925000000003,0.01,29,3.4859999999998768,0.36268131568466033,3.1233186843152163,1.7919212187695506,0.6814999999999145,3.775000000000091,target,2019
1,247461,247468,2019-01-10 14:15:00+00:00,2019-01-10 16:00:00+00:00,1291.065,1289.1835,0.01,7,-1.88149999999996,0.36969451207230736,-2.251194512072267,-1.1964892437269812,2.3915000000001783,1.375,stop,2019
1,247503,247518,2019-01-11 01:45:00+00:00,2019-01-11 05:30:00+00:00,1290.2385,1294.0184999999997,0.01,15,3.7799999999997453,0.36087769914397155,3.419122300855774,1.8090594184423303,0.7835000000000036,4.164999999999964,target,2019
1,247594,247621,2019-01-14 01:30:00+00:00,2019-01-14 08:15:00+00:00,1290.8535,1293.5734999999997,0.01,27,2.7199999999998,0.3560049610205474,2.3639950389792523,1.7382316463084015,0.5820000000001073,2.74149999999986,target,2019
1,247686,247700,2019-01-15 01:30:00+00:00,2019-01-15 05:00:00+00:00,1292.5665,1291.0385,0.01,14,-1.5279999999997926,0.36751926686519026,-1.895519266864983,-1.2405230804091887,1.6414999999997235,0.8985000000002401,stop,2019
-1,247777,247795,2019-01-16 01:15:00+00:00,2019-01-16 05:45:00+00:00,1290.2314999999999,1291.25,0.01,18,-1.018500000000131,0.3929950890886208,-1.4114950890887519,-1.3858567394094947,1.7850000000000819,1.7879999999997835,stop,2019
1,247895,247899,2019-01-17 07:45:00+00:00,2019-01-17 08:45:00+00:00,1292.615,1294.6280000000004,0.01,4,2.0130000000003747,0.36240018327917367,1.650599816721201,1.6399402053858856,0.28150000000005093,2.4449999999999363,target,2019
-1,247957,247989,2019-01-18 00:15:00+00:00,2019-01-18 08:15:00+00:00,1291.1135,1288.3474999999999,0.01,32,2.7660000000000764,0.35928748189573806,2.4067125181043383,1.7402115098367836,1.3400000000001455,2.8285000000000764,target,2019
-1,248172,248175,2019-01-22 12:00:00+00:00,2019-01-22 12:45:00+00:00,1282.605,1283.6215000000002,0.01,3,-1.0165000000001783,0.3606602429503558,-1.377160242950534,-1.3548059448601009,1.0664999999999054,0.008499999999912689,stop,2019
1,248222,248269,2019-01-23 01:30:00+00:00,2019-01-23 13:15:00+00:00,1284.52,1283.1385,0.01,47,-1.38149999999996,0.36641208927104213,-1.747912089271002,-1.2652277157228033,3.7964999999999236,2.0599999999999454,stop,2019
1,248312,248317,2019-01-24 01:00:00+00:00,2019-01-24 02:15:00+00:00,1284.615,1283.3384999999998,0.01,5,-1.2765000000001692,0.37315752756797854,-1.6496575275681478,-1.2923286545773045,1.5650000000000546,0.2599999999999909,stop,2019
-1,248405,248412,2019-01-25 01:15:00+00:00,2019-01-25 03:00:00+00:00,1280.9365,1282.3515,0.01,7,-1.4149999999999636,0.3657817807965354,-1.780781780796499,-1.2585030252979115,2.2385000000001583,0.8440000000000509,stop,2019
-1,248890,248891,2019-02-01 07:30:00+00:00,2019-02-01 07:45:00+00:00,1316.7735,1318.07,0.01,1,-1.2964999999999236,0.3591068268900427,-1.6556068268899664,-1.2769817407559305,1.6929999999999836,0.0,stop,2019
-1,248949,248965,2019-02-03 23:15:00+00:00,2019-02-04 03:15:00+00:00,1317.3515,1313.7944999999997,0.01,16,3.557000000000244,0.3602150527664405,3.1967849472338035,1.7974613141600135,0.24700000000007094,3.736499999999978,target,2019
-1,249093,249094,2019-02-05 12:15:00+00:00,2019-02-05 12:30:00+00:00,1313.55,1314.6365,0.01,1,-1.0865000000001146,0.37764085556174193,-1.4641408555618565,-1.3475755688556852,1.2014999999998963,0.0,stop,2019
-1,249141,249145,2019-02-06 01:15:00+00:00,2019-02-06 02:15:00+00:00,1314.3200000000002,1315.52,0.01,4,-1.199999999999818,0.38585972877239283,-1.585859728772211,-1.3215497739770428,1.4464999999997872,1.4915000000000873,stop,2019
-1,249282,249284,2019-02-07 13:30:00+00:00,2019-02-07 14:00:00+00:00,1308.7685000000001,1310.3085,0.01,2,-1.5399999999999636,0.3787486676566973,-1.918748667656661,-1.2459406932835755,3.24149999999986,0.14500000000020918,stop,2019
1,249361,249367,2019-02-08 10:15:00+00:00,2019-02-08 11:45:00+00:00,1310.41,1312.7230000000002,0.01,6,2.313000000000102,0.3731018487956306,1.9398981512044713,1.677387074106689,0.0,2.5864999999998872,target,2019
1,249529,249533,2019-02-12 06:15:00+00:00,2019-02-12 07:15:00+00:00,1310.0884999999998,1312.6924999999992,0.01,4,2.6039999999993597,0.35973311386376017,2.2442668861355997,1.7237072858188567,0.0,2.8680000000001655,target,2019
-1,249596,249601,2019-02-13 00:00:00+00:00,2019-02-13 01:15:00+00:00,1310.1365,1311.3065,0.01,5,-1.1699999999998454,0.3650663659793835,-1.535066365979229,-1.3120225350251553,1.3634999999999309,0.5380000000000109,stop,2019
1,249752,249759,2019-02-14 16:00:00+00:00,2019-02-14 17:45:00+00:00,1309.5935,1313.5304999999998,0.01,7,3.936999999999898,0.3664815015626361,3.570518498437262,1.8138270248602257,0.0,4.843000000000075,target,2019
-1,250187,250191,2019-02-21 13:45:00+00:00,2019-02-21 14:45:00+00:00,1335.7935,1332.4605,0.01,4,3.3330000000000837,0.3734378747649008,2.9595621252351827,1.7759148666277278,0.2639999999998963,5.038499999999885,target,2019
1,250285,250302,2019-02-22 15:15:00+00:00,2019-02-22 19:30:00+00:00,1330.4265,1328.9135,0.01,17,-1.51299999999992,0.36769243287592107,-1.880692432875841,-1.2430220970759687,1.63799999999992,2.75,stop,2019
-1,250321,250322,2019-02-25 01:15:00+00:00,2019-02-25 01:30:00+00:00,1329.0835,1330.8335,0.01,1,-1.7500000000000002,0.3687848690263707,-2.118784869026371,-1.210734210872212,1.7805000000000746,0.0,stop,2019
1,250486,250525,2019-02-26 19:30:00+00:00,2019-02-27 06:30:00+00:00,1328.365,1327.0900000000001,0.01,39,-1.2749999999998636,0.3706517504041212,-1.6456517504039847,-1.2907072552189496,1.5865000000001146,1.5865000000001146,stop,2019
-1,250546,250551,2019-02-27 11:45:00+00:00,2019-02-27 13:00:00+00:00,1327.0475000000001,1328.2849999999999,0.01,5,-1.2374999999997272,0.3486404099749712,-1.5861404099746983,-1.281729624222261,1.8609999999998763,0.9540000000001783,stop,2019
1,250628,250636,2019-02-28 09:15:00+00:00,2019-02-28 11:15:00+00:00,1324.2785,1326.4184999999993,0.01,8,2.139999999999418,0.35812169756239537,1.7818783024370226,1.6653068247079508,0.0,2.605000000000018,target,2019
1,250987,250991,2019-03-06 07:00:00+00:00,2019-03-06 08:00:00+00:00,1290.7150000000001,1288.8265000000001,0.01,4,-1.8885000000000218,0.35894470330753686,-2.2474447033075586,-1.190068680597052,2.0914999999999964,0.22749999999996362,stop,2019
-1,251104,251113,2019-03-07 13:15:00+00:00,2019-03-07 15:30:00+00:00,1285.95,1288.2465,0.01,9,-2.2964999999999236,0.3682822874794238,-2.6647822874793476,-1.1603667700759575,2.5564999999999145,3.0699999999999363,stop,2019
1,251336,251343,2019-03-12 01:15:00+00:00,2019-03-12 03:00:00+00:00,1294.3915000000002,1297.0075000000006,0.01,7,2.61600000000044,0.36016221080565497,2.255837789194785,1.7246466278244692,0.0,2.6484999999997854,target,2019
1,251538,251542,2019-03-14 05:45:00+00:00,2019-03-14 06:45:00+00:00,1304.415,1303.23,0.01,4,-1.1849999999999454,0.37511150184275627,-1.5601115018427016,-1.316549790584619,1.7835000000000036,0.26350000000002183,stop,2019
1,251632,251663,2019-03-15 06:15:00+00:00,2019-03-15 14:00:00+00:00,1301.0684999999999,1304.9584999999997,0.01,31,3.8899999999998727,0.36747633907018457,3.522523660929688,1.811066149578305,0.8299999999999272,4.66800000000012,target,2019
1,251726,251800,2019-03-18 06:45:00+00:00,2019-03-19 02:15:00+00:00,1301.9685,1307.0454999999997,0.01,74,5.076999999999771,0.3561870021835081,4.720812997816263,1.8596860341999117,0.875,5.541500000000042,target,2019
1,251931,251932,2019-03-20 12:00:00+00:00,2019-03-20 12:15:00+00:00,1305.0014999999999,1307.0374999999995,0.01,1,2.0359999999996035,0.34156044749024495,1.6944395525093585,1.6644789317383974,0.0,2.2450000000001182,target,2019
1,252033,252034,2019-03-21 14:30:00+00:00,2019-03-21 14:45:00+00:00,1312.2350000000001,1310.5115,0.01,1,-1.7235000000000582,0.3477086028827571,-2.071208602882815,-1.2017456355571483,2.9885000000001583,0.0,stop,2019
1,252103,252187,2019-03-22 09:00:00+00:00,2019-03-25 07:00:00+00:00,1311.9965,1317.0224999999998,0.01,84,5.02599999999984,0.3554068644326141,4.670593135567226,1.8585726763101373,2.220500000000129,5.259999999999991,target,2019
-1,252281,252283,2019-03-26 07:30:00+00:00,2019-03-26 08:00:00+00:00,1316.385,1317.7849999999999,0.01,2,-1.3999999999998636,0.3746268515551548,-1.7746268515550183,-1.267590608253708,1.4349999999999454,0.64650000000006,stop,2019
-1,252343,252344,2019-03-27 00:00:00+00:00,2019-03-27 00:15:00+00:00,1316.2965,1317.3400000000001,0.01,1,-1.043500000000222,0.38266900111646746,-1.4261690011166894,-1.3667168194694643,1.4700000000000273,0.0,stop,2019
-1,252581,252584,2019-03-29 13:30:00+00:00,2019-03-29 14:15:00+00:00,1298.5214999999998,1295.8274999999994,0.01,3,2.6940000000004147,0.3585386274055093,2.3354613725949056,1.7338243300627663,1.0985000000000582,3.099999999999909,target,2019
-1,252676,252876,2019-04-01 14:15:00+00:00,2019-04-03 18:15:00+00:00,1291.5285,1290.3384999999998,0.01,200,1.1900000000000546,0.37379396120071706,0.8162060387993375,0.21164424706322235,3.1130000000002838,6.20699999999988,time_stop,2019
1,252966,252972,2019-04-04 17:45:00+00:00,2019-04-04 19:15:00+00:00,1291.2235,1293.4175,0.01,6,2.19399999999996,0.3689454612840815,1.8250545387158785,1.6636777928130464,0.30349999999998545,3.25649999999996,target,2019
1,253039,253130,2019-04-05 13:00:00+00:00,2019-04-08 12:45:00+00:00,1291.01,1303.4330000000002,0.01,91,12.42300000000023,0.3600798226632011,12.062920177337029,1.942030133999325,2.6400000000001,12.77150000000006,target,2019
-1,253397,253400,2019-04-11 10:30:00+00:00,2019-04-11 11:15:00+00:00,1304.2015000000001,1302.0345000000007,0.01,3,2.1669999999994616,0.3569271717809343,1.8100728282185272,1.6705794445952717,0.931999999999789,3.3730000000000473,target,2019
-1,253853,253865,2019-04-18 09:30:00+00:00,2019-04-18 12:30:00+00:00,1276.2849999999999,1273.4419999999996,0.01,12,2.843000000000302,0.3894241295263056,2.4535758704739963,1.7260470421904577,0.7515000000000782,3.4899999999997817,target,2019
-1,253910,253913,2019-04-22 00:45:00+00:00,2019-04-22 01:30:00+00:00,1275.9135,1276.9450000000002,0.01,3,-1.031500000000051,0.3671422766764208,-1.3986422766764717,-1.3559304669669439,1.3414999999999964,0.21000000000003638,stop,2019
1,254138,254140,2019-04-24 11:45:00+00:00,2019-04-24 12:15:00+00:00,1273.4185,1272.2285000000002,0.01,2,-1.1899999999998272,0.34792976582374946,-1.5379297658235767,-1.2923779544737815,2.5269999999998163,0.6549999999999727,stop,2019
1,254326,254526,2019-04-26 12:45:00+00:00,2019-04-30 16:45:00+00:00,1282.5965,1283.3365,0.01,200,0.7399999999997817,0.3945521138395132,0.3454478861602685,0.04166289406744947,4.460000000000036,6.154999999999745,time_stop,2019
1,254590,254599,2019-05-01 09:45:00+00:00,2019-05-01 12:00:00+00:00,1282.545,1281.5435,0.01,9,-1.0015000000000782,0.3577180723981746,-1.3592180723982528,-1.357182298949722,1.11850000000004,0.35349999999994,stop,2019
1,254786,254986,2019-05-03 12:45:00+00:00,2019-05-07 16:45:00+00:00,1275.4965,1284.425,0.01,200,8.928499999999985,0.37751246128646015,8.550987538713525,1.2283254382982667,0.1349999999999909,10.36850000000004,time_stop,2019
1,255128,255151,2019-05-09 06:15:00+00:00,2019-05-09 12:00:00+00:00,1283.5065,1281.95,0.01,23,-1.5564999999999145,0.35667991102871205,-1.9131799110286265,-1.2291550986371549,2.467999999999847,2.1635000000001128,stop,2019
1,255199,255245,2019-05-10 01:00:00+00:00,2019-05-10 12:30:00+00:00,1284.6064999999999,1287.4194999999995,0.01,46,2.812999999999647,0.3881683447140589,2.424831655285588,1.7240182405160984,1.2480000000000473,4.035000000000309,target,2019
-1,255295,255314,2019-05-13 02:00:00+00:00,2019-05-13 06:45:00+00:00,1285.04,1282.8850000000002,0.01,19,2.1549999999997453,0.3591115467160366,1.7958884532837087,1.6667178220732446,0.07999999999992724,2.431500000000142,target,2019
-1,255498,255500,2019-05-15 06:45:00+00:00,2019-05-15 07:15:00+00:00,1293.1750000000002,1295.0349999999999,0.01,2,-1.8599999999996726,0.3893778460832787,-2.249377846082951,-1.2093429280017995,1.9099999999998545,0.0,stop,2019
1,255568,255569,2019-05-16 01:15:00+00:00,2019-05-16 01:30:00+00:00,1297.17,1295.6565,0.01,1,-1.513500000000022,0.3615069437739122,-1.8750069437739343,-1.2388549347696776,1.5165000000001783,0.0,stop,2019
1,255979,255983,2019-05-22 12:00:00+00:00,2019-05-22 13:00:00+00:00,1276.59,1275.1185,0.01,4,-1.4714999999998781,0.34104107163992065,-1.8125410716397987,-1.2317642348895337,1.6734999999998763,0.7915000000000418,stop,2019
-1,256051,256052,2019-05-23 07:00:00+00:00,2019-05-23 07:15:00+00:00,1274.0785,1275.2015000000001,0.01,1,-1.1230000000000473,0.3513720570639705,-1.4743720570640177,-1.3128869608761848,1.3479999999999563,0.0,stop,2019
-1,256311,256312,2019-05-28 07:00:00+00:00,2019-05-28 07:15:00+00:00,1282.8065,1284.0149999999999,0.01,1,-1.2084999999999582,0.35561328188408364,-1.5641132818840418,-1.294260059482082,1.5299999999999727,0.0,stop,2019
1,256401,256432,2019-05-29 06:30:00+00:00,2019-05-29 14:15:00+00:00,1283.5165,1281.1,0.01,31,-2.416500000000042,0.3695208721209848,-2.7860208721210267,-1.1529157343765688,3.126500000000078,2.091999999999871,stop,2019
1,256518,256527,2019-05-30 12:45:00+00:00,2019-05-30 15:00:00+00:00,1281.2815,1284.7745000000004,0.01,9,3.493000000000393,0.3624771943038087,3.130522805696584,1.7924550848532677,1.2850000000000819,8.013500000000022,target,2019
-1,257045,257047,2019-06-07 06:30:00+00:00,2019-06-07 07:00:00+00:00,1331.1235,1332.34,0.01,2,-1.2164999999999964,0.3542728928532533,-1.5707728928532496,-1.2912230931798228,2.4780000000000655,0.5434999999999945,stop,2019
-1,257104,257112,2019-06-09 22:15:00+00:00,2019-06-10 00:15:00+00:00,1333.8885,1337.0749999999998,0.01,8,-3.1864999999997963,0.3725439821937164,-3.5590439821935127,-1.1169132220912412,3.714999999999918,0.2984999999998763,stop,2019
-1,257116,257233,2019-06-10 01:15:00+00:00,2019-06-11 07:30:00+00:00,1331.9015,1324.5545000000002,0.01,117,7.346999999999753,0.3544015037935601,6.992598496206193,1.9035248390380912,0.0,8.545000000000073,target,2019
-1,257272,257302,2019-06-11 17:15:00+00:00,2019-06-12 01:45:00+00:00,1326.9885,1328.8785,0.01,30,-1.8900000000001,0.3616405739037735,-2.2516405739038734,-1.1913442189966954,1.9414999999999054,0.9034999999998945,stop,2019
1,257302,257305,2019-06-12 01:45:00+00:00,2019-06-12 02:30:00+00:00,1328.7965,1331.5524999999998,0.01,3,2.755999999999858,0.36141570775156046,2.3945842922482976,1.7377244501077074,0.09499999999979991,3.382000000000062,target,2019
-1,257549,257585,2019-06-14 17:30:00+00:00,2019-06-17 03:30:00+00:00,1339.725,1342.9535,0.01,36,-3.2285000000001673,0.36212300363408084,-3.5906230036342484,-1.112164473790944,3.9085000000000036,3.481499999999869,stop,2019
-1,257586,257594,2019-06-17 03:45:00+00:00,2019-06-17 05:45:00+00:00,1342.0115,1338.7675000000004,0.01,8,3.2439999999996876,0.36971277051277746,2.87428722948691,1.772063643333654,0.3650000000000091,3.4850000000001273,target,2019
1,257669,257686,2019-06-18 01:30:00+00:00,2019-06-18 05:45:00+00:00,1341.025,1344.4520000000002,0.01,17,3.4270000000001346,0.3581093715741846,3.06889062842595,1.7910070781592236,0.4250000000001819,4.983499999999822,target,2019
-1,257785,257805,2019-06-19 07:30:00+00:00,2019-06-19 12:30:00+00:00,1343.4715,1345.5115,0.01,20,-2.0399999999999636,0.3692927759604812,-2.409292775960445,-1.1810258705688665,2.093499999999949,2.111499999999978,stop,2019
1,258193,258223,2019-06-25 17:30:00+00:00,2019-06-26 02:00:00+00:00,1421.6715,1411.9850000000001,0.01,30,-9.686499999999796,0.40389715090231015,-10.090397150902106,-1.0416969133229048,10.656500000000051,4.168500000000222,stop,2019
1,258278,258283,2019-06-26 15:45:00+00:00,2019-06-26 17:00:00+00:00,1413.7984999999999,1410.6264999999999,0.01,5,-3.1720000000000255,0.35791176861024376,-3.529911768610269,-1.1128347315921314,3.5019999999999527,1.3350000000000364,stop,2019
-1,258309,258315,2019-06-27 00:30:00+00:00,2019-06-27 02:00:00+00:00,1410.105,1405.875,0.01,6,4.230000000000018,0.42251361371964385,3.8074863862803743,1.8002299698725097,1.224999999999909,4.619999999999891,target,2019
1,258427,258451,2019-06-28 07:00:00+00:00,2019-06-28 13:00:00+00:00,1413.1465,1410.5484999999999,0.01,24,-2.5980000000001837,0.3856567020171091,-2.983656702017293,-1.148443688228284,3.0615000000000236,2.921999999999798,stop,2019
-1,258639,258642,2019-07-02 14:00:00+00:00,2019-07-02 14:45:00+00:00,1391.9250000000002,1394.8965,0.01,3,-2.971499999999878,0.35145329703503425,-3.3229532970349123,-1.118274708744758,3.6249999999997726,1.1900000000000546,stop,2019
1,258796,258798,2019-07-04 07:15:00+00:00,2019-07-04 07:45:00+00:00,1414.5135,1413.3085,0.01,2,-1.2049999999999272,0.3857637211387071,-1.5907637211386343,-1.3201358681649213,4.23700000000008,0.24649999999996908,stop,2019
1,258854,258873,2019-07-05 01:15:00+00:00,2019-07-05 06:00:00+00:00,1418.0965,1414.5935,0.01,19,-3.503000000000157,0.4065597440178123,-3.9095597440179692,-1.11606044647953,5.806500000000142,1.9085000000000036,stop,2019
-1,258974,258989,2019-07-08 08:15:00+00:00,2019-07-08 12:00:00+00:00,1405.5,1406.8449999999998,0.01,15,-1.3449999999998,0.38370317343186405,-1.728703173431664,-1.2852811698378597,1.6684999999999945,2.031500000000051,stop,2019
-1,259118,259125,2019-07-09 22:15:00+00:00,2019-07-10 00:00:00+00:00,1396.7435,1393.9805000000001,0.01,7,2.76299999999992,0.41416385117025717,2.3488361488296627,1.7002071290841339,0.10500000000001819,3.009999999999991,target,2019
1,259164,259166,2019-07-10 09:45:00+00:00,2019-07-10 10:15:00+00:00,1396.6915,1395.3435,0.01,2,-1.3479999999999563,0.37125752045046084,-1.7192575204504172,-1.2754135908386297,1.5679999999999836,0.0,stop,2019
-1,259276,259382,2019-07-11 14:45:00+00:00,2019-07-12 18:15:00+00:00,1408.9650000000001,1414.71,0.01,106,-5.744999999999891,0.38627740289493123,-6.131277402894822,-1.067237145847683,6.641499999999951,8.045000000000073,stop,2019
1,259415,259422,2019-07-15 03:30:00+00:00,2019-07-15 05:15:00+00:00,1411.4885,1410.385,0.01,7,-1.10349999999994,0.3986178401821943,-1.5021178401821342,-1.3612304849861494,1.3084999999998672,0.9565000000002328,stop,2019
1,259499,259513,2019-07-16 01:30:00+00:00,2019-07-16 05:00:00+00:00,1412.6515,1414.6644999999999,0.01,14,2.01299999999992,0.3774980121166347,1.6355019878832853,1.6249398786719824,0.038000000000010914,2.4320000000000164,target,2019
1,259639,259644,2019-07-17 13:30:00+00:00,2019-07-17 14:45:00+00:00,1411.1950000000002,1417.9380000000006,0.01,5,6.743000000000393,0.36915909777572115,6.373840902224671,1.890505977228029,1.2535000000002583,8.116499999999633,target,2019
1,259729,259736,2019-07-18 13:00:00+00:00,2019-07-18 14:45:00+00:00,1418.4515000000001,1423.4845000000005,0.01,7,5.0330000000003565,0.38274710924430017,4.6502528907560565,1.8479049834117731,2.192500000000109,5.464999999999918,target,2019
-1,259828,260028,2019-07-19 14:45:00+00:00,2019-07-23 18:45:00+00:00,1426.9335,1419.48,0.01,200,7.453500000000076,0.3689807821135535,7.084519217886523,0.917683836513822,4.099999999999909,12.64850000000024,time_stop,2019
1,260072,260080,2019-07-24 06:45:00+00:00,2019-07-24 08:45:00+00:00,1422.2514999999999,1425.5244999999995,0.01,8,3.272999999999684,0.3580611264867712,2.914938873512913,1.7812031002219337,1.4479999999998654,3.818500000000313,target,2019
1,260141,260142,2019-07-25 01:00:00+00:00,2019-07-25 01:15:00+00:00,1423.8885,1422.66,0.01,1,-1.22849999999994,0.3881850296822125,-1.6166850296821524,-1.3159829301442665,2.0434999999999945,0.0,stop,2019
1,260277,260278,2019-07-26 12:00:00+00:00,2019-07-26 12:15:00+00:00,1420.8775,1419.8135,0.01,1,-1.0640000000000782,0.3617127140695409,-1.425712714069619,-1.3399555583360097,2.9225000000001273,0.0,stop,2019
1,260314,260345,2019-07-28 22:15:00+00:00,2019-07-29 06:00:00+00:00,1420.9650000000001,1418.46,0.01,31,-2.505000000000109,0.42276577487939365,-2.9277657748795027,-1.1687687724069362,3.415000000000191,3.376499999999851,stop,2019
-1,260364,260365,2019-07-29 10:45:00+00:00,2019-07-29 11:00:00+00:00,1419.135,1420.2150000000001,0.01,1,-1.0800000000001546,0.3831442852941381,-1.4631442852942926,-1.354763227124151,1.6784999999999854,0.0,stop,2019
1,260564,260565,2019-07-31 14:45:00+00:00,2019-07-31 15:00:00+00:00,1428.6135,1427.47,0.01,1,-1.1434999999999036,0.35365275041048394,-1.4971527504103874,-1.3092721910017608,1.1834999999998672,0.125,stop,2019
1,260659,260667,2019-08-01 15:30:00+00:00,2019-08-01 17:30:00+00:00,1417.56,1425.35,0.01,8,7.789999999999964,0.3846098789003162,7.405390121099647,1.9012554868035128,3.5399999999999636,16.309999999999945,target,2019
1,261200,261203,2019-08-09 12:45:00+00:00,2019-08-09 13:30:00+00:00,1499.69,1495.7350000000001,0.01,3,-3.9549999999999272,0.379131935853876,-4.3341319358538035,-1.0958614249946608,4.833499999999958,0.1514999999999418,stop,2019
-1,261235,261238,2019-08-11 22:30:00+00:00,2019-08-11 23:15:00+00:00,1496.6635,1498.105,0.01,3,-1.4414999999999054,0.4626993231330824,-1.9041993231329877,-1.3209846154235954,1.6914999999999054,0.4619999999999891,stop,2019
-1,261246,261268,2019-08-12 01:15:00+00:00,2019-08-12 06:45:00+00:00,1496.01,1490.7500000000002,0.01,22,5.2599999999997635,0.392589594939056,4.867410405060707,1.850726389757006,1.6485000000000127,6.218500000000176,target,2019
1,261466,261472,2019-08-14 10:15:00+00:00,2019-08-14 11:45:00+00:00,1506.1515,1516.4174999999996,0.01,6,10.265999999999622,0.3827273317849427,9.883272668214678,1.9254378858786367,0.0014999999998508429,12.231999999999971,target,2019
1,261545,261548,2019-08-15 07:00:00+00:00,2019-08-15 07:45:00+00:00,1514.635,1510.4835,0.01,3,-4.151499999999942,0.3679119687141073,-4.519411968714049,-1.0886214545860804,4.384999999999991,0.29500000000007276,stop,2019
-1,261635,261645,2019-08-16 06:30:00+00:00,2019-08-16 09:00:00+00:00,1514.7485000000001,1507.3585000000003,0.01,10,7.389999999999873,0.39075252519089837,6.999247474808974,1.894248301707468,2.092999999999847,9.042000000000144,target,2019
-1,261842,261845,2019-08-20 12:15:00+00:00,2019-08-20 13:00:00+00:00,1503.1399999999999,1505.7849999999999,0.01,3,-2.644999999999982,0.3691349730683993,-3.0141349730683813,-1.139559536131721,2.9549999999999272,1.61649999999986,stop,2019
1,261891,261896,2019-08-21 01:30:00+00:00,2019-08-21 02:45:00+00:00,1505.67,1504.1965,0.01,5,-1.4735000000000582,0.3792523308336326,-1.8527523308336908,-1.2573819686688956,2.406500000000051,0.0,stop,2019
-1,261986,261993,2019-08-22 02:15:00+00:00,2019-08-22 04:00:00+00:00,1502.6265,1500.5365000000004,0.01,7,2.0899999999996908,0.3551379745333678,1.734862025466323,1.6601550482933776,0.0,2.136500000000069,target,2019
1,262402,262455,2019-08-28 14:15:00+00:00,2019-08-29 04:30:00+00:00,1537.9785000000002,1544.0725000000002,0.01,53,6.094000000000051,0.381505596578621,5.71249440342143,1.8747930434595939,2.1700000000000728,6.161499999999705,target,2019
-1,262475,262477,2019-08-29 09:30:00+00:00,2019-08-29 10:00:00+00:00,1536.8135,1539.4085,0.01,2,-2.5950000000000273,0.3852155352816445,-2.9802155352816717,-1.1484452929794375,3.3350000000000364,0.0,stop,2019
-1,262591,262598,2019-08-30 15:30:00+00:00,2019-08-30 17:15:00+00:00,1528.74,1520.4729999999997,0.01,7,8.26700000000028,0.40680812992739473,7.860191870072885,1.9015826466850414,0.08000000000015461,8.769500000000107,target,2019
1,262615,262616,2019-09-01 22:30:00+00:00,2019-09-01 22:45:00+00:00,1530.935,1529.49,0.01,1,-1.4449999999999363,0.4560416956038089,-1.9010416956037453,-1.3155997893452105,1.7950000000000728,0.0,stop,2019
-1,262625,262626,2019-09-02 01:00:00+00:00,2019-09-02 01:15:00+00:00,1528.3065,1524.9894999999995,0.01,1,3.317000000000462,0.39757372159300514,2.9194262784074567,1.76028114465303,0.0,4.892999999999802,target,2019
1,262730,262740,2019-09-03 07:15:00+00:00,2019-09-03 09:45:00+00:00,1528.8899999999999,1533.2229999999995,0.01,10,4.332999999999629,0.3712727011066911,3.9617272988929377,1.8286301864266221,1.9434999999998581,5.058500000000095,target,2019
1,262825,262828,2019-09-04 08:00:00+00:00,2019-09-04 08:45:00+00:00,1536.64,1539.1130000000005,0.01,3,2.473000000000411,0.38175592405535586,2.0912440759450552,1.6912608782407663,0.3265000000001237,2.623499999999922,target,2019
-1,262918,262919,2019-09-05 08:15:00+00:00,2019-09-05 08:30:00+00:00,1541.2085000000002,1543.6185,0.01,1,-2.4099999999998545,0.3751083699099432,-2.7851083699097976,-1.155646626518658,2.4364999999997963,0.0,stop,2019
1,263032,263033,2019-09-06 13:45:00+00:00,2019-09-06 14:00:00+00:00,1527.9315000000001,1522.3335,0.01,1,-5.598000000000184,0.3978722344642555,-5.995872234464439,-1.071073996867496,9.771500000000287,0.0,stop,2019
-1,263317,263323,2019-09-11 16:00:00+00:00,2019-09-11 17:30:00+00:00,1494.5115,1496.115,0.01,6,-1.60349999999994,0.3757988332302297,-1.9792988332301698,-1.234361604758493,2.10349999999994,2.751500000000078,stop,2019
1,263367,263372,2019-09-12 05:30:00+00:00,2019-09-12 06:45:00+00:00,1497.0900000000001,1500.4700000000003,0.01,5,3.380000000000109,0.39114063294517715,2.988859367054932,1.7685558384939855,1.548500000000331,5.244999999999891,target,2019
-1,263439,263443,2019-09-13 00:30:00+00:00,2019-09-13 01:30:00+00:00,1498.9315000000001,1495.8475000000003,0.01,4,3.0839999999998327,0.39332884211637514,2.6906711578834575,1.7449229298856053,0.1269999999999527,3.3050000000000637,target,2019
-1,263564,263565,2019-09-16 08:45:00+00:00,2019-09-16 09:00:00+00:00,1500.2185,1502.745,0.01,1,-2.526499999999942,0.4114572300517129,-2.9379572300516545,-1.1628566119341865,3.941500000000133,0.0,stop,2019
1,263667,263673,2019-09-17 11:30:00+00:00,2019-09-17 13:00:00+00:00,1501.0414999999998,1505.314499999999,0.01,6,4.272999999999229,0.36645222122033033,3.9065477787788985,1.828480121123147,0.9899999999997817,4.538500000000113,target,2019
1,263720,263756,2019-09-18 01:45:00+00:00,2019-09-18 10:45:00+00:00,1502.3490000000002,1500.6335,0.01,36,-1.7155000000002474,0.3563233595579083,-2.071823359558156,-1.2077081664575093,2.769000000000233,1.2324999999998454,stop,2019
-1,263843,263849,2019-09-19 09:30:00+00:00,2019-09-19 11:00:00+00:00,1497.7085000000002,1499.085,0.01,6,-1.3764999999998508,0.3608711764444489,-1.7373711764442996,-1.262165765669806,2.13149999999996,1.9370000000003529,stop,2019
-1,263900,263901,2019-09-20 00:45:00+00:00,2019-09-20 01:00:00+00:00,1498.4975,1500.1999999999998,0.01,1,-1.702499999999873,0.38550897767323405,-2.088008977673107,-1.2264369912911968,2.9375,0.0,stop,2019
1,264137,264141,2019-09-24 14:00:00+00:00,2019-09-24 15:00:00+00:00,1518.665,1524.6179999999995,0.01,4,5.95299999999952,0.3776802913886577,5.575319708610862,1.8731126183810891,0.0,6.841499999999996,target,2019
-1,264232,264237,2019-09-25 14:45:00+00:00,2019-09-25 16:00:00+00:00,1519.155,1506.715,0.01,5,12.440000000000055,0.38270914077738394,12.05729085922267,1.938471199231932,0.5585000000000946,18.62149999999997,target,2019
1,264600,264651,2019-10-01 14:45:00+00:00,2019-10-02 04:30:00+00:00,1481.9850000000001,1476.475,0.01,51,-5.510000000000218,0.3926249777116178,-5.902624977711836,-1.0712568017625412,6.063500000000204,5.309999999999945,stop,2019
1,264663,264666,2019-10-02 07:30:00+00:00,2019-10-02 08:15:00+00:00,1483.085,1479.1550000000002,0.01,3,-3.9299999999998363,0.3643173274505975,-4.294317327450433,-1.0927016100383238,4.3315000000000055,0.0,stop,2019
-1,264871,264872,2019-10-04 13:30:00+00:00,2019-10-04 13:45:00+00:00,1499.92,1502.0549999999998,0.01,1,-2.1349999999997635,0.3976421082726895,-2.532642108272453,-1.1862492310410928,3.7334999999998217,1.0515000000000327,stop,2019
-1,264969,264971,2019-10-07 15:00:00+00:00,2019-10-07 15:30:00+00:00,1502.4115000000002,1498.9845000000005,0.01,2,3.4269999999996794,0.35028493205765504,3.0767150679420245,1.795573427453932,0.10849999999982174,3.645000000000209,target,2019
1,265036,265041,2019-10-08 08:45:00+00:00,2019-10-08 10:00:00+00:00,1499.0965,1502.3195,0.01,5,3.2229999999999563,0.360214621263987,2.8627853787359694,1.7764724658616247,0.9300000000000637,4.798499999999876,target,2019
-1,265138,265141,2019-10-09 11:15:00+00:00,2019-10-09 12:00:00+00:00,1501.62,1503.0365,0.01,3,-1.4165000000000418,0.36173992147409334,-1.7782399214741351,-1.2553758711430163,3.7285000000001673,1.2284999999997126,stop,2019
1,265213,265235,2019-10-10 07:00:00+00:00,2019-10-10 12:30:00+00:00,1507.4115000000002,1505.2635,0.01,22,-2.1480000000001382,0.38809591290669954,-2.5360959129068377,-1.1806777993047832,6.350000000000364,3.96349999999984,stop,2019
1,265306,265311,2019-10-11 07:15:00+00:00,2019-10-11 08:30:00+00:00,1501.3564999999999,1498.82,0.01,5,-2.5364999999999327,0.3702910790221439,-2.9067910790220766,-1.1459850498806046,3.587999999999738,1.8900000000001,stop,2019
-1,265420,265423,2019-10-14 12:45:00+00:00,2019-10-14 13:30:00+00:00,1490.9085,1493.1084999999998,0.01,3,-2.199999999999818,0.36039617074134384,-2.560396170741162,-1.163816441246079,3.3379999999999654,2.1334999999999127,stop,2019
1,265463,265484,2019-10-15 00:30:00+00:00,2019-10-15 05:45:00+00:00,1493.0585,1491.3915000000002,0.01,21,-1.6669999999999165,0.3797448264059077,-2.046744826405824,-1.2278013355764406,1.8670000000001892,2.4549999999999272,stop,2019
1,265604,265804,2019-10-16 12:45:00+00:00,2019-10-18 16:45:00+00:00,1487.6965,1491.185,0.01,200,3.4884999999999313,0.3787746176810543,3.109725382318877,0.3634342759678403,5.3465000000001055,9.75,time_stop,2019
1,265807,265833,2019-10-18 17:30:00+00:00,2019-10-21 01:00:00+00:00,1491.3315,1489.6435000000001,0.01,26,-1.6879999999998747,0.3833936090179274,-2.071393609017802,-1.2271289152949976,2.1065000000000964,1.0384999999998854,stop,2019
1,265852,265858,2019-10-21 05:45:00+00:00,2019-10-21 07:15:00+00:00,1492.2,1490.2764999999997,0.01,6,-1.9235000000003313,0.3562811328457141,-2.2797811328460456,-1.1852254394830533,2.839999999999918,1.7949999999998454,stop,2019
1,265954,265957,2019-10-22 08:15:00+00:00,2019-10-22 09:00:00+00:00,1488.67,1487.3715000000002,0.01,3,-1.2984999999998763,0.34764228294863464,-1.646142282948511,-1.2677260554090626,1.7835000000000036,0.32150000000001455,stop,2019
1,266132,266134,2019-10-24 06:45:00+00:00,2019-10-24 07:15:00+00:00,1492.295,1490.5365,0.01,2,-1.75850000000014,0.36629712402042003,-2.12479712402056,-1.2083008950926306,4.235000000000127,0.4034999999998945,stop,2019
-1,266339,266340,2019-10-28 12:30:00+00:00,2019-10-28 12:45:00+00:00,1502.1325000000002,1497.9675000000002,0.01,1,4.164999999999964,0.3616381329108542,3.8033618670891096,1.8263442338963471,0.0,4.276000000000295,target,2019
-1,266526,266527,2019-10-30 13:15:00+00:00,2019-10-30 13:30:00+00:00,1490.3465,1492.6635,0.01,1,-2.3170000000000073,0.3510713812105883,-2.6680713812105954,-1.1515198019898951,3.263500000000022,0.0,stop,2019
1,266804,266807,2019-11-04 14:45:00+00:00,2019-11-04 15:30:00+00:00,1511.185,1508.6785,0.01,3,-2.50649999999996,0.3347063464125211,-2.841206346412481,-1.133535346663685,2.956499999999778,0.9065000000000509,stop,2019
1,267376,267377,2019-11-12 19:45:00+00:00,2019-11-12 20:00:00+00:00,1459.5665,1457.8865,0.01,1,-1.6799999999998365,0.3714817564277841,-2.0514817564276204,-1.2211200931117976,1.949999999999818,0.0,stop,2019
-1,267423,267424,2019-11-13 08:30:00+00:00,2019-11-13 08:45:00+00:00,1458.6550000000002,1460.545,0.01,1,-1.8899999999998727,0.3404405216072713,-2.230440521607144,-1.1801272601096795,2.6149999999997817,0.0,stop,2019
1,267489,267497,2019-11-14 02:00:00+00:00,2019-11-14 04:00:00+00:00,1462.3465,1464.7165,0.01,8,2.369999999999891,0.35181215014185785,2.018187849858033,1.7031121095849164,0.5865000000001146,2.8649999999997817,target,2019
-1,267596,267605,2019-11-15 05:45:00+00:00,2019-11-15 08:00:00+00:00,1464.135,1466.316,0.01,9,-2.18100000000004,0.3411680036184451,-2.5221680036184853,-1.1564273285733329,2.3150000000000546,0.9249999999999545,stop,2019
-1,267673,267675,2019-11-18 02:00:00+00:00,2019-11-18 02:30:00+00:00,1465.4765,1466.495,0.01,2,-1.0184999999999036,0.3733621941058705,-1.391862194105774,-1.3665804556759016,1.2035000000000764,0.0,stop,2019
1,267792,267793,2019-11-19 08:45:00+00:00,2019-11-19 09:00:00+00:00,1469.3285,1467.5165,0.01,1,-1.8120000000001257,0.3315395044460462,-2.143539504446172,-1.1829688214382026,2.0734999999999673,0.0,stop,2019
-1,267904,267905,2019-11-20 13:45:00+00:00,2019-11-20 14:00:00+00:00,1470.49,1471.9135,0.01,1,-1.4235000000001037,0.34198447669322324,-1.7654844766933269,-1.2402419927595352,2.1334999999999127,0.08000000000015461,stop,2019
1,267952,267955,2019-11-21 02:45:00+00:00,2019-11-21 03:30:00+00:00,1472.9465,1471.7385,0.01,3,-1.2080000000000837,0.34120546594152007,-1.5492054659416037,-1.2824548559118347,1.5230000000001382,0.0,stop,2019
1,268070,268092,2019-11-22 09:15:00+00:00,2019-11-22 14:45:00+00:00,1470.5265,1467.0265,0.01,22,-3.5000000000000004,0.35161776989312493,-3.8516177698931253,-1.1004622199694643,5.188000000000102,2.7735000000000127,stop,2019
1,268280,268361,2019-11-26 15:45:00+00:00,2019-11-27 13:00:00+00:00,1459.9015,1457.2185,0.01,81,-2.6829999999999927,0.3360716509932336,-3.0190716509932263,-1.1252596537432853,3.6914999999999054,3.099999999999909,stop,2019
-1,268405,268449,2019-11-28 01:00:00+00:00,2019-11-28 12:00:00+00:00,1457.3465,1455.3365000000003,0.01,44,2.0099999999997635,0.33608991050632975,1.6739100894934338,1.6655821786006275,0.9884999999999309,2.0579999999999927,target,2019
-1,268514,268537,2019-11-29 09:00:00+00:00,2019-11-29 14:45:00+00:00,1456.1815000000001,1457.8815,0.01,23,-1.6999999999998179,0.3389549302386274,-2.0389549302384453,-1.199385253081567,1.83199999999988,3.0280000000002474,stop,2019
1,268589,268591,2019-12-02 07:30:00+00:00,2019-12-02 08:00:00+00:00,1459.71,1458.3584999999998,0.01,2,-1.3515000000002146,0.34418698966342703,-1.6956869896636417,-1.2546703586114483,3.7200000000000273,0.2784999999998945,stop,2019
1,268807,268833,2019-12-04 16:00:00+00:00,2019-12-04 23:30:00+00:00,1473.0835,1475.5674999999999,0.01,26,2.4839999999999236,0.35852805462316767,2.125471945376756,1.7113300687414021,0.6949999999999363,2.77150000000006,target,2019
1,268875,268877,2019-12-05 10:00:00+00:00,2019-12-05 10:30:00+00:00,1474.6335,1473.5305,0.01,2,-1.102999999999838,0.33080536515768927,-1.4338053651575273,-1.2999142023188919,1.3934999999999036,0.34500000000025466,stop,2019
1,268963,268964,2019-12-06 09:00:00+00:00,2019-12-06 09:15:00+00:00,1474.9335,1473.58,0.01,1,-1.3535000000001673,0.3397500633163159,-1.6932500633164833,-1.2510159315229212,1.3585000000002765,0.0,stop,2019
1,269147,269156,2019-12-10 09:00:00+00:00,2019-12-10 11:15:00+00:00,1464.505,1467.0720000000001,0.01,9,2.5670000000000073,0.34681902115772356,2.2201809788422837,1.7297865047466128,0.5900000000001455,2.599999999999909,target,2019
1,269233,269236,2019-12-11 07:30:00+00:00,2019-12-11 08:15:00+00:00,1464.9715,1463.7235,0.01,3,-1.2480000000000473,0.35529094317072646,-1.6032909431707738,-1.2846882557457637,2.2115000000001146,0.8184999999998581,stop,2019
-1,269355,269438,2019-12-12 15:00:00+00:00,2019-12-13 12:45:00+00:00,1468.2885,1475.275,0.01,83,-6.986499999999979,0.36873322185000906,-7.355233221849988,-1.0527779606169054,7.281499999999824,6.363499999999931,stop,2019
-1,269442,269445,2019-12-13 13:45:00+00:00,2019-12-13 14:30:00+00:00,1468.7134999999998,1473.645,0.01,3,-4.931500000000142,0.3753052010314835,-5.306805201031626,-1.0761036603531324,5.0715000000000146,0.974999999999909,stop,2019
1,269629,269631,2019-12-17 14:30:00+00:00,2019-12-17 15:00:00+00:00,1476.4115000000002,1475.2735,0.01,2,-1.1380000000001473,0.34381363275447746,-1.4818136327546247,-1.3021209426664613,1.2580000000002656,1.3449999999998,stop,2019
1,269712,269715,2019-12-18 12:15:00+00:00,2019-12-18 13:00:00+00:00,1477.0884999999998,1475.625,0.01,3,-1.46349999999984,0.3572616813999128,-1.8207616813997527,-1.24411457560639,4.210000000000036,0.0,stop,2019
1,269762,269786,2019-12-19 01:45:00+00:00,2019-12-19 07:45:00+00:00,1477.4085,1475.775,0.01,24,-1.6334999999999127,0.34689019576063246,-1.9803901957605452,-1.2123600831102852,1.6599999999998545,0.6179999999999382,stop,2019
-1,269912,269943,2019-12-20 16:15:00+00:00,2019-12-23 01:00:00+00:00,1477.1585,1479.5335,0.01,31,-2.375,0.3421363563641205,-2.7171363563641204,-1.1440574132059453,2.456499999999778,1.2469999999998436,stop,2019
1,270483,270531,2020-01-02 01:15:00+00:00,2020-01-02 13:15:00+00:00,1519.8049999999998,1524.9079999999994,0.01,48,5.102999999999611,0.35116904648839325,4.7518309535112175,1.86236760866611,1.331499999999778,5.550000000000182,target,2020
1,270765,270778,2020-01-07 02:45:00+00:00,2020-01-07 06:00:00+00:00,1560.29,1566.7330000000002,0.01,13,6.443000000000211,0.3621999228988352,6.080800077101376,1.887567927084022,2.224999999999909,7.4050000000002,target,2020
-1,270899,270901,2020-01-08 13:15:00+00:00,2020-01-08 13:45:00+00:00,1571.5185000000001,1575.5335,0.01,2,-4.014999999999873,0.38834961299589693,-4.403349612995769,-1.096724685677686,6.102999999999838,2.3850000000002183,stop,2020
-1,271085,271093,2020-01-10 13:45:00+00:00,2020-01-10 15:45:00+00:00,1548.8049999999998,1556.629,0.01,8,-7.82400000000007,0.3583916660449952,-8.182391666045065,-1.0458067057828466,10.671500000000151,0.9849999999999,stop,2020
-1,271146,271150,2020-01-13 06:00:00+00:00,2020-01-13 07:00:00+00:00,1555.0285,1552.4355,0.01,4,2.592999999999847,0.35972653976400853,2.233273460235839,1.7225402701395838,0.3380000000001928,2.8784999999998035,target,2020
1,271304,271312,2020-01-14 23:30:00+00:00,2020-01-15 01:30:00+00:00,1548.7314999999999,1546.9,0.01,8,-1.831499999999778,0.3776506767035004,-2.2091506767032785,-1.206197475677612,2.319999999999709,1.3634999999999309,stop,2020
1,271315,271316,2020-01-15 02:15:00+00:00,2020-01-15 02:30:00+00:00,1548.6615000000002,1551.4615000000003,0.01,1,2.800000000000182,0.35363051025133446,2.4463694897488475,1.7474067783919205,0.0,3.718499999999949,target,2020
1,271423,271434,2020-01-16 06:15:00+00:00,2020-01-16 09:00:00+00:00,1553.0385,1555.7155000000002,0.01,11,2.6770000000001346,0.3541528373816187,2.322847162618516,1.7354106556730662,1.1700000000000728,2.6879999999998745,target,2020
1,271497,271539,2020-01-17 01:45:00+00:00,2020-01-17 12:15:00+00:00,1553.435,1557.4849999999997,0.01,42,4.049999999999727,0.34949299359040714,3.70050700640932,1.8274108673627503,1.3784999999998035,5.785000000000082,target,2020
-1,271691,271693,2020-01-21 08:15:00+00:00,2020-01-21 08:45:00+00:00,1559.4735,1555.1905000000002,0.01,2,4.282999999999902,0.36108078620817424,3.9219192137917274,1.8313888460386725,0.6514999999999418,6.775000000000091,target,2020
1,271787,271797,2020-01-22 09:15:00+00:00,2020-01-22 11:45:00+00:00,1557.5515,1556.24,0.01,10,-1.3115000000000236,0.3345875584448646,-1.6460875584448882,-1.255118229847395,1.9149999999999636,1.7484999999999218,stop,2020
1,271855,271867,2020-01-23 03:15:00+00:00,2020-01-23 06:15:00+00:00,1557.94,1555.9115000000002,0.01,12,-2.0284999999998945,0.3641289756290693,-2.3926289756289636,-1.1795065199058852,2.4300000000000637,3.0299999999999727,stop,2020
-1,271969,271972,2020-01-24 08:45:00+00:00,2020-01-24 09:30:00+00:00,1557.7065,1559.855,0.01,3,-2.1485000000000127,0.3457127640090215,-2.4942127640090344,-1.1609088964435743,2.598499999999831,0.0,stop,2020
-1,272167,272187,2020-01-28 12:15:00+00:00,2020-01-28 17:15:00+00:00,1575.0014999999999,1567.2214999999992,0.01,20,7.780000000000655,0.35030912022722177,7.429690879773433,1.90994624158684,3.050000000000182,7.831499999999778,target,2020
-1,272256,272257,2020-01-29 11:30:00+00:00,2020-01-29 11:45:00+00:00,1571.0815,1572.3165,0.01,1,-1.2349999999999,0.36132413557592297,-1.5963241355758229,-1.2925701502639289,1.4085000000000036,0.0,stop,2020
1,272362,272372,2020-01-30 15:00:00+00:00,2020-01-30 17:30:00+00:00,1578.7015000000001,1585.3845000000001,0.01,10,6.682999999999993,0.3655438080263373,6.317456191973656,1.8906048756467642,0.7950000000000728,7.294999999999845,target,2020
1,272425,272431,2020-01-31 07:45:00+00:00,2020-01-31 09:15:00+00:00,1575.9050000000002,1578.6420000000007,0.01,6,2.737000000000535,0.36268718826506735,2.3743128117354675,1.7349746523456364,0.0,3.314999999999827,target,2020
1,272504,272507,2020-02-03 04:30:00+00:00,2020-02-03 05:15:00+00:00,1581.0149999999999,1579.6715,0.01,3,-1.343499999999949,0.36243665168341127,-1.7059366516833603,-1.2697704887855787,1.6189999999999145,0.2985000000001037,stop,2020
-1,272794,272796,2020-02-06 08:00:00+00:00,2020-02-06 08:30:00+00:00,1558.4015,1560.3065,0.01,2,-1.9049999999999727,0.3534840384553683,-2.258484038455341,-1.1855559256983585,2.3285000000000764,0.0,stop,2020
1,272881,272884,2020-02-07 06:45:00+00:00,2020-02-07 07:30:00+00:00,1564.3584999999998,1567.2754999999993,0.01,3,2.9169999999994616,0.32392818008783614,2.5930718199116254,1.777903201859516,1.3934999999996762,3.0080000000002656,target,2020
1,273044,273046,2020-02-11 01:30:00+00:00,2020-02-11 02:00:00+00:00,1571.7649999999999,1570.3285,0.01,2,-1.4364999999997963,0.3519432786289773,-1.7884432786287736,-1.2450005420320414,3.2799999999997453,0.0,stop,2020
1,273196,273207,2020-02-12 16:30:00+00:00,2020-02-12 19:15:00+00:00,1568.3415,1566.19,0.01,11,-2.151499999999942,0.34191448822195086,-2.4934144882218927,-1.1589191207166907,2.5779999999999745,2.1849999999999454,stop,2020
1,273950,273964,2020-02-25 02:00:00+00:00,2020-02-25 05:30:00+00:00,1655.7685000000001,1650.52,0.01,14,-5.248500000000149,0.3805815534837484,-5.629081553483897,-1.072512442313754,6.9770000000003165,2.7664999999997235,stop,2020
-1,274065,274067,2020-02-26 07:45:00+00:00,2020-02-26 08:15:00+00:00,1644.9565,1648.005,0.01,2,-3.0485000000001037,0.3644920560491514,-3.412992056049255,-1.119564394308394,3.946999999999889,1.0730000000000928,stop,2020
1,274130,274156,2020-02-27 01:00:00+00:00,2020-02-27 07:30:00+00:00,1646.7635,1643.8035,0.01,26,-2.9600000000000364,0.38623761703447074,-3.346237617034507,-1.1304856814305628,5.242500000000064,5.913000000000011,stop,2020
-1,274218,274221,2020-02-28 00:00:00+00:00,2020-02-28 00:45:00+00:00,1644.08,1646.685,0.01,3,-2.605000000000018,0.4089566075499414,-3.0139566075499595,-1.1569891007869246,2.7885000000001128,2.8849999999997635,stop,2020
-1,274450,274452,2020-03-03 12:00:00+00:00,2020-03-03 12:30:00+00:00,1602.4835,1604.5815,0.01,2,-2.0979999999999563,0.38146395240375575,-2.4794639524037123,-1.1818226655880666,2.9764999999999873,2.74350000000004,stop,2020
1,274742,274766,2020-03-06 16:00:00+00:00,2020-03-08 22:00:00+00:00,1664.3515000000002,1693.3745000000004,0.01,24,29.02300000000014,0.8038412243724975,28.21915877562764,1.9446066068723087,6.05150000000026,36.55849999999964,target,2020
-1,274792,274803,2020-03-09 04:30:00+00:00,2020-03-09 07:15:00+00:00,1666.851,1679.19,0.01,11,-12.338999999999942,0.5473975486908031,-12.886397548690745,-1.0443632019362028,16.015499999999975,9.291000000000167,stop,2020
-1,274874,274883,2020-03-10 02:00:00+00:00,2020-03-10 04:15:00+00:00,1669.44,1665.3400000000001,0.01,9,4.099999999999909,0.4006189067479256,3.6993810932519833,1.804576143049788,1.3285000000000764,4.366500000000087,target,2020
1,274977,274982,2020-03-11 04:45:00+00:00,2020-03-11 06:00:00+00:00,1664.3315,1660.155,0.01,5,-4.176500000000033,0.42506652736153666,-4.60156652736157,-1.101775775736031,4.238000000000056,1.11200000000008,stop,2020
1,275386,275441,2020-03-17 15:00:00+00:00,2020-03-18 05:45:00+00:00,1538.4450000000002,1516.88,0.01,55,-21.565000000000055,0.549680122092203,-22.114680122092256,-1.0254894561600836,26.565000000000055,11.269999999999754,stop,2020
-1,275467,275469,2020-03-18 12:15:00+00:00,2020-03-18 12:45:00+00:00,1514.355,1496.978,0.01,2,17.376999999999953,0.5748645982700016,16.802135401729952,1.9338361514335038,2.1700000000000728,18.811500000000024,target,2020
1,275627,275629,2020-03-20 06:15:00+00:00,2020-03-20 06:45:00+00:00,1491.4099999999999,1503.6899999999996,0.01,2,12.279999999999745,0.5262896484803783,11.753710351519366,1.9142850735373957,0.0,14.176500000000033,target,2020
1,275691,275692,2020-03-22 23:15:00+00:00,2020-03-22 23:30:00+00:00,1496.62,1487.3585,0.01,1,-9.261499999999842,0.6137199271643599,-9.875219927164201,-1.0662657158305209,10.466499999999996,0.6835000000000946,stop,2020
1,275694,275698,2020-03-23 00:00:00+00:00,2020-03-23 01:00:00+00:00,1494.5,1489.8385,0.01,4,-4.661499999999933,0.6384289076922525,-5.299928907692185,-1.1369578263846962,8.509999999999991,7.105000000000018,stop,2020
1,276000,276016,2020-03-26 07:30:00+00:00,2020-03-26 11:30:00+00:00,1604.8049999999998,1620.3249999999994,0.01,16,15.519999999999529,2.826869172346952,12.693130827652578,1.6357127355222891,2.119999999999891,15.823500000000195,target,2020
1,276094,276146,2020-03-27 08:00:00+00:00,2020-03-29 22:00:00+00:00,1622.76,1639.74,0.01,52,16.980000000000018,3.6774653479769164,13.302534652023102,1.5668474266222718,8.339499999999816,18.11500000000001,target,2020
1,276158,276162,2020-03-30 01:00:00+00:00,2020-03-30 02:00:00+00:00,1622.226,1616.3899999999999,0.01,4,-5.83600000000024,2.280636661939028,-8.116636661939268,-1.390787639125931,6.560000000000173,0.23549999999977445,stop,2020
-1,276275,276280,2020-03-31 07:15:00+00:00,2020-03-31 08:30:00+00:00,1615.5135,1608.8334999999997,0.01,5,6.680000000000291,1.2272602855004024,5.452739714499889,1.6325568007483986,1.9899999999997817,10.433500000000095,target,2020
-1,276428,276432,2020-04-01 23:30:00+00:00,2020-04-02 00:30:00+00:00,1593.635,1588.425,0.01,4,5.210000000000036,1.3576193004751762,3.8523806995248604,1.4788409595104928,0.0,5.308499999999867,target,2020
-1,276462,276465,2020-04-02 08:00:00+00:00,2020-04-02 08:45:00+00:00,1592.2649999999999,1588.4019999999996,0.01,3,3.8630000000002838,0.9127493665696464,2.9502506334306373,1.5274401415637695,0.0,5.516499999999951,target,2020
1,276802,276811,2020-04-08 01:00:00+00:00,2020-04-08 03:15:00+00:00,1647.5585,1644.5165000000002,0.01,9,-3.0419999999999163,1.4959306868559588,-4.537930686855875,-1.4917589371650228,3.278500000000122,3.217999999999847,stop,2020
1,276893,276894,2020-04-09 00:45:00+00:00,2020-04-09 01:00:00+00:00,1648.0735,1646.87,0.01,1,-1.2035000000000764,1.4395704365686022,-2.643070436568679,-2.19615325016079,1.599999999999909,1.5700000000001637,stop,2020
1,277194,277195,2020-04-15 07:00:00+00:00,2020-04-15 07:15:00+00:00,1718.1235000000001,1711.24,0.01,1,-6.883500000000141,1.5016018916004472,-8.385101891600588,-1.2181451139101354,8.923500000000104,0.0,stop,2020
1,277263,277265,2020-04-16 01:15:00+00:00,2020-04-16 01:45:00+00:00,1717.49,1714.5,0.01,2,-2.990000000000009,1.1589553669588413,-4.14895536695885,-1.3876104906216846,4.9849999999999,1.9449999999999363,stop,2020
-1,277350,277352,2020-04-17 00:00:00+00:00,2020-04-17 00:30:00+00:00,1714.2350000000001,1718.245,0.01,2,-4.0099999999997635,1.1457162906189837,-5.155716290618747,-1.2857147856905364,4.433999999999969,0.5065000000001874,stop,2020
-1,277503,277505,2020-04-20 15:15:00+00:00,2020-04-20 15:45:00+00:00,1690.975,1697.8600000000001,0.01,2,-6.885000000000218,0.9583848733974412,-7.843384873397659,-1.139198964908847,8.970000000000255,0.0,stop,2020
-1,277557,277559,2020-04-21 05:45:00+00:00,2020-04-21 06:15:00+00:00,1689.9650000000001,1692.835,0.01,2,-2.869999999999891,0.79832397967847,-3.6683239796783607,-1.2781616653932055,4.279999999999745,0.6075000000000728,stop,2020
-1,277627,277628,2020-04-22 00:15:00+00:00,2020-04-22 00:30:00+00:00,1685.78,1688.335,0.01,1,-2.5550000000000637,1.05093459103272,-3.6059345910327836,-1.4113246931634809,2.6649999999999636,1.7749999999998636,stop,2020
1,277868,277870,2020-04-24 14:30:00+00:00,2020-04-24 15:00:00+00:00,1724.5635,1718.5900000000001,0.01,2,-5.973499999999831,0.7354320655433588,-6.708932065543189,-1.12311577225134,7.588500000000067,1.121499999999969,stop,2020
1,277896,277902,2020-04-26 22:30:00+00:00,2020-04-27 00:00:00+00:00,1722.15,1727.0630000000006,0.01,6,4.913000000000466,1.1774784128167268,3.735521587183739,1.520668262643348,2.050000000000182,5.268499999999904,target,2020
-1,277920,277925,2020-04-27 04:30:00+00:00,2020-04-27 05:45:00+00:00,1720.71,1723.195,0.01,5,-2.4849999999999,0.726629011310292,-3.211629011310192,-1.292406040768741,2.8414999999999964,0.37350000000014916,stop,2020
-1,278046,278049,2020-04-28 13:00:00+00:00,2020-04-28 13:45:00+00:00,1710.745,1704.6349999999993,0.01,3,6.110000000000582,0.7437666648748316,5.3662333351257505,1.7565411898936953,2.3250000000000455,14.12299999999982,target,2020
1,278093,278097,2020-04-29 01:45:00+00:00,2020-04-29 02:45:00+00:00,1710.73,1708.9285,0.01,4,-1.801500000000033,0.6705469359709262,-2.472046935970959,-1.3722158956263746,2.4265000000000327,1.6014999999999873,stop,2020
1,278332,278401,2020-05-01 15:30:00+00:00,2020-05-04 09:45:00+00:00,1696.505,1708.4950000000003,0.01,69,11.990000000000236,0.6501220290111795,11.339877970989058,1.8915559584635253,4.269999999999982,12.089999999999918,target,2020
1,278414,278458,2020-05-04 13:00:00+00:00,2020-05-05 01:00:00+00:00,1702.1115,1697.8965,0.01,44,-4.214999999999918,0.7168808010805052,-4.931880801080423,-1.1700784818696368,5.492999999999938,8.24850000000015,stop,2020
1,278475,278482,2020-05-05 05:15:00+00:00,2020-05-05 07:00:00+00:00,1701.27,1699.1975000000002,0.01,7,-2.0724999999997635,0.805100801363166,-2.8776008013629295,-1.3884684204406552,11.0,3.0949999999998,stop,2020
1,278550,278551,2020-05-06 01:00:00+00:00,2020-05-06 01:15:00+00:00,1702.34,1704.9079999999997,0.01,1,2.5679999999997563,0.7597841276707558,1.8082158723290005,1.4082678133404767,0.0,5.420000000000073,target,2020
-1,278676,278685,2020-05-07 09:30:00+00:00,2020-05-07 11:45:00+00:00,1692.875,1696.0435,0.01,9,-3.168499999999995,0.6349546821430274,-3.8034546821430224,-1.2003959861584435,3.7934999999999945,1.6945000000000618,stop,2020
-1,278838,278844,2020-05-11 04:00:00+00:00,2020-05-11 05:30:00+00:00,1707.1235000000001,1703.2005000000004,0.01,6,3.9229999999997744,0.8658754043709098,3.0571245956288644,1.558564667667112,0.1714999999999236,4.99350000000004,target,2020
-1,278937,278943,2020-05-12 05:45:00+00:00,2020-05-12 07:15:00+00:00,1701.4450000000002,1703.0349999999999,0.01,6,-1.589999999999691,0.6636216065135534,-2.2536216065132444,-1.4173720795683538,1.9549999999999272,2.9050000000002,stop,2020
1,279007,279013,2020-05-13 00:15:00+00:00,2020-05-13 01:45:00+00:00,1705.5435,1702.21,0.01,6,-3.333499999999958,0.7087450603041645,-4.042245060304123,-1.2126128874468798,3.60349999999994,1.163000000000011,stop,2020
1,279336,279337,2020-05-18 13:30:00+00:00,2020-05-18 13:45:00+00:00,1748.905,1741.47,0.01,1,-7.434999999999945,0.6019971669067732,-8.036997166906719,-1.080968011688874,16.725000000000136,0.0,stop,2020
1,279428,279592,2020-05-19 13:30:00+00:00,2020-05-21 08:30:00+00:00,1740.3515,1733.3685,0.01,164,-6.982999999999947,0.5823245990419392,-7.565324599041887,-1.0833917512590496,8.843000000000075,13.622000000000071,stop,2020
1,279679,279680,2020-05-22 07:15:00+00:00,2020-05-22 07:30:00+00:00,1736.2984999999999,1734.6665,0.01,1,-1.6319999999998347,0.5909735019379252,-2.22297350193776,-1.3621161163835693,2.911999999999807,0.0,stop,2020
-1,279734,279743,2020-05-24 22:00:00+00:00,2020-05-25 00:15:00+00:00,1733.95,1729.517,0.01,9,4.432999999999993,1.1521242576574577,3.280875742342535,1.4802056135089288,0.0,6.338500000000067,target,2020
-1,279803,279809,2020-05-25 15:15:00+00:00,2020-05-25 16:45:00+00:00,1731.0865,1727.8724999999995,0.01,6,3.2140000000003965,0.8467537725335821,2.3672462274668145,1.4730841490146374,0.4235000000001037,3.237999999999829,target,2020
1,279821,279846,2020-05-26 00:45:00+00:00,2020-05-26 07:00:00+00:00,1731.6485,1728.7015000000001,0.01,25,-2.946999999999889,0.6129052946303795,-3.5599052946302683,-1.2079760076791322,5.0470000000000255,3.9615000000001146,stop,2020
-1,279983,280019,2020-05-27 18:15:00+00:00,2020-05-28 04:15:00+00:00,1712.6734999999999,1715.5315,0.01,36,-2.8580000000001746,0.5511316069228125,-3.409131606922987,-1.1928382109596847,3.9715000000001055,5.036999999999807,stop,2020
-1,280072,280081,2020-05-28 17:30:00+00:00,2020-05-28 19:45:00+00:00,1715.9835,1719.12,0.01,9,-3.1364999999998413,0.6050794927824867,-3.741579492782328,-1.1929155086186887,4.302999999999884,4.688499999999976,stop,2020
-1,280099,280100,2020-05-29 01:15:00+00:00,2020-05-29 01:30:00+00:00,1713.4115000000002,1719.0935,0.01,1,-5.681999999999789,0.6869473135500066,-6.368947313549795,-1.1208988584213362,7.893499999999904,0.0,stop,2020
1,280233,280238,2020-06-01 11:45:00+00:00,2020-06-01 13:00:00+00:00,1733.8085,1729.5,0.01,5,-4.308500000000095,0.5408600509904742,-4.849360050990569,-1.1255332600650951,4.914999999999964,2.1814999999999145,stop,2020
-1,280340,280402,2020-06-02 15:30:00+00:00,2020-06-03 08:00:00+00:00,1732.9285,1719.5685000000003,0.01,62,13.359999999999673,0.46123544393879495,12.898764556060877,1.930952777853472,0.7364999999999782,16.045000000000073,target,2020
1,280513,280517,2020-06-04 12:45:00+00:00,2020-06-04 13:45:00+00:00,1716.5149999999999,1706.8685,0.01,4,-9.646499999999833,0.5220127305068651,-10.168512730506698,-1.0541142103878998,13.730000000000018,1.16150000000016,stop,2020
1,280556,280562,2020-06-05 00:30:00+00:00,2020-06-05 02:00:00+00:00,1715.325,1712.4515000000001,0.01,6,-2.873499999999922,0.6369487293447138,-3.5104487293446356,-1.2216630343987231,4.650000000000091,0.6549999999999727,stop,2020
1,280713,280743,2020-06-08 16:45:00+00:00,2020-06-09 01:15:00+00:00,1697.48,1703.9830000000002,0.01,30,6.5030000000001555,0.4528188671116646,6.050181132888491,1.8607353937838984,1.3285000000000764,7.264000000000124,target,2020
-1,280748,280752,2020-06-09 02:30:00+00:00,2020-06-09 03:30:00+00:00,1697.0415,1694.8015000000003,0.01,4,2.2399999999997817,0.5444445308719006,1.6955554691278811,1.51388881172147,0.07500000000004547,2.5650000000000546,target,2020
1,280903,281103,2020-06-10 18:15:00+00:00,2020-06-14 23:15:00+00:00,1729.8015,1731.4035,0.01,200,1.6019999999998618,0.536459212261633,1.0655407877382288,0.04899488632233891,8.086500000000115,14.953500000000076,time_stop,2020
-1,281117,281129,2020-06-15 02:45:00+00:00,2020-06-15 05:45:00+00:00,1729.9585,1724.7155,0.01,12,5.242999999999938,0.5252819215687445,4.717718078431194,1.7996254352207703,0.2580000000000382,8.785000000000082,target,2020
1,281199,281222,2020-06-16 00:15:00+00:00,2020-06-16 06:00:00+00:00,1727.7649999999999,1724.3265000000001,0.01,23,-3.4384999999997494,0.46543883196854835,-3.903938831968298,-1.1353610097334834,5.919999999999845,5.088500000000067,stop,2020
1,281290,281294,2020-06-17 00:00:00+00:00,2020-06-17 01:00:00+00:00,1727.9735,1726.315,0.01,4,-1.6585000000000036,0.5577852259451588,-2.216285225945162,-1.336319099152944,2.2800000000002,1.0030000000001564,stop,2020
-1,281390,281404,2020-06-18 02:00:00+00:00,2020-06-18 05:30:00+00:00,1724.1985,1728.325,0.01,14,-4.126500000000078,0.4949676229739517,-4.62146762297403,-1.1199485333754857,4.511500000000069,0.0,stop,2020
1,281482,281499,2020-06-19 02:00:00+00:00,2020-06-19 06:15:00+00:00,1726.3049999999998,1729.7919999999995,0.01,17,3.4869999999996253,0.5512209716441808,2.9357790283554444,1.6838422875570747,1.3084999999996398,3.8900000000003274,target,2020
1,281804,281814,2020-06-24 13:30:00+00:00,2020-06-24 16:00:00+00:00,1768.3649999999998,1762.05,0.01,10,-6.314999999999828,0.5915582247126678,-6.906558224712496,-1.0936750949663792,7.631499999999733,7.8215000000000146,stop,2020
1,281845,281848,2020-06-25 00:45:00+00:00,2020-06-25 01:30:00+00:00,1765.2035,1762.8685,0.01,3,-2.3350000000000364,0.6379134800771944,-2.9729134800772306,-1.2731963512107856,3.117000000000189,0.30150000000003274,stop,2020
-1,281940,281962,2020-06-26 01:30:00+00:00,2020-06-26 07:00:00+00:00,1761.095,1763.47,0.01,22,-2.375,0.5866071316800574,-2.9616071316800574,-1.2469924764968663,2.5685000000000855,2.910000000000082,stop,2020
1,282077,282165,2020-06-29 12:45:00+00:00,2020-06-30 11:45:00+00:00,1769.49,1765.88,0.01,88,-3.6099999999999,0.5802642360518842,-4.190264236051784,-1.1607380155268423,4.768000000000029,4.638500000000022,stop,2020
-1,282165,282170,2020-06-30 11:45:00+00:00,2020-06-30 13:00:00+00:00,1768.655,1770.42,0.01,5,-1.7650000000001003,0.4997424276176056,-2.2647424276177057,-1.2831401856190239,1.8999999999998636,2.9500000000000455,stop,2020
-1,282339,282342,2020-07-02 09:15:00+00:00,2020-07-02 10:00:00+00:00,1772.275,1773.355,0.01,3,-1.0799999999999272,0.5546779716269059,-1.6346779716268331,-1.5135907144693919,2.318499999999858,0.9550000000001546,stop,2020
1,282397,282398,2020-07-03 00:45:00+00:00,2020-07-03 01:00:00+00:00,1774.415,1776.8949999999995,0.01,1,2.4799999999995634,0.6353954294217661,1.8446045705777974,1.4875843311113888,0.0,2.875,target,2020
1,282467,282476,2020-07-05 23:15:00+00:00,2020-07-06 01:30:00+00:00,1775.8049999999998,1773.73,0.01,9,-2.074999999999818,0.6620444272730335,-2.737044427272852,-1.3190575553123334,3.4549999999999272,1.1415000000001783,stop,2020
-1,282477,282494,2020-07-06 01:45:00+00:00,2020-07-06 06:00:00+00:00,1772.35,1775.2465000000002,0.01,17,-2.8965000000002874,0.5914302698582632,-3.4879302698585506,-1.204187906044607,2.9600000000000364,2.2199999999998,stop,2020
-1,282595,282600,2020-07-07 08:15:00+00:00,2020-07-07 09:30:00+00:00,1778.925,1774.155,0.01,5,4.769999999999982,0.4974267702371944,4.272573229762788,1.7914353164623917,0.5800000000001546,5.184999999999945,target,2020
-1,282809,282820,2020-07-09 15:45:00+00:00,2020-07-09 18:30:00+00:00,1800.1335,1803.13,0.01,11,-2.9965000000001965,0.4970457010861183,-3.493545701086315,-1.1658754216873306,4.120000000000118,2.1399999999998727,stop,2020
-1,282840,282860,2020-07-10 00:30:00+00:00,2020-07-10 05:30:00+00:00,1802.1685,1798.0584999999994,0.01,20,4.110000000000582,0.5979950415988453,3.5120049584017368,1.7090048459373428,2.033000000000129,5.001999999999953,target,2020
1,282935,282983,2020-07-13 01:15:00+00:00,2020-07-13 13:15:00+00:00,1804.0685,1811.7325000000008,0.01,48,7.6640000000006685,0.5628866845374374,7.101113315463231,1.8531089027825187,2.0534999999999854,8.832999999999856,target,2020
-1,283074,283079,2020-07-14 13:00:00+00:00,2020-07-14 14:15:00+00:00,1801.2849999999999,1805.2835,0.01,5,-3.998500000000149,0.5149133544199018,-4.5134133544200505,-1.128776629841161,5.485000000000127,5.894999999999754,stop,2020
1,283161,283167,2020-07-15 11:45:00+00:00,2020-07-15 13:15:00+00:00,1806.355,1804.2165,0.01,6,-2.138500000000022,0.5032887673184798,-2.6417887673185017,-1.2353466295620643,2.759999999999991,2.25,stop,2020
1,283230,283231,2020-07-16 06:00:00+00:00,2020-07-16 06:15:00+00:00,1808.945,1807.7385,0.01,1,-1.2065000000000055,0.46303055897833023,-1.6695305589783356,-1.383779990864756,2.058499999999867,0.0,stop,2020
1,283337,283344,2020-07-17 09:45:00+00:00,2020-07-17 11:30:00+00:00,1803.71,1805.717,0.01,7,2.007000000000062,0.3648260785367723,1.6421739214632896,1.6364463592060179,0.5599999999999454,2.36850000000004,target,2020
-1,283973,283992,2020-07-28 07:45:00+00:00,2020-07-28 12:30:00+00:00,1907.1,1936.3815,0.01,19,-29.28150000000005,0.6852805918554776,-29.966780591855528,-1.0234031928642822,31.6550000000002,0.0,stop,2020
-1,284091,284092,2020-07-29 14:15:00+00:00,2020-07-29 14:30:00+00:00,1941.6734999999999,1954.3964999999998,0.01,1,-12.722999999999956,0.5386560995257212,-13.261656099525677,-1.0423371924487717,14.156500000000051,0.0,stop,2020
-1,284156,284157,2020-07-30 07:30:00+00:00,2020-07-30 07:45:00+00:00,1948.785,1955.52,0.01,1,-6.734999999999901,0.568331375660498,-7.303331375660399,-1.0843847625331116,9.084999999999809,0.0,stop,2020
1,284273,284302,2020-07-31 13:45:00+00:00,2020-08-02 22:00:00+00:00,1966.3685,1979.0855000000001,0.01,29,12.717000000000098,0.8406028358509372,11.87639716414916,1.8677985632065848,2.3135000000002037,24.25649999999996,target,2020
-1,284361,284368,2020-08-03 12:45:00+00:00,2020-08-03 14:30:00+00:00,1967.2535,1972.0585,0.01,7,-4.805000000000064,0.49590007017648535,-5.300900070176549,-1.1032050094019727,5.087999999999965,6.613500000000158,stop,2020
1,284450,284458,2020-08-04 12:00:00+00:00,2020-08-04 14:00:00+00:00,1973.24,1978.84,0.01,8,5.599999999999909,0.5389601020652305,5.061039897934679,1.8075142492624146,1.75649999999996,7.7934999999999945,target,2020
1,284729,284734,2020-08-07 12:45:00+00:00,2020-08-07 14:00:00+00:00,2061.3999999999996,2042.0135,0.01,5,-19.386499999999614,0.601866247187278,-19.988366247186892,-1.0310456372830212,38.19499999999971,0.8600000000005821,stop,2020
1,284825,284831,2020-08-10 13:45:00+00:00,2020-08-10 15:15:00+00:00,2040.115,2034.2134999999998,0.01,6,-5.901500000000169,0.4726257965632789,-6.374125796563448,-1.0800857064412888,9.231500000000096,9.735000000000355,stop,2020
1,285104,285115,2020-08-13 14:30:00+00:00,2020-08-13 17:15:00+00:00,1947.5165000000002,1962.9695000000006,0.01,11,15.453000000000431,0.5339019809066159,14.919098019093815,1.9308998924601564,6.296500000000151,16.049999999999727,target,2020
-1,285165,285171,2020-08-14 06:45:00+00:00,2020-08-14 08:15:00+00:00,1944.1335,1953.0785,0.01,6,-8.945000000000164,0.5279757761626211,-9.472975776162786,-1.0590246815162228,9.311500000000024,2.2784999999998945,stop,2020
-1,285227,285254,2020-08-16 23:15:00+00:00,2020-08-17 06:00:00+00:00,1942.1565,1949.5650000000003,0.01,27,-7.408500000000232,0.6765036117953565,-8.085003611795589,-1.091314518700862,7.531999999999925,12.430000000000064,stop,2020
1,285381,285472,2020-08-18 14:45:00+00:00,2020-08-19 14:30:00+00:00,1992.83,1976.1464999999998,0.01,91,-16.683500000000095,0.5783767229678742,-17.26187672296797,-1.034667589113068,19.335000000000036,17.40000000000009,stop,2020
-1,285472,285473,2020-08-19 14:30:00+00:00,2020-08-19 14:45:00+00:00,1983.8000000000002,1972.6830000000004,0.01,1,11.116999999999734,0.5991137036601524,10.517886296339583,1.8922166585121587,0.0,22.41500000000019,target,2020
-1,285599,285603,2020-08-21 00:15:00+00:00,2020-08-21 01:15:00+00:00,1951.0915,1941.1945,0.01,4,9.896999999999935,0.5668422846307335,9.3301577153692,1.8854516955378926,3.0534999999999854,10.288000000000011,target,2020
1,285719,285739,2020-08-24 07:15:00+00:00,2020-08-24 12:15:00+00:00,1943.165,1961.5919999999996,0.01,20,18.42699999999968,0.58950327822195,17.83749672177773,1.9360174441610722,0.0,18.764999999999873,target,2020
-1,285885,285893,2020-08-26 02:45:00+00:00,2020-08-26 04:45:00+00:00,1929.1664999999998,1924.1164999999996,0.01,8,5.050000000000182,0.5302677100272928,4.51973228997289,1.7899929861278125,0.2885000000001128,6.429999999999836,target,2020
1,286016,286017,2020-08-27 12:30:00+00:00,2020-08-27 12:45:00+00:00,1941.0365000000002,1936.6,0.01,1,-4.436500000000251,0.5856247560656849,-5.022124756065936,-1.1320015228368425,5.510000000000218,3.0099999999997635,stop,2020
1,286066,286084,2020-08-28 02:00:00+00:00,2020-08-28 06:30:00+00:00,1936.7065,1947.0495000000003,0.01,18,10.343000000000302,0.5857305125120427,9.757269487488259,1.8867387580949384,3.589999999999918,10.72849999999994,target,2020
-1,286301,286302,2020-09-01 14:45:00+00:00,2020-09-01 15:00:00+00:00,1966.24,1974.885,0.01,1,-8.644999999999982,0.5655835925538826,-9.210583592553863,-1.065423203302936,12.836500000000115,0.0,stop,2020
1,286334,286335,2020-09-02 00:00:00+00:00,2020-09-02 00:15:00+00:00,1973.1399999999999,1971.115,0.01,1,-2.0249999999998636,0.5742862930179407,-2.599286293017804,-1.2835981693915945,2.3064999999999145,0.0,stop,2020
-1,286594,286615,2020-09-04 19:00:00+00:00,2020-09-07 01:15:00+00:00,1934.4915,1938.8065000000001,0.01,21,-4.315000000000055,0.5513742196704667,-4.866374219670521,-1.1277808156826095,4.323499999999967,3.776500000000169,stop,2020
1,286616,286633,2020-09-07 01:30:00+00:00,2020-09-07 05:45:00+00:00,1938.815,1933.4785,0.01,17,-5.336500000000115,0.5512014655422879,-5.887701465542403,-1.1032889469769092,10.913500000000113,2.6765000000000327,stop,2020
-1,286711,286722,2020-09-08 06:15:00+00:00,2020-09-08 09:00:00+00:00,1931.4665,1923.0495,0.01,11,8.416999999999916,0.5351975717059423,7.881802428293974,1.8728293758569685,2.0520000000001346,8.694999999999936,target,2020
-1,286780,286782,2020-09-09 00:30:00+00:00,2020-09-09 01:00:00+00:00,1929.5415,1927.1515000000002,0.01,2,2.3899999999998727,0.5191816554123597,1.870818344587513,1.5655383636716425,0.21849999999994907,6.301500000000033,target,2020
-1,286948,286963,2020-09-10 19:30:00+00:00,2020-09-11 00:15:00+00:00,1941.9234999999999,1948.5515,0.01,15,-6.628000000000156,0.45814855215052946,-7.086148552150686,-1.069123197367308,7.4529999999999745,0.48499999999989996,stop,2020
1,286963,286964,2020-09-11 00:15:00+00:00,2020-09-11 00:30:00+00:00,1944.67,1947.857,0.01,1,3.186999999999898,0.4564600480392073,2.730539951960691,1.7135487618203817,0.0,3.5,target,2020
1,287059,287099,2020-09-14 01:15:00+00:00,2020-09-14 11:15:00+00:00,1945.1815000000001,1940.1515,0.01,40,-5.0300000000002,0.4723262979248644,-5.502326297925064,-1.093901848494005,5.113000000000284,6.586999999999989,stop,2020
1,287213,287217,2020-09-15 16:45:00+00:00,2020-09-15 17:45:00+00:00,1957.3015,1954.685,0.01,4,-2.6165000000000873,0.44203724091526175,-3.0585372409153493,-1.1689421902982027,3.105000000000018,1.6334999999999127,stop,2020
1,287245,287258,2020-09-16 01:45:00+00:00,2020-09-16 05:00:00+00:00,1956.3285,1962.1885000000007,0.01,13,5.860000000000582,0.46725317130669025,5.392746828693892,1.8405279278816915,0.09999999999990905,6.046499999999924,target,2020
-1,287331,287337,2020-09-17 00:15:00+00:00,2020-09-17 01:45:00+00:00,1957.355,1951.7149999999997,0.01,6,5.640000000000327,0.48226209777559154,5.157737902224736,1.828985071710793,2.3285000000000764,10.563499999999976,target,2020
-1,287424,287426,2020-09-18 00:30:00+00:00,2020-09-18 01:00:00+00:00,1949.9765,1951.7585,0.01,2,-1.7819999999999254,0.4844308763835889,-2.2664308763835144,-1.271846731977334,5.6784999999999854,1.0080000000000382,stop,2020
1,287519,287538,2020-09-21 01:15:00+00:00,2020-09-21 06:00:00+00:00,1954.09,1950.4650000000001,0.01,19,-3.6249999999997726,0.5018510207476923,-4.1268510207474645,-1.1384416608959236,4.680000000000064,0.9249999999999545,stop,2020
1,287861,287862,2020-09-24 17:45:00+00:00,2020-09-24 18:00:00+00:00,1876.4665,1872.7415,0.01,1,-3.724999999999909,0.4596910556957346,-4.184691055695644,-1.12340699481765,7.401499999999942,0.0,stop,2020
1,287902,287904,2020-09-25 05:00:00+00:00,2020-09-25 05:30:00+00:00,1873.48,1871.2865000000002,0.01,2,-2.193499999999858,0.45043079997453045,-2.6439307999743886,-1.2053479826644904,3.6485000000000127,0.0,stop,2020
1,288022,288028,2020-09-28 12:00:00+00:00,2020-09-28 13:30:00+00:00,1865.7865000000002,1874.3595000000005,0.01,6,8.57300000000032,0.5008785660485058,8.072121433951814,1.8831497571332119,2.561500000000251,11.318499999999858,target,2020
1,288184,288193,2020-09-30 06:30:00+00:00,2020-09-30 08:45:00+00:00,1888.3085,1883.8085,0.01,9,-4.5,0.4559223648211027,-4.955922364821102,-1.101316081071356,5.635000000000218,1.956499999999778,stop,2020
-1,288252,288255,2020-10-01 00:30:00+00:00,2020-10-01 01:15:00+00:00,1886.1965,1888.4035,0.01,3,-2.20699999999988,0.4682994806745125,-2.6752994806743926,-1.2121882558561567,2.593499999999949,1.4079999999999018,stop,2020
-1,288353,288362,2020-10-02 02:45:00+00:00,2020-10-02 05:00:00+00:00,1892.76,1897.5715,0.01,9,-4.811500000000024,0.5104033033194795,-5.321903303319504,-1.1060798718319604,5.218499999999949,2.9134999999998854,stop,2020
1,288430,288438,2020-10-04 23:00:00+00:00,2020-10-05 01:00:00+00:00,1900.53,1898.5049999999999,0.01,8,-2.025000000000091,0.594792114422978,-2.6197921144230687,-1.2937245009496054,2.6649999999999636,3.884999999999991,stop,2020
1,288442,288443,2020-10-05 02:00:00+00:00,2020-10-05 02:15:00+00:00,1901.05,1898.9585,0.01,1,-2.0914999999999964,0.5044260053347087,-2.595926005334705,-1.2411790606429403,3.433499999999867,0.0,stop,2020
-1,288590,288605,2020-10-06 16:00:00+00:00,2020-10-06 19:45:00+00:00,1901.83,1886.9799999999996,0.01,15,14.850000000000364,0.4837051016564637,14.3662948983439,1.934854531763441,4.725000000000136,14.914999999999964,target,2020
1,288737,288766,2020-10-08 06:45:00+00:00,2020-10-08 14:00:00+00:00,1893.4085,1889.7635,0.01,29,-3.644999999999982,0.49806759749412316,-4.143067597494105,-1.1366440596691703,7.61850000000004,7.281500000000051,stop,2020
-1,288994,288997,2020-10-13 02:00:00+00:00,2020-10-13 02:45:00+00:00,1916.7435,1911.5035000000003,0.01,3,5.239999999999782,0.5022172814849566,4.737782718514826,1.8083140147003904,0.0,5.494999999999891,target,2020
1,289128,289143,2020-10-14 12:30:00+00:00,2020-10-14 16:15:00+00:00,1905.7915,1900.4715,0.01,15,-5.319999999999936,0.44424996368984343,-5.76424996368978,-1.083505632272528,5.870000000000118,7.208499999999958,stop,2020
1,289201,289203,2020-10-15 07:45:00+00:00,2020-10-15 08:15:00+00:00,1903.2,1899.455,0.01,2,-3.7450000000001182,0.46869195666943814,-4.213691956669557,-1.1251513902989116,7.841499999999996,0.0,stop,2020
1,289289,289292,2020-10-16 06:45:00+00:00,2020-10-16 07:30:00+00:00,1904.8764999999999,1908.0424999999996,0.01,3,3.1659999999997126,0.4478823889612122,2.7181176110385006,1.7170673474660438,0.20149999999966894,3.481999999999971,target,2020
-1,289375,289376,2020-10-19 05:15:00+00:00,2020-10-19 05:30:00+00:00,1902.6999999999998,1903.9814999999999,0.01,1,-1.281500000000051,0.47747411945966556,-1.7589741194597166,-1.3725900268900872,3.6950000000001637,0.0,stop,2020
1,289483,289495,2020-10-20 09:15:00+00:00,2020-10-20 12:15:00+00:00,1904.9765,1901.2115,0.01,12,-3.7650000000001,0.45882384175642427,-4.223823841756524,-1.1218655622194986,4.627999999999929,3.2120000000002165,stop,2020
-1,289643,289652,2020-10-22 03:15:00+00:00,2020-10-22 05:30:00+00:00,1913.04,1915.835,0.01,9,-2.7950000000000728,0.41410414369929543,-3.2091041436993684,-1.148158906511372,2.980000000000018,0.20650000000000546,stop,2020
1,289756,289762,2020-10-23 08:30:00+00:00,2020-10-23 10:00:00+00:00,1910.8985,1909.0884999999998,0.01,6,-1.810000000000173,0.42878449461068935,-2.2387844946108624,-1.2368975108346123,2.397000000000162,0.9629999999999654,stop,2020
-1,289855,289857,2020-10-26 10:15:00+00:00,2020-10-26 10:45:00+00:00,1901.84,1904.8715000000002,0.01,2,-3.0315000000002783,0.4372394302704195,-3.468739430270698,-1.1442320403332935,3.5,0.5764999999998963,stop,2020
1,289908,289910,2020-10-27 00:30:00+00:00,2020-10-27 01:00:00+00:00,1904.595,1906.6580000000001,0.01,2,2.063000000000102,0.4356573847765415,1.6273426152235604,1.577646742824508,0.1449999999999818,3.651499999999942,target,2020
1,290001,290010,2020-10-28 00:45:00+00:00,2020-10-28 03:00:00+00:00,1906.085,1904.8015,0.01,9,-1.2835000000000036,0.4142997434211923,-1.697799743421196,-1.3227890482440134,1.5485000000001037,2.2349999999999,stop,2020
1,290230,290272,2020-10-30 12:00:00+00:00,2020-11-02 00:30:00+00:00,1880.385,1874.7915,0.01,42,-5.593499999999949,0.4569729696015012,-6.05047296960145,-1.0816971430412987,6.316500000000133,9.476499999999987,stop,2020
-1,290276,290277,2020-11-02 01:30:00+00:00,2020-11-02 01:45:00+00:00,1877.525,1879.4635,0.01,1,-1.9384999999999764,0.46322452101853573,-2.401724521018512,-1.2389602894085847,5.0534999999999854,0.0,stop,2020
1,290393,290399,2020-11-03 07:45:00+00:00,2020-11-03 09:15:00+00:00,1890.6399999999999,1897.7429999999995,0.01,6,7.102999999999611,0.4270450302557021,6.675954969743908,1.8797564324213076,1.1464999999998327,7.64650000000006,target,2020
1,290459,290611,2020-11-04 01:15:00+00:00,2020-11-05 16:15:00+00:00,1905.0615,1952.1175,0.01,152,47.05600000000004,0.5165038805144931,46.53949611948555,1.978047267914209,21.87799999999993,47.73849999999993,target,2020
-1,290778,290783,2020-11-09 12:00:00+00:00,2020-11-09 13:15:00+00:00,1934.81,1889.7099999999996,0.01,5,45.100000000000364,0.554475433756237,44.545524566244126,1.9754112889686815,0.0,46.69999999999982,target,2020
1,291065,291078,2020-11-12 14:45:00+00:00,2020-11-12 18:00:00+00:00,1878.105,1874.795,0.01,13,-3.3099999999999454,0.43737784619680053,-3.7473778461967457,-1.132138322113839,3.5385000000001128,5.779999999999973,stop,2020
-1,291098,291100,2020-11-13 00:00:00+00:00,2020-11-13 00:30:00+00:00,1875.3515,1876.57,0.01,2,-1.218499999999949,0.45764942418026566,-1.6761494241802146,-1.3755842627659292,2.1070000000001983,1.27150000000006,stop,2020
1,291246,291364,2020-11-16 14:00:00+00:00,2020-11-17 20:30:00+00:00,1886.96,1882.2485000000001,0.01,118,-4.711499999999887,0.4111423641609077,-5.122642364160795,-1.0872635814837988,9.095000000000027,9.148499999999785,stop,2020
1,291436,291444,2020-11-18 15:30:00+00:00,2020-11-18 17:30:00+00:00,1884.06,1878.036,0.01,8,-6.023999999999887,0.42159996356404766,-6.445599963563935,-1.069986713739053,6.073499999999967,0.0,stop,2020
-1,291583,291614,2020-11-20 06:15:00+00:00,2020-11-20 14:00:00+00:00,1866.7,1869.8715000000002,0.01,31,-3.1715000000001514,0.4902846328115814,-3.6617846328117327,-1.15459077181509,11.591499999999769,5.589000000000169,stop,2020
-1,291686,291709,2020-11-23 09:00:00+00:00,2020-11-23 14:45:00+00:00,1868.7685000000001,1861.4755000000005,0.01,23,7.292999999999665,0.47090188311398,6.822098116885686,1.8708619544456324,2.1304999999997563,27.598500000000058,target,2020
-1,291958,291984,2020-11-26 08:00:00+00:00,2020-11-26 14:30:00+00:00,1815.0235,1808.4105000000002,0.01,26,6.612999999999829,0.46730895899399444,6.1456910410058345,1.8586696026027503,2.97849999999994,6.892000000000053,target,2020
-1,292192,292196,2020-12-01 04:45:00+00:00,2020-12-01 05:45:00+00:00,1785.275,1786.93,0.01,4,-1.6549999999999727,0.4895831146106715,-2.1445831146106444,-1.2958206130578125,3.074999999999818,1.4664999999999964,stop,2020
1,292515,292535,2020-12-04 16:30:00+00:00,2020-12-04 21:30:00+00:00,1834.0585,1838.9825,0.01,20,4.923999999999978,0.4864536819045067,4.437546318095471,1.8024152388690051,1.5150000000001,5.216499999999996,target,2020
1,292540,292562,2020-12-06 23:45:00+00:00,2020-12-07 05:15:00+00:00,1835.7065,1840.8464999999999,0.01,22,5.139999999999873,0.4631060280372538,4.676893971962619,1.819803101931025,0.8264999999998963,5.259999999999991,target,2020
-1,292575,292577,2020-12-07 08:30:00+00:00,2020-12-07 09:00:00+00:00,1833.3915000000002,1827.2015000000006,0.01,2,6.1899999999996,0.4809782015211346,5.7090217984784655,1.8445950883614974,0.0,6.556500000000142,target,2020
1,292745,292748,2020-12-09 05:00:00+00:00,2020-12-09 05:45:00+00:00,1860.7235,1858.9915,0.01,3,-1.7319999999999711,0.4522902680360003,-2.1842902680359715,-1.26113756815012,2.9284999999999854,0.7429999999999382,stop,2020
-1,292873,292875,2020-12-10 14:00:00+00:00,2020-12-10 14:30:00+00:00,1843.5385,1846.92,0.01,2,-3.3814999999999604,0.4799714904602815,-3.861471490460242,-1.141940408239032,5.816499999999905,2.25200000000018,stop,2020
-1,292967,292968,2020-12-11 14:30:00+00:00,2020-12-11 14:45:00+00:00,1835.3015,1840.9215,0.01,1,-5.619999999999891,0.4638148452370641,-6.083814845236955,-1.0825293318927176,6.348500000000058,0.0,stop,2020
-1,293061,293115,2020-12-14 15:00:00+00:00,2020-12-15 05:30:00+00:00,1832.108,1838.1415000000002,0.01,54,-6.033500000000231,0.46775969718977467,-6.501259697190005,-1.0775270899460938,7.6740000000002055,9.831500000000005,stop,2020
-1,293262,293264,2020-12-16 19:15:00+00:00,2020-12-16 19:45:00+00:00,1848.5325,1858.045,0.01,2,-9.512500000000045,0.4857553915519773,-9.998255391552023,-1.0510649557479081,13.158999999999878,1.02150000000006,stop,2020
-1,293510,293516,2020-12-21 12:15:00+00:00,2020-12-21 13:45:00+00:00,1878.2640000000001,1884.3915,0.01,6,-6.127499999999827,0.5362441174996075,-6.6637441174994345,-1.0875143398612195,6.1724999999999,7.432500000000118,stop,2020
1,293561,293562,2020-12-22 02:00:00+00:00,2020-12-22 02:15:00+00:00,1882.5835,1881.2815,0.01,1,-1.3019999999999072,0.4631226089588309,-1.7651226089587382,-1.355700928539834,1.7970000000000255,0.31999999999993634,stop,2020
-1,293684,293688,2020-12-23 09:45:00+00:00,2020-12-23 10:45:00+00:00,1870.3600000000001,1866.2390000000005,0.01,4,4.12099999999964,0.5017626827355541,3.6192373172640857,1.7564849877526825,0.0,6.385000000000218,target,2020
1,293737,293741,2020-12-24 00:00:00+00:00,2020-12-24 01:00:00+00:00,1872.6915,1875.3214999999996,0.01,4,2.6299999999996544,0.4967279421636322,2.133272057836022,1.6222601200276063,0.38649999999984175,3.3899999999998727,target,2020
1,293843,293859,2020-12-28 06:45:00+00:00,2020-12-28 10:45:00+00:00,1885.2815,1877.5115,0.01,16,-7.769999999999983,0.5187801474058199,-8.288780147405802,-1.066767071738201,8.238000000000056,2.4085000000000036,stop,2020
-1,293911,293912,2020-12-29 00:45:00+00:00,2020-12-29 01:00:00+00:00,1878.645,1879.8615,0.01,1,-1.2164999999999964,0.48838843720078534,-1.7048884372007818,-1.4014701497745885,4.0,0.0,stop,2020
1,294004,294016,2020-12-30 01:00:00+00:00,2020-12-30 04:00:00+00:00,1880.5865,1885.6864999999993,0.01,12,5.099999999999454,0.49414508078061564,4.605854919218839,1.80621761538013,0.007999999999810825,5.375,target,2020
-1,294422,294429,2021-01-06 13:30:00+00:00,2021-01-06 15:15:00+00:00,1936.89,1923.2900000000002,0.01,7,13.599999999999909,0.47941116892349855,13.120588831076411,1.9294983575112499,1.3734999999999218,14.460000000000036,target,2021
-1,294767,294768,2021-01-12 07:45:00+00:00,2021-01-12 08:00:00+00:00,1859.2165,1861.858,0.01,1,-2.641499999999951,0.44798802264127274,-3.089488022641224,-1.1695960714144544,2.686999999999898,0.6050000000000182,stop,2021
1,294828,294832,2021-01-13 00:00:00+00:00,2021-01-13 01:00:00+00:00,1858.995,1855.0215,0.01,4,-3.973499999999831,0.5077516406227778,-4.481251640622609,-1.127784482351277,4.1599999999998545,1.168500000000222,stop,2021
-1,294979,294991,2021-01-14 14:45:00+00:00,2021-01-14 17:45:00+00:00,1845.975,1852.158,0.01,12,-6.182999999999993,0.46591810824052293,-6.648918108240515,-1.0753546996992598,10.105000000000018,4.576499999999896,stop,2021
-1,295035,295043,2021-01-15 05:45:00+00:00,2021-01-15 07:45:00+00:00,1848.9415,1853.0535,0.01,8,-4.11200000000008,0.4865885186938473,-4.598588518693927,-1.1183337837290461,4.707000000000107,2.127999999999929,stop,2021
-1,295132,295140,2021-01-18 07:00:00+00:00,2021-01-18 09:00:00+00:00,1838.1835,1832.8035000000004,0.01,8,5.379999999999654,0.46889661469474925,4.911103385304905,1.8256889908197846,0.606499999999869,7.308500000000095,target,2021
1,295183,295192,2021-01-19 00:45:00+00:00,2021-01-19 03:00:00+00:00,1839.3965,1837.0315,0.01,9,-2.365000000000009,0.4514367053065095,-2.8164367053065185,-1.1908823278251617,2.546500000000151,4.333499999999958,stop,2021
1,295273,295282,2021-01-20 00:15:00+00:00,2021-01-20 02:30:00+00:00,1842.6965,1849.0625,0.01,9,6.3659999999999854,0.4889005457973688,5.877099454202616,1.8464025932147752,0.5230000000001382,6.666999999999916,target,2021
1,295421,295481,2021-01-21 14:15:00+00:00,2021-01-22 06:15:00+00:00,1865.077,1858.38,0.01,60,-6.696999999999889,0.5011585038872584,-7.198158503887147,-1.074833284140252,7.710499999999911,6.488999999999805,stop,2021
-1,295481,295492,2021-01-22 06:15:00+00:00,2021-01-22 09:00:00+00:00,1859.4565,1862.9885,0.01,11,-3.5319999999999254,0.48918582383671644,-4.021185823836642,-1.1385010826264796,4.49350000000004,0.8835000000001401,stop,2021
-1,295548,295550,2021-01-25 00:00:00+00:00,2021-01-25 00:30:00+00:00,1856.801,1859.3899999999999,0.01,2,-2.588999999999942,0.47788402283246945,-3.0668840228324115,-1.1845824730909542,3.2390000000000327,1.0225000000000364,stop,2021
1,295648,295661,2021-01-26 02:00:00+00:00,2021-01-26 05:15:00+00:00,1858.85,1855.63,0.01,13,-3.2199999999998,0.47561081202668565,-3.6956108120264854,-1.147705221126309,4.394999999999982,2.9664999999999964,stop,2021
-1,295797,295811,2021-01-27 16:15:00+00:00,2021-01-27 19:45:00+00:00,1847.5465,1841.3015,0.01,14,6.244999999999891,0.4831106770028704,5.76188932299702,1.845280808005483,1.5855000000001382,6.833999999999833,target,2021
1,295879,295896,2021-01-28 13:45:00+00:00,2021-01-28 18:00:00+00:00,1847.2365,1837.7095,0.01,17,-9.527000000000044,0.5163285306489696,-10.043328530649013,-1.0541963399442602,12.205500000000029,16.908500000000004,stop,2021
1,295938,295943,2021-01-29 05:30:00+00:00,2021-01-29 06:45:00+00:00,1845.8899999999999,1850.4869999999996,0.01,5,4.596999999999753,0.497484048882206,4.099515951117547,1.7835614318545867,1.6264999999998508,5.926500000000033,target,2021
1,296104,296105,2021-02-02 01:00:00+00:00,2021-02-02 01:15:00+00:00,1857.722,1860.5240000000001,0.01,1,2.8020000000001346,0.5255549331352861,2.2764450668648486,1.6248715680690502,0.0,4.703999999999951,target,2021
1,296444,296478,2021-02-05 17:00:00+00:00,2021-02-08 02:30:00+00:00,1814.2314999999999,1809.5115,0.01,34,-4.7199999999998,0.4753064290614159,-5.195306429061215,-1.1007005146316602,5.757999999999811,4.699500000000171,stop,2021
-1,296478,296488,2021-02-08 02:30:00+00:00,2021-02-08 05:00:00+00:00,1809.8935000000001,1812.719,0.01,10,-2.82549999999992,0.48368612055889126,-3.3091861205588113,-1.1711860274496213,3.50649999999996,0.9790000000002692,stop,2021
1,296716,296717,2021-02-10 16:00:00+00:00,2021-02-10 16:15:00+00:00,1841.308,1836.245,0.01,1,-5.063000000000102,0.486344208142707,-5.549344208142809,-1.09605850447219,6.291500000000042,0.0,stop,2021
-1,296754,296755,2021-02-11 02:30:00+00:00,2021-02-11 02:45:00+00:00,1836.785,1838.23,0.01,1,-1.4449999999999363,0.5161151377505682,-1.9611151377505045,-1.3571731057097516,1.5199999999999818,0.0,stop,2021
-1,296902,296907,2021-02-12 16:30:00+00:00,2021-02-12 17:45:00+00:00,1826.125,1819.308,0.01,5,6.817000000000008,0.4818807882111031,6.335119211788905,1.8586237969162087,0.2400000000000091,6.836499999999887,target,2021
-1,296937,296945,2021-02-15 02:15:00+00:00,2021-02-15 04:15:00+00:00,1825.8215,1823.2545,0.01,8,2.5670000000000073,0.5232968217815634,2.043703178218444,1.5922891922231694,0.8485000000000582,2.69399999999996,target,2021
1,297010,297026,2021-02-16 01:30:00+00:00,2021-02-16 05:30:00+00:00,1823.7035,1820.8165,0.01,16,-2.887000000000171,0.5162372992128235,-3.4032372992129947,-1.1788144437869044,3.1295000000000073,2.893000000000029,stop,2021
1,297336,297435,2021-02-19 14:00:00+00:00,2021-02-22 15:45:00+00:00,1784.2785,1810.2634999999996,0.01,99,25.984999999999676,0.5308355055385507,25.454164494461125,1.9591429281863724,6.848500000000058,26.0150000000001,target,2021
1,297524,297611,2021-02-23 15:00:00+00:00,2021-02-24 13:45:00+00:00,1802.635,1795.6975,0.01,87,-6.937500000000001,0.5402887160048973,-7.477788716004898,-1.0778794545592645,14.710000000000036,11.307999999999993,stop,2021
1,297640,297651,2021-02-24 21:00:00+00:00,2021-02-25 00:45:00+00:00,1803.4450000000002,1801.0185000000001,0.01,11,-2.4265000000000327,0.5053295470473294,-2.931829547047362,-1.208254501152822,5.053500000000213,2.276499999999942,stop,2021
-1,297655,297680,2021-02-25 01:45:00+00:00,2021-02-25 08:00:00+00:00,1798.6575,1790.0655,0.01,25,8.592000000000098,0.5177704317103219,8.074229568289777,1.8794761564920122,2.675999999999931,9.242500000000064,target,2021
-1,297997,297998,2021-03-02 18:15:00+00:00,2021-03-02 18:30:00+00:00,1733.921,1737.2655,0.01,1,-3.3444999999999254,0.42613751680847095,-3.7706375168083963,-1.1274144167464435,4.673500000000104,0.0,stop,2021
1,298016,298018,2021-03-03 00:00:00+00:00,2021-03-03 00:30:00+00:00,1736.8755,1734.8400000000001,0.01,2,-2.0354999999999563,0.4806195171909217,-2.516119517190878,-1.2361186525133538,2.630500000000211,0.6549999999997453,stop,2021
-1,298161,298177,2021-03-04 13:15:00+00:00,2021-03-04 17:15:00+00:00,1717.4850000000001,1705.8540000000003,0.01,16,11.630999999999858,0.45909989020970626,11.171900109790151,1.9210558180363317,4.8914999999997235,12.634500000000116,target,2021
-1,298258,298288,2021-03-05 14:30:00+00:00,2021-03-07 23:00:00+00:00,1699.708,1707.7775000000001,0.01,30,-8.069500000000062,0.5296520013900918,-8.599152001390154,-1.0656362849482728,9.601999999999862,7.833000000000084,stop,2021
1,298289,298320,2021-03-07 23:15:00+00:00,2021-03-08 07:00:00+00:00,1709.31,1702.682,0.01,31,-6.62799999999993,0.5221857630006308,-7.150185763000561,-1.0787848163851292,8.327999999999975,5.0349999999998545,stop,2021
-1,298320,298322,2021-03-08 07:00:00+00:00,2021-03-08 07:30:00+00:00,1703.9665,1698.8105,0.01,2,5.155999999999949,0.46878164728432437,4.687218352715624,1.8181607264219048,0.0,6.7719999999999345,target,2021
1,298414,298419,2021-03-09 07:30:00+00:00,2021-03-09 08:45:00+00:00,1695.1865,1700.3815000000002,0.01,5,5.195000000000164,0.4430899773429166,4.751910022657247,1.8294167555946477,0.2315000000000964,7.671499999999924,target,2021
-1,298627,298628,2021-03-11 14:45:00+00:00,2021-03-11 15:00:00+00:00,1719.495,1726.317,0.01,1,-6.822000000000116,0.43853443805134246,-7.260534438051459,-1.0642823861113069,7.736499999999978,0.0,stop,2021
-1,298671,298686,2021-03-12 02:45:00+00:00,2021-03-12 06:30:00+00:00,1719.7735,1712.0435,0.01,15,7.730000000000019,0.4257928475264772,7.304207152473542,1.889833674637393,0.05649999999991451,9.83549999999991,target,2021
1,298912,298953,2021-03-16 16:00:00+00:00,2021-03-17 03:15:00+00:00,1729.702,1735.4669999999999,0.01,41,5.764999999999873,0.41670054006015894,5.348299459939714,1.855437800499508,1.8129999999998745,6.046500000000151,target,2021
-1,298985,299012,2021-03-17 11:15:00+00:00,2021-03-17 18:00:00+00:00,1730.623,1735.3445000000002,0.01,27,-4.7215000000001055,0.43748867237067335,-5.1589886723707785,-1.0926588313821166,13.004999999999882,6.492999999999938,stop,2021
1,299064,299066,2021-03-18 08:00:00+00:00,2021-03-18 08:30:00+00:00,1740.5149999999999,1736.2220000000002,0.01,2,-4.292999999999665,0.4218091159805535,-4.714809115980219,-1.0982550934033513,4.696999999999889,0.0,stop,2021
-1,299125,299128,2021-03-19 00:15:00+00:00,2021-03-19 01:00:00+00:00,1733.902,1729.83,0.01,3,4.072000000000116,0.44994616731274634,3.62205383268737,1.779004829414178,0.0,5.185500000000047,target,2021
-1,299221,299229,2021-03-22 01:15:00+00:00,2021-03-22 03:15:00+00:00,1734.6955,1739.7,0.01,8,-5.004500000000007,0.4673988989253502,-5.471898898925358,-1.0933957236337994,5.796000000000049,2.0470000000000255,stop,2021
-1,299313,299330,2021-03-23 01:15:00+00:00,2021-03-23 05:30:00+00:00,1734.605,1737.72,0.01,17,-3.115000000000009,0.42774803248336674,-3.542748032483376,-1.137318790524355,3.9004999999999654,3.5305000000000746,stop,2021
-1,299412,299438,2021-03-24 03:00:00+00:00,2021-03-24 09:30:00+00:00,1731.6835,1734.4205,0.01,26,-2.7369999999998527,0.4217995536847862,-3.1587995536846387,-1.1541101767207924,3.1279999999997017,4.439000000000078,stop,2021
1,299496,299498,2021-03-25 01:00:00+00:00,2021-03-25 01:30:00+00:00,1734.7685000000001,1733.1765,0.01,2,-1.5920000000000982,0.4516752321076784,-2.0436752321077765,-1.2837155980575694,1.8380000000001928,0.6430000000000291,stop,2021
1,299623,299626,2021-03-26 09:45:00+00:00,2021-03-26 10:30:00+00:00,1731.4665,1726.8015,0.01,3,-4.664999999999964,0.40989335791485026,-5.074893357914814,-1.0878656715787467,5.744999999999891,0.0,stop,2021
1,299677,299679,2021-03-29 00:15:00+00:00,2021-03-29 00:45:00+00:00,1731.7235,1730.5484999999999,0.01,2,-1.175000000000182,0.42083151400944385,-1.5958315140096258,-1.358154480007982,1.4920000000001892,0.7880000000000109,stop,2021
1,299916,299980,2021-03-31 14:00:00+00:00,2021-04-01 07:00:00+00:00,1698.0149999999999,1717.8349999999996,0.01,64,19.81999999999971,0.4113347695826332,19.408665230417075,1.9584929596788456,1.7699999999999818,20.39350000000013,target,2021
1,300275,300276,2021-04-07 11:45:00+00:00,2021-04-07 12:00:00+00:00,1735.9050000000002,1733.92,0.01,1,-1.9850000000001273,0.421270119616767,-2.4062701196168943,-1.2122267605122115,4.085000000000036,0.0,stop,2021
-1,300325,300326,2021-04-08 01:15:00+00:00,2021-04-08 01:30:00+00:00,1734.4035,1736.2965,0.01,1,-1.893000000000029,0.4252328443209698,-2.318232844320999,-1.224634360444249,2.893000000000029,0.0,stop,2021
1,300444,300445,2021-04-09 08:00:00+00:00,2021-04-09 08:15:00+00:00,1747.65,1746.08,0.01,1,-1.5700000000001637,0.38636454686010757,-1.9563645468602713,-1.246092068063737,3.526500000000169,0.0,stop,2021
-1,300543,300549,2021-04-12 09:45:00+00:00,2021-04-12 11:15:00+00:00,1741.3765,1743.4245,0.01,6,-2.048000000000002,0.3942061361196424,-2.442206136119644,-1.192483464902169,2.6634999999998854,1.0380000000002383,stop,2021
1,300647,300837,2021-04-13 12:45:00+00:00,2021-04-15 14:15:00+00:00,1740.717,1764.1730000000002,0.01,190,23.45600000000013,0.3907480021927198,23.06525199780741,1.9666824691172649,8.063500000000204,24.819499999999834,target,2021
1,301018,301066,2021-04-19 13:30:00+00:00,2021-04-20 02:30:00+00:00,1772.7815,1766.815,0.01,48,-5.966499999999996,0.4212127994491684,-6.387712799449165,-1.0705962958936008,7.101499999999987,4.059499999999844,stop,2021
1,301069,301082,2021-04-20 03:15:00+00:00,2021-04-20 06:30:00+00:00,1773.7885,1768.3535,0.01,13,-5.435000000000173,0.41994307071227105,-5.8549430707124435,-1.0772664343536813,6.440000000000055,1.9329999999999927,stop,2021
1,301285,301288,2021-04-22 11:15:00+00:00,2021-04-22 12:00:00+00:00,1787.4735,1783.8885,0.01,3,-3.585000000000037,0.45515643540666867,-4.040156435406706,-1.1269613487884698,5.150000000000091,1.5864999999998872,stop,2021
1,301337,301354,2021-04-23 01:15:00+00:00,2021-04-23 05:30:00+00:00,1786.8,1783.2945,0.01,17,-3.5054999999999836,0.4372896378722096,-3.942789637872193,-1.1247438704527775,3.990500000000111,2.97849999999994,stop,2021
-1,301448,301472,2021-04-26 06:00:00+00:00,2021-04-26 12:00:00+00:00,1779.9885,1774.5224999999996,0.01,24,5.466000000000349,0.4333847373648319,5.032615262635518,1.8414252698994498,2.258000000000038,7.886999999999944,target,2021
-1,301516,301517,2021-04-27 00:00:00+00:00,2021-04-27 00:15:00+00:00,1780.1084999999998,1781.1985,0.01,1,-1.0900000000001455,0.403188966669009,-1.4931889666691545,-1.3698981345586745,2.2380000000002838,0.0,stop,2021
-1,301672,301680,2021-04-28 16:00:00+00:00,2021-04-28 18:00:00+00:00,1774.4915,1775.6035,0.01,8,-1.1119999999998527,0.44526571142912513,-1.5572657114289779,-1.400418805242072,1.8534999999997126,4.011500000000069,stop,2021
1,301730,301733,2021-04-29 07:30:00+00:00,2021-04-29 08:15:00+00:00,1781.6535,1778.226,0.01,3,-3.427499999999782,0.42536209970116795,-3.85286209970095,-1.1241027278486346,4.378999999999905,0.0,stop,2021
-1,301889,301891,2021-05-03 01:15:00+00:00,2021-05-03 01:45:00+00:00,1770.6435,1771.6865,0.01,2,-1.04300000000012,0.44332660958404063,-1.4863266095841607,-1.4250494818638444,1.5679999999999836,0.18849999999997635,stop,2021
1,302018,302022,2021-05-04 10:30:00+00:00,2021-05-04 11:30:00+00:00,1783.115,1785.9679999999996,0.01,4,2.8529999999996107,0.43336620697259537,2.4196337930270153,1.6962031496861867,1.1814999999999145,3.7264999999999873,target,2021
-1,302080,302082,2021-05-05 03:00:00+00:00,2021-05-05 03:30:00+00:00,1781.09,1782.6485,0.01,2,-1.5585000000000948,0.4272992189092119,-1.9857992189093068,-1.274173383964829,2.3265000000001237,0.0,stop,2021
-1,302488,302512,2021-05-11 13:00:00+00:00,2021-05-11 19:00:00+00:00,1825.98,1836.5549999999998,0.01,24,-10.574999999999818,0.4254190728018424,-11.00041907280166,-1.040228753929253,10.605000000000018,7.941499999999905,stop,2021
-1,302533,302555,2021-05-12 01:15:00+00:00,2021-05-12 06:45:00+00:00,1831.69,1834.5265,0.01,22,-2.8364999999998872,0.4047768719914979,-3.241276871991385,-1.142702933894417,2.873499999999922,5.634999999999991,stop,2021
1,302683,302689,2021-05-13 15:45:00+00:00,2021-05-13 17:15:00+00:00,1825.9165,1823.0535,0.01,6,-2.8630000000000564,0.39234483409039794,-3.2553448340904545,-1.13703976042277,3.6814999999999145,2.9384999999999764,stop,2021
-1,302717,302735,2021-05-14 01:15:00+00:00,2021-05-14 05:45:00+00:00,1822.9885,1826.62,0.01,18,-3.63149999999996,0.4241619331279504,-4.055661933127911,-1.1168007526168127,3.987500000000182,3.194500000000062,stop,2021
1,303024,303025,2021-05-19 09:00:00+00:00,2021-05-19 09:15:00+00:00,1864.2115,1860.0549999999998,0.01,1,-4.156500000000051,0.4165707944045956,-4.5730707944046465,-1.100221531193213,4.626499999999851,0.0,stop,2021
-1,303080,303081,2021-05-20 00:00:00+00:00,2021-05-20 00:15:00+00:00,1864.86,1866.9685,0.01,1,-2.108500000000049,0.49779436070199423,-2.6062943607020435,-1.2360893339824437,4.283000000000129,0.0,stop,2021
-1,303180,303184,2021-05-21 02:00:00+00:00,2021-05-21 03:00:00+00:00,1871.2565,1872.5485,0.01,4,-1.2920000000001437,0.4539374299800865,-1.7459374299802302,-1.3513447600464674,2.311999999999898,0.8330000000000837,stop,2021
-1,303300,303301,2021-05-24 09:00:00+00:00,2021-05-24 09:15:00+00:00,1877.58,1879.395,0.01,1,-1.8150000000000548,0.4339067898581014,-2.248906789858156,-1.2390671018501864,2.5450000000000728,0.12999999999988177,stop,2021
-1,303361,303369,2021-05-25 01:15:00+00:00,2021-05-25 03:15:00+00:00,1876.26,1880.0465,0.01,8,-3.786499999999933,0.38560330290926514,-4.172103302909198,-1.101836340395952,3.816500000000133,3.4954999999999927,stop,2021
-1,303519,303562,2021-05-26 17:45:00+00:00,2021-05-27 05:30:00+00:00,1892.935,1901.3435,0.01,43,-8.408500000000004,0.4293220850182872,-8.83782208501829,-1.0510581060853048,8.490500000000111,0.7384999999999309,stop,2021
-1,303575,303680,2021-05-27 08:45:00+00:00,2021-05-28 12:00:00+00:00,1894.7465,1885.5964999999999,0.01,105,9.150000000000091,0.3955569364335099,8.754443063566582,1.9135394674462283,4.161499999999933,12.413000000000011,target,2021
-1,303684,303685,2021-05-28 13:00:00+00:00,2021-05-28 13:15:00+00:00,1891.51,1896.3400000000001,0.01,1,-4.830000000000155,0.41497330366258695,-5.244973303662742,-1.0859157978597462,5.654999999999973,0.0,stop,2021
1,303843,303849,2021-06-01 10:45:00+00:00,2021-06-01 12:15:00+00:00,1906.5810000000001,1910.4030000000002,0.01,6,3.8220000000001164,0.40206689736942774,3.4199331026306887,1.7896039260233305,1.8895000000002256,4.69399999999996,target,2021
1,303941,303951,2021-06-02 12:15:00+00:00,2021-06-02 14:45:00+00:00,1904.5365,1900.8565,0.01,10,-3.6799999999998363,0.3959676578618866,-4.075967657861723,-1.1075999070276914,3.9149999999997362,4.298500000000104,stop,2021
1,304128,304239,2021-06-04 13:00:00+00:00,2021-06-07 17:45:00+00:00,1886.0095000000001,1897.2785000000003,0.01,111,11.269000000000233,0.39416925593883734,10.874830744061395,1.9300436141736037,4.434500000000298,12.270499999999856,target,2021
-1,304293,304295,2021-06-08 08:15:00+00:00,2021-06-08 08:45:00+00:00,1889.9285,1893.405,0.01,2,-3.4764999999999873,0.38529461488412503,-3.8617946148841122,-1.1108283086104203,3.621499999999969,0.0,stop,2021
-1,304362,304363,2021-06-09 02:30:00+00:00,2021-06-09 02:45:00+00:00,1892.1284999999998,1893.185,0.01,1,-1.0565000000001419,0.4046640523051618,-1.4611640523053038,-1.383023239285478,2.886500000000069,0.0,stop,2021
1,304496,304587,2021-06-10 13:00:00+00:00,2021-06-11 12:45:00+00:00,1891.6350000000002,1884.135,0.01,91,-7.500000000000227,0.40454875216542696,-7.904548752165654,-1.0539398336220553,7.917500000000018,11.430999999999813,stop,2021
-1,304885,304950,2021-06-16 18:15:00+00:00,2021-06-17 11:30:00+00:00,1838.9935,1793.3785000000003,0.01,65,45.61499999999978,0.39873367309818447,45.2162663269016,1.982517431849252,4.3064999999999145,46.688500000000204,target,2021
-1,305150,305173,2021-06-21 15:30:00+00:00,2021-06-21 22:15:00+00:00,1783.455,1786.55,0.01,23,-3.0950000000000273,0.40547519299310036,-3.5004751929931275,-1.1310097554097243,4.329999999999927,1.3699999999998909,stop,2021
-1,305182,305183,2021-06-22 00:30:00+00:00,2021-06-22 00:45:00+00:00,1784.1785,1785.82,0.01,1,-1.6414999999999509,0.4248899287525641,-2.066389928752515,-1.2588424786796082,1.8914999999999509,0.30349999999998545,stop,2021
1,305284,305292,2021-06-23 03:00:00+00:00,2021-06-23 05:00:00+00:00,1782.7714999999998,1780.71,0.01,8,-2.0614999999997963,0.5147998736241334,-2.5762998736239298,-1.2497210155829175,2.9379999999998745,1.1935000000003129,stop,2021
1,305398,305423,2021-06-24 08:30:00+00:00,2021-06-24 14:45:00+00:00,1781.125,1777.19,0.01,25,-3.9349999999999454,0.44785577867041765,-4.382855778670363,-1.1138134126227253,5.184999999999945,6.9155000000000655,stop,2021
-1,305467,305479,2021-06-25 02:45:00+00:00,2021-06-25 05:45:00+00:00,1778.355,1779.6915,0.01,12,-1.3364999999998872,0.48011888462824936,-1.8166188846281366,-1.3592359780234118,2.473500000000058,2.535000000000082,stop,2021
-1,305554,305566,2021-06-28 01:30:00+00:00,2021-06-28 04:30:00+00:00,1774.6750000000002,1780.7265,0.01,12,-6.051499999999805,0.4802604440161936,-6.531760444015999,-1.079362214990698,7.029999999999745,3.5100000000002183,stop,2021
-1,305793,305796,2021-06-30 15:15:00+00:00,2021-06-30 16:00:00+00:00,1765.32,1767.8449999999998,0.01,3,-2.5249999999998636,0.44842638510808547,-2.973426385107949,-1.1775946079636077,3.0150000000001,0.709999999999809,stop,2021
-1,305828,305829,2021-07-01 01:00:00+00:00,2021-07-01 01:15:00+00:00,1766.4050000000002,1768.4115000000002,0.01,1,-2.00649999999996,0.5042195146987379,-2.510719514698698,-1.2512930549208812,4.644999999999754,0.0,stop,2021
-1,306149,306158,2021-07-06 16:15:00+00:00,2021-07-06 18:30:00+00:00,1791.665,1796.73,0.01,9,-5.065000000000055,0.47480309608493904,-5.539803096084993,-1.0937419735606977,5.355000000000018,0.7849999999998545,stop,2021
1,306178,306180,2021-07-07 00:30:00+00:00,2021-07-07 01:00:00+00:00,1795.2150000000001,1797.7170000000006,0.01,2,2.5020000000004075,0.550179914855761,1.9518200851446466,1.5602079017940278,0.650000000000091,2.5949999999998,target,2021
-1,306276,306297,2021-07-08 02:00:00+00:00,2021-07-08 07:15:00+00:00,1799.3249999999998,1801.11,0.01,21,-1.785000000000082,0.476841805266447,-2.261841805266529,-1.2671382662557003,7.530500000000302,2.980000000000018,stop,2021
-1,306362,306365,2021-07-09 00:30:00+00:00,2021-07-09 01:15:00+00:00,1801.47,1803.6550000000002,0.01,3,-2.185000000000173,0.4986716369412207,-2.6836716369413933,-1.2282250054650714,4.104999999999791,2.0399999999999636,stop,2021
-1,306465,306469,2021-07-12 03:15:00+00:00,2021-07-12 04:15:00+00:00,1804.58,1802.3499999999995,0.01,4,2.230000000000473,0.48687062640802453,1.7431293735924485,1.5633447296789944,0.0,2.5299999999999727,target,2021
1,306597,306753,2021-07-13 13:15:00+00:00,2021-07-15 06:15:00+00:00,1810.18,1832.53,0.01,156,22.34999999999991,0.47113797092426074,21.87886202907565,1.9578400026018556,5.539999999999964,22.374999999999773,target,2021
1,306789,306805,2021-07-15 15:15:00+00:00,2021-07-15 19:15:00+00:00,1823.53,1829.9000000000003,0.01,16,6.3700000000003465,0.43924543900965923,5.930754560990687,1.8620893441100046,0.0,6.50850000000014,target,2021
1,306848,306849,2021-07-16 07:00:00+00:00,2021-07-16 07:15:00+00:00,1825.1165,1823.6465,0.01,1,-1.4700000000000273,0.46756429184489756,-1.9375642918449247,-1.3180709468332577,1.6915000000001328,0.0,stop,2021
1,306968,306972,2021-07-19 14:00:00+00:00,2021-07-19 15:00:00+00:00,1815.5549999999998,1810.08,0.01,4,-5.474999999999909,0.4679486833053926,-5.942948683305302,-1.085470079142539,8.414999999999736,0.0,stop,2021
1,307005,307010,2021-07-20 00:15:00+00:00,2021-07-20 01:30:00+00:00,1813.7085000000002,1818.0155000000009,0.01,5,4.3070000000006985,0.4706857845669888,3.8363142154337098,1.7814321873383272,0.8285000000000764,4.511499999999842,target,2021
1,307122,307124,2021-07-21 06:30:00+00:00,2021-07-21 07:00:00+00:00,1812.9989999999998,1811.47,0.01,2,-1.528999999999769,0.47868591129300264,-2.0076859112927714,-1.3130712304075047,2.8174999999996544,0.6420000000002801,stop,2021
1,307250,307288,2021-07-22 15:30:00+00:00,2021-07-23 02:00:00+00:00,1807.7,1804.16,0.01,38,-3.539999999999964,0.45393766910475875,-3.9939376691047226,-1.128230979973097,4.214999999999918,0.9400000000000546,stop,2021
-1,307288,307305,2021-07-23 02:00:00+00:00,2021-07-23 06:15:00+00:00,1804.2314999999999,1806.377,0.01,17,-2.1455000000000837,0.46432207261267866,-2.6098220726127623,-1.2164167199313263,3.423500000000331,2.8114999999997963,stop,2021
1,307378,307426,2021-07-26 01:30:00+00:00,2021-07-26 13:30:00+00:00,1805.1550000000002,1800.49,0.01,48,-4.665000000000191,0.4811092061585964,-5.146109206158787,-1.1031316626277763,5.685000000000173,6.404999999999745,stop,2021
1,307513,307521,2021-07-27 12:15:00+00:00,2021-07-27 14:15:00+00:00,1802.949,1797.93,0.01,8,-5.0190000000000055,0.4382238713830758,-5.457223871383081,-1.0873129849338663,6.653999999999996,2.326000000000022,stop,2021
-1,307556,307560,2021-07-28 00:00:00+00:00,2021-07-28 01:00:00+00:00,1799.81,1800.83,0.01,4,-1.0199999999999818,0.5374567490352464,-1.5574567490352282,-1.5269183814071137,1.1800000000000637,1.6749999999999545,stop,2021
-1,307805,307807,2021-07-30 16:15:00+00:00,2021-07-30 16:45:00+00:00,1820.7,1816.5400000000002,0.01,2,4.1599999999998545,0.42473558530806815,3.735264414691786,1.795800199371114,0.0,6.420000000000073,target,2021
-1,307894,307896,2021-08-02 15:30:00+00:00,2021-08-02 16:00:00+00:00,1814.35,1815.828,0.01,2,-1.4780000000000655,0.42422131480163355,-1.902221314801699,-1.2870238936411467,1.6200000000001182,1.194999999999709,stop,2021
-1,307981,308028,2021-08-03 14:15:00+00:00,2021-08-04 03:00:00+00:00,1811.275,1814.385,0.01,47,-3.1099999999999,0.46491660767036275,-3.5749166076702625,-1.1494908706335618,3.625,2.519999999999982,stop,2021
1,308037,308038,2021-08-04 05:15:00+00:00,2021-08-04 05:30:00+00:00,1814.02,1812.42,0.01,1,-1.599999999999909,0.47448734509217066,-2.0744873450920798,-1.2965545906826235,1.9249999999999545,0.40000000000009095,stop,2021
-1,308141,308153,2021-08-05 08:15:00+00:00,2021-08-05 11:15:00+00:00,1811.27,1814.17,0.01,12,-2.900000000000091,0.4449191370500239,-3.344919137050115,-1.1534203920862103,3.2100000000000364,2.6949999999999363,stop,2021
1,308527,308716,2021-08-11 12:45:00+00:00,2021-08-13 14:00:00+00:00,1747.1550000000002,1769.8850000000007,0.01,189,22.730000000000473,0.45968021926478764,22.270319780735687,1.9595529943453782,8.366500000000087,27.2199999999998,target,2021
1,308908,308940,2021-08-17 16:00:00+00:00,2021-08-18 01:00:00+00:00,1783.07,1787.9299999999996,0.01,32,4.859999999999673,0.45874151660741513,4.401258483392257,1.8112174828775942,0.7899999999999636,5.5815000000000055,target,2021
-1,308982,308983,2021-08-18 11:30:00+00:00,2021-08-18 11:45:00+00:00,1783.04,1785.3465,0.01,1,-2.306500000000142,0.4405111175874744,-2.747011117587616,-1.190986827482093,4.539999999999964,0.0,stop,2021
-1,309031,309035,2021-08-19 00:45:00+00:00,2021-08-19 01:45:00+00:00,1784.7815,1782.6515,0.01,4,2.130000000000109,0.4182510533589506,1.7117489466411586,1.6072760062357474,0.7384999999999309,3.2250000000001364,target,2021
1,309126,309128,2021-08-20 01:30:00+00:00,2021-08-20 02:00:00+00:00,1784.4450000000002,1782.4540000000002,0.01,2,-1.9909999999999854,0.4488667531734553,-2.439866753173441,-1.2254478921011847,2.1340000000000146,0.3999999999996362,stop,2021
1,309220,309264,2021-08-23 02:00:00+00:00,2021-08-23 13:00:00+00:00,1786.355,1801.005,0.01,44,14.650000000000091,0.4478690281387933,14.202130971861298,1.9388574705612573,1.9940000000001419,18.326500000000124,target,2021
-1,309399,309538,2021-08-25 00:45:00+00:00,2021-08-26 12:30:00+00:00,1794.66,1782.2570000000003,0.01,139,12.402999999999793,0.43448074915286633,11.968519250846926,1.929939409956805,3.189999999999827,13.104500000000144,target,2021
-1,309547,309548,2021-08-26 14:45:00+00:00,2021-08-26 15:00:00+00:00,1789.2495,1795.112,0.01,1,-5.862500000000182,0.43969996902315484,-6.302199969023337,-1.075002126912263,8.99850000000015,0.0,stop,2021
1,309626,309631,2021-08-27 11:30:00+00:00,2021-08-27 12:45:00+00:00,1794.9785000000002,1799.2255000000005,0.01,5,4.247000000000298,0.3729758579672026,3.874024142033096,1.8243579665800913,0.7835000000000036,5.754999999999882,target,2021
-1,309816,309818,2021-08-31 13:00:00+00:00,2021-08-31 13:30:00+00:00,1809.04,1812.5985,0.01,2,-3.558500000000095,0.3664361863427424,-3.9249361863428374,-1.1029749013187389,6.275000000000091,6.485000000000127,stop,2021
-1,309863,309864,2021-09-01 01:45:00+00:00,2021-09-01 02:00:00+00:00,1810.67,1813.0365,0.01,1,-2.36649999999986,0.44426137266580484,-2.810761372665665,-1.187729293330163,2.855000000000018,0.0,stop,2021
-1,309961,309971,2021-09-02 03:15:00+00:00,2021-09-02 05:45:00+00:00,1812.4315000000001,1813.4765,0.01,10,-1.0449999999998454,0.4490645657485946,-1.49406456574844,-1.4297268571757522,2.1284999999998035,1.7315000000000964,stop,2021
-1,310046,310047,2021-09-03 01:30:00+00:00,2021-09-03 01:45:00+00:00,1811.1309999999999,1812.42,0.01,1,-1.2890000000002146,0.4492475522875781,-1.7382475522877927,-1.3485240902152857,2.18100000000004,0.0,stop,2021
1,310438,310442,2021-09-09 11:30:00+00:00,2021-09-09 12:30:00+00:00,1799.8029999999999,1796.5865,0.01,4,-3.2164999999999964,0.3974994225750808,-3.6139994225750773,-1.1235813532022638,8.16099999999983,1.1355000000000928,stop,2021
-1,310489,310494,2021-09-10 01:15:00+00:00,2021-09-10 02:30:00+00:00,1793.688,1797.1100000000001,0.01,5,-3.422000000000026,0.4214745290622859,-3.843474529062312,-1.123166139410369,4.588999999999942,0.21600000000012187,stop,2021
1,310632,310672,2021-09-13 14:00:00+00:00,2021-09-14 01:00:00+00:00,1794.42,1789.8795,0.01,40,-4.5405000000000655,0.4032542660137524,-4.943754266013818,-1.088812744414436,4.542000000000144,3.9364999999997963,stop,2021
-1,310679,310690,2021-09-14 02:45:00+00:00,2021-09-14 05:30:00+00:00,1791.03,1792.967,0.01,11,-1.9370000000001255,0.40496599064727795,-2.3419659906474033,-1.2090686580522723,2.231999999999971,0.9100000000000819,stop,2021
-1,310812,310891,2021-09-15 13:00:00+00:00,2021-09-16 09:45:00+00:00,1795.025,1780.855,0.01,79,14.170000000000075,0.38034007892587446,13.7896599210742,1.9463175611960661,5.104499999999916,17.27300000000014,target,2021
-1,311086,311093,2021-09-20 12:30:00+00:00,2021-09-20 14:15:00+00:00,1758.6815000000001,1761.2694999999999,0.01,7,-2.587999999999738,0.3730194998680823,-2.9610194998678203,-1.1441342735193663,7.626499999999851,4.173500000000104,stop,2021
-1,311147,311148,2021-09-21 04:45:00+00:00,2021-09-21 05:00:00+00:00,1760.8600000000001,1761.962,0.01,1,-1.1019999999998618,0.360115260012111,-1.4621152600119727,-1.3267833575427914,1.125,0.0,stop,2021
1,311293,311295,2021-09-22 18:15:00+00:00,2021-09-22 18:45:00+00:00,1786.853,1768.748,0.01,2,-18.105000000000018,0.46757957335720685,-18.572579573357224,-1.025825991348092,21.02300000000014,0.29700000000002547,stop,2021
1,311346,311352,2021-09-23 08:30:00+00:00,2021-09-23 10:00:00+00:00,1769.4915,1775.2145,0.01,6,5.722999999999956,0.38428596246566066,5.338714037534296,1.8657047134490081,2.200000000000273,7.161000000000058,target,2021
1,311501,311529,2021-09-27 01:15:00+00:00,2021-09-27 08:15:00+00:00,1756.31,1753.1970000000001,0.01,28,-3.112999999999829,0.4005646371601537,-3.5135646371599827,-1.1286747951044573,5.232999999999947,4.60550000000012,stop,2021
-1,311597,311602,2021-09-28 02:15:00+00:00,2021-09-28 03:30:00+00:00,1753.1129999999998,1750.3429999999994,0.01,5,2.7700000000004366,0.4012858887556604,2.3687141112447763,1.710262896205345,0.4270000000001346,3.4899999999997817,target,2021
1,311716,311729,2021-09-29 09:00:00+00:00,2021-09-29 12:15:00+00:00,1743.185,1740.3415,0.01,13,-2.843499999999949,0.3910373480181683,-3.2345373480181174,-1.1375197285099967,4.5349999999998545,2.369999999999891,stop,2021
1,311824,311829,2021-09-30 13:00:00+00:00,2021-09-30 14:15:00+00:00,1737.913,1752.7670000000003,0.01,5,14.85400000000027,0.3898003285223826,14.464199671477887,1.9475157764208462,1.7129999999999654,16.999499999999898,target,2021
-1,311988,311990,2021-10-04 08:00:00+00:00,2021-10-04 08:30:00+00:00,1753.4385000000002,1750.0655000000006,0.01,2,3.372999999999592,0.39954474900139125,2.973455250998201,1.7630923516149186,0.6979999999998654,4.513500000000022,target,2021
1,312066,312070,2021-10-05 04:30:00+00:00,2021-10-05 05:30:00+00:00,1759.1915,1757.7765,0.01,4,-1.4149999999999636,0.439631371538785,-1.8546313715387486,-1.3106935487906688,1.6365000000000691,1.4135000000001128,stop,2021
-1,312141,312151,2021-10-06 00:15:00+00:00,2021-10-06 02:45:00+00:00,1758.078,1755.2239999999997,0.01,10,2.854000000000269,0.42565645569737226,2.428343544302897,1.7017123646129417,0.6984999999999673,3.8079999999999927,target,2021
1,312246,312253,2021-10-07 03:30:00+00:00,2021-10-07 05:15:00+00:00,1759.04,1757.875,0.01,7,-1.1649999999999636,0.43033869460848156,-1.5953386946084451,-1.3693894374321844,1.6399999999998727,1.8614999999999782,stop,2021
1,312331,312342,2021-10-08 01:45:00+00:00,2021-10-08 04:30:00+00:00,1759.1415,1757.65,0.01,11,-1.49149999999986,0.4101576133402653,-1.9016576133401253,-1.2749967236609479,2.0314999999998236,1.4449999999999363,stop,2021
1,312423,312429,2021-10-11 01:45:00+00:00,2021-10-11 03:15:00+00:00,1761.0465,1758.255,0.01,6,-2.7914999999998145,0.4161935494583258,-3.2076935494581402,-1.1490931576064314,3.5864999999998872,0.0,stop,2021
1,312517,312528,2021-10-12 02:15:00+00:00,2021-10-12 05:00:00+00:00,1757.01,1759.503,0.01,11,2.492999999999938,0.42247149494853625,2.070528505051402,1.6610738107111538,0.42000000000007276,3.3199999999999363,target,2021
1,312652,312654,2021-10-13 13:00:00+00:00,2021-10-13 13:30:00+00:00,1763.4270000000001,1772.6040000000003,0.01,2,9.177000000000135,0.38540942178989007,8.791590578210245,1.9160053564803565,0.0,16.625,target,2021
-1,312815,312822,2021-10-15 07:45:00+00:00,2021-10-15 09:30:00+00:00,1787.242,1781.6319999999998,0.01,7,5.610000000000127,0.38508799756733464,5.224912002432792,1.8627137263574596,2.7650000000001,6.3689999999999145,target,2021
-1,313026,313084,2021-10-19 14:30:00+00:00,2021-10-20 06:00:00+00:00,1772.22,1777.705,0.01,58,-5.4849999999999,0.3942284549129254,-5.879228454912825,-1.0718739206769248,5.866999999999962,5.2999999999999545,stop,2021
-1,313199,313200,2021-10-21 11:45:00+00:00,2021-10-21 12:00:00+00:00,1777.9180000000001,1780.645,0.01,1,-2.7269999999998618,0.38579578744658805,-3.1127957874464496,-1.1414726026573552,3.0289999999999964,1.375,stop,2021
-1,313308,313309,2021-10-22 16:00:00+00:00,2021-10-22 16:15:00+00:00,1784.93,1788.1999999999998,0.01,1,-3.2699999999997544,0.38977044202580907,-3.6597704420255637,-1.1191958538305316,9.009999999999991,0.0,stop,2021
-1,313482,313484,2021-10-26 13:30:00+00:00,2021-10-26 14:00:00+00:00,1795.75,1787.48,0.01,2,8.269999999999982,0.38947850085730473,7.880521499142677,1.9058093105544607,0.0,11.180000000000064,target,2021
1,313569,313576,2021-10-27 12:15:00+00:00,2021-10-27 14:00:00+00:00,1795.808,1789.258,0.01,7,-6.5499999999999545,0.39387625887248584,-6.94387625887244,-1.0601337799805326,8.516000000000076,2.4600000000000364,stop,2021
1,313616,313619,2021-10-28 01:00:00+00:00,2021-10-28 01:45:00+00:00,1795.4850000000001,1797.7290000000007,0.01,3,2.2440000000005966,0.40456884681583455,1.839431153184762,1.6394217051553235,0.9819999999999709,3.1019999999998618,target,2021
-1,313708,313709,2021-10-29 01:00:00+00:00,2021-10-29 01:15:00+00:00,1797.645,1799.3145,0.01,1,-1.669499999999971,0.45023859870814736,-2.119738598708118,-1.2696846952429799,2.061999999999898,0.0,stop,2021
1,313847,313848,2021-11-01 12:45:00+00:00,2021-11-01 13:00:00+00:00,1790.335,1787.775,0.01,1,-2.5599999999999454,0.39552789005548644,-2.955527890055432,-1.1545030820529278,3.125,0.0,stop,2021
-1,313893,313898,2021-11-02 01:15:00+00:00,2021-11-02 02:30:00+00:00,1789.548,1791.442,0.01,5,-1.8940000000000055,0.39819659927342427,-2.2921965992734297,-1.210241076701913,2.5499999999999545,0.22800000000006548,stop,2021
1,314117,314118,2021-11-04 11:15:00+00:00,2021-11-04 11:30:00+00:00,1780.193,1778.807,0.01,1,-1.3859999999999673,0.3989339986875366,-1.784933998687504,-1.2878311678842325,1.9260000000001583,2.0150000000001,stop,2021
1,314658,314661,2021-11-12 09:30:00+00:00,2021-11-12 10:15:00+00:00,1852.563,1850.462,0.01,3,-2.1010000000001128,0.4326808304514915,-2.5336808304516043,-1.2059404238226883,3.2760000000002947,1.3964999999998327,stop,2021
-1,314861,314989,2021-11-16 14:15:00+00:00,2021-11-18 00:15:00+00:00,1860.4515000000001,1869.145,0.01,128,-8.693499999999858,0.42613148515019755,-9.119631485150055,-1.0490172525622827,9.590999999999894,10.813500000000204,stop,2021
-1,315030,315033,2021-11-18 10:30:00+00:00,2021-11-18 11:15:00+00:00,1860.6550000000002,1863.48,0.01,3,-2.824999999999818,0.4216872989294727,-3.2466872989292908,-1.1492698403290265,2.9229999999997744,0.9530000000002019,stop,2021
-1,315091,315093,2021-11-19 02:45:00+00:00,2021-11-19 03:15:00+00:00,1861.683,1863.105,0.01,2,-1.4220000000000255,0.4413051972492463,-1.8633051972492718,-1.3103412076295629,1.4369999999998981,0.04800000000000182,stop,2021
1,315586,315587,2021-11-26 15:45:00+00:00,2021-11-26 16:00:00+00:00,1800.06,1798.1665,0.01,1,-1.8934999999999036,0.44898367474751594,-2.3424836747474194,-1.2371183917335826,3.7899999999999636,0.0,stop,2021
-1,315616,315629,2021-11-29 03:30:00+00:00,2021-11-29 06:45:00+00:00,1794.6635,1796.7150000000001,0.01,13,-2.0515000000000327,0.471286482373589,-2.522786482373622,-1.2297277515835152,2.0864999999998872,3.38350000000014,stop,2021
1,315717,315723,2021-11-30 05:45:00+00:00,2021-11-30 07:15:00+00:00,1793.8935000000001,1790.4050000000002,0.01,6,-3.4884999999999313,0.476965008112451,-3.9654650081123823,-1.1367249557438615,3.8520000000003165,2.0664999999999054,stop,2021
1,315813,315815,2021-12-01 06:45:00+00:00,2021-12-01 07:15:00+00:00,1788.3765,1786.165,0.01,2,-2.2115000000001146,0.4656158259153872,-2.677115825915502,-1.210542991596366,2.923000000000002,0.9584999999999582,stop,2021
-1,316025,316037,2021-12-03 13:45:00+00:00,2021-12-03 16:45:00+00:00,1769.5935,1778.7475,0.01,12,-9.153999999999996,0.45086546738945754,-9.604865467389454,-1.0492533829352695,11.270500000000084,2.929499999999962,stop,2021
-1,316101,316104,2021-12-06 09:45:00+00:00,2021-12-06 10:30:00+00:00,1778.2245,1781.4635,0.01,3,-3.2390000000000327,0.44307484657663204,-3.682074846576665,-1.136793716139743,3.8304999999998017,0.0,stop,2021
1,316161,316168,2021-12-07 01:45:00+00:00,2021-12-07 03:30:00+00:00,1779.73,1778.5414999999998,0.01,7,-1.1885000000002037,0.45058383469540353,-1.6390838346956071,-1.3791197599455836,1.6310000000000855,1.6784999999999854,stop,2021
1,316296,316298,2021-12-08 12:30:00+00:00,2021-12-08 13:00:00+00:00,1786.05,1783.53,0.01,2,-2.519999999999982,0.4433708593270619,-2.9633708593270436,-1.1759408171932797,3.8949999999997544,0.0,stop,2021
-1,316338,316339,2021-12-09 00:00:00+00:00,2021-12-09 00:15:00+00:00,1783.2585,1784.775,0.01,1,-1.5165000000001783,0.47351593233458095,-1.9900159323347593,-1.3122426194095123,2.3015000000000327,0.0,stop,2021
1,316486,316668,2021-12-10 14:00:00+00:00,2021-12-14 13:30:00+00:00,1785.385,1776.4065,0.01,182,-8.97849999999994,0.43194540551550253,-9.410445405515443,-1.0481088606688762,11.636999999999944,6.203499999999849,stop,2021
1,316787,316856,2021-12-15 20:15:00+00:00,2021-12-16 14:30:00+00:00,1776.31,1791.9499999999998,0.01,69,15.639999999999873,0.4229422772648878,15.217057722734985,1.9459153098126738,0.724999999999909,16.798499999999876,target,2021
1,316974,317005,2021-12-17 21:00:00+00:00,2021-12-20 05:45:00+00:00,1798.3565,1803.3465000000003,0.01,31,4.9900000000002365,0.4317151425731135,4.558284857427123,1.826967878728219,0.8315000000000055,5.414999999999736,target,2021
1,317016,317024,2021-12-20 08:30:00+00:00,2021-12-20 10:30:00+00:00,1799.1245,1797.455,0.01,8,-1.669499999999971,0.4015766890100773,-2.0710766890100483,-1.2405371003354804,2.2604999999998654,3.2885000000001128,stop,2021
1,317107,317133,2021-12-21 08:15:00+00:00,2021-12-21 14:45:00+00:00,1795.545,1792.44,0.01,26,-3.105000000000018,0.4111799217835747,-3.5161799217835927,-1.1324250955824708,3.3850000000002183,5.0349999999998545,stop,2021
1,317217,317220,2021-12-22 12:45:00+00:00,2021-12-22 13:30:00+00:00,1793.1685000000002,1791.357,0.01,3,-1.811500000000251,0.4190199216815577,-2.230519921681809,-1.2313110249414847,2.26700000000028,0.4799999999997908,stop,2021
-1,317404,317405,2021-12-27 13:30:00+00:00,2021-12-27 13:45:00+00:00,1803.6644999999999,1806.775,0.01,1,-3.110500000000229,0.42603044766613213,-3.5365304476663613,-1.136965262069153,5.602000000000089,0.0,stop,2021
1,317507,317516,2021-12-28 16:15:00+00:00,2021-12-28 18:30:00+00:00,1811.5349999999999,1809.378,0.01,9,-2.1569999999999254,0.423890514030083,-2.5808905140300085,-1.196518550778905,4.1099999999999,0.6570000000001528,stop,2021
1,317608,317609,2021-12-29 18:30:00+00:00,2021-12-29 18:45:00+00:00,1805.64,1803.8885,0.01,1,-1.7515000000000784,0.4261533790018367,-2.177653379001915,-1.243307667143487,2.02150000000006,0.0,stop,2021
-1,317626,317629,2021-12-30 00:00:00+00:00,2021-12-30 00:45:00+00:00,1804.455,1805.615,0.01,3,-1.1600000000000819,0.41787781064798457,-1.5778778106480664,-1.3602394919378924,1.1800000000000637,3.136500000000069,stop,2021
-1,317863,318047,2022-01-03 13:15:00+00:00,2022-01-05 13:15:00+00:00,1813.487,1822.07,0.01,184,-8.582999999999856,0.43295888313295033,-9.015958883132807,-1.0504437706085237,9.252500000000055,15.129500000000007,stop,2022
-1,318073,318119,2022-01-05 19:45:00+00:00,2022-01-06 08:15:00+00:00,1812.768,1798.5640000000003,0.01,46,14.203999999999725,0.4364338913564291,13.767566108643296,1.9385477483305493,1.5619999999998981,16.078500000000076,target,2022
-1,318252,318270,2022-01-07 18:30:00+00:00,2022-01-10 00:00:00+00:00,1796.5814999999998,1792.6444999999994,0.01,18,3.937000000000353,0.43991570968562604,3.497084290314727,1.7765223725244672,1.5885000000002947,4.366499999999633,target,2022
1,318306,318311,2022-01-10 09:00:00+00:00,2022-01-10 10:15:00+00:00,1796.5549999999998,1800.4249999999997,0.01,5,3.869999999999891,0.4134352591058973,3.4565647408939935,1.7863383673871271,0.013500000000021828,4.110000000000127,target,2022
-1,318606,318615,2022-01-13 15:00:00+00:00,2022-01-13 17:15:00+00:00,1818.0520000000001,1821.0945,0.01,9,-3.042499999999791,0.3990147051092945,-3.4415147051090855,-1.131146986067156,3.435999999999922,5.667000000000144,stop,2022
1,318641,318644,2022-01-14 00:45:00+00:00,2022-01-14 01:30:00+00:00,1820.842,1823.2220000000002,0.01,3,2.380000000000109,0.4621977897252083,1.9178022102749008,1.6115984960292544,0.43699999999989814,3.780999999999949,target,2022
-1,318750,318752,2022-01-17 05:00:00+00:00,2022-01-17 05:30:00+00:00,1819.2649999999999,1820.295,0.01,2,-1.0300000000002,0.42363501322936864,-1.4536350132295688,-1.4112961293488218,1.3350000000000364,0.974999999999909,stop,2022
1,318813,318820,2022-01-18 01:45:00+00:00,2022-01-18 03:30:00+00:00,1821.772,1819.262,0.01,7,-2.509999999999991,0.42751802648341736,-2.937518026483408,-1.1703259069655054,5.936999999999898,1.0509999999999309,stop,2022
-1,318934,318935,2022-01-19 09:00:00+00:00,2022-01-19 09:15:00+00:00,1814.567,1816.107,0.01,1,-1.5399999999999636,0.41038041410101905,-1.9503804141009826,-1.2664807883772913,2.163000000000011,0.0,stop,2022
-1,319133,319134,2022-01-21 12:45:00+00:00,2022-01-21 13:00:00+00:00,1833.905,1836.4834999999998,0.01,1,-2.578499999999849,0.4083132463758741,-2.986813246375723,-1.1583530139134761,6.214999999999918,0.0,stop,2022
1,319172,319174,2022-01-23 23:30:00+00:00,2022-01-24 00:00:00+00:00,1836.38,1834.0045,0.01,2,-2.375500000000102,0.5240691754071871,-2.899569175407289,-1.2206142603271584,3.1480000000001382,0.0,stop,2022
-1,319174,319180,2022-01-24 00:00:00+00:00,2022-01-24 01:30:00+00:00,1834.1219999999998,1835.94,0.01,6,-1.818000000000211,0.4827735518800439,-2.300773551880255,-1.2655520087348668,2.3300000000001546,1.5399999999999636,stop,2022
-1,319304,319312,2022-01-25 09:30:00+00:00,2022-01-25 11:30:00+00:00,1837.5085,1839.3400000000001,0.01,8,-1.8315000000002328,0.4093407219799758,-2.2408407219802084,-1.223500257701296,2.14449999999988,2.5284999999998945,stop,2022
-1,319406,319407,2022-01-26 12:00:00+00:00,2022-01-26 12:15:00+00:00,1842.892,1845.2469999999998,0.01,1,-2.354999999999791,0.41239018920257825,-2.767390189202369,-1.1751126068800912,2.509999999999991,0.0,stop,2022
1,319692,319693,2022-01-31 14:30:00+00:00,2022-01-31 14:45:00+00:00,1797.8715,1795.7065,0.01,1,-2.1649999999999636,0.40559028331628716,-2.5705902833162506,-1.1873396227788886,2.61649999999986,1.4335000000000946,stop,2022
-1,319741,319744,2022-02-01 03:45:00+00:00,2022-02-01 04:30:00+00:00,1796.0349999999999,1798.0349999999999,0.01,3,-2.0,0.4435388352873825,-2.4435388352873826,-1.2217694176436913,2.415000000000191,0.0,stop,2022
1,319821,319827,2022-02-02 00:45:00+00:00,2022-02-02 02:15:00+00:00,1800.6465,1799.565,0.01,6,-1.0815000000000055,0.44855980974711535,-1.5300598097471207,-1.414757105637645,1.4049999999999727,1.0534999999999854,stop,2022
1,319941,319942,2022-02-03 07:45:00+00:00,2022-02-03 08:00:00+00:00,1804.7065,1803.17,0.01,1,-1.5364999999999327,0.4259711986716184,-1.962471198671551,-1.2772347534472093,1.9200000000000728,0.0,stop,2022
-1,320057,320098,2022-02-04 13:45:00+00:00,2022-02-07 01:00:00+00:00,1796.5,1813.6215,0.01,41,-17.12149999999997,0.44519120642294036,-17.56669120642291,-1.0260018810514815,18.8900000000001,4.288500000000113,stop,2022
1,320429,320463,2022-02-10 14:45:00+00:00,2022-02-11 00:15:00+00:00,1832.315,1825.67,0.01,34,-6.644999999999982,0.4125009829979646,-7.057500982997946,-1.0620768973661348,7.525000000000091,9.670000000000073,stop,2022
1,320511,320517,2022-02-11 12:15:00+00:00,2022-02-11 13:45:00+00:00,1828.3580000000002,1825.7669999999998,0.01,6,-2.5910000000003492,0.40059966614390924,-2.9915996661442583,-1.1546119900207854,3.3880000000001473,5.071999999999662,stop,2022
-1,320683,320695,2022-02-15 09:15:00+00:00,2022-02-15 12:15:00+00:00,1856.58,1846.1,0.01,12,10.480000000000018,0.42620405666697453,10.053795943333043,1.9186633479643178,3.2150000000001455,11.970000000000027,target,2022
1,320766,320767,2022-02-16 07:00:00+00:00,2022-02-16 07:15:00+00:00,1856.118,1854.8899999999999,0.01,1,-1.2280000000000655,0.42556035598926206,-1.6535603559893275,-1.3465475211638758,1.89449999999988,0.0,stop,2022
1,321041,321042,2022-02-21 06:45:00+00:00,2022-02-21 07:00:00+00:00,1890.21,1888.8625,0.01,1,-1.3475000000000819,0.44460371520665376,-1.7921037152067356,-1.329947098483582,2.472500000000082,0.0,stop,2022
1,321133,321137,2022-02-22 09:15:00+00:00,2022-02-22 10:15:00+00:00,1900.22,1896.4250000000002,0.01,4,-3.794999999999846,0.4146806627521166,-4.209680662751962,-1.1092702668648573,5.415000000000191,1.8624999999999545,stop,2022
1,321189,321207,2022-02-23 00:15:00+00:00,2022-02-23 04:45:00+00:00,1899.145,1897.94,0.01,18,-1.2049999999999272,0.4477314382533722,-1.6527314382532994,-1.3715613595463894,2.7170000000000982,2.230000000000018,stop,2022
1,321343,321348,2022-02-24 15:45:00+00:00,2022-02-24 17:00:00+00:00,1928.9434999999999,1919.56,0.01,5,-9.383499999999913,0.45643159129663885,-9.839931591296551,-1.0486419343844666,12.21349999999984,1.3865000000000691,stop,2022
-1,321377,321418,2022-02-25 01:15:00+00:00,2022-02-25 11:30:00+00:00,1912.47,1894.2100000000003,0.01,41,18.259999999999764,0.4769448699285353,17.78305513007123,1.9477606933265563,8.914999999999964,19.600000000000136,target,2022
-1,321463,321466,2022-02-27 23:45:00+00:00,2022-02-28 00:30:00+00:00,1904.945,1915.34,0.01,3,-10.394999999999982,0.601756984818584,-10.996756984818566,-1.0578890798286278,10.914999999999964,0.0,stop,2022
-1,321478,321481,2022-02-28 03:30:00+00:00,2022-02-28 04:15:00+00:00,1906.3325,1910.085,0.01,3,-3.7525000000000546,0.49646164372261903,-4.248961643722674,-1.1323015706122883,4.162499999999909,0.13249999999993634,stop,2022
-1,321559,321564,2022-03-01 00:45:00+00:00,2022-03-01 02:00:00+00:00,1905.375,1901.9350000000004,0.01,5,3.4399999999996,0.4455149051757045,2.9944850948238955,1.7409797062931651,0.6075000000000728,3.9149999999999636,target,2022
1,321692,321701,2022-03-02 11:00:00+00:00,2022-03-02 13:15:00+00:00,1927.2595000000001,1923.3285,0.01,9,-3.93100000000004,0.4370987613196383,-4.368098761319678,-1.111192765535394,4.4995000000001255,3.3339999999998327,stop,2022
-1,321759,321765,2022-03-03 04:45:00+00:00,2022-03-03 06:15:00+00:00,1924.01,1927.5745000000002,0.01,6,-3.56450000000018,0.44764470603103496,-4.012144706031215,-1.1255841509415099,4.162000000000035,1.9060000000001764,stop,2022
1,321979,322042,2022-03-07 13:45:00+00:00,2022-03-08 06:30:00+00:00,1974.5685,2001.5665000000001,0.01,63,26.99800000000005,0.4713800128552837,26.526619987144766,1.9650803753718584,6.697499999999991,35.66650000000004,target,2022
-1,322151,322158,2022-03-09 10:45:00+00:00,2022-03-09 12:30:00+00:00,2013.605,2019.23,0.01,7,-5.625,0.44746281976471647,-6.072462819764716,-1.0795489457359495,7.904999999999973,5.625,stop,2022
1,322244,322255,2022-03-10 11:00:00+00:00,2022-03-10 13:45:00+00:00,2000.25,1994.375,0.01,11,-5.875,0.5254946308549389,-6.400494630854939,-1.0894458946136067,8.465000000000146,8.926999999999907,stop,2022
-1,322381,322433,2022-03-13 22:15:00+00:00,2022-03-14 11:15:00+00:00,1979.03,1956.1789999999999,0.01,52,22.851000000000113,0.6930071067340979,22.157992893266016,1.9393455772846622,4.932000000000016,24.230000000000018,target,2022
-1,322653,322669,2022-03-16 20:15:00+00:00,2022-03-17 01:15:00+00:00,1925.745,1929.5575,0.01,16,-3.8125,0.5581388817074864,-4.370638881707486,-1.1463970837265538,4.970000000000255,4.3449999999998,stop,2022
-1,322669,322670,2022-03-17 01:15:00+00:00,2022-03-17 01:30:00+00:00,1926.5,1928.885,0.01,1,-2.384999999999991,0.5419235345162406,-2.9269235345162317,-1.2272216077636238,7.605000000000018,0.0,stop,2022
-1,322768,322790,2022-03-18 03:00:00+00:00,2022-03-18 08:30:00+00:00,1932.92,1936.56,0.01,22,-3.6399999999998727,0.5247692372198082,-4.164769237219681,-1.1441673728625896,4.342499999999973,6.105000000000018,stop,2022
1,322904,322923,2022-03-21 14:00:00+00:00,2022-03-21 18:45:00+00:00,1930.56,1940.335,0.01,19,9.775000000000091,0.45584657453470684,9.319153425465384,1.9067321586629764,3.512499999999818,10.774499999999989,target,2022
-1,322943,322944,2022-03-22 00:45:00+00:00,2022-03-22 01:00:00+00:00,1930.0175,1933.1275,0.01,1,-3.1100000000001273,0.5576138507258661,-3.6676138507259934,-1.1792970581112037,3.2625000000000455,0.0,stop,2022
1,323068,323076,2022-03-23 09:00:00+00:00,2022-03-23 11:00:00+00:00,1926.3925,1934.0375,0.01,8,7.644999999999983,0.47051267831537064,7.174487321684612,1.8769096982824405,0.0,8.697999999999865,target,2022
-1,323270,323272,2022-03-25 13:30:00+00:00,2022-03-25 14:00:00+00:00,1946.335,1953.2535,0.01,2,-6.9184999999999945,0.4399916283408623,-7.358491628340857,-1.0635963905963521,7.6599999999998545,0.21000000000003638,stop,2022
1,323511,323512,2022-03-30 04:45:00+00:00,2022-03-30 05:00:00+00:00,1926.344,1924.3865,0.01,1,-1.9574999999999818,0.5387540951799211,-2.496254095179903,-1.2752255914073698,2.59900000000016,0.3910000000000764,stop,2022
-1,323592,323601,2022-03-31 02:00:00+00:00,2022-03-31 04:15:00+00:00,1926.96,1922.621,0.01,9,4.338999999999942,0.5290417961356557,3.8099582038642863,1.7561457496493835,1.0450000000000728,6.231499999999869,target,2022
-1,323704,323712,2022-04-01 07:00:00+00:00,2022-04-01 09:00:00+00:00,1931.6599999999999,1934.085,0.01,8,-2.425000000000182,0.458384852627869,-2.8833848526280508,-1.1890246814960141,4.362500000000182,2.152499999999918,stop,2022
1,323796,323913,2022-04-04 07:00:00+00:00,2022-04-05 13:15:00+00:00,1928.9724999999999,1938.7604999999994,0.01,117,9.787999999999556,0.4592631707878737,9.328736829211682,1.9061579136109736,4.762499999999818,10.292500000000246,target,2022
-1,323919,323980,2022-04-05 14:45:00+00:00,2022-04-06 07:00:00+00:00,1928.0349999999999,1915.9099999999999,0.01,61,12.125,0.47419212270867944,11.65080787729132,1.921782742645991,5.025000000000091,12.804999999999836,target,2022
1,323988,323989,2022-04-06 09:00:00+00:00,2022-04-06 09:15:00+00:00,1926.55,1930.1200000000001,0.01,1,3.570000000000164,0.4802936185008669,3.089706381499297,1.7309279448174537,0.0,7.024999999999864,target,2022
1,324046,324047,2022-04-07 00:30:00+00:00,2022-04-07 00:45:00+00:00,1927.3519999999999,1925.0484999999999,0.01,1,-2.3034999999999854,0.48698302162377904,-2.7904830216237646,-1.2114100376052885,2.5384999999998854,0.0,stop,2022
1,324157,324160,2022-04-08 05:15:00+00:00,2022-04-08 06:00:00+00:00,1929.438,1932.804,0.01,3,3.3659999999999854,0.44722225471941296,2.9187777452805723,1.7342707933930985,0.0,3.5670000000000073,target,2022
1,324297,324304,2022-04-11 17:15:00+00:00,2022-04-11 19:00:00+00:00,1944.118,1950.534,0.01,7,6.416000000000167,0.41807875384987686,5.99792124615029,1.8696761989246053,0.27299999999991087,8.807000000000244,target,2022
-1,324541,324547,2022-04-14 09:15:00+00:00,2022-04-14 10:45:00+00:00,1968.922,1972.438,0.01,6,-3.516000000000077,0.42077792566401606,-3.936777925664093,-1.11967517794767,6.1030000000000655,1.606999999999971,stop,2022
-1,324667,324739,2022-04-18 17:45:00+00:00,2022-04-19 12:45:00+00:00,1978.595,1969.5890000000002,0.01,72,9.005999999999858,0.41899153117762006,8.587008468822239,1.9069528023145401,3.884999999999991,13.845000000000027,target,2022
-1,324739,324764,2022-04-19 12:45:00+00:00,2022-04-19 19:00:00+00:00,1970.04,1949.7839999999997,0.01,25,20.256000000000313,0.42711822349568085,19.82888177650463,1.9578279795126703,0.0,20.409999999999854,target,2022
1,324950,324956,2022-04-21 19:30:00+00:00,2022-04-21 22:00:00+00:00,1953.2350000000001,1950.795,0.01,6,-2.4400000000000546,0.5170150913187866,-2.957015091318841,-1.2118914308683504,2.880000000000109,0.0,stop,2022
-1,324970,324988,2022-04-22 01:30:00+00:00,2022-04-22 06:00:00+00:00,1950.828,1953.438,0.01,18,-2.6100000000001273,0.47431540840112246,-3.08431540840125,-1.1817300415329883,4.874000000000024,4.851000000000113,stop,2022
-1,325290,325292,2022-04-27 12:30:00+00:00,2022-04-27 13:00:00+00:00,1902.6335,1893.8784999999998,0.01,2,8.75500000000011,0.4518884230459405,8.30311157695417,1.8967702060431904,0.17399999999997817,9.893499999999904,target,2022
-1,325388,325408,2022-04-28 14:00:00+00:00,2022-04-28 19:00:00+00:00,1888.1425,1893.1129999999998,0.01,20,-4.970499999999902,0.4316477042644877,-5.402147704264389,-1.0868419081107525,6.980000000000018,4.882499999999936,stop,2022
-1,325502,325519,2022-04-29 19:30:00+00:00,2022-05-02 00:45:00+00:00,1900.29,1891.855,0.01,17,8.434999999999945,0.4662080538880522,7.968791946111893,1.8894586712772838,0.0,11.232500000000073,target,2022
1,325666,325672,2022-05-03 14:30:00+00:00,2022-05-03 16:00:00+00:00,1874.9575,1870.643,0.01,6,-4.314499999999953,0.41907347930192695,-4.73357347930188,-1.0971314125163822,5.4099999999998545,3.2145000000000437,stop,2022
1,325731,325733,2022-05-04 07:45:00+00:00,2022-05-04 08:15:00+00:00,1871.4145,1869.4325,0.01,2,-1.9820000000001983,0.44101404758900714,-2.4230140475892052,-1.222509610287065,2.709500000000162,0.7634999999997945,stop,2022
1,325920,325934,2022-05-06 09:00:00+00:00,2022-05-06 12:30:00+00:00,1881.859,1886.5989999999997,0.01,14,4.739999999999782,0.4571411461467061,4.282858853853075,1.807113440444419,1.2390000000000327,8.301000000000158,target,2022
-1,325971,325986,2022-05-08 22:45:00+00:00,2022-05-09 02:30:00+00:00,1881.12,1874.6599999999999,0.01,15,6.460000000000036,0.5041414330034029,5.955858566996634,1.8439190609896594,1.6600000000000819,7.319999999999936,target,2022
-1,326201,326202,2022-05-11 10:15:00+00:00,2022-05-11 10:30:00+00:00,1851.922,1853.51,0.01,1,-1.5879999999999654,0.45267028554823324,-2.040670285548199,-1.2850568548792465,2.367999999999938,0.0,stop,2022
1,326253,326267,2022-05-12 00:15:00+00:00,2022-05-12 03:45:00+00:00,1854.8775,1851.955,0.01,14,-2.9225000000001273,0.489480672169661,-3.4119806721697885,-1.167486970802272,2.9674999999999727,3.9780000000000655,stop,2022
-1,326508,326511,2022-05-16 18:00:00+00:00,2022-05-16 18:45:00+00:00,1816.3400000000001,1818.165,0.01,3,-1.824999999999818,0.44882232109852566,-2.273822321098344,-1.245930038958121,6.7999999999999545,1.8550000000000182,stop,2022
-1,326587,326602,2022-05-17 14:45:00+00:00,2022-05-17 18:30:00+00:00,1820.9050000000002,1813.9500000000003,0.01,15,6.954999999999928,0.440884280306274,6.514115719693654,1.8732180358572887,2.3244999999997162,7.192500000000109,target,2022
1,326660,326662,2022-05-18 10:00:00+00:00,2022-05-18 10:30:00+00:00,1819.8875,1818.33,0.01,2,-1.5575000000001182,0.4199394560497151,-1.9774394560498334,-1.269624048828047,1.8599999999999,0.07750000000010004,stop,2022
-1,326732,326746,2022-05-19 05:00:00+00:00,2022-05-19 08:30:00+00:00,1814.8449999999998,1817.4450000000002,0.01,14,-2.600000000000364,0.4546927796449973,-3.054692779645361,-1.1748818383249744,2.884000000000242,3.85149999999976,stop,2022
1,326861,326865,2022-05-20 14:15:00+00:00,2022-05-20 15:15:00+00:00,1836.7350000000001,1845.4250000000002,0.01,4,8.690000000000055,0.44077877168205765,8.249221228317998,1.8985549432262245,0.5720000000001164,9.911000000000058,target,2022
1,327107,327113,2022-05-25 06:45:00+00:00,2022-05-25 08:15:00+00:00,1858.74,1856.2649999999999,0.01,6,-2.4750000000001364,0.4280312672571374,-2.903031267257274,-1.1729419261644904,3.6299999999998818,1.4199999999998454,stop,2022
-1,327231,327248,2022-05-26 14:45:00+00:00,2022-05-26 19:00:00+00:00,1848.8485,1852.4795,0.01,17,-3.630999999999858,0.4269219401513357,-4.057921940151194,-1.1175769595569685,4.983999999999924,4.813000000000102,stop,2022
-1,327266,327267,2022-05-27 00:30:00+00:00,2022-05-27 00:45:00+00:00,1850.8249999999998,1848.7909999999993,0.01,1,2.0340000000005602,0.49048700613024326,1.543512993870317,1.5177118917108081,0.0,2.3749999999997726,target,2022
1,327363,327439,2022-05-30 01:45:00+00:00,2022-05-31 00:15:00+00:00,1856.7875,1850.9150000000002,0.01,76,-5.872499999999718,0.4680365607836943,-6.340536560783413,-1.0796997123514205,8.404500000000098,7.25,stop,2022
-1,327462,327463,2022-05-31 06:00:00+00:00,2022-05-31 06:15:00+00:00,1853.0675,1854.5575,0.01,1,-1.4899999999997817,0.4368439294258377,-1.9268439294256194,-1.293183845252283,2.299999999999727,0.1675000000000182,stop,2022
1,327582,327587,2022-06-01 13:00:00+00:00,2022-06-01 14:15:00+00:00,1844.795,1840.545,0.01,5,-4.25,0.4271284343842001,-4.6771284343842,-1.1005008080904002,5.454999999999927,4.3624999999999545,stop,2022
1,327631,327633,2022-06-02 02:15:00+00:00,2022-06-02 02:45:00+00:00,1845.95,1844.438,0.01,2,-1.5119999999999436,0.47162122622001196,-1.9836212262199555,-1.3119188004100724,1.8250000000000455,0.0,stop,2022
-1,327766,327767,2022-06-03 13:00:00+00:00,2022-06-03 13:15:00+00:00,1857.6599999999999,1861.3649999999998,0.01,1,-3.7049999999999272,0.4527537870193875,-4.157753787019315,-1.122200752231956,4.472500000000309,0.0,stop,2022
-1,327856,327866,2022-06-06 12:30:00+00:00,2022-06-06 15:00:00+00:00,1852.628,1843.7489999999996,0.01,10,8.87900000000036,0.4479388665927006,8.43106113340766,1.8991015054414502,2.026500000000169,9.925500000000056,target,2022
1,327941,327945,2022-06-07 10:45:00+00:00,2022-06-07 11:45:00+00:00,1850.08,1847.385,0.01,4,-2.6949999999999363,0.4099098516421665,-3.1049098516421028,-1.1521001304794716,2.741999999999962,1.0625,stop,2022
1,327996,327997,2022-06-08 01:30:00+00:00,2022-06-08 01:45:00+00:00,1850.3725,1849.0149999999999,0.01,1,-1.3575000000000728,0.45014764202822727,-1.8076476420283,-1.3316004729489526,1.8644999999999072,0.0,stop,2022
1,328107,328108,2022-06-09 06:15:00+00:00,2022-06-09 06:30:00+00:00,1852.2069999999999,1851.135,0.01,1,-1.071999999999889,0.43431066004077296,-1.506310660040662,-1.4051405410828526,2.64449999999988,0.0,stop,2022
1,328233,328238,2022-06-10 14:45:00+00:00,2022-06-10 16:00:00+00:00,1850.365,1869.4450000000004,0.01,5,19.080000000000382,0.4215557897108678,18.658444210289513,1.9558117620848154,0.0,20.3599999999999,target,2022
1,328298,328299,2022-06-13 08:00:00+00:00,2022-06-13 08:15:00+00:00,1857.687,1855.895,0.01,1,-1.7919999999999163,0.4282686156976592,-2.2202686156975755,-1.2389891828670085,3.162499999999909,0.0,stop,2022
1,328489,328495,2022-06-15 09:45:00+00:00,2022-06-15 11:15:00+00:00,1826.128,1832.358,0.01,6,6.230000000000018,0.412805947677845,5.817194052322173,1.8674780264276585,2.5379999999997835,6.527000000000271,target,2022
-1,328571,328572,2022-06-16 07:15:00+00:00,2022-06-16 07:30:00+00:00,1827.51,1830.2575000000002,0.01,1,-2.747500000000173,0.559112899500914,-3.306612899501087,-1.2034987805280724,3.270000000000209,0.5,stop,2022
1,328692,328710,2022-06-17 14:30:00+00:00,2022-06-17 19:00:00+00:00,1841.7425,1836.738,0.01,18,-5.004500000000007,0.45426149052899834,-5.458761490529006,-1.090770604561694,7.866999999999962,3.2894999999998618,stop,2022
-1,328722,328729,2022-06-19 23:00:00+00:00,2022-06-20 00:45:00+00:00,1838.8225,1840.2675,0.01,7,-1.4449999999999363,0.5002683625050641,-1.9452683625050005,-1.346206479242274,1.727500000000191,1.7025000000001,stop,2022
1,328730,328731,2022-06-20 01:00:00+00:00,2022-06-20 01:15:00+00:00,1840.5500000000002,1837.725,0.01,1,-2.825000000000273,0.4905831828288153,-3.315583182829088,-1.1736577638331922,3.1000000000001364,1.4024999999996908,stop,2022
1,328810,328826,2022-06-21 00:30:00+00:00,2022-06-21 04:30:00+00:00,1840.7849999999999,1838.737,0.01,16,-2.0479999999997744,0.4399548156218981,-2.4879548156216726,-1.2148216873154036,2.5974999999998545,1.7050000000001546,stop,2022
1,328996,328997,2022-06-23 01:00:00+00:00,2022-06-23 01:15:00+00:00,1836.1550000000002,1838.315000000001,0.01,1,2.160000000000764,0.498654185129837,1.661345814870927,1.538283161916981,0.686500000000251,2.619999999999891,target,2022
-1,329116,329136,2022-06-24 08:00:00+00:00,2022-06-24 13:00:00+00:00,1827.307,1818.1830000000002,0.01,20,9.123999999999796,0.4342939223057614,8.689706077694035,1.904801858328415,2.3704999999999927,10.307000000000016,target,2022
-1,329179,329180,2022-06-27 00:45:00+00:00,2022-06-27 01:00:00+00:00,1828.415,1829.6475,0.01,1,-1.2325000000000728,0.5019692578519667,-1.7344692578520395,-1.4072772883180018,3.537499999999909,0.0,stop,2022
-1,329296,329302,2022-06-28 07:00:00+00:00,2022-06-28 08:30:00+00:00,1827.1125000000002,1829.2175,0.01,6,-2.104999999999791,0.4101168808003543,-2.515116880800145,-1.1948298721142019,2.3024999999997817,1.2475000000001728,stop,2022
-1,329415,329498,2022-06-29 13:45:00+00:00,2022-06-30 11:30:00+00:00,1821.9450000000002,1803.6410000000005,0.01,83,18.303999999999633,0.41339182655633877,17.890608173443294,1.9548304385318678,0.13499999999976353,18.822000000000116,target,2022
1,329504,329505,2022-06-30 13:00:00+00:00,2022-06-30 13:15:00+00:00,1823.78,1818.087,0.01,1,-5.692999999999984,0.4155934912600067,-6.10859349125999,-1.0730007889091882,8.836999999999989,0.0,stop,2022
1,329605,329611,2022-07-01 15:15:00+00:00,2022-07-01 16:45:00+00:00,1808.745,1800.6705000000002,0.01,6,-8.074499999999716,0.4130420199337668,-8.487542019933484,-1.0511538819659152,9.712999999999965,0.11650000000008731,stop,2022
-1,329641,329643,2022-07-04 01:15:00+00:00,2022-07-04 01:45:00+00:00,1805.9070000000002,1808.3400000000001,0.01,2,-2.4329999999999927,0.47425667647712993,-2.9072566764771226,-1.194926706320235,2.712999999999738,0.33700000000021646,stop,2022
-1,329720,329722,2022-07-05 00:30:00+00:00,2022-07-05 01:00:00+00:00,1806.988,1808.3449999999998,0.01,2,-1.3569999999997435,0.4552996800725404,-1.812299680072284,-1.3355192926106312,3.4269999999999072,0.0,stop,2022
1,330053,330055,2022-07-08 14:45:00+00:00,2022-07-08 15:15:00+00:00,1748.652,1743.658,0.01,2,-4.994000000000142,0.38573197332759607,-5.379731973327738,-1.0772390815633932,5.142499999999927,0.21500000000014552,stop,2022
-1,330213,330223,2022-07-12 08:45:00+00:00,2022-07-12 11:15:00+00:00,1734.888,1739.1985,0.01,10,-4.310500000000047,0.4182098975665833,-4.72870989756663,-1.0970212034721212,4.541999999999916,3.2959999999998217,stop,2022
-1,330316,330320,2022-07-13 11:30:00+00:00,2022-07-13 12:30:00+00:00,1730.03,1726.2299999999998,0.01,4,3.800000000000182,0.4367268697389415,3.3632731302612404,1.7701437527689892,0.34149999999999636,22.899999999999864,target,2022
-1,330363,330369,2022-07-14 00:15:00+00:00,2022-07-14 01:45:00+00:00,1730.46,1726.3400000000001,0.01,6,4.119999999999891,0.47162911319321693,3.6483708868066738,1.771053828546976,0.0,4.967000000000098,target,2022
1,330551,330583,2022-07-18 01:15:00+00:00,2022-07-18 09:15:00+00:00,1712.525,1721.301,0.01,32,8.77599999999984,0.4421045315004397,8.3338954684994,1.8992469162487582,0.5399999999999636,9.58549999999991,target,2022
1,330670,330682,2022-07-19 08:00:00+00:00,2022-07-19 11:00:00+00:00,1711.7530000000002,1717.6120000000005,0.01,12,5.859000000000378,0.4083856764416057,5.4506143235587725,1.860595433882376,0.4830000000001746,6.7354999999997744,target,2022
-1,330735,330736,2022-07-20 01:15:00+00:00,2022-07-20 01:30:00+00:00,1710.615,1712.601,0.01,1,-1.9860000000001037,0.47492231693995723,-2.460922316940061,-1.2391351041993617,2.2349999999999,1.0370000000000346,stop,2022
1,330874,330875,2022-07-21 13:00:00+00:00,2022-07-21 13:15:00+00:00,1707.2350000000001,1698.9450000000002,0.01,1,-8.289999999999964,0.45410615548576644,-8.74410615548573,-1.0547775820851348,14.0150000000001,0.0,stop,2022
-1,331062,331102,2022-07-25 14:00:00+00:00,2022-07-26 01:00:00+00:00,1719.875,1722.6799999999998,0.01,40,-2.8049999999998363,0.443668249471547,-3.2486682494713834,-1.158170498920347,4.171000000000049,5.060500000000047,stop,2022
-1,331136,331223,2022-07-26 09:30:00+00:00,2022-07-27 08:15:00+00:00,1719.975,1723.1945,0.01,87,-3.219500000000153,0.4081013172297459,-3.6276013172298986,-1.12675922262144,5.255000000000109,6.281500000000051,stop,2022
-1,331241,331261,2022-07-27 12:45:00+00:00,2022-07-27 17:45:00+00:00,1718.2185,1722.4540000000002,0.01,20,-4.235500000000229,0.4418676505906767,-4.677367650590906,-1.1043247906010276,4.832499999999982,6.719000000000051,stop,2022
-1,331631,331637,2022-08-02 18:15:00+00:00,2022-08-02 19:45:00+00:00,1767.215,1760.6449999999998,0.01,6,6.570000000000163,0.39401312383580067,6.175986876164362,1.8800568877212205,1.2530000000001564,6.722999999999956,target,2022
1,331663,331678,2022-08-03 03:15:00+00:00,2022-08-03 07:00:00+00:00,1767.607,1765.269,0.01,15,-2.3379999999999654,0.432172187573313,-2.7701721875732783,-1.184846957901334,2.438000000000102,3.134999999999991,stop,2022
1,331745,331754,2022-08-04 00:45:00+00:00,2022-08-04 03:00:00+00:00,1766.815,1771.471,0.01,9,4.655999999999949,0.48986043491492054,4.166139565085029,1.789578850981561,0.6920000000000073,4.819999999999936,target,2022
-1,331885,331984,2022-08-05 12:45:00+00:00,2022-08-08 14:30:00+00:00,1773.519,1788.871,0.01,99,-15.352000000000091,0.4013340634166244,-15.753334063416716,-1.0261421354492328,16.15599999999995,8.447499999999991,stop,2022
1,332132,332134,2022-08-10 05:30:00+00:00,2022-08-10 06:00:00+00:00,1789.612,1788.3,0.01,2,-1.3120000000001255,0.4651004150273547,-1.7771004150274803,-1.3544972675513036,1.5620000000001255,0.66599999999994,stop,2022
-1,332203,332210,2022-08-11 00:15:00+00:00,2022-08-11 02:00:00+00:00,1790.26,1785.7640000000004,0.01,7,4.49599999999964,0.4938602683698343,4.002139731629805,1.7803112685187392,0.9669999999998709,5.230000000000018,target,2022
1,332308,332321,2022-08-12 03:30:00+00:00,2022-08-12 06:45:00+00:00,1790.54,1792.6599999999999,0.01,13,2.119999999999891,0.46499834440577015,1.6550016555941207,1.5613223165983074,0.4270000000001346,2.9529999999999745,target,2022
-1,332410,332414,2022-08-15 06:00:00+00:00,2022-08-15 07:00:00+00:00,1792.362,1789.6310000000003,0.01,4,2.730999999999767,0.49393901229190773,2.2370609877078595,1.6382724186803737,0.47499999999990905,2.86200000000008,target,2022
1,332593,332595,2022-08-17 05:45:00+00:00,2022-08-17 06:15:00+00:00,1781.587,1779.047,0.01,2,-2.5399999999999636,0.4518220593217737,-2.9918220593217373,-1.1778827005203858,3.530999999999949,0.8160000000000309,stop,2022
-1,332705,332707,2022-08-18 10:45:00+00:00,2022-08-18 11:15:00+00:00,1768.6770000000001,1770.772,0.01,2,-2.0949999999998,0.40069750040888147,-2.4956975004086814,-1.1912637233455465,2.449999999999818,0.0,stop,2022
-1,332973,332987,2022-08-23 08:45:00+00:00,2022-08-23 12:15:00+00:00,1740.404,1733.935,0.01,14,6.469000000000051,0.3968401600553297,6.072159839944721,1.877310199395478,1.2080000000000837,7.749000000000024,target,2022
1,333060,333064,2022-08-24 07:30:00+00:00,2022-08-24 08:30:00+00:00,1746.406,1750.6079999999997,0.01,4,4.201999999999771,0.41578135850765624,3.7862186414921144,1.8021031135137178,0.6639999999999873,5.596000000000004,target,2022
-1,333221,333224,2022-08-26 01:45:00+00:00,2022-08-26 02:30:00+00:00,1753.588,1754.733,0.01,3,-1.1449999999999818,0.47370385893916267,-1.6187038589391445,-1.4137151606455636,2.2050000000001546,1.1929999999999836,stop,2022
-1,333360,333361,2022-08-29 13:30:00+00:00,2022-08-29 13:45:00+00:00,1737.5520000000001,1739.938,0.01,1,-2.3859999999999673,0.41323692150199315,-2.7992369215019606,-1.1731923392715837,4.518000000000029,0.0,stop,2022
1,333398,333403,2022-08-30 00:00:00+00:00,2022-08-30 01:15:00+00:00,1739.887,1738.18,0.01,5,-1.7069999999998802,0.5052577985161224,-2.212257798516003,-1.295991680442975,2.4990000000000236,0.44499999999993634,stop,2022
1,333714,333715,2022-09-02 10:00:00+00:00,2022-09-02 10:15:00+00:00,1707.182,1705.9740000000002,0.01,1,-1.2079999999998563,0.36895955146311193,-1.5769595514629682,-1.3054300922708244,2.115000000000009,0.0,stop,2022
-1,333768,333769,2022-09-05 00:30:00+00:00,2022-09-05 00:45:00+00:00,1707.8670000000002,1709.7514999999999,0.01,1,-1.884499999999662,0.455327220384105,-2.339827220383767,-1.2416169914482285,2.018000000000029,0.0,stop,2022
-1,333885,333892,2022-09-06 09:15:00+00:00,2022-09-06 11:00:00+00:00,1711.615,1713.4875,0.01,7,-1.8724999999999454,0.3784110435218854,-2.250911043521831,-1.2020886747780488,2.35349999999994,0.8724999999999454,stop,2022
1,333979,333980,2022-09-07 09:45:00+00:00,2022-09-07 10:00:00+00:00,1706.418,1704.8845000000001,0.01,1,-1.5334999999997763,0.37950264601360295,-1.9130026460133793,-1.2474748262234485,1.8799999999998818,0.6635000000001128,stop,2022
-1,334085,334131,2022-09-08 13:15:00+00:00,2022-09-09 01:45:00+00:00,1711.37,1716.8200000000002,0.01,46,-5.450000000000273,0.42791881254290204,-5.877918812543175,-1.0785172133106204,5.6400000000001,7.3599999999999,stop,2022
-1,334178,334191,2022-09-09 13:30:00+00:00,2022-09-09 16:45:00+00:00,1714.645,1719.6599999999999,0.01,13,-5.014999999999873,0.3826149891581329,-5.397614989158005,-1.0762941154851728,5.708000000000084,3.2329999999999472,stop,2022
1,334221,334224,2022-09-12 01:15:00+00:00,2022-09-12 02:00:00+00:00,1717.0365000000002,1715.888,0.01,3,-1.14850000000024,0.467518507045407,-1.6160185070456472,-1.407068791506582,1.8414999999999964,1.7484999999999218,stop,2022
1,334315,334319,2022-09-13 01:45:00+00:00,2022-09-13 02:45:00+00:00,1722.7820000000002,1720.9569999999999,0.01,4,-1.8250000000002728,0.44689150116304827,-2.271891501163321,-1.2448720554317707,1.97400000000016,1.1629999999997835,stop,2022
-1,334644,334674,2022-09-16 15:00:00+00:00,2022-09-18 23:30:00+00:00,1675.4775,1679.42,0.01,30,-3.942500000000109,0.4374011070029752,-4.379901107003084,-1.1109451127464711,4.5125000000000455,4.304000000000087,stop,2022
-1,334679,334681,2022-09-19 00:45:00+00:00,2022-09-19 01:15:00+00:00,1676.5965,1673.7595000000006,0.01,2,2.8369999999995343,0.44849684733157397,2.3885031526679605,1.6838231601468823,0.3769999999999527,3.7964999999999236,target,2022
-1,334789,334792,2022-09-20 05:15:00+00:00,2022-09-20 06:00:00+00:00,1672.5165,1670.4194999999997,0.01,3,2.0970000000002074,0.4417793080601045,1.655220691940103,1.5786558816785305,0.5535000000002128,2.2250000000001364,target,2022
1,334885,334927,2022-09-21 06:15:00+00:00,2022-09-21 16:45:00+00:00,1669.861,1665.0235,0.01,42,-4.837500000000091,0.4292384463333711,-5.266738446333462,-1.0887314617743387,4.851000000000113,7.595499999999902,stop,2022
-1,334992,334998,2022-09-22 10:00:00+00:00,2022-09-22 11:30:00+00:00,1666.49,1671.0515,0.01,6,-4.561500000000024,0.3977601512223906,-4.959260151222415,-1.0871994193187304,4.870000000000118,1.6555000000000746,stop,2022
1,335054,335055,2022-09-23 02:30:00+00:00,2022-09-23 02:45:00+00:00,1671.1915,1669.7265,0.01,1,-1.4649999999999181,0.4476136281881679,-1.9126136281880861,-1.3055383127564457,1.4699999999998,0.0,stop,2022
-1,335275,335292,2022-09-27 11:45:00+00:00,2022-09-27 16:00:00+00:00,1638.952,1631.863,0.01,17,7.088999999999943,0.39174037977579185,6.697259620224151,1.8894793680982382,1.6114999999999782,8.979500000000144,target,2022
1,335370,335380,2022-09-28 12:30:00+00:00,2022-09-28 15:00:00+00:00,1637.545,1654.728,0.01,10,17.182999999999993,0.39272908931321565,16.790270910686775,1.9542886469984033,3.6755000000002838,17.944500000000062,target,2022
1,335436,335437,2022-09-29 06:00:00+00:00,2022-09-29 06:15:00+00:00,1645.1635,1642.935,0.01,1,-2.2285000000001673,0.44822823610517837,-2.6767282361053457,-1.2011345012811958,3.5870000000002165,0.0,stop,2022
1,335636,335639,2022-10-03 10:00:00+00:00,2022-10-03 10:45:00+00:00,1661.7655,1665.6065000000003,0.01,3,3.841000000000349,0.3664134863959753,3.4745865136043736,1.809209327573058,0.0,4.879500000000007,target,2022
1,335822,335836,2022-10-05 10:30:00+00:00,2022-10-05 14:00:00+00:00,1708.152,1703.21,0.01,14,-4.942000000000007,0.3994695495547481,-5.3414695495547555,-1.0808315559600865,7.529999999999973,6.13799999999992,stop,2022
-1,335929,335948,2022-10-06 14:15:00+00:00,2022-10-06 19:00:00+00:00,1710.171,1714.478,0.01,19,-4.307000000000016,0.40216952397871203,-4.709169523978728,-1.093375789175461,4.406999999999925,3.1970000000001164,stop,2022
-1,335967,335969,2022-10-07 00:45:00+00:00,2022-10-07 01:15:00+00:00,1711.9969999999998,1709.912999999999,0.01,2,2.084000000000742,0.4442908759807922,1.63970912401995,1.5736172015540941,0.712500000000091,2.2899999999999636,target,2022
1,336211,336223,2022-10-11 15:45:00+00:00,2022-10-11 18:45:00+00:00,1680.855,1672.0565,0.01,12,-8.798500000000104,0.4090884835497834,-9.207588483549888,-1.0464952530033278,14.509000000000015,3.16599999999994,stop,2022
-1,336268,336312,2022-10-12 07:00:00+00:00,2022-10-12 18:00:00+00:00,1671.6535,1675.0484999999999,0.01,44,-3.3949999999999823,0.44345465976646453,-3.838454659766447,-1.1306199292390182,6.684500000000071,6.615499999999884,stop,2022
1,336334,336337,2022-10-13 00:30:00+00:00,2022-10-13 01:15:00+00:00,1674.6484999999998,1673.0765000000001,0.01,3,-1.571999999999662,0.4537332767021409,-2.0257332767018026,-1.2886343999378107,1.7999999999997272,0.16150000000016007,stop,2022
-1,336434,336435,2022-10-14 02:30:00+00:00,2022-10-14 02:45:00+00:00,1667.795,1668.9450000000002,0.01,1,-1.150000000000091,0.4780474268289879,-1.6280474268290788,-1.4156934146338696,1.2635000000000218,0.027000000000043656,stop,2022
-1,336558,336565,2022-10-17 10:30:00+00:00,2022-10-17 12:15:00+00:00,1655.634,1659.13,0.01,7,-3.496000000000095,0.4196700742693833,-3.915670074269478,-1.1200429274225892,10.451000000000022,0.6739999999999782,stop,2022
1,336626,336633,2022-10-18 04:30:00+00:00,2022-10-18 06:15:00+00:00,1658.47,1654.5749999999998,0.01,7,-3.895000000000209,0.48300688761711036,-4.378006887617319,-1.124006903110933,4.205500000000029,2.429499999999962,stop,2022
1,336835,336842,2022-10-20 10:45:00+00:00,2022-10-20 12:30:00+00:00,1638.9155,1633.3645000000001,0.01,7,-5.550999999999931,0.5336551109761298,-6.084655110976061,-1.0961367521124368,6.596000000000004,1.2149999999999181,stop,2022
1,336936,336968,2022-10-21 13:00:00+00:00,2022-10-23 22:00:00+00:00,1633.5855000000001,1659.8465000000006,0.01,32,26.261000000000422,0.61159202041951,25.64940797958091,1.9534220311169033,4.070500000000266,30.089999999999918,target,2022
1,337034,337103,2022-10-24 14:30:00+00:00,2022-10-25 08:45:00+00:00,1649.835,1643.9495000000002,0.01,69,-5.885499999999865,0.52868555034605,-6.414185550345915,-1.0898284853191849,6.895500000000084,5.184999999999945,stop,2022
-1,337103,337106,2022-10-25 08:45:00+00:00,2022-10-25 09:30:00+00:00,1645.32,1641.8410000000001,0.01,3,3.478999999999815,0.5265156481095536,2.952484351890261,1.6973178222997518,0.0,3.7695000000001073,target,2022
1,337281,337301,2022-10-27 07:15:00+00:00,2022-10-27 12:15:00+00:00,1663.3899999999999,1659.0895,0.01,20,-4.300499999999829,0.5064950240045569,-4.806995024004386,-1.1177758456004132,8.504999999999882,3.380000000000109,stop,2022
1,337346,337350,2022-10-28 00:30:00+00:00,2022-10-28 01:30:00+00:00,1661.89,1664.4690000000003,0.01,4,2.5790000000001783,0.5316471070267645,2.0473528929734135,1.587710657598505,0.7655000000002019,2.6599999999998545,target,2022
1,337553,337556,2022-11-01 06:15:00+00:00,2022-11-01 07:00:00+00:00,1643.8255,1648.4264999999996,0.01,3,4.600999999999658,0.5194873947086668,4.081512605290992,1.7741850055602237,0.9704999999999018,6.04950000000008,target,2022
-1,337681,337691,2022-11-02 15:15:00+00:00,2022-11-02 17:45:00+00:00,1647.005,1649.625,0.01,10,-2.619999999999891,0.4923889088162006,-3.1123889088160914,-1.1879346980214585,3.5549999999998363,1.3900000000001,stop,2022
1,337815,337816,2022-11-04 02:45:00+00:00,2022-11-04 03:00:00+00:00,1636.6745,1638.7224999999999,0.01,1,2.0479999999997744,0.5235255923313449,1.5244744076684296,1.4887445387388647,0.22949999999991633,2.2754999999999654,target,2022
-1,338020,338022,2022-11-08 09:00:00+00:00,2022-11-08 09:30:00+00:00,1666.3645,1669.6950000000002,0.01,2,-3.330500000000257,0.49486054752794245,-3.8253605475281995,-1.148584461050264,5.175500000000056,0.0,stop,2022
1,338612,338617,2022-11-16 19:00:00+00:00,2022-11-16 20:15:00+00:00,1773.58,1775.7509999999997,0.01,5,2.1709999999998217,0.4966420575052691,1.6743579424945527,1.5424762252369324,0.7950000000000728,2.410000000000082,target,2022
-1,338634,338637,2022-11-17 01:30:00+00:00,2022-11-17 02:15:00+00:00,1772.4650000000001,1767.6250000000005,0.01,3,4.839999999999691,0.531701295528169,4.308298704471522,1.7802887208561144,0.0,5.725000000000136,target,2022
-1,338750,338751,2022-11-18 07:30:00+00:00,2022-11-18 07:45:00+00:00,1764.0455,1766.2705,0.01,1,-2.2250000000001364,0.5005412991726144,-2.725541299172751,-1.2249623816505995,2.949000000000069,0.0,stop,2022
1,338943,338957,2022-11-22 09:45:00+00:00,2022-11-22 13:15:00+00:00,1748.1845,1745.3045,0.01,14,-2.880000000000109,0.46498418528594987,-3.344984185286059,-1.161452842113171,4.069999999999936,1.5854999999999109,stop,2022
1,339027,339030,2022-11-23 07:45:00+00:00,2022-11-23 08:30:00+00:00,1744.1,1740.5349999999999,0.01,3,-3.565000000000055,0.4950608901905701,-4.060060890190625,-1.1388670098711255,3.974999999999909,0.6600000000000819,stop,2022
-1,339202,339212,2022-11-25 08:00:00+00:00,2022-11-25 10:30:00+00:00,1751.5900000000001,1753.8550000000005,0.01,10,-2.2650000000003274,0.49256317261246474,-2.7575631726127923,-1.2174671843763327,2.8094999999998436,2.2800000000002,stop,2022
-1,339247,339250,2022-11-27 23:30:00+00:00,2022-11-28 00:15:00+00:00,1750.4,1753.0505,0.01,3,-2.6504999999999654,0.803890893612355,-3.45439089361232,-1.303297828188027,3.51949999999988,0.0,stop,2022
1,339250,339253,2022-11-28 00:15:00+00:00,2022-11-28 01:00:00+00:00,1752.32,1750.9595,0.01,3,-1.3605000000000018,0.5334607232636719,-1.8939607232636737,-1.3921063750559877,2.9055000000000746,1.7000000000000455,stop,2022
1,339355,339375,2022-11-29 03:30:00+00:00,2022-11-29 08:30:00+00:00,1750.115,1756.385,0.01,20,6.269999999999983,0.49224122790054764,5.7777587720994354,1.8429852542581981,0.6749999999999545,6.654999999999973,target,2022
1,339437,339439,2022-11-30 01:00:00+00:00,2022-11-30 01:30:00+00:00,1751.2849999999999,1753.5549999999998,0.01,2,2.269999999999982,0.4949047954309674,1.7750952045690145,1.5639605326599373,0.9299999999998363,2.800000000000182,target,2022
-1,339672,339697,2022-12-02 13:45:00+00:00,2022-12-02 20:00:00+00:00,1781.08,1798.925,0.01,25,-17.845000000000027,0.5073675341073713,-18.352367534107398,-1.0284319156126294,18.1550000000002,0.09549999999990177,stop,2022
1,339752,339763,2022-12-05 10:45:00+00:00,2022-12-05 13:30:00+00:00,1795.745,1793.41,0.01,11,-2.334999999999809,0.47934816310237227,-2.8143481631021814,-1.2052882925492128,2.8799999999998818,2.7050000000001546,stop,2022
1,339947,339951,2022-12-07 13:30:00+00:00,2022-12-07 14:30:00+00:00,1777.23,1783.25,0.01,4,6.019999999999982,0.47158220266298073,5.5484177973370015,1.8433281718727634,1.1100000000001273,7.925000000000182,target,2022
1,340175,340176,2022-12-12 01:30:00+00:00,2022-12-12 01:45:00+00:00,1792.89,1791.23,0.01,1,-1.6600000000000819,0.5103555473767867,-2.1703555473768685,-1.3074431008293743,3.0605000000002747,0.0,stop,2022
1,340290,340294,2022-12-13 07:15:00+00:00,2022-12-13 08:15:00+00:00,1787.81,1785.349,0.01,4,-2.4610000000000127,0.4091984095245497,-2.8701984095245625,-1.166273226137565,2.86850000000004,0.9050000000002001,stop,2022
-1,340431,340432,2022-12-14 19:30:00+00:00,2022-12-14 19:45:00+00:00,1798.9465,1804.98,0.01,1,-6.033500000000004,0.4376050726029567,-6.471105072602961,-1.0725292239335307,8.46349999999984,0.0,stop,2022
-1,340451,340455,2022-12-15 01:30:00+00:00,2022-12-15 02:30:00+00:00,1801.415,1796.0819999999999,0.01,4,5.333000000000084,0.4152956574233875,4.917704342576696,1.84425439436588,0.0,5.411499999999933,target,2022
-1,340591,340592,2022-12-16 13:30:00+00:00,2022-12-16 13:45:00+00:00,1784.225,1786.6100000000001,0.01,1,-2.3850000000002183,0.401579623601446,-2.7865796236016642,-1.1683772006714503,2.410000000000082,0.0,stop,2022
1,340688,340692,2022-12-19 14:45:00+00:00,2022-12-19 15:45:00+00:00,1792.3935,1788.9485,0.01,4,-3.4449999999999363,0.40225282049082733,-3.8472528204907634,-1.1167642439741174,6.538499999999885,3.6130000000000564,stop,2022
1,340746,340747,2022-12-20 06:15:00+00:00,2022-12-20 06:30:00+00:00,1789.9099999999999,1792.9599999999996,0.01,1,3.049999999999727,0.4263637303433237,2.6236362696564033,1.7204172260043529,0.0,3.4750000000001364,target,2022
-1,340960,340975,2022-12-22 13:45:00+00:00,2022-12-22 17:30:00+00:00,1810.1660000000002,1793.4360000000006,0.01,15,16.729999999999563,0.422482241011886,16.30751775898768,1.949494053674609,0.0,17.216000000000122,target,2022
1,341062,341065,2022-12-23 16:15:00+00:00,2022-12-23 17:00:00+00:00,1803.049,1800.316,0.01,3,-2.7329999999999472,0.43794719467706034,-3.170947194677008,-1.1602441253849503,3.0625,0.2359999999998763,stop,2022
1,341087,341096,2022-12-26 23:30:00+00:00,2022-12-27 01:45:00+00:00,1801.6885,1803.8324999999998,0.01,9,2.143999999999778,0.46624943997800966,1.6777505600217684,1.5650658209159907,0.9194999999999709,3.026500000000169,target,2022
1,341096,341099,2022-12-27 01:45:00+00:00,2022-12-27 02:30:00+00:00,1802.394,1805.644,0.01,3,3.25,0.43505715318263444,2.8149428468173654,1.7322725211183787,0.0,3.816000000000031,target,2022
-1,341214,341309,2022-12-28 08:15:00+00:00,2022-12-29 09:00:00+00:00,1806.1,1811.4215,0.01,95,-5.3215000000000146,0.4095410271107654,-5.73104102711078,-1.076959696910789,5.950000000000273,9.026499999999942,stop,2022
-1,341315,341326,2022-12-29 10:30:00+00:00,2022-12-29 13:15:00+00:00,1806.5610000000001,1808.595,0.01,11,-2.033999999999878,0.43225938401978775,-2.466259384019666,-1.2125169046311768,2.6989999999998417,2.137500000000273,stop,2022
-1,341676,341678,2023-01-05 08:45:00+00:00,2023-01-05 09:15:00+00:00,1844.665,1848.2535,0.01,2,-3.5885000000000673,0.39428335187008673,-3.982783351870154,-1.1098741401337826,4.858500000000049,0.0,stop,2023
1,341788,341836,2023-01-06 13:45:00+00:00,2023-01-09 02:45:00+00:00,1849.6799999999998,1879.0579999999995,0.01,48,29.377999999999705,0.4140578100909274,28.963942189908778,1.9718117087554679,8.934999999999945,29.825000000000273,target,2023
-1,342068,342108,2023-01-11 14:45:00+00:00,2023-01-12 01:45:00+00:00,1873.8435,1879.1734999999999,0.01,40,-5.329999999999927,0.4457479794765364,-5.7757479794764635,-1.083630014911171,7.3650000000002365,6.642499999999927,stop,2023
1,342156,342356,2023-01-12 13:45:00+00:00,2023-01-16 17:45:00+00:00,1899.1915,1913.5035,0.01,200,14.312000000000126,0.41878485753162065,13.893215142468504,0.5461169474240751,19.237499999999727,29.86349999999993,time_stop,2023
1,342379,342388,2023-01-17 04:30:00+00:00,2023-01-17 06:45:00+00:00,1911.4785000000002,1908.1785,0.01,9,-3.300000000000182,0.41041106825070994,-3.7104110682508917,-1.1243669903789961,4.512000000000171,1.8614999999999782,stop,2023
-1,342463,342464,2023-01-18 02:30:00+00:00,2023-01-18 02:45:00+00:00,1908.2865,1904.4664999999998,0.01,1,3.8200000000001637,0.4249820064372405,3.395017993562923,1.7774963317082606,0.0,5.911499999999933,target,2023
-1,342548,342559,2023-01-19 00:45:00+00:00,2023-01-19 03:30:00+00:00,1906.6515,1909.6100000000001,0.01,11,-2.9585000000001855,0.416712343106934,-3.3752123431071195,-1.1408525749896596,3.0835000000001855,5.626499999999851,stop,2023
-1,342754,342763,2023-01-23 06:15:00+00:00,2023-01-23 08:30:00+00:00,1923.68,1926.5900000000001,0.01,9,-2.910000000000082,0.49045166002812773,-3.4004516600282098,-1.1685400893567401,3.7949999999998454,4.632499999999936,stop,2023
-1,342880,342881,2023-01-24 14:45:00+00:00,2023-01-24 15:00:00+00:00,1928.4285,1923.6425,0.01,1,4.786000000000058,0.43162908466169664,4.354370915338362,1.819628464412164,0.33150000000000546,11.21349999999984,target,2023
-1,342926,342968,2023-01-25 03:15:00+00:00,2023-01-25 13:45:00+00:00,1930.615,1921.0980000000002,0.01,42,9.516999999999825,0.4198311429900035,9.097168857009821,1.9117723772218111,3.269999999999982,10.739000000000033,target,2023
-1,343043,343062,2023-01-26 09:30:00+00:00,2023-01-26 14:15:00+00:00,1935.615,1941.684,0.01,19,-6.06899999999996,0.4041689786591151,-6.473168978659075,-1.0665956465083404,6.850000000000136,4.291500000000042,stop,2023
1,343146,343147,2023-01-27 12:15:00+00:00,2023-01-27 12:30:00+00:00,1932.1585,1930.2,0.01,1,-1.9584999999999582,0.4220819501574274,-2.3805819501573855,-1.2155128670704296,4.328500000000076,0.0,stop,2023
-1,343194,343206,2023-01-30 01:15:00+00:00,2023-01-30 04:15:00+00:00,1925.3085,1931.13,0.01,12,-5.8215000000000146,0.42636145238168105,-6.247861452381696,-1.073239105450774,6.656500000000051,0.9025000000001455,stop,2023
1,343339,343451,2023-01-31 14:30:00+00:00,2023-02-01 19:30:00+00:00,1923.5435,1933.5105,0.01,112,9.967000000000098,0.42092303167326167,9.546076968326837,1.9155366646587224,2.998499999999922,15.39799999999991,target,2023
-1,343451,343452,2023-02-01 19:30:00+00:00,2023-02-01 19:45:00+00:00,1923.92,1927.5765000000001,0.01,1,-3.6565000000000505,0.44538528306993747,-4.101885283069988,-1.1218064496294082,20.12999999999988,0.0,stop,2023
-1,343524,343525,2023-02-02 14:45:00+00:00,2023-02-02 15:00:00+00:00,1937.9335,1919.7105000000001,0.01,1,18.222999999999956,0.437110245497695,17.78588975450226,1.952026532898239,0.0,20.584000000000287,target,2023
1,343805,343809,2023-02-07 16:00:00+00:00,2023-02-07 17:00:00+00:00,1879.9650000000001,1873.435,0.01,4,-6.530000000000199,0.4206237697502763,-6.950623769750475,-1.0644140535605304,6.595000000000255,0.0,stop,2023
-1,343838,343839,2023-02-08 01:15:00+00:00,2023-02-08 01:30:00+00:00,1876.3899999999999,1878.13,0.01,1,-1.7400000000002365,0.4145087431770902,-2.1545087431773267,-1.238223415618985,2.075000000000273,0.0,stop,2023
1,343934,343980,2023-02-09 02:15:00+00:00,2023-02-09 13:45:00+00:00,1880.034,1886.5520000000001,0.01,46,6.518000000000029,0.412142815206021,6.105857184794008,1.8735370312347286,3.167500000000018,9.780999999999949,target,2023
-1,344051,344057,2023-02-10 08:30:00+00:00,2023-02-10 10:00:00+00:00,1868.47,1860.99,0.01,6,7.480000000000018,0.4177402316594124,7.062259768340605,1.8883047508932054,1.6184999999998126,7.870000000000118,target,2023
-1,344136,344147,2023-02-13 06:45:00+00:00,2023-02-13 09:30:00+00:00,1863.345,1856.8549999999998,0.01,11,6.490000000000237,0.43590296773757226,6.054097032262665,1.8656693473844201,2.5885000000000673,8.305000000000064,target,2023
1,344228,344230,2023-02-14 06:45:00+00:00,2023-02-14 07:15:00+00:00,1861.865,1859.795,0.01,2,-2.0699999999999363,0.4232085996503121,-2.4932085996502487,-1.2044485988648914,3.865000000000009,2.4384999999999764,stop,2023
1,344300,344303,2023-02-15 01:45:00+00:00,2023-02-15 02:30:00+00:00,1858.975,1856.48,0.01,3,-2.494999999999891,0.4380476105460048,-2.933047610545896,-1.1755701845875848,6.114999999999782,1.1984999999999673,stop,2023
-1,344419,344423,2023-02-16 08:30:00+00:00,2023-02-16 09:30:00+00:00,1842.1365,1836.6695000000004,0.01,4,5.4669999999996435,0.4124155371103692,5.054584462889275,1.849125466577503,0.0,7.266500000000178,target,2023
1,344541,344586,2023-02-17 16:00:00+00:00,2023-02-20 04:15:00+00:00,1837.3984999999998,1844.1154999999994,0.01,45,6.716999999999644,0.41217897121011304,6.304821028789531,1.8772728982551332,3.056999999999789,7.3400000000001455,target,2023
1,344658,344663,2023-02-21 01:45:00+00:00,2023-02-21 03:00:00+00:00,1843.0035,1840.0545,0.01,5,-2.949000000000069,0.41655233020744753,-3.3655523302075165,-1.1412520617861777,4.319000000000187,0.49149999999985994,stop,2023
1,344749,344750,2023-02-22 01:30:00+00:00,2023-02-22 01:45:00+00:00,1837.8899999999999,1835.18,0.01,1,-2.709999999999809,0.41497369504717757,-3.1249736950469864,-1.1531268247406667,2.746499999999969,0.0,stop,2023
-1,344863,344867,2023-02-23 07:00:00+00:00,2023-02-23 08:00:00+00:00,1831.7065,1827.4084999999998,0.01,4,4.298000000000229,0.4121865964418768,3.8858134035583523,1.808196092860933,0.17849999999998545,4.848000000000184,target,2023
-1,345077,345078,2023-02-27 14:30:00+00:00,2023-02-27 14:45:00+00:00,1814.8085,1817.615,0.01,1,-2.8064999999999145,0.41835933877129655,-3.224859338771211,-1.149067998849567,4.086499999999887,0.16850000000022192,stop,2023
-1,345115,345117,2023-02-28 01:00:00+00:00,2023-02-28 01:30:00+00:00,1816.17,1817.7865,0.01,2,-1.6164999999998602,0.41404069133617993,-2.03054069133604,-1.256134049697628,2.001499999999851,0.0,stop,2023
1,345328,345341,2023-03-02 08:15:00+00:00,2023-03-02 11:30:00+00:00,1832.245,1836.6449999999995,0.01,13,4.399999999999636,0.41679406663297053,3.9832059333666656,1.8105481515304522,1.7199999999998,4.619500000000244,target,2023
-1,345556,345557,2023-03-06 19:15:00+00:00,2023-03-06 19:30:00+00:00,1845.7849999999999,1847.2285000000002,0.01,1,-1.4435000000003129,0.42677697455619695,-1.8702769745565098,-1.295654294808524,1.4550000000001546,0.42650000000003274,stop,2023
1,345578,345599,2023-03-07 01:45:00+00:00,2023-03-07 07:00:00+00:00,1847.9935,1845.9485,0.01,21,-2.0450000000000728,0.4349960425507729,-2.479996042550846,-1.2127120012473143,2.5434999999999945,2.5764999999998963,stop,2023
1,345810,345879,2023-03-09 13:45:00+00:00,2023-03-10 08:00:00+00:00,1823.9965,1837.3804999999995,0.01,69,13.38399999999956,0.409410532315108,12.974589467684451,1.938820900729958,0.0,13.418499999999995,target,2023
-1,346160,346165,2023-03-15 08:15:00+00:00,2023-03-15 09:30:00+00:00,1889.105,1896.845,0.01,5,-7.740000000000009,0.4185216741604511,-8.15852167416046,-1.0540725677209883,9.655499999999847,3.3600000000001273,stop,2023
1,346529,346530,2023-03-21 08:30:00+00:00,2023-03-21 08:45:00+00:00,1968.475,1965.5265,0.01,1,-2.9484999999999673,0.4100190080605926,-3.35851900806056,-1.1390602028355425,3.9400000000000546,0.0,stop,2023
-1,346648,346659,2023-03-22 15:15:00+00:00,2023-03-22 18:00:00+00:00,1948.73,1952.01,0.01,11,-3.2799999999999727,0.47968614751858146,-3.759686147518554,-1.1462457766824956,17.83550000000014,3.625,stop,2023
-1,346841,346888,2023-03-24 17:30:00+00:00,2023-03-27 06:15:00+00:00,1980.06,1967.1029999999996,0.01,47,12.957000000000335,0.41685820911876287,12.540141790881572,1.9356551348122633,0.6400000000001,13.3599999999999,target,2023
-1,347011,347013,2023-03-28 14:00:00+00:00,2023-03-28 14:30:00+00:00,1961.5214999999998,1964.5165,0.01,2,-2.9950000000001182,0.41945939883870814,-3.4144593988388263,-1.1400532216489787,6.213500000000295,2.49149999999986,stop,2023
-1,347062,347063,2023-03-29 03:45:00+00:00,2023-03-29 04:00:00+00:00,1966.135,1967.2065,0.01,1,-1.0715000000000146,0.42076841176471164,-1.4922684117647262,-1.392691004913398,1.5950000000000273,0.0,stop,2023
1,347163,347167,2023-03-30 06:00:00+00:00,2023-03-30 07:00:00+00:00,1965.5435,1970.6604999999997,0.01,4,5.116999999999734,0.4207975261849799,4.696202473814754,1.8355295969572005,0.0,6.041500000000042,target,2023
-1,347301,347334,2023-03-31 17:30:00+00:00,2023-04-03 02:45:00+00:00,1968.12,1953.6899999999996,0.01,33,14.430000000000293,0.4147492157777342,14.015250784222559,1.9425157012089085,4.630000000000109,15.554999999999836,target,2023
1,347364,347373,2023-04-03 10:15:00+00:00,2023-04-03 12:30:00+00:00,1970.5900000000001,1979.6470000000008,0.01,9,9.057000000000698,0.4104364052149719,8.646563594785727,1.9093659257557822,1.5950000000002547,9.393499999999904,target,2023
-1,347610,347611,2023-04-06 02:45:00+00:00,2023-04-06 03:00:00+00:00,2009.7145,2011.145,0.01,1,-1.4304999999999382,0.4312216637395399,-1.861721663739478,-1.301448209534819,1.8804999999999836,0.0,stop,2023
1,347803,347816,2023-04-11 05:00:00+00:00,2023-04-11 08:15:00+00:00,2000.105,2004.525,0.01,13,4.420000000000073,0.41315826967684394,4.006841730323229,1.8130505567073136,2.2094999999999345,6.7905000000000655,target,2023
1,347931,347997,2023-04-12 14:00:00+00:00,2023-04-13 07:30:00+00:00,2009.0785,2024.4415000000004,0.01,66,15.363000000000286,0.4279980691575021,14.935001930842784,1.9442819671734044,5.878500000000031,16.654999999999973,target,2023
-1,348110,348209,2023-04-14 12:45:00+00:00,2023-04-17 14:30:00+00:00,2023.0700000000002,1988.4700000000007,0.01,99,34.599999999999454,0.43930295699,34.160697043009456,1.9746067654919073,5.079999999999927,37.290500000000065,target,2023
-1,348294,348296,2023-04-18 12:45:00+00:00,2023-04-18 13:15:00+00:00,2002.1865,1994.7165000000002,0.01,2,7.469999999999801,0.40730789355640495,7.062692106443396,1.8909483551388444,0.0,9.326999999999998,target,2023
1,348335,348337,2023-04-19 00:00:00+00:00,2023-04-19 00:30:00+00:00,2006.4,2004.95,0.01,2,-1.4500000000000455,0.4180065328858596,-1.868006532885905,-1.2882803675074803,1.5065000000001874,0.3514999999997599,stop,2023
-1,348435,348439,2023-04-20 02:00:00+00:00,2023-04-20 03:00:00+00:00,1995.2485000000001,1991.0855000000006,0.01,4,4.162999999999556,0.4029151118371247,3.7600848881624316,1.8064304050746252,0.29999999999972715,4.688500000000204,target,2023
-1,348540,348541,2023-04-21 05:15:00+00:00,2023-04-21 05:30:00+00:00,1999.325,1995.715,0.01,1,3.6100000000001278,0.42381576339572297,3.186184236604405,1.7651990230494694,0.10349999999993997,4.535000000000082,target,2023
-1,348678,348679,2023-04-24 16:45:00+00:00,2023-04-24 17:00:00+00:00,1986.0495,1987.7365,0.01,1,-1.6869999999998984,0.41365792462272893,-2.1006579246226273,-1.2452032748208381,2.9904999999998836,0.0,stop,2023
-1,348736,348737,2023-04-25 08:15:00+00:00,2023-04-25 08:30:00+00:00,1988.5549999999998,1990.905,0.01,1,-2.3500000000001364,0.44805673774369886,-2.7980567377438352,-1.1906624415930522,2.5470000000000255,0.0,stop,2023
1,348857,348858,2023-04-26 15:30:00+00:00,2023-04-26 15:45:00+00:00,1996.6799999999998,1993.7285000000002,0.01,1,-2.951499999999669,0.45314099141854774,-3.4046409914182165,-1.1535290501164148,5.161499999999705,0.6200000000001182,stop,2023
1,348896,348937,2023-04-27 02:15:00+00:00,2023-04-27 12:30:00+00:00,1996.19,1992.17,0.01,41,-4.019999999999982,0.4537885831406347,-4.473788583140617,-1.1128827321245365,14.321500000000015,7.3530000000000655,stop,2023
-1,349033,349037,2023-04-28 13:30:00+00:00,2023-04-28 14:30:00+00:00,1985.0735,1989.76,0.01,4,-4.686500000000024,0.4560900090004926,-5.142590009000516,-1.0973199635123205,7.942999999999984,2.8730000000000473,stop,2023
1,349063,349064,2023-04-30 22:00:00+00:00,2023-04-30 22:15:00+00:00,1991.19,1990.1015000000002,0.01,1,-1.08849999999984,0.6153038465443659,-1.7038038465442058,-1.565276845700006,1.2270000000000891,0.8184999999998581,stop,2023
1,349113,349119,2023-05-01 10:30:00+00:00,2023-05-01 12:00:00+00:00,1987.905,1990.872,0.01,6,2.9670000000000982,0.4128564134479921,2.5541435865521063,1.7217011031695462,0.9455000000000382,3.5499999999999545,target,2023
-1,349189,349191,2023-05-02 06:30:00+00:00,2023-05-02 07:00:00+00:00,1983.6599999999999,1985.7150000000001,0.01,2,-2.055000000000291,0.4128627898231991,-2.46786278982349,-1.2009064670672216,2.160000000000082,1.6099999999999,stop,2023
1,349482,349485,2023-05-05 10:45:00+00:00,2023-05-05 11:30:00+00:00,2038.5585,2036.2935,0.01,3,-2.2650000000001,0.4103357113385771,-2.6753357113386773,-1.1811636694651475,3.0750000000000455,0.6959999999999127,stop,2023
-1,349583,349584,2023-05-08 13:00:00+00:00,2023-05-08 13:15:00+00:00,2025.7135,2023.1845,0.01,1,2.5289999999999964,0.3993112452848298,2.1296887547151666,1.6842141199803635,0.0,4.0490000000002055,target,2023
1,349641,349649,2023-05-09 04:30:00+00:00,2023-05-09 06:30:00+00:00,2026.2984999999999,2024.6695,0.01,8,-1.6289999999999054,0.3991075283449556,-2.028107528344861,-1.2450015520840876,2.2439999999999145,2.4909999999999854,stop,2023
1,349739,349740,2023-05-10 06:00:00+00:00,2023-05-10 06:15:00+00:00,2029.4434999999999,2027.98,0.01,1,-1.46349999999984,0.44366368975312254,-1.9071636897529625,-1.3031525041019276,1.8885000000000218,0.2760000000002947,stop,2023
1,349828,349833,2023-05-11 05:15:00+00:00,2023-05-11 06:30:00+00:00,2031.54,2030.1195,0.01,5,-1.4204999999999472,0.39117374092891805,-1.8116737409288652,-1.2753775015339195,2.5949999999998,1.6600000000000819,stop,2023
-1,349956,350046,2023-05-12 14:15:00+00:00,2023-05-15 13:45:00+00:00,2015.5,2021.6145000000001,0.01,90,-6.114500000000135,0.38384817041261315,-6.498348170412748,-1.0627767062576834,6.749499999999898,8.099999999999909,stop,2023
1,350046,350048,2023-05-15 13:45:00+00:00,2023-05-15 14:15:00+00:00,2018.7495,2015.5345,0.01,2,-3.214999999999918,0.3890759756350877,-3.604075975635006,-1.121018965982923,4.110999999999876,2.4650000000001455,stop,2023
1,350088,350091,2023-05-16 01:15:00+00:00,2023-05-16 02:00:00+00:00,2017.9745,2015.4135,0.01,3,-2.560999999999922,0.39509648380982315,-2.9560964838097448,-1.154274300589549,3.134999999999991,0.4455000000000382,stop,2023
1,350421,350546,2023-05-19 15:30:00+00:00,2023-05-23 00:45:00+00:00,1977.1665,1967.3995,0.01,125,-9.767000000000053,0.4322488437722926,-10.199248843772345,-1.0442560503503933,10.230999999999995,6.097999999999956,stop,2023
1,350598,350604,2023-05-23 13:45:00+00:00,2023-05-23 15:15:00+00:00,1970.5665,1966.5345,0.01,6,-4.031999999999925,0.44286910707542687,-4.474869107075352,-1.109838568223074,5.5629999999998745,3.055000000000291,stop,2023
1,350663,350664,2023-05-24 07:00:00+00:00,2023-05-24 07:15:00+00:00,1973.4250000000002,1971.21,0.01,1,-2.2150000000001455,0.4234340211423298,-2.6384340211424755,-1.1911666009671793,2.4795000000001437,0.0,stop,2023
1,350850,350854,2023-05-26 07:45:00+00:00,2023-05-26 08:45:00+00:00,1956.43,1951.68,0.01,4,-4.75,0.41915806282765605,-5.169158062827656,-1.0882438027005592,5.005499999999984,0.4399999999998272,stop,2023
-1,350964,350976,2023-05-29 13:15:00+00:00,2023-05-29 16:15:00+00:00,1947.9565,1944.5395,0.01,12,3.4169999999999168,0.4344946891037153,2.9825053108962014,1.7456864564801136,0.41849999999999454,3.645999999999958,target,2023
1,351028,351029,2023-05-30 08:45:00+00:00,2023-05-30 09:00:00+00:00,1946.21,1943.2765,0.01,1,-2.9335000000000946,0.4208603948166752,-3.3543603948167697,-1.1434669830634605,3.7735000000000127,0.0,stop,2023
-1,351206,351218,2023-06-01 07:15:00+00:00,2023-06-01 10:15:00+00:00,1957.44,1961.84,0.01,12,-4.399999999999864,0.41623897084733413,-4.8162389708471975,-1.0945997661016698,5.201500000000124,4.014999999999873,stop,2023
1,351321,351323,2023-06-02 13:00:00+00:00,2023-06-02 13:30:00+00:00,1974.4285,1968.7205,0.01,2,-5.708000000000084,0.5196854935917742,-6.227685493591858,-1.09104511100066,7.309999999999945,2.2294999999999163,stop,2023
1,351418,351608,2023-06-05 14:15:00+00:00,2023-06-07 15:45:00+00:00,1961.4745,1946.8204999999998,0.01,190,-14.654000000000226,0.41974424210105715,-15.073744242101283,-1.0286436633070186,14.996499999999969,8.775499999999965,stop,2023
1,351688,351888,2023-06-08 12:45:00+00:00,2023-06-12 16:45:00+00:00,1959.155,1954.2135,0.01,200,-4.941499999999905,0.4144561847392921,-5.355956184739197,-0.5118704243072741,9.839499999999816,13.951500000000124,time_stop,2023
1,351910,351916,2023-06-12 23:15:00+00:00,2023-06-13 00:45:00+00:00,1960.2350000000001,1958.385,0.01,6,-1.8500000000001366,0.43259738220233473,-2.2825973822024714,-1.2338364228120555,2.355000000000018,0.7999999999997272,stop,2023
-1,351917,351918,2023-06-13 01:00:00+00:00,2023-06-13 01:15:00+00:00,1957.88,1959.3600000000001,0.01,1,-1.4800000000000182,0.42521461496464635,-1.9052146149646645,-1.2873071722734062,1.949999999999818,0.7550000000001091,stop,2023
1,352056,352077,2023-06-14 12:45:00+00:00,2023-06-14 18:00:00+00:00,1958.3584999999998,1946.6535,0.01,21,-11.704999999999927,0.4580554179483402,-12.163055417948268,-1.0391333120844377,18.281999999999698,0.9565000000002328,stop,2023
1,352152,352163,2023-06-15 13:45:00+00:00,2023-06-15 16:30:00+00:00,1946.8249999999998,1960.0159999999996,0.01,11,13.190999999999804,0.4192886055798947,12.771711394419908,1.9364280789053292,0.0,13.420000000000073,target,2023
1,352247,352308,2023-06-16 14:30:00+00:00,2023-06-19 06:45:00+00:00,1959.275,1953.3384999999998,0.01,61,-5.936500000000251,0.41614622185994704,-6.352646221860198,-1.0700995909812059,6.070500000000266,2.474999999999909,stop,2023
1,352313,352319,2023-06-19 08:00:00+00:00,2023-06-19 09:30:00+00:00,1955.3049999999998,1952.745,0.01,6,-2.5599999999999454,0.41419716725821476,-2.9741971672581604,-1.1617957684602436,2.730000000000018,3.540000000000191,stop,2023
1,352390,352404,2023-06-20 06:45:00+00:00,2023-06-20 10:15:00+00:00,1953.8,1950.7585,0.01,14,-3.041500000000042,0.408755531231816,-3.450255531231858,-1.1343927441169852,3.0804999999998017,3.0249999999998636,stop,2023
1,352691,352700,2023-06-23 13:00:00+00:00,2023-06-23 15:15:00+00:00,1929.8,1923.0,0.01,9,-6.7999999999999545,0.4174942613073315,-7.217494261307286,-1.0613962148981375,7.989499999999907,7.6099999999999,stop,2023
1,352754,352756,2023-06-26 05:45:00+00:00,2023-06-26 06:15:00+00:00,1926.9285,1924.0735,0.01,2,-2.855000000000018,0.4161778087466632,-3.2711778087466814,-1.1457715617326307,3.0335000000000036,0.8364999999998872,stop,2023
1,352829,352830,2023-06-27 01:30:00+00:00,2023-06-27 01:45:00+00:00,1925.4250000000002,1928.9150000000004,0.01,1,3.4900000000002365,0.4254161486022991,3.0645838513979373,1.7562085108296446,0.0,5.049999999999727,target,2023
-1,353057,353058,2023-06-29 12:30:00+00:00,2023-06-29 12:45:00+00:00,1909.2165,1903.2965,0.01,1,5.920000000000073,0.4273468962461758,5.492653103753897,1.855626048565483,0.0,13.621499999999969,target,2023
-1,353122,353123,2023-06-30 05:45:00+00:00,2023-06-30 06:00:00+00:00,1908.4650000000001,1905.3850000000002,0.01,1,3.0799999999999272,0.4267714280903295,2.653228571909598,1.722875696045234,0.0,4.116500000000087,target,2023
-1,353222,353241,2023-07-03 07:45:00+00:00,2023-07-03 12:30:00+00:00,1912.4765,1915.83,0.01,19,-3.35349999999994,0.41215720209318624,-3.7656572020931263,-1.122903593884954,7.373499999999922,2.3430000000000746,stop,2023
-1,353391,353394,2023-07-05 06:30:00+00:00,2023-07-05 07:15:00+00:00,1922.165,1923.9985000000001,0.01,3,-1.8335000000001858,0.41314450340566866,-2.2466445034058546,-1.2253310626700993,2.2554999999999836,1.1399999999998727,stop,2023
1,353499,353506,2023-07-06 10:30:00+00:00,2023-07-06 12:15:00+00:00,1922.585,1918.62,0.01,7,-3.9650000000001455,0.4450558138317105,-4.410055813831856,-1.1122461068932394,14.970000000000027,5.0900000000001455,stop,2023
-1,353580,353588,2023-07-07 07:45:00+00:00,2023-07-07 09:45:00+00:00,1914.46,1916.525,0.01,8,-2.0650000000000546,0.41477690224231384,-2.4797769022423686,-1.2008604853473623,2.3649999999997817,1.0650000000000546,stop,2023
1,353663,353665,2023-07-10 05:30:00+00:00,2023-07-10 06:00:00+00:00,1921.2135,1920.1399999999999,0.01,2,-1.0735000000001946,0.421171104758102,-1.4946711047582966,-1.3923345177065911,1.7484999999999218,0.2599999999999909,stop,2023
1,354068,354093,2023-07-14 14:45:00+00:00,2023-07-16 22:00:00+00:00,1958.1,1954.19,0.01,25,-3.9099999999998545,0.5049090838714949,-4.41490908387135,-1.1291327580234052,4.199499999999944,4.0,stop,2023
-1,354093,354097,2023-07-16 22:00:00+00:00,2023-07-16 23:00:00+00:00,1954.5104999999999,1952.0214999999994,0.01,4,2.4890000000004875,0.5794340947530958,1.9095659052473917,1.5344041022475032,0.07950000000028012,3.0605000000000473,target,2023
-1,354106,354122,2023-07-17 01:15:00+00:00,2023-07-17 05:15:00+00:00,1953.69,1955.46,0.01,16,-1.769999999999982,0.4276021409105731,-2.197602140910555,-1.2415831304579532,1.9849999999999,2.6700000000000728,stop,2023
1,354430,354431,2023-07-20 13:15:00+00:00,2023-07-20 13:30:00+00:00,1977.6335,1972.8049999999998,0.01,1,-4.828500000000076,0.405451215424146,-5.233951215424223,-1.0839704287924075,4.828500000000076,1.803000000000111,stop,2023
-1,354603,354605,2023-07-24 10:30:00+00:00,2023-07-24 11:00:00+00:00,1964.3865,1966.57,0.01,2,-2.183499999999867,0.4059761621061881,-2.589476162106055,-1.1859290872938917,2.6599999999998545,0.0,stop,2023
1,354664,354665,2023-07-25 02:45:00+00:00,2023-07-25 03:00:00+00:00,1963.3,1962.2849999999999,0.01,1,-1.0150000000001,0.4268943214732868,-1.4418943214733868,-1.4205855383972854,1.1434999999999036,0.2799999999999727,stop,2023
1,354752,354769,2023-07-26 01:45:00+00:00,2023-07-26 06:00:00+00:00,1963.645,1966.7350000000001,0.01,17,3.090000000000146,0.42432929055474317,2.665670709445403,1.725353209996943,1.2384999999999309,4.134999999999991,target,2023
-1,354888,355088,2023-07-27 12:45:00+00:00,2023-07-31 16:45:00+00:00,1963.0235,1972.2465,0.01,200,-9.222999999999956,0.41321413215268266,-9.63621413215264,-0.7621778163531296,9.451499999999896,20.32849999999985,time_stop,2023
-1,355121,355128,2023-08-01 02:00:00+00:00,2023-08-01 03:45:00+00:00,1960.835,1962.7935,0.01,7,-1.9584999999999582,0.41565003264904765,-2.374150032649006,-1.2122287631601003,1.97849999999994,1.7449999999998909,stop,2023
-1,355249,355250,2023-08-02 11:00:00+00:00,2023-08-02 11:15:00+00:00,1951.7,1953.08,0.01,1,-1.3799999999998818,0.3873345480134294,-1.7673345480133111,-1.2806772087054077,1.628500000000031,0.0,stop,2023
1,355450,355474,2023-08-04 15:15:00+00:00,2023-08-06 22:15:00+00:00,1940.365,1945.7980000000005,0.01,24,5.4330000000004475,0.44713735246067726,4.98586264753977,1.835399465319109,0.4750000000001364,6.455500000000029,target,2023
-1,355497,355520,2023-08-07 04:00:00+00:00,2023-08-07 09:45:00+00:00,1938.2894999999999,1934.5084999999995,0.01,23,3.7810000000004043,0.3944556630783265,3.3865443369220776,1.7913484987684292,0.790000000000191,4.009499999999889,target,2023
-1,355687,355689,2023-08-09 05:30:00+00:00,2023-08-09 06:00:00+00:00,1931.18,1932.2,0.01,2,-1.0199999999999818,0.40748044874205963,-1.4274804487420414,-1.3994906360216341,1.2200000000000273,0.6050000000002456,stop,2023
1,355807,355810,2023-08-10 12:30:00+00:00,2023-08-10 13:15:00+00:00,1924.135,1921.3099999999997,0.01,3,-2.825000000000273,0.43045195828632116,-3.255451958286594,-1.1523723746146122,4.02150000000006,3.0750000000000455,stop,2023
-1,355886,355897,2023-08-11 09:15:00+00:00,2023-08-11 12:00:00+00:00,1918.6215,1919.8899999999999,0.01,11,-1.2684999999999036,0.3939778260193197,-1.6624778260192232,-1.3105855940239255,1.6085000000000491,1.4365000000000236,stop,2023
-1,355975,355979,2023-08-14 08:30:00+00:00,2023-08-14 09:30:00+00:00,1915.15,1912.8900000000003,0.01,4,2.2599999999997635,0.39159714372902243,1.868402856270741,1.6534538551070235,0.5299999999999727,2.9085000000000036,target,2023
-1,356094,356116,2023-08-15 15:15:00+00:00,2023-08-15 20:45:00+00:00,1907.9765,1901.4525,0.01,22,6.523999999999887,0.46362066170862143,6.060379338291265,1.8578722680231055,0.4835000000000491,6.5499999999999545,target,2023
-1,356164,356173,2023-08-16 09:45:00+00:00,2023-08-16 12:00:00+00:00,1905.81,1902.9499999999998,0.01,9,2.8600000000001273,0.38417007133347547,2.475829928666652,1.731349600466113,1.0399999999999636,3.119999999999891,target,2023
-1,356266,356267,2023-08-17 12:15:00+00:00,2023-08-17 12:30:00+00:00,1898.29,1900.6284999999998,0.01,1,-2.33849999999984,0.44112904222468563,-2.7796290422245256,-1.1886376062538875,4.275000000000091,1.5599999999999454,stop,2023
-1,356365,356451,2023-08-18 14:00:00+00:00,2023-08-21 12:30:00+00:00,1892.705,1896.89,0.01,86,-4.185000000000173,0.39201173103446557,-4.577011731034639,-1.0936706645243608,4.875,7.799999999999727,stop,2023
-1,356456,356489,2023-08-21 13:45:00+00:00,2023-08-21 23:00:00+00:00,1890.8049999999998,1896.0,0.01,33,-5.195000000000164,0.4669154747721373,-5.661915474772301,-1.0898778584739408,5.281500000000051,5.4849999999999,stop,2023
-1,356547,356548,2023-08-22 13:30:00+00:00,2023-08-22 13:45:00+00:00,1894.06,1889.217,0.01,1,4.842999999999847,0.3992189193872575,4.44378108061259,1.8351356930054636,0.3350000000000364,4.873499999999922,target,2023
1,356792,356796,2023-08-25 05:45:00+00:00,2023-08-25 06:45:00+00:00,1914.2,1913.1015000000002,0.01,4,-1.0984999999998308,0.40157234783512047,-1.5000723478349514,-1.365564267487649,1.3600000000001273,0.9799999999997908,stop,2023
1,356894,356910,2023-08-28 08:15:00+00:00,2023-08-28 12:15:00+00:00,1914.8315,1913.5665,0.01,16,-1.2650000000001,0.42142432816505077,-1.6864243281651508,-1.3331417613952707,1.281500000000051,0.9484999999999673,stop,2023
-1,356999,357002,2023-08-29 11:30:00+00:00,2023-08-29 12:15:00+00:00,1918.34,1915.0329999999997,0.01,3,3.3070000000002437,0.4002836691091999,2.9067163308910438,1.757917345564457,0.009999999999990905,3.8250000000000455,target,2023
1,357201,357230,2023-08-31 16:00:00+00:00,2023-09-01 00:15:00+00:00,1941.0585,1939.0445,0.01,29,-2.0140000000001237,0.3873065515256157,-2.4013065515257392,-1.1923071258816245,2.11850000000004,1.462999999999738,stop,2023
-1,357230,357233,2023-09-01 00:15:00+00:00,2023-09-01 01:00:00+00:00,1939.3114999999998,1940.4,0.01,3,-1.0885000000002947,0.40347282748996555,-1.4919728274902602,-1.3706686518051046,3.850000000000364,0.5179999999998017,stop,2023
1,357327,357331,2023-09-04 01:30:00+00:00,2023-09-04 02:30:00+00:00,1942.1985,1945.6354999999999,0.01,4,3.4369999999998986,0.4000987084870789,3.0369012915128195,1.7671814323613089,0.0,3.8015000000000327,target,2023
-1,357728,357729,2023-09-08 12:15:00+00:00,2023-09-08 12:30:00+00:00,1922.845,1923.87,0.01,1,-1.0249999999998636,0.3886286289322775,-1.4136286289321411,-1.3791498818851993,3.1189999999999145,0.15499999999997272,stop,2023
1,357778,357792,2023-09-11 01:45:00+00:00,2023-09-11 05:15:00+00:00,1922.72,1927.61,0.01,14,4.889999999999873,0.3843001731154641,4.505699826884409,1.8428220150856958,0.3734999999999218,5.160000000000082,target,2023
-1,357869,357876,2023-09-12 01:30:00+00:00,2023-09-12 03:15:00+00:00,1921.23,1923.47,0.01,7,-2.240000000000009,0.3948789621389353,-2.6348789621389446,-1.1762852509548811,2.6800000000000637,0.049999999999954525,stop,2023
-1,358010,358043,2023-09-13 13:45:00+00:00,2023-09-13 23:00:00+00:00,1913.1399999999999,1907.81,0.01,33,5.329999999999927,0.4473228089690628,4.882677191030864,1.8321490397864657,1.650000000000091,5.50649999999996,target,2023
-1,358109,358112,2023-09-14 15:30:00+00:00,2023-09-14 16:15:00+00:00,1908.3449999999998,1911.355,0.01,3,-3.0100000000002183,0.3950855734896011,-3.4050855734898193,-1.1312576656111537,3.5950000000002547,2.1799999999998363,stop,2023
1,358140,358145,2023-09-15 00:15:00+00:00,2023-09-15 01:30:00+00:00,1911.27,1914.0130000000004,0.01,5,2.743000000000393,0.4123370894563369,2.330662910544056,1.6993531976257543,0.8699999999998909,3.9235000000001037,target,2023
1,358423,358444,2023-09-20 02:00:00+00:00,2023-09-20 07:15:00+00:00,1930.3600000000001,1929.23,0.01,21,-1.1300000000001091,0.3849876411796071,-1.5149876411797163,-1.3406970275925398,2.355000000000018,2.0534999999999854,stop,2023
1,358628,358637,2023-09-22 07:15:00+00:00,2023-09-22 09:30:00+00:00,1926.87,1925.4035,0.01,9,-1.4664999999999964,0.4047019297234998,-1.871201929723496,-1.2759644935039214,1.4849999999999,1.875,stop,2023
-1,358721,358748,2023-09-25 07:30:00+00:00,2023-09-25 14:15:00+00:00,1924.2649999999999,1918.8849999999998,0.01,27,5.380000000000109,0.3977098907353,4.9822901092648095,1.852152456975728,2.625,9.059999999999945,target,2023
1,359112,359113,2023-09-29 13:15:00+00:00,2023-09-29 13:30:00+00:00,1878.815,1873.775,0.01,1,-5.039999999999964,0.39559370849540876,-5.4355937084953725,-1.078490815177661,6.245000000000118,0.0,stop,2023
-1,359385,359477,2023-10-04 12:30:00+00:00,2023-10-05 12:30:00+00:00,1825.3435,1814.6205,0.01,92,10.722999999999956,0.40458184142861137,10.318418158571346,1.9245394308628905,3.9664999999999964,12.273500000000013,target,2023
1,359529,359539,2023-10-06 02:30:00+00:00,2023-10-06 05:00:00+00:00,1823.58,1822.56,0.01,10,-1.0199999999999818,0.4013768898101165,-1.4213768898100982,-1.3935067547158075,1.0199999999999818,1.0399999999999636,stop,2023
-1,359956,359980,2023-10-12 17:15:00+00:00,2023-10-13 00:15:00+00:00,1868.12,1872.0115,0.01,24,-3.8915000000001783,0.4045216320352694,-4.296021632035448,-1.1039500532019146,4.041500000000269,0.14999999999986358,stop,2023
1,359982,359995,2023-10-13 00:45:00+00:00,2023-10-13 04:00:00+00:00,1871.565,1874.288,0.01,13,2.7229999999999563,0.39722456997115824,2.325775430028798,1.7082448990296257,0.1950000000001637,2.8350000000000364,target,2023
1,360524,360534,2023-10-22 22:15:00+00:00,2023-10-23 00:45:00+00:00,1976.6205,1965.1005,0.01,10,-11.519999999999982,0.45231068363740873,-11.97231068363739,-1.0392630801768585,12.19549999999981,2.059500000000071,stop,2023
1,360540,360553,2023-10-23 02:15:00+00:00,2023-10-23 05:30:00+00:00,1969.9850000000001,1976.7650000000003,0.01,13,6.7800000000002,0.39743465481740564,6.382565345182795,1.882762638696934,0.0,6.824999999999818,target,2023
1,360623,360628,2023-10-24 00:00:00+00:00,2023-10-24 01:15:00+00:00,1973.74,1978.3,0.01,5,4.559999999999945,0.4049699807399785,4.155030019259967,1.8223815873947442,1.2300000000000182,5.029999999999973,target,2023
1,360715,360726,2023-10-25 00:00:00+00:00,2023-10-25 02:45:00+00:00,1973.4935,1971.545,0.01,11,-1.9484999999999673,0.4009887873765608,-2.349488787376528,-1.2057935783302887,2.1520000000000437,3.5764999999998963,stop,2023
-1,360859,360871,2023-10-26 13:00:00+00:00,2023-10-26 16:00:00+00:00,1974.8095,1982.48,0.01,12,-7.670499999999947,0.40785036430062976,-8.078350364300578,-1.0531712879604502,8.480499999999893,2.9995000000001255,stop,2023
-1,360943,360948,2023-10-27 11:00:00+00:00,2023-10-27 12:15:00+00:00,1980.66,1984.04,0.01,5,-3.3799999999998818,0.40872830359039425,-3.788728303590276,-1.1209255336066297,4.816499999999905,0.6549999999999727,stop,2023
-1,361096,361104,2023-10-31 03:15:00+00:00,2023-10-31 05:15:00+00:00,1993.435,1995.0765,0.01,8,-1.6414999999999509,0.40689828712175014,-2.0483982871217012,-1.247881990326995,1.7350000000001273,2.8049999999998363,stop,2023
-1,361235,361240,2023-11-01 15:00:00+00:00,2023-11-01 16:15:00+00:00,1986.5749999999998,1977.1219999999994,0.01,5,9.45300000000043,0.40265355165527444,9.050346448345154,1.9148093617570598,0.0,10.144999999999754,target,2023
-1,361269,361271,2023-11-02 00:30:00+00:00,2023-11-02 01:00:00+00:00,1984.92,1986.2585,0.01,2,-1.33849999999984,0.38575142536674184,-1.7242514253665817,-1.2881968064002898,1.6499999999998636,0.9400000000000546,stop,2023
-1,361364,361369,2023-11-03 01:15:00+00:00,2023-11-03 02:30:00+00:00,1984.7649999999999,1985.8099999999997,0.01,5,-1.0449999999998454,0.40428353480015095,-1.4492835347999964,-1.3868741959810629,2.685000000000173,1.4400000000000546,stop,2023
1,361446,361447,2023-11-05 23:45:00+00:00,2023-11-06 00:00:00+00:00,1989.18,1987.22,0.01,1,-1.9600000000000364,0.4051094896300873,-2.3651094896301235,-1.2066885151173876,2.0650000000000546,0.09999999999990905,stop,2023
1,361448,361458,2023-11-06 00:15:00+00:00,2023-11-06 02:45:00+00:00,1989.28,1987.115,0.01,10,-2.1649999999999636,0.3905013254376232,-2.5555013254375867,-1.1803701272229237,2.3815000000001874,3.8500000000001364,stop,2023
-1,361783,361784,2023-11-09 15:00:00+00:00,2023-11-09 15:15:00+00:00,1955.82,1958.8899999999999,0.01,1,-3.0699999999999363,0.4071674254063231,-3.4771674254062592,-1.1326278258652545,5.080000000000155,0.0,stop,2023
-1,361824,361829,2023-11-10 02:15:00+00:00,2023-11-10 03:30:00+00:00,1958.55,1960.05,0.01,5,-1.5,0.4087925676653578,-1.9087925676653579,-1.272528378443572,1.9700000000000273,1.8699999999998909,stop,2023
1,361975,362007,2023-11-13 17:00:00+00:00,2023-11-14 02:00:00+00:00,1946.615,1944.5945000000002,0.01,32,-2.0204999999998563,0.4064629099723456,-2.426962909972202,-1.2011694679398044,2.1549999999999727,2.644999999999982,stop,2023
1,362008,362015,2023-11-14 02:15:00+00:00,2023-11-14 04:00:00+00:00,1946.1985,1944.46,0.01,7,-1.738499999999931,0.407646977623318,-2.146146977623249,-1.2344820118627173,2.3339999999998327,0.5565000000001419,stop,2023
1,362153,362191,2023-11-15 15:30:00+00:00,2023-11-16 02:00:00+00:00,1960.5484999999999,1957.3400000000001,0.01,38,-3.208499999999731,0.4014229559016164,-3.609922955901347,-1.1251123440553685,4.023499999999785,3.963000000000193,stop,2023
1,362195,362209,2023-11-16 03:00:00+00:00,2023-11-16 06:30:00+00:00,1961.1599999999999,1965.7369999999992,0.01,14,4.576999999999316,0.40107543950248853,4.175924560496828,1.824743089577213,0.4999999999997726,5.7400000000002365,target,2023
-1,362367,362371,2023-11-20 00:00:00+00:00,2023-11-20 01:00:00+00:00,1974.31,1978.54,0.01,4,-4.230000000000018,0.4128630243185866,-4.642863024318605,-1.0976035518483653,7.355000000000018,0.5599999999999454,stop,2023
-1,362612,362775,2023-11-22 15:15:00+00:00,2023-11-24 13:30:00+00:00,1992.21,2001.8635,0.01,163,-9.653499999999894,0.4075615115134739,-10.061061511513369,-1.042219040919198,9.731499999999869,5.230000000000018,stop,2023
1,363114,363117,2023-11-30 10:30:00+00:00,2023-11-30 11:15:00+00:00,2038.625,2036.8015,0.01,3,-1.8234999999999673,0.38900480592518677,-2.212504805925154,-1.213328656937315,2.0750000000000455,2.0399999999999636,stop,2023
-1,363211,363223,2023-12-01 11:45:00+00:00,2023-12-01 14:45:00+00:00,2037.935,2041.52,0.01,12,-3.585000000000037,0.406214010761417,-3.9912140107614538,-1.1133093474927231,5.373500000000149,3.9699999999998,stop,2023
1,363289,363311,2023-12-04 08:15:00+00:00,2023-12-04 13:45:00+00:00,2064.5645,2057.9049999999997,0.01,22,-6.659500000000207,0.41173518425912703,-7.071235184259335,-1.0618267413858569,8.54950000000008,11.712500000000091,stop,2023
-1,363474,363475,2023-12-06 08:30:00+00:00,2023-12-06 08:45:00+00:00,2031.55,2024.74,0.01,1,6.809999999999945,0.40432364759682304,6.405676352403122,1.8812559037894783,0.0,7.024999999999864,target,2023
-1,363542,363546,2023-12-07 02:30:00+00:00,2023-12-07 03:30:00+00:00,2028.605,2029.79,0.01,4,-1.1849999999999454,0.39953060792844014,-1.5845306079283856,-1.3371566311632561,1.375,1.9450000000001637,stop,2023
1,363627,363659,2023-12-08 00:45:00+00:00,2023-12-08 08:45:00+00:00,2031.005,2027.7285000000002,0.01,32,-3.276499999999942,0.40208182427964506,-3.6785818242795867,-1.1227168699159629,4.420000000000073,3.044499999999971,stop,2023
-1,363863,363976,2023-12-12 13:45:00+00:00,2023-12-13 19:00:00+00:00,1984.0165,1996.8555000000001,0.01,113,-12.83900000000017,0.41992390784149763,-13.258923907841666,-1.0327069014597314,20.9670000000001,10.901499999999942,stop,2023
1,363977,364177,2023-12-13 19:15:00+00:00,2023-12-18 00:15:00+00:00,2004.9835,2017.8049999999998,0.01,200,12.821499999999789,0.41459456091289354,12.406905439086895,0.5420584764876197,1.9649999999999181,42.956500000000005,time_stop,2023
1,364213,364215,2023-12-18 09:15:00+00:00,2023-12-18 09:45:00+00:00,2026.99,2023.915,0.01,2,-3.0750000000000455,0.4043148526957912,-3.4793148526958366,-1.1314845049417188,4.940000000000055,0.0,stop,2023
-1,364277,364294,2023-12-19 02:15:00+00:00,2023-12-19 06:30:00+00:00,2024.91,2026.53,0.01,17,-1.6199999999998909,0.4124797652314646,-2.0324797652313555,-1.2546171390317855,1.6749999999999545,3.160000000000082,stop,2023
-1,364407,364408,2023-12-20 11:45:00+00:00,2023-12-20 12:00:00+00:00,2033.065,2034.3400000000001,0.01,1,-1.275000000000091,0.39476265534745697,-1.669762655347548,-1.3096177688999442,3.4200000000000728,0.0,stop,2023
1,364457,364460,2023-12-21 01:15:00+00:00,2023-12-21 02:00:00+00:00,2034.66,2037.0400000000002,0.01,3,2.380000000000109,0.4065864579816033,1.973413542018506,1.6583307075785003,0.7585000000001401,2.849999999999909,target,2023
1,364877,364888,2023-12-28 14:15:00+00:00,2023-12-28 17:00:00+00:00,2075.545,2072.1949999999997,0.01,11,-3.350000000000364,0.44565407987358957,-3.7956540798739535,-1.1330310686189675,3.430000000000291,5.644999999999982,stop,2023
1,364936,364947,2023-12-29 06:00:00+00:00,2023-12-29 08:45:00+00:00,2072.3885,2070.0699999999997,0.01,11,-2.318500000000313,0.4783062461375068,-2.7968062461378196,-1.2062998689400226,3.6369999999997162,2.4714999999996508,stop,2023
1,365009,365012,2024-01-02 01:15:00+00:00,2024-01-02 02:00:00+00:00,2069.7635,2064.935,0.01,3,-4.828500000000076,0.41621934785218434,-5.244719347852261,-1.086200548379865,5.684999999999945,0.0,stop,2024
1,365338,365384,2024-01-05 14:30:00+00:00,2024-01-08 03:00:00+00:00,2048.755,2039.65,0.01,46,-9.105000000000018,0.41025893425448495,-9.515258934254502,-1.0450586418730898,9.191500000000133,15.251500000000306,stop,2024
1,365494,365496,2024-01-09 07:30:00+00:00,2024-01-09 08:00:00+00:00,2037.0135,2033.35,0.01,2,-3.663500000000113,0.419756789236929,-4.083256789237042,-1.1145780781320913,4.513500000000022,1.2579999999998108,stop,2024
1,365589,365608,2024-01-10 08:15:00+00:00,2024-01-10 13:00:00+00:00,2034.615,2030.33,0.01,19,-4.285000000000082,0.4043268869214481,-4.68932688692153,-1.0943586667261238,4.384999999999991,5.7654999999999745,stop,2024
