side,entry_i,exit_i,entry_ts,exit_ts,entry_mid,exit_mid,size_lots,bars_held,gross_pnl,cost,net_pnl,r_multiple,mae,mfe,exit_reason,year
1,117,130,2009-01-02 05:15:00+00:00,2009-01-02 08:30:00+00:00,872.2249999999999,874.4960000000001,0.06,13,13.626000000001111,3.215078790726797,10.410921209274314,1.0664742070553797,0.6769999999999072,4.713000000000079,stop,2009
1,263,268,2009-01-05 10:45:00+00:00,2009-01-05 12:00:00+00:00,861.738,858.7020000000002,0.03,5,-9.10799999999949,1.620195420186749,-10.728195420186239,-1.1778870685317127,10.508000000000038,0.9769999999998618,stop,2009
1,350,351,2009-01-06 08:30:00+00:00,2009-01-06 08:45:00+00:00,842.851,841.284,0.06,1,-9.402000000000044,3.273696245733817,-12.67569624573386,-1.3481914747642842,4.0079999999999245,0.0,stop,2009
1,493,499,2009-01-07 20:15:00+00:00,2009-01-07 21:45:00+00:00,838.534,842.033,0.05,6,17.49500000000012,2.713097850177326,14.781902149822791,1.4826381293703694,0.06799999999998363,5.6440000000000055,stop,2009
1,508,516,2009-01-08 00:00:00+00:00,2009-01-08 02:00:00+00:00,838.5609999999999,842.914,0.04,8,17.412000000000262,2.186369752281615,15.225630247718648,1.607435625814933,0.0,7.4920000000000755,stop,2009
1,767,772,2009-01-12 10:15:00+00:00,2009-01-12 11:30:00+00:00,845.2919999999999,845.3530000000001,0.05,5,0.30500000000074584,2.7615067587422937,-2.456506758741548,-0.2397761599552537,1.8869999999999436,4.364000000000033,stop,2009
1,854,857,2009-01-13 08:00:00+00:00,2009-01-13 08:45:00+00:00,817.438,817.884,0.04,3,1.7840000000001057,2.2702307692307695,-0.4862307692306638,-0.04436412128016991,0.3300000000000409,3.1860000000000355,stop,2009
1,976,979,2009-01-14 14:30:00+00:00,2009-01-14 15:15:00+00:00,819.019,814.256,0.02,3,-9.526000000000067,1.10676204264279,-10.632762042642858,-1.1161832923202586,8.152000000000044,4.410000000000082,stop,2009
1,1021,1044,2009-01-15 01:45:00+00:00,2009-01-15 07:30:00+00:00,809.366,809.49,0.04,23,0.49600000000009464,2.1865161290322614,-1.6905161290321669,-0.16496059026465984,1.2269999999999754,2.8769999999999527,stop,2009
-1,1137,1143,2009-01-16 06:45:00+00:00,2009-01-16 08:15:00+00:00,822.553,820.024,0.06,6,15.173999999999976,3.268105879150774,11.905894120849203,1.153671910934982,0.1209999999999809,4.896000000000072,stop,2009
-1,1231,1253,2009-01-18 23:30:00+00:00,2009-01-19 05:00:00+00:00,843.492,838.865,0.05,22,23.134999999999764,2.7253554163920093,20.409644583607754,1.8222896949649707,0.0,7.34699999999998,stop,2009
1,1286,1289,2009-01-19 13:15:00+00:00,2009-01-19 14:00:00+00:00,837.2539999999999,835.645,0.06,3,-9.653999999999542,3.1386081313227665,-12.792608131322307,-1.3251096054819675,1.6679999999998927,0.9340000000000828,stop,2009
1,1350,1351,2009-01-20 05:15:00+00:00,2009-01-20 05:30:00+00:00,827.3040000000001,825.6780000000001,0.06,1,-9.755999999999858,3.153976539589421,-12.909976539589278,-1.3232858281662019,1.6690000000000964,0.0,stop,2009
1,1483,1485,2009-01-21 14:30:00+00:00,2009-01-21 15:00:00+00:00,854.707,847.018,0.01,2,-7.688999999999965,0.5272209876543192,-8.216220987654285,-1.0685682127265343,7.975999999999999,0.0,stop,2009
-1,1593,1635,2009-01-22 18:00:00+00:00,2009-01-23 04:30:00+00:00,858.419,855.945,0.04,42,9.89599999999973,2.187859527559063,7.708140472440668,0.6744960161393455,2.8460000000000036,5.735000000000014,stop,2009
-1,1681,1682,2009-01-23 16:00:00+00:00,2009-01-23 16:15:00+00:00,880.7339999999999,883.3789999999999,0.04,1,-10.579999999999927,2.0823579354838735,-12.6623579354838,-1.196820220745169,11.038999999999987,0.0,stop,2009
-1,1774,1779,2009-01-26 09:00:00+00:00,2009-01-26 10:15:00+00:00,899.425,903.361,0.03,5,-11.808000000000106,1.650782075193877,-13.458782075193984,-1.1398020050130304,6.4809999999999945,0.5779999999999745,stop,2009
1,1874,1879,2009-01-27 10:00:00+00:00,2009-01-27 11:15:00+00:00,894.29,895.364,0.05,5,5.370000000000346,2.6406240043694,2.729375995630946,0.2534239550260864,0.0,4.204000000000065,stop,2009
1,1945,1959,2009-01-28 03:45:00+00:00,2009-01-28 07:15:00+00:00,894.6800000000001,891.8340000000001,0.03,14,-8.538000000000011,1.6078670850680392,-10.14586708506805,-1.188318937112677,3.1700000000000728,1.2559999999998581,stop,2009
1,2053,2059,2009-01-29 06:45:00+00:00,2009-01-29 08:15:00+00:00,882.842,881.1279999999999,0.06,6,-10.284000000000333,3.350403846153856,-13.63440384615419,-1.3257880052658253,5.84699999999998,1.711999999999989,stop,2009
-1,2191,2194,2009-01-30 17:15:00+00:00,2009-01-30 18:00:00+00:00,921.893,926.5640000000001,0.02,3,-9.342000000000098,1.0940743364649133,-10.436074336465012,-1.1171135020835905,6.916999999999916,0.0,stop,2009
1,2330,2336,2009-02-02 21:30:00+00:00,2009-02-02 23:00:00+00:00,902.404,902.844,0.06,6,2.640000000000327,3.29265225563911,-0.6526522556387828,-0.06428804724574272,1.4790000000000418,2.9580000000000837,stop,2009
1,2373,2377,2009-02-03 08:15:00+00:00,2009-02-03 09:15:00+00:00,897.771,901.4050000000001,0.05,4,18.17000000000064,2.6567189349112246,15.513281065089416,1.608427274763051,0.0,6.0060000000000855,stop,2009
-1,2583,2586,2009-02-05 12:45:00+00:00,2009-02-05 13:30:00+00:00,917.2370000000001,919.7239999999999,0.04,3,-9.94799999999941,2.29411866039999,-12.2421186603994,-1.230611043466036,5.649999999999864,2.1620000000000346,stop,2009
1,2686,2689,2009-02-06 14:30:00+00:00,2009-02-06 15:15:00+00:00,908.527,910.4749999999999,0.04,3,7.791999999999462,2.1843255394602483,5.607674460539213,0.5215471038447731,0.3140000000000782,5.574999999999932,stop,2009
1,2785,2792,2009-02-09 08:45:00+00:00,2009-02-09 10:30:00+00:00,904.8520000000001,901.0690000000001,0.03,7,-11.349000000000046,1.6268362708719832,-12.97583627087203,-1.1433462217703743,7.102000000000089,1.0459999999999354,stop,2009
-1,2989,2995,2009-02-11 11:45:00+00:00,2009-02-11 13:15:00+00:00,924.8689999999999,927.255,0.04,6,-9.544000000000324,2.099251914098991,-11.643251914099315,-1.2199551460707168,2.5680000000000973,2.8789999999999054,stop,2009
-1,3101,3104,2009-02-12 15:45:00+00:00,2009-02-12 16:30:00+00:00,944.4770000000001,949.185,0.02,3,-9.415999999999713,1.069889860465111,-10.485889860464823,-1.113624666574463,4.822999999999865,1.7350000000001273,stop,2009
1,3170,3171,2009-02-13 09:00:00+00:00,2009-02-13 09:15:00+00:00,937.717,935.9100000000001,0.05,1,-9.034999999999513,2.5224094827586203,-11.557409482758134,-1.2791820124802165,2.074999999999932,0.23599999999999,stop,2009
-1,3296,3297,2009-02-16 10:00:00+00:00,2009-02-16 10:15:00+00:00,941.936,943.829,0.05,1,-9.464999999999577,2.8674429330705413,-12.33244293307012,-1.3029522380423317,1.8969999999999345,0.0,stop,2009
-1,3357,3364,2009-02-17 01:15:00+00:00,2009-02-17 03:00:00+00:00,943.535,945.256,0.05,7,-8.605000000000018,2.7290551181102423,-11.33405511811026,-1.3171476023370408,3.5230000000000246,0.9979999999999336,stop,2009
-1,3473,3493,2009-02-18 06:15:00+00:00,2009-02-18 11:15:00+00:00,971.5840000000001,966.036,0.03,20,16.644000000000343,1.6159014223735495,15.028098577626793,1.9491697247246647,1.3689999999999145,9.234000000000037,stop,2009
-1,3697,3701,2009-02-20 14:15:00+00:00,2009-02-20 15:15:00+00:00,995.1389999999999,993.4720000000002,0.03,4,5.000999999999067,1.612949675324668,3.388050324674399,0.38716150436227087,2.393000000000029,6.6329999999999245,stop,2009
1,3796,3799,2009-02-23 08:30:00+00:00,2009-02-23 09:15:00+00:00,982.0550000000001,986.2839999999999,0.11,3,46.51899999999796,6.0250149291339,40.493985070864056,4.356534165773292,0.0,6.379999999999882,stop,2009
1,3927,3931,2009-02-24 17:15:00+00:00,2009-02-24 18:15:00+00:00,964.72,968.4659999999999,0.05,4,18.729999999999336,2.7188558500323303,16.011144149967006,1.580567043432031,0.6310000000000855,6.3599999999999,stop,2009
1,3983,3986,2009-02-25 07:15:00+00:00,2009-02-25 08:00:00+00:00,956.677,954.558,0.05,3,-10.595000000000141,2.6896713737229057,-13.284671373723047,-1.2538623288081991,2.1350000000001046,0.9940000000000282,stop,2009
1,4114,4121,2009-02-26 16:00:00+00:00,2009-02-26 17:45:00+00:00,934.5360000000001,939.3059999999999,0.04,7,19.079999999999472,2.127823157351224,16.95217684264825,1.6312718285842756,0.1590000000001055,8.593999999999937,stop,2009
-1,4197,4198,2009-02-27 12:45:00+00:00,2009-02-27 13:00:00+00:00,950.848,952.15,0.07,1,-9.114000000000146,3.9732033862875977,-13.087203386287744,-1.4359450720087266,3.1110000000001037,0.0,stop,2009
-1,4305,4315,2009-03-02 09:15:00+00:00,2009-03-02 11:45:00+00:00,955.3900000000001,952.447,0.03,10,8.829000000000292,1.6819465981012676,7.147053401899024,0.7896424043640667,1.862999999999829,8.253000000000156,stop,2009
1,4382,4392,2009-03-03 04:30:00+00:00,2009-03-03 07:00:00+00:00,924.554,925.438,0.03,10,2.6520000000000437,1.6414923913043482,1.0105076086956954,0.09499037494789564,2.544999999999959,4.906000000000063,stop,2009
1,4539,4549,2009-03-04 19:45:00+00:00,2009-03-04 22:15:00+00:00,902.015,904.9300000000001,0.04,10,11.66000000000031,2.2049324116743385,9.45506758832597,0.9527476409034655,0.0,5.826000000000022,stop,2009
-1,4625,4628,2009-03-05 17:15:00+00:00,2009-03-05 18:00:00+00:00,923.788,926.829,0.03,3,-9.12299999999982,1.6384255665827276,-10.761425566582547,-1.1795928495651387,4.5,2.1970000000000027,stop,2009
-1,4682,4683,2009-03-06 07:30:00+00:00,2009-03-06 07:45:00+00:00,939.963,941.0350000000001,0.09,1,-9.648000000001048,4.884893015521087,-14.532893015522134,-1.5063114651244358,1.1900000000000546,1.7349999999999,stop,2009
1,4835,4836,2009-03-09 14:30:00+00:00,2009-03-09 14:45:00+00:00,927.52,925.6469999999999,0.05,1,-9.365000000000236,2.8007355769230653,-12.165735576923302,-1.299064129943726,3.6059999999999945,0.0,stop,2009
1,4908,4914,2009-03-10 08:45:00+00:00,2009-03-10 10:15:00+00:00,912.168,908.982,0.03,6,-9.558000000000106,1.5562992659514325,-11.114299265951539,-1.1628268744456387,3.9150000000000773,2.238999999999919,stop,2009
-1,5038,5048,2009-03-11 17:15:00+00:00,2009-03-11 19:45:00+00:00,910.3230000000001,906.3299999999999,0.04,10,15.972000000000664,2.1801532268536663,13.791846773146997,1.311510723958491,1.66599999999994,7.836000000000126,stop,2009
-1,5082,5089,2009-03-12 04:15:00+00:00,2009-03-12 06:00:00+00:00,913.071,914.62,0.06,7,-9.293999999999869,3.2490821917808117,-12.54308219178068,-1.349589217966522,1.9629999999999654,1.3390000000000555,stop,2009
1,5328,5331,2009-03-16 10:15:00+00:00,2009-03-16 11:00:00+00:00,923.943,922.202,0.05,3,-8.704999999999927,2.801688112745106,-11.506688112745033,-1.3218481462085157,1.9729999999999563,0.0,stop,2009
1,5496,5501,2009-03-18 04:15:00+00:00,2009-03-18 05:30:00+00:00,912.162,910.4,0.05,5,-8.810000000000286,2.698016118728196,-11.508016118728483,-1.3062447353834403,2.272000000000048,1.1689999999999827,stop,2009
-1,5655,5663,2009-03-19 20:00:00+00:00,2009-03-19 22:00:00+00:00,958.604,952.603,0.03,8,18.00300000000027,1.635925373134333,16.367074626865936,2.096730031625172,1.002999999999929,8.621000000000095,stop,2009
1,5849,5851,2009-03-23 13:15:00+00:00,2009-03-23 13:45:00+00:00,948.357,949.162,0.03,2,2.415000000000191,1.5909809250065465,0.8240190749936445,0.07904259712169459,1.93100000000004,5.8810000000000855,stop,2009
1,6037,6039,2009-03-25 12:15:00+00:00,2009-03-25 12:45:00+00:00,920.037,921.5799999999999,0.04,2,6.171999999999571,2.0711637761780244,4.100836223821546,0.4522316082732081,0.0,4.956000000000017,stop,2009
1,6183,6184,2009-03-27 00:45:00+00:00,2009-03-27 01:00:00+00:00,932.583,930.806,0.05,1,-8.88499999999965,2.720333845464439,-11.605333845464088,-1.3061715076493579,2.1829999999999927,0.0,stop,2009
-1,6353,6354,2009-03-30 14:00:00+00:00,2009-03-30 14:15:00+00:00,925.553,927.3209999999999,0.05,1,-8.839999999999577,2.6216862827225063,-11.461686282722084,-1.2965708464618362,1.8310000000000173,0.7690000000000055,stop,2009
1,6622,6623,2009-04-02 09:15:00+00:00,2009-04-02 09:30:00+00:00,919.9939999999999,917.848,0.04,1,-8.583999999999833,2.0792745098039083,-10.663274509803742,-1.242226760228792,5.617999999999938,0.0,stop,2009
1,6750,6752,2009-04-03 17:15:00+00:00,2009-04-03 17:45:00+00:00,897.4970000000001,895.0320000000002,0.04,2,-9.859999999999673,2.211715648726745,-12.071715648726418,-1.2243119319195557,2.7070000000001073,0.0,stop,2009
1,6801,6803,2009-04-05 23:45:00+00:00,2009-04-06 00:15:00+00:00,891.532,889.52,0.04,2,-8.04800000000023,2.181726582278488,-10.229726582278717,-1.2710892870624286,2.9950000000000045,2.3619999999999663,stop,2009
1,6806,6807,2009-04-06 01:00:00+00:00,2009-04-06 01:15:00+00:00,887.006,886.2470000000001,0.11,1,-8.34899999999891,6.022464127649636,-14.371464127648546,-1.7213395769134534,2.4979999999999336,0.0,stop,2009
-1,6954,6959,2009-04-07 14:00:00+00:00,2009-04-07 15:15:00+00:00,878.981,881.402,0.04,5,-9.684000000000196,2.1590216296848754,-11.843021629685072,-1.2229472975717506,4.236000000000104,1.1620000000000346,stop,2009
-1,7023,7035,2009-04-08 07:15:00+00:00,2009-04-08 10:15:00+00:00,886.9639999999999,889.059,0.04,12,-8.38000000000011,2.16388444444444,-10.543884444444549,-1.2582201007690228,2.1380000000000337,1.3669999999999618,stop,2009
-1,7301,7308,2009-04-12 22:45:00+00:00,2009-04-13 00:30:00+00:00,884.136,883.409,0.09,7,6.542999999999778,4.8793069817400685,1.6636930182597096,0.21054075148818382,0.40300000000002,1.8109999999999218,stop,2009
-1,7311,7314,2009-04-13 01:15:00+00:00,2009-04-13 02:00:00+00:00,884.065,885.1410000000001,0.08,3,-8.608000000000175,4.406601708821382,-13.014601708821557,-1.5119193434968974,1.245999999999981,0.20700000000010732,stop,2009
1,7480,7527,2009-04-14 19:30:00+00:00,2009-04-15 07:15:00+00:00,888.0229999999999,889.9950000000001,0.04,47,7.8880000000008295,2.198531216931211,5.689468783069619,0.6260418995455307,0.7439999999999145,4.897000000000162,stop,2009
-1,7548,7552,2009-04-15 12:30:00+00:00,2009-04-15 13:30:00+00:00,894.155,890.979,0.04,4,12.703999999999724,2.1688512568022893,10.535148743197434,1.4345246110018193,0.05299999999999727,7.2169999999999845,stop,2009
1,7640,7644,2009-04-16 11:30:00+00:00,2009-04-16 12:30:00+00:00,888.276,890.803,0.04,4,10.108000000000175,2.298315524163982,7.8096844758361925,1.0324807609513942,0.5539999999999736,5.078000000000088,stop,2009
1,7735,7740,2009-04-17 11:15:00+00:00,2009-04-17 12:30:00+00:00,868.457,870.258,0.06,5,10.806000000000267,2.965821562389543,7.840178437610724,0.986930820444485,0.9519999999999982,4.607000000000085,stop,2009
1,7815,7823,2009-04-20 01:00:00+00:00,2009-04-20 03:00:00+00:00,865.962,867.9169999999999,0.05,8,9.774999999999636,2.7398073347311582,7.035192665268478,0.8944936637340194,0.17399999999997817,3.7649999999999864,stop,2009
1,7983,8001,2009-04-21 19:00:00+00:00,2009-04-21 23:30:00+00:00,881.008,881.8429999999998,0.04,18,3.339999999999236,2.1952608799617446,1.1447391200374915,0.14534524124396417,0.0,3.5219999999999345,stop,2009
-1,8132,8154,2009-04-23 08:15:00+00:00,2009-04-23 13:45:00+00:00,892.979,894.842,0.05,22,-9.314999999999714,2.812997941857496,-12.12799794185721,-1.301985823065763,4.538000000000011,2.02800000000002,stop,2009
-1,8218,8221,2009-04-24 05:45:00+00:00,2009-04-24 06:30:00+00:00,910.181,911.919,0.05,3,-8.689999999999715,2.712839218961264,-11.40283921896098,-1.3121794268079807,1.7490000000000236,0.7760000000000673,stop,2009
-1,8325,8326,2009-04-27 00:15:00+00:00,2009-04-27 00:30:00+00:00,916.336,917.845,0.06,1,-9.054000000000087,3.2774209378407737,-12.33142093784086,-1.3619859661851934,1.7789999999999964,0.0,stop,2009
1,8422,8433,2009-04-28 00:30:00+00:00,2009-04-28 03:15:00+00:00,898.423,895.9490000000001,0.03,11,-7.421999999999798,1.6526554918688454,-9.074655491868644,-1.222669831833588,3.0090000000000146,2.519999999999982,stop,2009
1,8651,8661,2009-04-30 09:45:00+00:00,2009-04-30 12:15:00+00:00,889.76,887.095,0.03,10,-7.994999999999891,1.6235341454411214,-9.618534145441012,-1.203068686108961,8.719000000000051,2.8769999999999527,stop,2009
1,8743,8752,2009-05-01 08:45:00+00:00,2009-05-01 11:00:00+00:00,881.2829999999999,881.935,0.05,9,3.2600000000002183,2.7584140379077144,0.5015859620925038,0.06861641068296957,0.4739999999999327,2.7150000000001455,stop,2009
-1,8845,8853,2009-05-04 04:00:00+00:00,2009-05-04 06:00:00+00:00,891.1020000000001,893.035,0.04,8,-7.731999999999515,2.1738017747781546,-9.90580177477767,-1.2811435301058318,2.951999999999998,0.3500000000001364,stop,2009
-1,8977,8986,2009-05-05 13:00:00+00:00,2009-05-05 15:15:00+00:00,913.662,905.795,0.04,9,31.468000000000302,2.1505126973232827,29.31748730267702,3.8535077947789294,0.0,11.679000000000087,stop,2009
-1,9112,9139,2009-05-06 22:45:00+00:00,2009-05-07 05:30:00+00:00,910.8610000000001,912.271,0.06,27,-8.459999999999127,3.255852417302802,-11.715852417301928,-1.3848525315961155,2.5419999999999163,1.4910000000000991,stop,2009
-1,9169,9183,2009-05-07 13:00:00+00:00,2009-05-07 16:30:00+00:00,919.793,915.031,0.02,14,9.524000000000115,1.078369251887437,8.445630748112677,1.0693379017615563,0.0,9.516999999999939,stop,2009
1,9384,9389,2009-05-11 12:30:00+00:00,2009-05-11 13:45:00+00:00,910.9929999999999,912.315,0.05,5,6.610000000000582,2.681774467610973,3.928225532389609,0.45203976207016544,0.24499999999989086,3.689000000000078,stop,2009
-1,9464,9467,2009-05-12 08:30:00+00:00,2009-05-12 09:15:00+00:00,917.508,918.883,0.06,3,-8.249999999999998,3.029075142127379,-11.279075142127377,-1.3671606232881672,1.5579999999999927,0.7770000000000437,stop,2009
-1,9552,9575,2009-05-13 06:30:00+00:00,2009-05-13 12:15:00+00:00,926.947,921.958,0.06,23,29.934000000000193,3.3464879999999844,26.58751200000021,3.0351041095892257,0.875,7.725999999999999,stop,2009
-1,9693,9695,2009-05-14 17:45:00+00:00,2009-05-14 18:15:00+00:00,927.0160000000001,928.211,0.07,2,-8.364999999999554,3.8319514435695647,-12.19695144356912,-1.458093418239064,1.3419999999998709,0.04300000000012005,stop,2009
-1,9779,9795,2009-05-15 15:15:00+00:00,2009-05-15 19:15:00+00:00,932.029,930.5780000000001,0.04,16,5.803999999999633,2.131827500000012,3.6721724999996206,0.4051381840246576,0.33999999999991815,4.384999999999991,stop,2009
1,9921,9925,2009-05-18 18:30:00+00:00,2009-05-18 19:30:00+00:00,919.269,921.029,0.07,4,12.319999999999938,3.85421302402264,8.465786975977299,1.0452879338162544,0.0,3.48700000000008,stop,2009
-1,10001,10013,2009-05-19 14:30:00+00:00,2009-05-19 17:30:00+00:00,925.5609999999999,927.373,0.05,12,-9.06000000000063,2.7197092302815546,-11.779709230282183,-1.3001886567639476,2.594000000000051,1.2569999999998345,stop,2009
-1,10087,10089,2009-05-20 12:00:00+00:00,2009-05-20 12:30:00+00:00,931.349,932.5029999999999,0.07,2,-8.077999999999179,3.6145651970566446,-11.692565197055824,-1.4474579347681373,1.8490000000000464,1.205000000000041,stop,2009
-1,10148,10161,2009-05-21 03:15:00+00:00,2009-05-21 06:30:00+00:00,941.528,943.13,0.05,13,-8.009999999999879,2.7732610824283483,-10.783261082428227,-1.346224854235754,1.7709999999999582,0.6269999999999527,stop,2009
-1,10281,10283,2009-05-22 12:30:00+00:00,2009-05-22 13:00:00+00:00,956.945,959.688,0.03,2,-8.228999999999814,1.7093364444444463,-9.93833644444426,-1.2077210407636996,3.34699999999998,1.57000000000005,stop,2009
1,10381,10385,2009-05-25 05:30:00+00:00,2009-05-25 06:30:00+00:00,953.8489999999999,954.7130000000001,0.06,4,5.184000000000879,3.299870866332136,1.8841291336687425,0.24667833643216477,0.0,2.219000000000051,stop,2009
1,10484,10486,2009-05-26 07:15:00+00:00,2009-05-26 07:45:00+00:00,952.251,951.415,0.1,2,-8.360000000000129,5.469555772146386,-13.829555772146515,-1.6542530827926198,0.8369999999999891,0.30700000000001637,stop,2009
-1,10611,10613,2009-05-27 15:00:00+00:00,2009-05-27 15:30:00+00:00,953.244,955.115,0.04,2,-7.483999999999924,2.0325277561720405,-9.516527756171964,-1.271583078056128,3.7859999999999445,0.3100000000000591,stop,2009
-1,10710,10720,2009-05-28 15:45:00+00:00,2009-05-28 18:15:00+00:00,962.761,961.075,0.04,10,6.743999999999688,2.175619968147627,4.568380031852061,0.5528049409307833,1.09699999999998,3.9459999999999127,stop,2009
-1,10771,10773,2009-05-29 07:00:00+00:00,2009-05-29 07:30:00+00:00,965.7170000000001,967.186,0.05,2,-7.344999999999686,2.756630931278991,-10.101630931278677,-1.3753071383633912,2.6019999999998618,0.1770000000001346,stop,2009
-1,10894,10897,2009-06-01 05:30:00+00:00,2009-06-01 06:15:00+00:00,984.598,984.0799999999999,0.08,3,4.144000000000233,4.4040414956680145,-0.2600414956677817,-0.03280039047272774,0.0,2.2919999999999163,stop,2009
-1,11028,11032,2009-06-02 15:00:00+00:00,2009-06-02 16:00:00+00:00,983.034,982.489,0.03,4,1.6349999999998772,1.6460160000000081,-0.011016000000130921,-0.001372710280390111,0.22400000000004638,4.215000000000032,stop,2009
-1,11086,11089,2009-06-03 05:30:00+00:00,2009-06-03 06:15:00+00:00,986.692,985.56,0.08,3,9.056000000000495,4.405142986425368,4.650857013575127,0.5825221710389412,0.0,2.7140000000000555,stop,2009
1,11209,11256,2009-06-04 12:15:00+00:00,2009-06-05 00:00:00+00:00,964.5619999999999,977.706,0.02,47,26.28800000000024,1.0826919831223676,25.205308016877872,2.8918435081319616,0.0,17.881000000000085,stop,2009
1,11331,11333,2009-06-05 18:45:00+00:00,2009-06-05 19:15:00+00:00,955.9200000000001,953.349,0.03,2,-7.713000000000079,1.6768165020707202,-9.389816502070799,-1.2174013356762223,2.6450000000000955,2.3409999999998945,stop,2009
1,11410,11413,2009-06-08 08:30:00+00:00,2009-06-08 09:15:00+00:00,947.826,948.872,0.05,3,5.229999999999677,2.6907612084721997,2.5392387915274774,0.339243659522693,0.7110000000000127,3.0499999999999545,stop,2009
1,11716,11730,2009-06-11 13:00:00+00:00,2009-06-11 16:30:00+00:00,946.187,954.364,0.03,14,24.531000000000063,1.6484384164223027,22.88256158357776,3.2183630919237296,0.6140000000000327,11.850999999999999,stop,2009
1,11812,11873,2009-06-12 13:00:00+00:00,2009-06-14 22:00:00+00:00,940.798,936.4639999999999,0.02,61,-8.66800000000012,1.0968277605902017,-9.764827760590322,-1.1265375819785632,4.750999999999976,3.240000000000009,stop,2009
1,11877,11883,2009-06-14 23:00:00+00:00,2009-06-15 00:30:00+00:00,935.482,935.707,0.05,6,1.1250000000001137,2.7749148378644035,-1.6499148378642898,-0.20219544581670862,0.15899999999999181,2.7350000000000136,stop,2009
1,11909,11911,2009-06-15 07:00:00+00:00,2009-06-15 07:30:00+00:00,933.457,931.98,0.05,2,-7.384999999999878,2.7282648590296885,-10.113264859029567,-1.369433291676335,2.0860000000000127,0.0,stop,2009
-1,12027,12035,2009-06-16 12:30:00+00:00,2009-06-16 14:30:00+00:00,936.91,936.0100000000001,0.03,8,2.6999999999995907,1.5762995143765457,1.123700485623045,0.16421167406444748,0.5360000000000582,3.9289999999999736,stop,2009
1,12122,12128,2009-06-17 12:15:00+00:00,2009-06-17 13:45:00+00:00,930.04,931.6689999999999,0.04,6,6.515999999999622,2.0006732261454756,4.515326773854146,0.5969495999278112,0.5319999999999254,4.673000000000002,stop,2009
1,12235,12241,2009-06-18 16:30:00+00:00,2009-06-18 18:00:00+00:00,933.559,931.288,0.04,6,-9.083999999999833,2.214410650281617,-11.29841065028145,-1.2437704370631504,3.117999999999938,1.82000000000005,stop,2009
-1,12330,12426,2009-06-19 16:15:00+00:00,2009-06-22 10:15:00+00:00,936.289,926.5110000000001,0.03,96,29.333999999999715,1.63173924248341,27.702260757516306,3.3639660907730735,0.0,13.178999999999974,stop,2009
1,12439,12490,2009-06-22 13:30:00+00:00,2009-06-23 02:15:00+00:00,920.565,918.231,0.03,51,-7.00200000000018,1.55144237918216,-8.55344237918234,-1.2215713195061582,2.5230000000000246,2.644999999999982,stop,2009
-1,12561,12577,2009-06-23 20:00:00+00:00,2009-06-24 00:00:00+00:00,925.815,925.4799999999999,0.1,16,3.350000000001501,5.5222677661896675,-2.1722677661881664,-0.2589115335146981,0.7429999999999382,1.393000000000029,stop,2009
-1,12630,12647,2009-06-24 13:15:00+00:00,2009-06-24 17:30:00+00:00,936.624,935.071,0.02,17,3.1059999999999945,1.0319854605894787,2.074014539410516,0.2468477195204124,3.08400000000006,6.449000000000069,stop,2009
-1,12771,12773,2009-06-26 00:30:00+00:00,2009-06-26 01:00:00+00:00,940.755,941.738,0.08,2,-7.8640000000004875,4.360114379084973,-12.22411437908546,-1.5544397735356945,1.0919999999999845,0.0,stop,2009
1,12899,12915,2009-06-29 02:00:00+00:00,2009-06-29 06:00:00+00:00,936.341,934.7909999999999,0.05,16,-7.750000000000341,2.8016560201316274,-10.551656020131968,-1.3615040025976135,1.7060000000000173,1.1639999999999873,stop,2009
1,13041,13043,2009-06-30 13:30:00+00:00,2009-06-30 14:00:00+00:00,935.73,933.299,0.03,2,-7.29300000000012,1.6414649424126082,-8.934464942412728,-1.225074035707196,5.558999999999969,0.70799999999997,stop,2009
-1,13142,13147,2009-07-01 14:45:00+00:00,2009-07-01 16:00:00+00:00,937.912,941.205,0.02,5,-6.586000000000013,1.131068965517236,-7.717068965517249,-1.1717383792160998,7.069999999999936,1.1620000000000346,stop,2009
1,13231,13308,2009-07-02 13:00:00+00:00,2009-07-03 08:15:00+00:00,929.594,930.626,0.03,77,3.095999999999776,1.569190550376705,1.5268094496230709,0.1778254658307743,2.441000000000031,4.0049999999999955,stop,2009
1,13436,13437,2009-07-06 07:45:00+00:00,2009-07-06 08:00:00+00:00,926.175,924.943,0.06,1,-7.391999999999825,3.3005058986814935,-10.692505898681318,-1.4464970101030263,1.3339999999999463,0.1670000000001437,stop,2009
-1,13542,13546,2009-07-07 10:15:00+00:00,2009-07-07 11:15:00+00:00,925.0640000000001,927.5440000000001,0.03,4,-7.440000000000055,1.6115864906832371,-9.051586490683292,-1.2166110874574227,3.5429999999998927,0.11700000000007549,stop,2009
1,13600,13605,2009-07-08 00:45:00+00:00,2009-07-08 02:00:00+00:00,921.39,922.606,0.07,5,8.512000000000059,3.932580799585996,4.579419200414064,0.6339173865467732,0.0,3.0149999999999864,stop,2009
-1,13757,13758,2009-07-09 16:00:00+00:00,2009-07-09 16:15:00+00:00,914.6510000000001,917.072,0.03,1,-7.262999999999805,1.6687073863636197,-8.931707386363424,-1.2297545623521497,2.506999999999948,0.0,stop,2009
1,13831,13836,2009-07-10 10:30:00+00:00,2009-07-10 11:45:00+00:00,908.872,907.453,0.05,5,-7.094999999999914,2.558844421101777,-9.653844421101692,-1.3606546048064565,1.7169999999999845,0.7980000000001155,stop,2009
-1,13915,13917,2009-07-12 23:30:00+00:00,2009-07-13 00:00:00+00:00,913.296,914.6,0.06,2,-7.823999999999841,3.3789478895588627,-11.202947889558704,-1.431869617786162,1.8929999999999154,0.08400000000006003,stop,2009
-1,14060,14061,2009-07-14 11:45:00+00:00,2009-07-14 12:00:00+00:00,923.879,924.838,0.08,1,-7.671999999999571,4.221646754825976,-11.893646754825546,-1.5502667824330307,1.004000000000019,0.0,stop,2009
-1,14135,14136,2009-07-15 06:30:00+00:00,2009-07-15 06:45:00+00:00,926.669,928.347,0.04,1,-6.711999999999989,2.166890219122383,-8.878890219122372,-1.3228382328847417,2.494000000000028,0.0,stop,2009
-1,14356,14382,2009-07-17 13:45:00+00:00,2009-07-17 20:15:00+00:00,937.526,937.446,0.04,26,0.31999999999970896,2.1270771130317616,-1.8070771130320527,-0.2578591770878973,1.7440000000000282,1.9370000000000118,stop,2009
-1,14436,14441,2009-07-20 03:15:00+00:00,2009-07-20 04:30:00+00:00,941.265,940.8580000000001,0.07,5,2.8489999999994784,3.9659660729431727,-1.1169660729436943,-0.17047711736014223,0.0,2.17999999999995,stop,2009
-1,14677,14681,2009-07-22 15:30:00+00:00,2009-07-22 16:30:00+00:00,951.237,952.956,0.04,4,-6.876000000000204,2.089990489399647,-8.96599048939985,-1.3039544050901082,2.9850000000000136,0.9080000000000155,stop,2009
-1,14738,14747,2009-07-23 06:45:00+00:00,2009-07-23 09:00:00+00:00,953.072,954.764,0.04,9,-6.768000000000029,2.1680132438478696,-8.9360132438479,-1.3203329261004522,2.3310000000000173,1.8000000000000682,stop,2009
-1,14950,14954,2009-07-27 05:30:00+00:00,2009-07-27 06:30:00+00:00,954.6610000000001,956.228,0.04,4,-6.267999999999574,2.2020168067226873,-8.470016806722262,-1.3513109136443582,2.3629999999999427,0.8130000000001019,stop,2009
1,15074,15077,2009-07-28 12:30:00+00:00,2009-07-28 13:15:00+00:00,950.133,948.248,0.04,3,-7.539999999999964,2.089816110737291,-9.629816110737254,-1.2771639404160875,8.751999999999953,2.3309999999999036,stop,2009
1,15179,15181,2009-07-29 14:45:00+00:00,2009-07-29 15:15:00+00:00,931.299,929.371,0.03,2,-5.783999999999992,1.7185884803849758,-7.502588480384968,-1.297128022196573,6.090000000000032,0.3830000000000382,stop,2009
-1,15338,15342,2009-07-31 06:30:00+00:00,2009-07-31 07:30:00+00:00,938.314,937.6790000000001,0.07,4,4.4449999999991405,3.840138187094552,0.6048618129045886,0.09558498939704725,0.0,2.2099999999999227,stop,2009
-1,15487,15491,2009-08-03 13:00:00+00:00,2009-08-03 14:00:00+00:00,959.298,958.567,0.04,4,2.923999999999978,2.0438752950752885,0.8801247049246896,0.12251179077459151,1.393000000000029,2.754000000000019,stop,2009
-1,15591,15596,2009-08-04 15:00:00+00:00,2009-08-04 16:15:00+00:00,961.968,964.187,0.03,5,-6.657000000000153,1.6297653399668357,-8.286765339966989,-1.2448197896900703,3.16700000000003,0.0,stop,2009
1,15687,15710,2009-08-05 15:00:00+00:00,2009-08-05 20:45:00+00:00,962.2370000000001,963.8910000000001,0.02,23,3.3079999999999927,1.0664170879676456,2.241582912032347,0.3091838499354962,1.7550000000001091,5.58199999999988,stop,2009
-1,15774,15780,2009-08-06 12:45:00+00:00,2009-08-06 14:15:00+00:00,968.983,964.57,0.03,6,13.23899999999969,1.6942427336999237,11.544757266299767,1.8726289158636513,2.011000000000081,7.519999999999982,stop,2009
1,15871,15875,2009-08-07 13:00:00+00:00,2009-08-07 14:00:00+00:00,959.081,955.849,0.02,4,-6.463999999999942,1.094659583333336,-7.558659583333277,-1.1693470890057773,4.3840000000000146,4.822999999999979,stop,2009
1,15940,15941,2009-08-09 21:45:00+00:00,2009-08-09 22:00:00+00:00,953.817,953.258,0.12,1,-6.707999999999628,6.740807995598753,-13.448807995598381,-2.004890875909232,0.5930000000000746,0.7880000000000109,stop,2009
1,15951,15973,2009-08-10 00:30:00+00:00,2009-08-10 06:00:00+00:00,952.002,954.662,0.04,22,10.640000000000327,2.228717369863017,8.411282630137311,1.216910102739807,0.6849999999999454,4.5200000000000955,stop,2009
-1,16096,16109,2009-08-11 12:45:00+00:00,2009-08-11 16:00:00+00:00,946.335,946.041,0.02,13,0.5879999999999654,1.0367653151726315,-0.44876531517266605,-0.06329553105397337,0.17399999999997817,4.26400000000001,stop,2009
1,16171,16172,2009-08-12 07:30:00+00:00,2009-08-12 07:45:00+00:00,942.7719999999999,941.242,0.04,1,-6.119999999999891,2.1929785289034003,-8.31297852890329,-1.358329824984222,3.377999999999929,0.2680000000000291,stop,2009
-1,16263,16271,2009-08-13 06:30:00+00:00,2009-08-13 08:30:00+00:00,951.4839999999999,952.8340000000001,0.05,8,-6.750000000000682,2.8068506109578237,-9.556850610958506,-1.4158297201418577,1.8870000000000573,0.2239999999999327,stop,2009
1,16390,16392,2009-08-14 14:15:00+00:00,2009-08-14 14:45:00+00:00,954.2339999999999,952.332,0.03,2,-5.70599999999979,1.6710940735183917,-7.377094073518181,-1.2928661187378991,3.0399999999999636,1.3380000000000791,stop,2009
1,16461,16462,2009-08-17 01:30:00+00:00,2009-08-17 01:45:00+00:00,943.504,942.6579999999999,0.07,1,-5.922000000000822,3.8752292035398805,-9.797229203540702,-1.6543784538229216,1.0639999999999645,0.0,stop,2009
-1,16585,16599,2009-08-18 08:30:00+00:00,2009-08-18 12:00:00+00:00,938.811,937.773,0.04,14,4.152000000000044,2.219641707413751,1.9323582925862928,0.34930554818987675,0.2259999999999991,3.567000000000121,stop,2009
-1,16649,16674,2009-08-19 00:30:00+00:00,2009-08-19 06:45:00+00:00,940.8119999999999,936.3790000000001,0.05,25,22.164999999998827,2.7144605848696512,19.450539415129175,3.3107301132129634,0.3410000000001219,6.1609999999999445,stop,2009
-1,16743,16750,2009-08-20 00:00:00+00:00,2009-08-20 01:45:00+00:00,943.694,942.3720000000001,0.04,7,5.287999999999556,2.212995112679889,3.0750048873196674,0.5201293787752929,0.06700000000000728,3.6539999999999964,stop,2009
1,16860,16871,2009-08-21 05:15:00+00:00,2009-08-21 08:00:00+00:00,938.2560000000001,940.615,0.08,11,18.87199999999939,4.47799960949285,14.39400039050654,2.2804183128179294,0.0,3.9039999999998827,stop,2009
1,17017,17018,2009-08-24 14:15:00+00:00,2009-08-24 14:30:00+00:00,952.796,950.5219999999999,0.03,1,-6.822000000000343,1.7300693301997774,-8.552069330200121,-1.25360148493106,2.8479999999999563,0.16599999999993997,stop,2009
-1,17344,17370,2009-08-28 00:00:00+00:00,2009-08-28 06:30:00+00:00,949.355,950.6550000000001,0.05,26,-6.500000000000342,2.7804387916188382,-9.28043879161918,-1.4277598140951833,1.6119999999999663,1.0820000000001073,stop,2009
1,17516,17594,2009-08-31 12:45:00+00:00,2009-09-01 08:15:00+00:00,946.9739999999999,952.132,0.03,78,15.474000000000046,1.633194960212198,13.840805039787849,1.9040865373212053,0.7999999999999545,8.025000000000091,stop,2009
-1,17617,17628,2009-09-01 14:00:00+00:00,2009-09-01 16:45:00+00:00,953.767,951.4449999999999,0.04,11,9.288000000000466,2.1699818782811624,7.118018121719303,1.027427557984905,1.3360000000000127,5.739000000000033,stop,2009
-1,17706,17707,2009-09-02 12:15:00+00:00,2009-09-02 12:30:00+00:00,955.4,957.521,0.03,1,-6.362999999999943,1.7309441304618405,-8.093944130461782,-1.272032709486383,9.807000000000016,0.0,stop,2009
-1,17790,17793,2009-09-03 09:15:00+00:00,2009-09-03 10:00:00+00:00,982.601,984.1179999999999,0.04,3,-6.067999999999756,1.9492686673580535,-8.01726866735781,-1.321237420461129,3.413000000000011,1.17999999999995,stop,2009
-1,18096,18098,2009-09-08 07:15:00+00:00,2009-09-08 07:45:00+00:00,1003.2950000000001,1005.019,0.04,2,-6.895999999999732,2.1801788461538605,-9.076178846153592,-1.3161512247903053,3.8740000000000236,2.336999999999989,stop,2009
1,18205,18213,2009-09-09 10:30:00+00:00,2009-09-09 12:30:00+00:00,993.814,997.589,0.04,8,15.100000000000364,2.0825662706233485,13.017433729377014,2.105018390908402,0.4519999999998845,6.514999999999986,stop,2009
-1,18331,18338,2009-09-10 18:00:00+00:00,2009-09-10 19:45:00+00:00,995.946,995.1519999999999,0.03,7,2.382000000000289,1.639140044135097,0.7428599558651923,0.12640121760510678,0.1369999999999436,3.383000000000038,stop,2009
-1,18376,18379,2009-09-11 05:15:00+00:00,2009-09-11 06:00:00+00:00,1001.028,1002.182,0.06,3,-6.923999999999977,3.272752353204838,-10.196752353204815,-1.4726678730798453,1.7759999999999536,0.5650000000000546,stop,2009
1,18504,18510,2009-09-14 07:00:00+00:00,2009-09-14 08:30:00+00:00,998.1610000000001,996.393,0.04,6,-7.072000000000117,2.1996639903044883,-9.271663990304607,-1.311038460167485,4.259999999999991,1.9239999999999782,stop,2009
-1,18634,18639,2009-09-15 15:30:00+00:00,2009-09-15 16:45:00+00:00,1000.826,1003.2240000000002,0.03,5,-7.194000000000414,1.6607702691511377,-8.854770269151551,-1.2308549164791551,2.768000000000029,0.8369999999999891,stop,2009
-1,18693,18695,2009-09-16 06:15:00+00:00,2009-09-16 06:45:00+00:00,1014.9290000000001,1016.569,0.04,2,-6.559999999999492,2.2912646389754867,-8.851264638974978,-1.3492781461853147,2.4739999999999327,0.08200000000010732,stop,2009
1,18813,18814,2009-09-17 12:15:00+00:00,2009-09-17 12:30:00+00:00,1016.152,1013.637,0.02,1,-5.0300000000002,1.1553639292795697,-6.18536392927977,-1.2296946181470227,2.8900000000001,1.6050000000000182,stop,2009
1,18894,18915,2009-09-18 08:30:00+00:00,2009-09-18 13:45:00+00:00,1010.023,1013.9309999999999,0.02,21,7.8159999999998035,1.1135491978957006,6.702450802104103,1.210265583622935,0.22699999999997544,7.496999999999957,stop,2009
1,18982,18991,2009-09-20 22:30:00+00:00,2009-09-21 00:45:00+00:00,1003.5550000000001,1004.482,0.04,9,3.707999999999629,2.2240131006711357,1.4839868993284933,0.26575696621210904,1.0550000000000637,2.8599999999999,stop,2009
1,19010,19018,2009-09-21 05:30:00+00:00,2009-09-21 07:30:00+00:00,1001.1210000000001,998.512,0.02,8,-5.218000000000302,1.0978195159476876,-6.3158195159479895,-1.2103908616227719,4.1450000000000955,2.367999999999938,stop,2009
-1,19094,19095,2009-09-22 02:30:00+00:00,2009-09-22 02:45:00+00:00,1004.8050000000001,1006.2090000000001,0.04,1,-5.6159999999999854,2.215730738469751,-7.831730738469736,-1.3945389491577203,1.446999999999889,0.0,stop,2009
1,19222,19230,2009-09-23 10:30:00+00:00,2009-09-23 12:30:00+00:00,1013.63,1011.956,0.04,8,-6.695999999999913,2.082217433414053,-8.778217433413966,-1.3109643717762964,2.07000000000005,2.0639999999999645,stop,2009
-1,19327,19335,2009-09-24 12:45:00+00:00,2009-09-24 14:45:00+00:00,1015.8689999999999,996.216,0.03,8,58.95899999999972,1.5475817448464897,57.41141825515323,9.130314608007815,0.6520000000000437,21.79399999999987,stop,2009
1,19533,19548,2009-09-28 08:15:00+00:00,2009-09-28 12:00:00+00:00,987.8399999999999,990.9200000000001,0.03,15,9.240000000000464,1.6826042794875187,7.557395720512945,1.319608123016139,0.0,4.989000000000033,stop,2009
1,19646,19652,2009-09-29 12:30:00+00:00,2009-09-29 14:00:00+00:00,988.476,990.3159999999999,0.04,6,7.359999999999673,2.254906959706962,5.105093040292711,0.7525196108921921,1.2420000000000755,4.487999999999943,stop,2009
-1,19702,19707,2009-09-30 02:30:00+00:00,2009-09-30 03:45:00+00:00,994.765,996.1189999999999,0.05,5,-6.769999999999642,2.7899171934260574,-9.559917193425699,-1.412100028571079,1.6779999999999973,0.25,stop,2009
1,19916,19928,2009-10-02 08:00:00+00:00,2009-10-02 11:00:00+00:00,998.197,996.635,0.04,12,-6.248000000000047,2.172863952333639,-8.420863952333686,-1.347769518619338,2.159999999999968,1.0,stop,2009
-1,20070,20071,2009-10-05 16:30:00+00:00,2009-10-05 16:45:00+00:00,1009.515,1010.661,0.06,1,-6.875999999999749,3.2019400921659225,-10.077940092165672,-1.4656690070049505,6.812999999999988,0.0,stop,2009
-1,20111,20124,2009-10-06 02:45:00+00:00,2009-10-06 06:00:00+00:00,1018.6759999999999,1020.1990000000001,0.04,13,-6.092000000000553,2.2672113967578174,-8.35921139675837,-1.3721620808860164,2.37600000000009,0.5909999999998945,stop,2009
-1,20232,20246,2009-10-07 09:00:00+00:00,2009-10-07 12:30:00+00:00,1046.77,1042.813,0.04,14,15.82799999999952,2.083415265713228,13.744584734286292,2.3406990351303802,1.1269999999999527,7.523000000000138,stop,2009
-1,20506,20524,2009-10-11 23:15:00+00:00,2009-10-12 03:45:00+00:00,1051.276,1049.1879999999999,0.04,18,8.352000000000771,2.235333508375777,6.116666491624994,0.916217269566428,0.8049999999998363,4.776000000000067,stop,2009
-1,20650,20658,2009-10-13 11:15:00+00:00,2009-10-13 13:15:00+00:00,1066.864,1059.9139999999998,0.03,8,20.85000000000082,1.7398680351906206,19.110131964810197,3.354420214992335,0.010999999999967258,10.189000000000078,stop,2009
-1,20728,20742,2009-10-14 06:45:00+00:00,2009-10-14 10:15:00+00:00,1067.579,1065.524,0.03,14,6.16500000000019,1.7082010452961438,4.4567989547040465,0.5807660873995386,1.2999999999999545,5.923999999999751,stop,2009
1,20837,20841,2009-10-15 10:00:00+00:00,2009-10-15 11:00:00+00:00,1053.188,1053.443,0.03,4,0.7649999999996453,1.6129759651938955,-0.8479759651942502,-0.1463794174338396,1.2710000000001855,2.423999999999978,stop,2009
1,20914,20916,2009-10-16 05:15:00+00:00,2009-10-16 05:45:00+00:00,1047.0639999999999,1047.473,0.06,2,2.4540000000006326,3.267578348112623,-0.8135783481119905,-0.1270819037975609,0.6869999999998981,2.1950000000001637,stop,2009
-1,21047,21069,2009-10-19 08:45:00+00:00,2009-10-19 14:15:00+00:00,1054.335,1051.279,0.03,22,9.168000000000118,1.7072063015754173,7.460793698424701,0.9912041581539335,1.8989999999998872,6.148000000000138,stop,2009
-1,21137,21145,2009-10-20 07:15:00+00:00,2009-10-20 09:15:00+00:00,1065.25,1064.117,0.03,8,3.3990000000001146,1.6588886421319713,1.7401113578681433,0.24138040752783033,0.4659999999998945,4.9809999999999945,stop,2009
1,21213,21236,2009-10-21 02:15:00+00:00,2009-10-21 08:00:00+00:00,1054.056,1057.211,0.03,23,9.464999999999918,1.6594766714766749,7.805523328523243,1.2630296648096198,1.0149999999998727,5.599999999999909,stop,2009
1,21357,21363,2009-10-22 14:15:00+00:00,2009-10-22 15:45:00+00:00,1054.307,1057.3059999999998,0.03,6,8.996999999999389,1.6551169312169407,7.341883068782448,0.9578451492214306,0.0,6.405999999999949,stop,2009
1,21611,21612,2009-10-26 21:45:00+00:00,2009-10-26 22:00:00+00:00,1038.519,1036.69,0.04,1,-7.3159999999998035,2.2074180743243037,-9.523418074324107,-1.3017247231170535,2.2050000000001546,0.4010000000000673,stop,2009
1,21783,21784,2009-10-28 16:45:00+00:00,2009-10-28 17:00:00+00:00,1029.366,1027.759,0.04,1,-6.427999999999884,2.1872703349282308,-8.615270334928114,-1.3402722985264888,2.2239999999999327,1.1669999999999163,stop,2009
-1,21883,21900,2009-10-29 17:45:00+00:00,2009-10-29 22:00:00+00:00,1046.1770000000001,1046.172,0.05,17,0.025000000000545697,2.851249455337702,-2.826249455337156,-0.46294012372434845,1.094000000000051,1.62700000000018,stop,2009
-1,21932,21945,2009-10-30 06:00:00+00:00,2009-10-30 09:15:00+00:00,1047.696,1045.4230000000002,0.04,13,9.091999999998734,2.259613517836045,6.832386482162689,1.1517846396092186,0.5880000000001928,4.6469999999999345,stop,2009
-1,22072,22077,2009-11-02 10:00:00+00:00,2009-11-02 11:15:00+00:00,1053.604,1052.9609999999998,0.06,5,3.858000000001539,3.140174860035219,0.7178251399663198,0.10653385870680245,0.6310000000000855,2.1140000000000327,stop,2009
-1,22202,22204,2009-11-03 18:30:00+00:00,2009-11-03 19:00:00+00:00,1083.396,1085.309,0.04,2,-7.652000000000044,2.2054344360738227,-9.857434436073866,-1.2882167323671994,3.0290000000002237,1.1949999999999363,stop,2009
-1,22260,22264,2009-11-04 09:00:00+00:00,2009-11-04 10:00:00+00:00,1089.812,1092.238,0.03,4,-7.278000000000475,1.6380322316083162,-8.91603223160879,-1.2250662588084926,3.7730000000001382,0.51299999999992,stop,2009
-1,22476,22535,2009-11-06 15:00:00+00:00,2009-11-08 23:00:00+00:00,1095.0410000000002,1098.621,0.02,59,-7.159999999999854,1.0876728220859049,-8.24767282208576,-1.1519096120231742,3.9129999999997835,3.3880000000001473,stop,2009
-1,22572,22577,2009-11-09 08:15:00+00:00,2009-11-09 09:30:00+00:00,1106.74,1108.472,0.04,5,-6.9279999999998845,2.236433023255797,-9.164433023255683,-1.3228107712551724,1.9929999999999382,2.4090000000001055,stop,2009
-1,22698,22707,2009-11-10 15:45:00+00:00,2009-11-10 18:00:00+00:00,1105.775,1101.9269999999997,0.02,9,7.696000000000823,1.1646725520488306,6.531327447951993,1.2054867936420075,0.0,7.508000000000266,stop,2009
-1,22836,22854,2009-11-12 02:15:00+00:00,2009-11-12 06:45:00+00:00,1119.827,1121.941,0.03,18,-6.342000000000097,1.6405771346830917,-7.982577134683189,-1.258684505626469,2.627999999999929,1.7309999999999945,stop,2009
1,22925,22926,2009-11-13 00:30:00+00:00,2009-11-13 00:45:00+00:00,1102.8809999999999,1101.396,0.04,1,-5.9399999999996,2.2514596491227863,-8.191459649122386,-1.3790336109634576,2.2419999999997344,0.0,stop,2009
-1,23044,23059,2009-11-15 23:45:00+00:00,2009-11-16 03:30:00+00:00,1123.259,1125.892,0.02,15,-5.266000000000076,1.1138445098039231,-6.379844509803999,-1.2115162380941715,3.2309999999999945,0.9760000000001128,stop,2009
-1,23061,23062,2009-11-16 04:00:00+00:00,2009-11-16 04:15:00+00:00,1125.797,1126.99,0.05,1,-5.964999999999918,2.746602139582211,-8.71160213958213,-1.4604529990917434,4.596000000000004,0.0,stop,2009
-1,23229,23233,2009-11-17 22:00:00+00:00,2009-11-17 23:00:00+00:00,1140.876,1142.023,0.05,4,-5.734999999999673,2.7568146167557828,-8.491814616755455,-1.48070002035849,2.1900000000000546,1.1879999999998745,stop,2009
-1,23273,23274,2009-11-18 09:00:00+00:00,2009-11-18 09:15:00+00:00,1144.727,1146.31,0.04,1,-6.331999999999425,2.202749415584419,-8.534749415583844,-1.3478757763083733,2.6939999999997326,0.0,stop,2009
1,23369,23370,2009-11-19 09:00:00+00:00,2009-11-19 09:15:00+00:00,1138.203,1136.655,0.04,1,-6.192000000000007,2.289281461187194,-8.481281461187201,-1.3697159982537455,5.097999999999956,0.0,stop,2009
-1,23456,23463,2009-11-20 06:45:00+00:00,2009-11-20 08:30:00+00:00,1144.751,1146.162,0.04,7,-5.644000000000233,2.193461182281246,-7.837461182281479,-1.3886359288237342,1.6390000000001237,2.33400000000006,stop,2009
-1,23552,23553,2009-11-23 00:00:00+00:00,2009-11-23 00:15:00+00:00,1156.609,1158.47,0.03,1,-5.583000000000311,1.6510016172506778,-7.234001617250989,-1.295719437085901,4.373000000000047,0.0,stop,2009
-1,23765,23768,2009-11-25 05:15:00+00:00,2009-11-25 06:00:00+00:00,1176.8139999999999,1176.391,0.05,3,2.1149999999988722,2.8309254628411304,-0.7159254628422582,-0.11427381689420094,0.6580000000003565,2.0789999999997235,stop,2009
-1,23857,23871,2009-11-26 04:15:00+00:00,2009-11-26 07:45:00+00:00,1193.598,1189.306,0.03,14,12.875999999999749,1.6600087637142227,11.215991236285527,2.126657420607752,1.1300000000001091,7.487999999999829,stop,2009
-1,24188,24189,2009-12-01 08:30:00+00:00,2009-12-01 08:45:00+00:00,1186.862,1187.848,0.06,1,-5.915999999999258,3.480497407407399,-9.396497407406656,-1.5883193724489242,7.625,0.0,stop,2009
-1,24265,24269,2009-12-02 03:45:00+00:00,2009-12-02 04:45:00+00:00,1208.339,1210.346,0.03,4,-6.0210000000001855,1.6670416666666754,-7.6880416666668605,-1.2768712284780972,2.6200000000001182,0.8550000000000182,stop,2009
-1,24351,24359,2009-12-03 01:15:00+00:00,2009-12-03 03:15:00+00:00,1222.0720000000001,1225.097,0.02,8,-6.049999999999727,1.1505811870100566,-7.200581187009783,-1.1901787085967122,3.55399999999986,0.29300000000012005,stop,2009
1,24446,24458,2009-12-04 01:00:00+00:00,2009-12-04 04:00:00+00:00,1202.3200000000002,1200.908,0.04,12,-5.648000000001048,2.2239275294117755,-7.871927529412823,-1.3937548741875643,1.4670000000000982,1.7349999999996726,stop,2009
1,24566,24596,2009-12-07 00:30:00+00:00,2009-12-07 08:00:00+00:00,1151.4859999999999,1153.0000000000002,0.01,30,1.514000000000351,0.5585952270620977,0.9554047729382533,0.15038639586624866,6.098999999999933,8.910000000000082,stop,2009
-1,24667,24673,2009-12-08 01:45:00+00:00,2009-12-08 03:15:00+00:00,1166.733,1164.152,0.03,6,7.74299999999971,1.6587544887544954,6.084245511245214,0.990758103117593,0.7390000000000327,5.279999999999973,stop,2009
1,24832,24863,2009-12-09 19:00:00+00:00,2009-12-10 02:45:00+00:00,1121.4099999999999,1132.027,0.01,31,10.61700000000019,0.5482181964573332,10.068781803542857,2.50904106741666,0.012999999999919964,15.167000000000144,stop,2009
-1,24951,24962,2009-12-11 00:45:00+00:00,2009-12-11 03:30:00+00:00,1134.9070000000002,1134.2899999999997,0.03,11,1.8510000000012496,1.7328952902519357,0.11810470974931397,0.01823447734280078,0.22299999999995634,3.881000000000313,stop,2009
-1,25168,25178,2009-12-15 00:15:00+00:00,2009-12-15 02:45:00+00:00,1126.563,1128.268,0.03,10,-5.114999999999782,1.7946433798617514,-6.909643379861533,-1.3508589207941013,1.981999999999971,1.6230000000000473,stop,2009
-1,25292,25295,2009-12-16 07:15:00+00:00,2009-12-16 08:00:00+00:00,1126.526,1125.473,0.04,3,4.212000000000444,2.1893387096774113,2.0226612903230325,0.37540113034949196,0.009999999999990905,3.6000000000001364,stop,2009
-1,25362,25373,2009-12-17 00:45:00+00:00,2009-12-17 03:30:00+00:00,1140.212,1134.1970000000001,0.04,11,24.05999999999949,2.3105567773543845,21.749443222645105,4.185805085189659,1.0070000000000618,7.90099999999984,stop,2009
-1,25577,25592,2009-12-20 23:45:00+00:00,2009-12-21 03:30:00+00:00,1115.212,1116.888,0.03,15,-5.027999999999793,1.686176215940938,-6.71417621594073,-1.3353572426294764,2.081000000000131,2.3430000000000746,stop,2009
1,25739,25746,2009-12-22 16:15:00+00:00,2009-12-22 18:00:00+00:00,1078.078,1087.4799999999998,0.03,7,28.20599999999945,1.7115160147991386,26.49448398520031,4.350489981149048,0.0,11.773000000000138,stop,2009
-1,25832,25833,2009-12-23 15:30:00+00:00,2009-12-23 15:45:00+00:00,1090.158,1091.466,0.05,1,-6.539999999999964,2.732142669123456,-9.272142669123419,-1.4177588179087874,3.1700000000000728,0.0,stop,2009
-1,25894,25895,2009-12-24 07:00:00+00:00,2009-12-24 07:15:00+00:00,1101.512,1103.308,0.03,1,-5.3880000000001464,1.6517627760721079,-7.039762776072254,-1.3065632472294104,3.0950000000000273,0.0,stop,2009
1,26061,26082,2009-12-27 18:15:00+00:00,2009-12-27 23:30:00+00:00,1103.8000000000002,1107.1159999999998,0.12,21,39.791999999994914,6.508584507042419,33.28341549295249,5.547235915489559,0.0500000000001819,5.710999999999785,stop,2009
-1,26097,26104,2009-12-28 03:15:00+00:00,2009-12-28 05:00:00+00:00,1112.415,1111.8270000000002,0.05,7,2.9399999999986903,2.81318943742823,0.1268105625704603,0.019054930513966617,0.8980000000001382,2.798000000000002,stop,2009
1,26191,26208,2009-12-29 02:45:00+00:00,2009-12-29 07:00:00+00:00,1102.597,1104.651,0.04,17,8.21600000000035,2.4864011507479606,5.729598849252389,0.9349867573845737,0.6699999999998454,4.2590000000000146,stop,2009
-1,26397,26398,2009-12-31 06:15:00+00:00,2009-12-31 06:30:00+00:00,1097.1950000000002,1098.391,0.05,1,-5.979999999999563,2.7646933040078263,-8.74469330400739,-1.46232329498462,1.6329999999998108,0.0,stop,2009
-1,26574,26584,2010-01-03 20:15:00+00:00,2010-01-03 22:45:00+00:00,1096.35,1096.903,0.11,10,-6.0830000000012205,7.440028915662344,-13.523028915663565,-2.223085470271388,1.050000000000182,0.4989999999997963,stop,2010
-1,26613,26614,2010-01-04 06:00:00+00:00,2010-01-04 06:15:00+00:00,1102.1390000000001,1103.29,0.05,1,-5.7549999999992,3.146806154731105,-8.901806154730306,-1.5467951615519624,1.3289999999999509,0.7699999999999818,stop,2010
-1,26704,26712,2010-01-05 04:45:00+00:00,2010-01-05 06:45:00+00:00,1122.5349999999999,1124.154,0.04,8,-6.4760000000005675,2.1717335364142807,-8.647733536414847,-1.335351071095443,4.376000000000204,0.931999999999789,stop,2010
-1,26838,26841,2010-01-06 14:15:00+00:00,2010-01-06 15:00:00+00:00,1128.952,1132.3319999999999,0.02,3,-6.7599999999997635,1.0086999416478073,-7.76869994164757,-1.149215967699385,5.940000000000055,1.9220000000000255,stop,2010
1,26998,27013,2010-01-08 06:15:00+00:00,2010-01-08 10:00:00+00:00,1122.239,1123.0040000000001,0.03,15,2.2950000000003,1.5643523076923025,0.7306476923079976,0.1064928862130971,0.6220000000000709,3.435999999999922,stop,2010
-1,27094,27095,2010-01-10 23:30:00+00:00,2010-01-10 23:45:00+00:00,1150.8609999999999,1153.5569999999998,0.02,1,-5.391999999999825,1.1734015577866637,-6.565401557786489,-1.217618983269047,5.887000000000171,0.0,stop,2010
-1,27100,27119,2010-01-11 01:00:00+00:00,2010-01-11 05:45:00+00:00,1154.8600000000001,1153.9499999999998,0.02,19,1.8200000000006185,1.1463747635179615,0.6736252364826569,0.14320264381009706,1.2149999999996908,3.4529999999999745,stop,2010
1,27194,27200,2010-01-12 00:30:00+00:00,2010-01-12 02:00:00+00:00,1149.864,1151.3200000000002,0.03,6,4.368000000000392,1.8637798978578555,2.5042201021425363,0.3871707022483914,0.0,3.8659999999999854,stop,2010
1,27294,27317,2010-01-13 01:30:00+00:00,2010-01-13 07:15:00+00:00,1127.093,1129.408,0.03,23,6.944999999999481,1.666924530411445,5.278075469588035,0.9240328203060305,0.7529999999999291,4.910000000000082,stop,2010
-1,27460,27462,2010-01-14 19:00:00+00:00,2010-01-14 19:30:00+00:00,1143.9769999999999,1143.057,0.03,2,2.759999999999536,1.720555686737513,1.0394443132620232,0.16033384440259066,0.8659999999999854,3.1649999999999636,stop,2010
1,27542,27547,2010-01-15 15:30:00+00:00,2010-01-15 16:45:00+00:00,1128.788,1130.6930000000002,0.03,5,5.7150000000006,1.714391320072293,4.000608679928307,0.6103140625367517,0.0,4.472999999999956,stop,2010
1,27598,27736,2010-01-17 23:15:00+00:00,2010-01-19 09:45:00+00:00,1131.4560000000001,1134.6419999999998,0.01,138,3.1859999999996944,0.5355600039411483,2.6504399960585463,0.5435684979611229,2.411000000000058,8.811999999999898,stop,2010
1,27742,27744,2010-01-19 11:15:00+00:00,2010-01-19 11:45:00+00:00,1133.685,1131.344,0.03,2,-7.0229999999996835,1.391592105263165,-8.414592105262848,-1.19814781507379,3.987999999999829,0.0,stop,2010
-1,27798,27827,2010-01-20 01:15:00+00:00,2010-01-20 08:30:00+00:00,1139.812,1130.4270000000001,0.03,29,28.15499999999929,1.7033875192603996,26.45161248073889,4.9066244631308695,0.0,12.126999999999953,stop,2010
1,27930,27931,2010-01-21 10:15:00+00:00,2010-01-21 10:30:00+00:00,1105.795,1104.164,0.04,1,-6.524000000000342,1.838103210580994,-8.362103210581337,-1.2817448207512108,3.1829999999999927,0.0,stop,2010
1,28042,28043,2010-01-22 14:15:00+00:00,2010-01-22 14:30:00+00:00,1092.8000000000002,1088.865,0.02,1,-7.8700000000003465,1.1114616680528009,-8.981461668053146,-1.141227657948253,5.6460000000001855,0.0,stop,2010
-1,28152,28164,2010-01-25 11:00:00+00:00,2010-01-25 14:00:00+00:00,1102.397,1098.016,0.04,12,17.523999999999432,2.1346370041039657,15.389362995895468,2.306559202022536,0.3730000000000473,7.527999999999793,stop,2010
1,28253,28257,2010-01-26 12:15:00+00:00,2010-01-26 13:15:00+00:00,1090.894,1089.083,0.03,4,-5.432999999999765,1.527811996287497,-6.960811996287262,-1.28120964408017,5.113000000000056,0.8900000000001,stop,2010
1,28363,28371,2010-01-27 15:45:00+00:00,2010-01-27 17:45:00+00:00,1094.527,1090.65,0.02,8,-7.753999999999905,1.183010812620453,-8.937010812620358,-1.152567811790104,9.057999999999993,2.05600000000004,stop,2010
1,28468,28493,2010-01-28 18:00:00+00:00,2010-01-29 00:15:00+00:00,1079.0549999999998,1083.5959999999998,0.01,25,4.54099999999994,0.6116278616158521,3.929372138384088,0.8763095759107841,0.0,9.616000000000213,stop,2010
-1,28677,28679,2010-02-01 14:30:00+00:00,2010-02-01 15:00:00+00:00,1088.233,1089.938,0.03,2,-5.115000000000464,1.5162129163616347,-6.631212916362099,-1.296424812582893,2.6949999999999363,2.6130000000000564,stop,2010
-1,28762,28764,2010-02-02 11:45:00+00:00,2010-02-02 12:15:00+00:00,1113.248,1114.9850000000001,0.03,2,-5.21100000000024,1.6139011071770335,-6.824901107177274,-1.3097104408322702,3.050999999999931,0.9830000000001746,stop,2010
1,28874,28878,2010-02-03 15:45:00+00:00,2010-02-03 16:45:00+00:00,1113.3029999999999,1110.155,0.02,4,-6.295999999999821,1.115074352799521,-7.411074352799342,-1.1771083787801069,3.1679999999998927,2.675000000000182,stop,2010
1,28936,28943,2010-02-04 07:15:00+00:00,2010-02-04 09:00:00+00:00,1105.845,1104.1309999999999,0.03,7,-5.1420000000005075,1.5202407722195137,-6.662240772220021,-1.2956516476505957,3.19399999999996,0.8239999999998417,stop,2010
1,29038,29043,2010-02-05 08:45:00+00:00,2010-02-05 10:00:00+00:00,1055.661,1051.319,0.01,5,-4.342000000000098,0.5388415240000437,-4.880841524000142,-1.1240998443113845,4.660000000000082,1.3029999999998836,stop,2010
-1,29122,29128,2010-02-07 23:15:00+00:00,2010-02-08 00:45:00+00:00,1065.574,1068.366,0.02,6,-5.583999999999833,1.15883553639847,-6.742835536398303,-1.2075278539395604,3.5779999999999745,0.9700000000000273,stop,2010
-1,29163,29175,2010-02-08 09:30:00+00:00,2010-02-08 12:30:00+00:00,1071.916,1067.6430000000003,0.03,12,12.81899999999905,1.5266782883829029,11.292321711616147,1.8736223181706964,0.0,6.436999999999898,stop,2010
-1,29274,29279,2010-02-09 13:15:00+00:00,2010-02-09 14:30:00+00:00,1076.408,1074.953,0.02,5,2.9099999999998545,1.1104996881312714,1.799500311868583,0.3112245437337488,0.3020000000001346,4.809999999999945,stop,2010
1,29379,29382,2010-02-10 15:30:00+00:00,2010-02-10 16:15:00+00:00,1065.975,1063.747,0.03,3,-6.683999999999514,1.8021096743084042,-8.486109674307919,-1.2696154509737485,2.522999999999911,1.4270000000001346,stop,2010
-1,29493,29498,2010-02-11 20:00:00+00:00,2010-02-11 21:15:00+00:00,1096.041,1094.8560000000002,0.05,5,5.92499999999859,3.0126237850200255,2.912376214978565,0.5096021373540666,0.9249999999999545,2.6159999999999854,stop,2010
-1,29615,29616,2010-02-14 23:45:00+00:00,2010-02-15 00:00:00+00:00,1093.749,1094.9859999999999,0.05,1,-6.184999999999263,3.150554188034178,-9.335554188033441,-1.5093862874752713,3.423000000000002,0.0,stop,2010
-1,29667,29672,2010-02-15 12:45:00+00:00,2010-02-15 14:00:00+00:00,1100.6970000000001,1100.608,0.03,5,0.2670000000005075,1.380026684252538,-1.1130266842520304,-0.22887655444213892,0.7590000000000146,2.285000000000082,stop,2010
-1,29720,29730,2010-02-16 02:00:00+00:00,2010-02-16 04:30:00+00:00,1104.8449999999998,1106.8220000000001,0.03,10,-5.9310000000009495,1.801581140264346,-7.732581140265296,-1.3037567257231593,2.7660000000000764,1.125999999999749,stop,2010
-1,29842,29855,2010-02-17 08:30:00+00:00,2010-02-17 11:45:00+00:00,1121.9740000000002,1119.1159999999998,0.03,13,8.574000000001206,1.766486399172941,6.8075136008282655,1.1708829722787595,1.8279999999997472,6.251000000000204,stop,2010
-1,29988,29998,2010-02-18 21:00:00+00:00,2010-02-18 23:30:00+00:00,1122.129,1103.7060000000001,0.03,10,55.26899999999932,1.8261036713287069,53.442896328670614,9.952122221354134,1.7580000000000382,20.978000000000065,stop,2010
1,30188,30196,2010-02-22 16:15:00+00:00,2010-02-22 18:15:00+00:00,1112.161,1112.935,0.02,8,1.5479999999997744,1.1490072438837928,0.3989927561159816,0.0774743215759174,0.12800000000015643,4.005999999999858,stop,2010
1,30282,30288,2010-02-23 15:45:00+00:00,2010-02-23 17:15:00+00:00,1104.805,1101.892,0.02,6,-5.826000000000022,1.1675466263151257,-6.993546626315148,-1.200402785155359,3.8889999999998963,2.09699999999998,stop,2010
1,30361,30369,2010-02-24 11:30:00+00:00,2010-02-24 13:30:00+00:00,1091.7440000000001,1093.176,0.03,8,4.295999999999367,1.3763301990699282,2.919669800929439,0.45456481409455635,0.0,4.543999999999869,stop,2010
-1,30477,30481,2010-02-25 16:30:00+00:00,2010-02-25 17:30:00+00:00,1097.852,1102.7240000000002,0.01,4,-4.872000000000071,0.5858753039883231,-5.457875303988394,-1.1202535517217393,7.032999999999902,2.0950000000000273,stop,2010
-1,30533,30535,2010-02-26 06:30:00+00:00,2010-02-26 07:00:00+00:00,1108.633,1109.97,0.04,2,-5.347999999999956,2.2212366232107286,-7.569236623210685,-1.4153396827245226,2.2649999999998727,0.9610000000000127,stop,2010
-1,30628,30661,2010-02-28 23:30:00+00:00,2010-03-01 07:45:00+00:00,1117.183,1120.2069999999999,0.02,33,-6.0479999999997744,1.1578004675467577,-7.205800467546532,-1.191435262491204,3.342999999999847,2.382000000000062,stop,2010
-1,30664,30679,2010-03-01 08:30:00+00:00,2010-03-01 12:15:00+00:00,1121.996,1114.4769999999999,0.04,15,30.07600000000093,2.0574685859876682,28.018531414013264,4.232406558008698,0.5889999999999418,9.597999999999956,stop,2010
-1,30774,30775,2010-03-02 12:00:00+00:00,2010-03-02 12:15:00+00:00,1120.179,1121.642,0.04,1,-5.851999999999862,2.42901577374748,-8.281015773747342,-1.4150744657805088,1.655999999999949,0.0,stop,2010
-1,30860,30864,2010-03-03 09:30:00+00:00,2010-03-03 10:30:00+00:00,1136.483,1136.2330000000002,0.04,4,0.9999999999990905,2.4092475126431605,-1.40924751264407,-0.2467170015132984,0.8599999999999,2.4049999999999727,stop,2010
1,30947,30968,2010-03-04 07:15:00+00:00,2010-03-04 12:30:00+00:00,1134.507,1138.0289999999998,0.02,21,7.043999999999414,1.1638756719879928,5.880124328011421,1.1927229874261813,0.8760000000002037,6.662000000000035,stop,2010
-1,31077,31078,2010-03-05 15:45:00+00:00,2010-03-05 16:00:00+00:00,1138.259,1139.999,0.03,1,-5.220000000000027,1.6574798399390163,-6.877479839939044,-1.3175248735515341,2.1059999999999945,0.36599999999998545,stop,2010
1,31282,31285,2010-03-09 12:30:00+00:00,2010-03-09 13:15:00+00:00,1117.161,1114.766,0.02,3,-4.789999999999964,1.0190708583757155,-5.809070858375679,-1.2127496572809444,4.161000000000058,0.8429999999998472,stop,2010
-1,31345,31347,2010-03-10 04:15:00+00:00,2010-03-10 04:45:00+00:00,1123.742,1125.087,0.04,2,-5.380000000000109,2.4240093636943865,-7.804009363694496,-1.4505593612814753,1.4780000000000655,0.359000000000151,stop,2010
-1,31536,31537,2010-03-12 04:00:00+00:00,2010-03-12 04:15:00+00:00,1110.911,1111.955,0.06,1,-6.263999999999214,3.7732389217527076,-10.037238921751921,-1.602368921097251,2.056999999999789,0.0,stop,2010
-1,31740,31756,2010-03-15 23:45:00+00:00,2010-03-16 03:45:00+00:00,1109.4,1110.467,0.05,16,-5.335000000000037,3.0479449848024407,-8.382944984802478,-1.5713111499161048,1.1869999999998981,1.3610000000001037,stop,2010
-1,31795,31797,2010-03-16 13:30:00+00:00,2010-03-16 14:00:00+00:00,1122.7040000000002,1124.865,0.03,2,-6.482999999999492,1.8138249922672531,-8.296824992266744,-1.2797817356574726,2.4209999999998217,1.0330000000001291,stop,2010
-1,31853,31864,2010-03-17 04:00:00+00:00,2010-03-17 06:45:00+00:00,1127.409,1128.847,0.04,11,-5.751999999999498,2.654497209407362,-8.40649720940686,-1.461491169924825,2.144999999999982,1.2539999999999054,stop,2010
1,31997,32086,2010-03-18 16:00:00+00:00,2010-03-19 14:15:00+00:00,1124.175,1117.797,0.01,89,-6.37799999999993,0.5513966226622672,-6.929396622662197,-1.0864529041489923,9.327999999999975,4.828999999999951,stop,2010
1,32091,32093,2010-03-19 15:30:00+00:00,2010-03-19 16:00:00+00:00,1106.435,1104.038,0.02,2,-4.793999999999869,1.11102788923893,-5.905027889238799,-1.2317538358863078,3.8840000000000146,1.1820000000000164,stop,2010
1,32199,32201,2010-03-22 12:15:00+00:00,2010-03-22 12:45:00+00:00,1103.714,1100.2640000000001,0.02,2,-6.899999999999637,0.9215909438530813,-7.821590943852718,-1.1335639049062507,4.514999999999873,0.8120000000001255,stop,2010
1,32415,32481,2010-03-24 18:15:00+00:00,2010-03-25 10:45:00+00:00,1087.468,1092.229,0.02,66,9.521999999999935,1.0330331331398959,8.48896686686004,1.6299859575383837,2.4750000000001364,7.724999999999909,stop,2010
-1,32560,32561,2010-03-26 06:30:00+00:00,2010-03-26 06:45:00+00:00,1095.9479999999999,1096.988,0.05,1,-5.200000000000955,2.7545611253196807,-7.954561125320636,-1.5297232933306106,1.2300000000000182,0.0,stop,2010
-1,32648,32667,2010-03-28 22:00:00+00:00,2010-03-29 02:45:00+00:00,1113.301,1105.337,0.03,19,23.891999999999825,1.8822645359122494,22.009735464087576,4.742455389805476,0.0,10.208999999999833,stop,2010
1,32808,32809,2010-03-30 14:00:00+00:00,2010-03-30 14:15:00+00:00,1107.194,1105.547,0.03,1,-4.9409999999998035,1.8043930301870021,-6.745393030186806,-1.3651878223410392,3.6189999999999145,0.22700000000008913,stop,2010
-1,32997,32999,2010-04-01 13:15:00+00:00,2010-04-01 13:45:00+00:00,1122.955,1124.749,0.03,2,-5.382000000000289,1.8215149288763615,-7.2035149288766505,-1.3384457318610672,2.1150000000002365,0.5889999999999418,stop,2010
-1,33161,33163,2010-04-04 23:00:00+00:00,2010-04-04 23:30:00+00:00,1124.4180000000001,1125.87,0.04,2,-5.807999999999083,2.6507225312432405,-8.458722531242323,-1.456391620393192,1.9529999999999745,1.231999999999971,stop,2010
-1,33212,33217,2010-04-05 11:45:00+00:00,2010-04-05 13:00:00+00:00,1127.5,1126.242,0.04,5,5.032000000000153,2.0192527418682475,3.0127472581319052,0.5034671220140663,0.7460000000000946,3.770999999999958,stop,2010
-1,33317,33318,2010-04-06 14:00:00+00:00,2010-04-06 14:15:00+00:00,1132.76,1134.4009999999998,0.03,1,-4.922999999999547,1.6602061512755117,-6.583206151275059,-1.3372346437691782,3.884999999999991,0.0,stop,2010
-1,33416,33420,2010-04-07 14:45:00+00:00,2010-04-07 15:45:00+00:00,1143.387,1147.754,0.01,4,-4.366999999999962,0.5387765508540683,-4.90577655085403,-1.123374525041006,5.817000000000007,0.03399999999987813,stop,2010
-1,33517,33550,2010-04-08 16:00:00+00:00,2010-04-09 00:15:00+00:00,1151.6190000000001,1151.05,0.03,33,1.7070000000005618,1.8022790731267861,-0.0952790731262243,-0.01852957470366152,0.8999999999996362,2.436000000000149,stop,2010
-1,33583,33584,2010-04-09 08:30:00+00:00,2010-04-09 08:45:00+00:00,1155.422,1156.605,0.04,1,-4.731999999999971,2.209696900483236,-6.9416969004832065,-1.4669689138806528,1.5740000000000691,0.0,stop,2010
-1,33668,33670,2010-04-11 22:30:00+00:00,2010-04-11 23:00:00+00:00,1164.441,1167.8,0.02,2,-6.717999999999848,1.205743801652892,-7.923743801652741,-1.1794795775011788,5.158999999999878,0.6410000000000764,stop,2010
1,33727,33738,2010-04-12 13:15:00+00:00,2010-04-12 16:00:00+00:00,1159.643,1162.5010000000002,0.02,11,5.716000000000349,1.0136943276304928,4.702305672369857,1.0496218018683738,1.4940000000001419,5.598999999999933,stop,2010
1,33778,33789,2010-04-13 02:00:00+00:00,2010-04-13 04:45:00+00:00,1152.6,1150.75,0.03,11,-5.549999999999726,1.710525182320437,-7.260525182320164,-1.3082027355532473,2.199999999999818,0.9500000000002728,stop,2010
-1,33902,33915,2010-04-14 09:00:00+00:00,2010-04-14 12:15:00+00:00,1158.23,1160.6,0.02,13,-4.739999999999782,0.938777987527393,-5.678777987527175,-1.1980544277484042,3.038000000000011,1.7800000000002,stop,2010
-1,34025,34092,2010-04-15 15:45:00+00:00,2010-04-16 08:30:00+00:00,1158.8,1155.85,0.02,67,5.900000000000091,1.1825690632700954,4.717430936729995,0.7733493338901747,2.75,8.049999999999955,stop,2010
1,34112,34116,2010-04-16 13:30:00+00:00,2010-04-16 14:30:00+00:00,1149.25,1151.3799999999999,0.02,4,4.2599999999997635,1.1070394322745827,3.152960567725181,0.6568667849427211,2.25,5.650000000000091,stop,2010
1,34208,34211,2010-04-19 09:15:00+00:00,2010-04-19 10:00:00+00:00,1126.144,1126.829,0.09,3,6.164999999999508,4.996585505465102,1.1684144945344057,0.23820886738720687,0.16300000000001091,1.8659999999999854,stop,2010
-1,34299,34301,2010-04-20 08:00:00+00:00,2010-04-20 08:30:00+00:00,1140.883,1141.8719999999998,0.05,2,-4.944999999999027,3.0364138595968253,-7.981413859595852,-1.6140371809094889,1.2369999999998527,1.5080000000000382,stop,2010
1,34414,34421,2010-04-21 12:45:00+00:00,2010-04-21 14:30:00+00:00,1139.7849999999999,1140.7720000000002,0.02,7,1.9740000000006148,0.9147777508834739,1.0592222491171408,0.18694356673441484,1.9689999999998236,4.652000000000044,stop,2010
1,34516,34521,2010-04-22 14:15:00+00:00,2010-04-22 15:30:00+00:00,1134.404,1135.73,0.02,5,2.6520000000000437,1.1112005069124486,1.540799493087595,0.367732575915889,1.0880000000001928,3.717999999999847,stop,2010
-1,34637,34638,2010-04-23 20:30:00+00:00,2010-04-23 20:45:00+00:00,1155.867,1157.045,0.04,1,-4.712000000000444,2.6398029878618683,-7.351802987862312,-1.5602298361336204,1.7239999999999327,0.0,stop,2010
-1,34675,34681,2010-04-25 22:45:00+00:00,2010-04-26 00:15:00+00:00,1157.165,1155.2999999999997,0.04,6,7.460000000000947,2.5773424979784076,4.882657502022539,0.9664801072887665,0.7159999999998945,3.4209999999998217,stop,2010
1,34734,34735,2010-04-26 13:30:00+00:00,2010-04-26 13:45:00+00:00,1154.04,1152.382,0.03,1,-4.973999999999705,1.381660002135075,-6.35566000213478,-1.2777764379041328,2.0779999999999745,0.0,stop,2010
1,34826,34828,2010-04-27 12:30:00+00:00,2010-04-27 13:00:00+00:00,1149.5610000000001,1147.7469999999998,0.03,2,-5.442000000000916,1.8310614307080482,-7.273061430708964,-1.3364684731179235,3.1520000000000437,0.0,stop,2010
-1,35069,35100,2010-04-30 01:15:00+00:00,2010-04-30 09:00:00+00:00,1172.505,1175.0970000000002,0.02,31,-5.1840000000001965,1.1900591409225756,-6.374059140922772,-1.2295638774927722,3.8869999999999436,2.7460000000000946,stop,2010
-1,35235,35241,2010-05-03 11:30:00+00:00,2010-05-03 13:00:00+00:00,1181.876,1183.1219999999998,0.04,6,-4.983999999999469,2.0343522136899708,-7.01835221368944,-1.408176607883264,1.2740000000001146,2.048999999999978,stop,2010
-1,35326,35333,2010-05-04 10:15:00+00:00,2010-05-04 12:00:00+00:00,1185.589,1188.0529999999999,0.02,7,-4.927999999999884,1.0075727825236944,-5.935572782523578,-1.2044587626874428,4.416999999999916,0.8170000000000073,stop,2010
1,35389,35408,2010-05-05 02:00:00+00:00,2010-05-05 06:45:00+00:00,1167.347,1168.4959999999999,0.03,19,3.4469999999996617,2.017199999999986,1.4297999999996756,0.30434227330771546,0.9010000000000673,3.9889999999998054,stop,2010
-1,35520,35529,2010-05-06 10:45:00+00:00,2010-05-06 13:00:00+00:00,1183.51,1178.6970000000001,0.03,9,14.438999999999622,1.5237357389652788,12.915264261034343,2.623454044491924,0.5,7.998000000000047,stop,2010
-1,35842,35843,2010-05-11 12:00:00+00:00,2010-05-11 12:15:00+00:00,1217.002,1218.519,0.03,1,-4.551000000000158,1.8217056337253126,-6.372705633725471,-1.4002868894144693,1.9020000000000437,2.048999999999978,stop,2010
-1,35911,35919,2010-05-12 05:15:00+00:00,2010-05-12 07:15:00+00:00,1232.933,1231.661,0.02,8,2.543999999999869,1.1355870775946348,1.4084129224052342,0.3484445626929997,1.4429999999999836,4.567999999999984,stop,2010
1,36029,36033,2010-05-13 10:45:00+00:00,2010-05-13 11:45:00+00:00,1233.176,1231.452,0.03,4,-5.171999999999797,1.4211208366998707,-6.593120836699668,-1.2747720101894675,2.022999999999911,1.77800000000002,stop,2010
1,36252,36255,2010-05-17 11:15:00+00:00,2010-05-17 12:00:00+00:00,1227.664,1225.056,0.02,3,-5.2159999999998945,1.0129143136080156,-6.22891431360791,-1.1941936950935652,3.7539999999999054,3.5289999999999964,stop,2010
1,36331,36332,2010-05-18 07:00:00+00:00,2010-05-18 07:15:00+00:00,1221.576,1218.734,0.02,1,-5.6840000000001965,1.2098322673455626,-6.8938322673457595,-1.21284874513468,10.294000000000096,0.0,stop,2010
1,36419,36424,2010-05-19 05:00:00+00:00,2010-05-19 06:15:00+00:00,1208.4650000000001,1210.761,0.02,5,4.5919999999996435,1.1781530296329152,3.4138469703667282,0.6930261815603859,0.0,6.032999999999902,stop,2010
1,36522,36533,2010-05-20 06:45:00+00:00,2010-05-20 09:30:00+00:00,1185.9470000000001,1187.206,0.01,11,1.2589999999997872,0.5308113116078668,0.7281886883919204,0.18300796390849777,0.0340000000001055,6.738999999999805,stop,2010
-1,36793,36806,2010-05-24 19:00:00+00:00,2010-05-24 22:15:00+00:00,1195.1860000000001,1192.272,0.03,13,8.742000000000644,1.758598806366053,6.983401193634591,1.409080143994029,0.6789999999998599,5.18100000000004,stop,2010
-1,36862,36868,2010-05-25 12:15:00+00:00,2010-05-25 13:45:00+00:00,1193.492,1197.007,0.01,6,-3.5150000000001,0.6065419487844219,-4.121541948784522,-1.1725581646612815,4.1189999999999145,3.645999999999958,stop,2010
-1,36927,36928,2010-05-26 04:30:00+00:00,2010-05-26 04:45:00+00:00,1204.531,1206.0210000000002,0.03,1,-4.470000000000709,2.1036472148541114,-6.573647214854821,-1.4706145894527467,1.5039999999999054,0.0,stop,2010
-1,37025,37028,2010-05-27 05:00:00+00:00,2010-05-27 05:45:00+00:00,1216.9859999999999,1216.976,0.03,3,0.029999999999290594,1.66138716536844,-1.6313871653691494,-0.36423022223017826,0.1730000000002292,2.140999999999849,stop,2010
1,37163,37169,2010-05-28 15:30:00+00:00,2010-05-28 17:00:00+00:00,1204.846,1205.133,0.02,6,0.5740000000000691,1.2000404673941003,-0.6260404673940312,-0.1056430083351398,1.7640000000001237,4.257000000000062,stop,2010
-1,37276,37282,2010-05-31 12:30:00+00:00,2010-05-31 14:00:00+00:00,1214.114,1215.143,0.04,6,-4.1159999999999854,1.8365739606170999,-5.9525739606170855,-1.4462035861557596,2.4349999999999454,0.80600000000004,stop,2010
-1,37326,37329,2010-06-01 01:00:00+00:00,2010-06-01 01:45:00+00:00,1220.592,1220.499,0.05,3,0.46500000000037295,3.5856923221488133,-3.1206923221484404,-0.6973614127706153,0.3129999999998745,1.4450000000001637,stop,2010
1,37469,37474,2010-06-02 12:45:00+00:00,2010-06-02 14:00:00+00:00,1219.317,1216.18,0.01,5,-3.136999999999944,0.4590574370593961,-3.5960574370593403,-1.146336447899077,5.606999999999971,1.4839999999999236,stop,2010
1,37651,37652,2010-06-04 10:15:00+00:00,2010-06-04 10:30:00+00:00,1202.342,1201.111,0.04,1,-4.923999999999978,1.8371713364055495,-6.7611713364055275,-1.373105470431673,5.535000000000082,0.0,stop,2010
1,37777,37779,2010-06-07 09:45:00+00:00,2010-06-07 10:15:00+00:00,1214.267,1212.7330000000002,0.03,2,-4.601999999999634,1.8188594332490295,-6.420859433248664,-1.3952323844522325,1.6400000000001,0.0,stop,2010
-1,37867,37871,2010-06-08 08:15:00+00:00,2010-06-08 09:15:00+00:00,1243.941,1245.964,0.02,4,-4.045999999999822,1.0156560882726335,-5.061656088272455,-1.2510272091627974,6.198999999999842,2.714999999999918,stop,2010
1,37963,37970,2010-06-09 08:15:00+00:00,2010-06-09 10:00:00+00:00,1232.9389999999999,1234.171,0.02,7,2.4640000000003965,1.183679991924083,1.2803200080763135,0.2969202245075009,0.0,4.291000000000167,stop,2010
1,38065,38066,2010-06-10 09:45:00+00:00,2010-06-10 10:00:00+00:00,1221.975,1220.188,0.02,1,-3.5739999999996144,0.920436823497284,-4.4944368234968985,-1.257536884022771,1.8929999999998017,0.35400000000004184,stop,2010
-1,38190,38194,2010-06-11 17:00:00+00:00,2010-06-11 18:00:00+00:00,1227.924,1229.435,0.03,4,-4.532999999999902,1.917035368564467,-6.450035368564369,-1.42290654501754,2.4449999999999363,2.8989999999998872,stop,2010
-1,38244,38248,2010-06-13 23:30:00+00:00,2010-06-14 00:30:00+00:00,1230.625,1231.847,0.03,4,-3.66599999999994,2.0220791738382005,-5.68807917383814,-1.551576424942235,1.780999999999949,2.064000000000078,stop,2010
-1,38249,38253,2010-06-14 00:45:00+00:00,2010-06-14 01:45:00+00:00,1230.87,1230.4680000000003,0.03,4,1.2059999999987667,2.0061721174004528,-0.800172117401686,-0.215100031559552,0.7870000000002619,2.168999999999869,stop,2010
-1,38409,38421,2010-06-15 16:45:00+00:00,2010-06-15 19:45:00+00:00,1232.3809999999999,1235.312,0.01,12,-2.93100000000004,0.6466879844961237,-3.5776879844961638,-1.2206373198553786,3.9880000000000564,1.1679999999996653,stop,2010
-1,38586,38587,2010-06-17 13:00:00+00:00,2010-06-17 13:15:00+00:00,1241.83,1244.914,0.01,1,-3.08400000000006,0.556976427988761,-3.640976427988821,-1.180601954600762,3.4659999999998945,0.0,stop,2010
1,38807,38810,2010-06-21 13:00:00+00:00,2010-06-21 13:45:00+00:00,1257.6750000000002,1254.6799999999998,0.01,3,-2.9950000000003456,0.4691992595335069,-3.4641992595338524,-1.1566608546021544,3.3760000000002037,0.8339999999998327,stop,2010
-1,38978,38987,2010-06-23 07:45:00+00:00,2010-06-23 10:00:00+00:00,1241.562,1243.424,0.02,9,-3.7240000000001596,1.1655123051483578,-4.889512305148518,-1.3129732290946048,3.7840000000001055,1.502999999999929,stop,2010
-1,39099,39101,2010-06-24 14:00:00+00:00,2010-06-24 14:30:00+00:00,1235.813,1238.408,0.02,2,-5.1899999999996,1.1801688378613502,-6.37016883786095,-1.2273928396650176,7.529999999999973,0.07600000000002183,stop,2010
-1,39263,39274,2010-06-28 00:45:00+00:00,2010-06-28 03:30:00+00:00,1257.011,1256.0330000000001,0.03,11,2.933999999999514,1.984818810973053,0.949181189026461,0.22729434603123205,1.0679999999999836,3.112999999999829,stop,2010
1,39387,39389,2010-06-29 07:45:00+00:00,2010-06-29 08:15:00+00:00,1235.257,1233.1460000000002,0.02,2,-4.221999999999753,1.221078284837939,-5.443078284837691,-1.2892179736707745,2.8290000000001783,0.5920000000000982,stop,2010
-1,39510,39512,2010-06-30 14:30:00+00:00,2010-06-30 15:00:00+00:00,1244.091,1242.294,0.01,2,1.796999999999798,0.5319698332007669,1.2650301667990314,0.3960645481524599,0.17800000000011096,6.105000000000018,stop,2010
1,39602,39605,2010-07-01 13:30:00+00:00,2010-07-01 14:15:00+00:00,1235.913,1231.699,0.01,3,-4.213999999999942,0.5530792084083097,-4.767079208408251,-1.1312480323702698,8.166999999999916,0.7840000000001055,stop,2010
-1,39786,39807,2010-07-05 04:00:00+00:00,2010-07-05 09:15:00+00:00,1213.443,1211.095,0.03,21,7.043999999999868,1.8887742177204652,5.155225782279403,1.5034195923824065,0.5350000000000819,4.5190000000000055,stop,2010
1,39870,39871,2010-07-06 01:00:00+00:00,2010-07-06 01:15:00+00:00,1205.709,1204.2010000000002,0.03,1,-4.5239999999994325,1.9303614967250002,-6.454361496724433,-1.426693522706729,2.2250000000001364,0.0,stop,2010
1,40001,40008,2010-07-07 09:45:00+00:00,2010-07-07 11:30:00+00:00,1186.774,1189.5230000000001,0.03,7,8.247000000000753,1.8193374160607796,6.4276625839399735,1.634290003544459,0.17499999999995453,4.941000000000031,stop,2010
-1,40085,40102,2010-07-08 06:45:00+00:00,2010-07-08 11:00:00+00:00,1205.757,1200.762,0.02,17,9.990000000000236,1.0101132197138518,8.979886780286385,2.331227097686061,0.018999999999778083,7.642000000000053,stop,2010
-1,40204,40205,2010-07-09 12:30:00+00:00,2010-07-09 12:45:00+00:00,1201.347,1202.1080000000002,0.05,1,-3.8050000000009736,2.7760183217086727,-6.581018321709646,-1.7295711752189125,2.4480000000000928,0.0,stop,2010
1,40307,40312,2010-07-12 10:30:00+00:00,2010-07-12 11:45:00+00:00,1204.5720000000001,1204.8439999999998,0.02,5,0.5439999999994143,1.1083435990338142,-0.5643435990343999,-0.16087331785471984,1.9240000000002055,2.6989999999998417,stop,2010
1,40507,40513,2010-07-14 12:30:00+00:00,2010-07-14 14:00:00+00:00,1208.122,1206.188,0.02,6,-3.867999999999938,0.9152515564529645,-4.783251556452902,-1.2366213951533038,1.933999999999969,2.627999999999929,stop,2010
1,40684,40698,2010-07-16 08:45:00+00:00,2010-07-16 12:15:00+00:00,1205.2359999999999,1203.438,0.02,14,-3.595999999999549,1.1562504305698709,-4.75225043056942,-1.3215379395355997,9.587999999999965,1.4340000000001965,stop,2010
-1,40810,40834,2010-07-19 09:00:00+00:00,2010-07-19 15:00:00+00:00,1192.434,1180.6080000000002,0.02,24,23.65199999999959,1.0113110087531807,22.640688991246407,4.831559750585934,0.0,15.32100000000014,stop,2010
1,40913,40916,2010-07-20 10:45:00+00:00,2010-07-20 11:30:00+00:00,1178.411,1176.6509999999998,0.02,3,-3.5200000000004366,0.9335271892391,-4.453527189239536,-1.265206587851984,2.048000000000002,1.0369999999998072,stop,2010
1,41041,41046,2010-07-21 18:45:00+00:00,2010-07-21 20:00:00+00:00,1186.475,1184.183,0.02,5,-4.583999999999833,1.2089260106788622,-5.792926010678695,-1.2637273147205292,2.4179999999998927,0.13200000000006185,stop,2010
1,41089,41098,2010-07-22 06:45:00+00:00,2010-07-22 09:00:00+00:00,1182.658,1186.2630000000001,0.02,9,7.210000000000491,1.013754463292551,6.19624553670794,1.5375299098531838,0.0,5.6550000000002,stop,2010
1,41216,41222,2010-07-23 14:30:00+00:00,2010-07-23 16:00:00+00:00,1190.879,1191.002,0.01,6,0.1230000000000473,0.5533417798113613,-0.43034177981131405,-0.1572886622117447,2.4449999999999363,3.5979999999999563,stop,2010
1,41344,41349,2010-07-26 15:15:00+00:00,2010-07-26 16:30:00+00:00,1182.619,1183.797,0.02,5,2.356000000000222,1.2136197014563828,1.1423802985438392,0.2309705415575939,0.7279999999998381,4.471000000000004,stop,2010
1,41444,41446,2010-07-27 16:15:00+00:00,2010-07-27 16:45:00+00:00,1161.4360000000001,1160.031,0.03,2,-4.2150000000006,1.9347552652625954,-6.149755265263195,-1.4590166702876204,1.706000000000131,0.0,stop,2010
1,41532,41535,2010-07-28 14:15:00+00:00,2010-07-28 15:00:00+00:00,1160.389,1160.806,0.01,3,0.41700000000014376,0.5319520481440929,-0.11495204814394916,-0.03298480578018722,1.2389999999998054,4.535000000000082,stop,2010
-1,41642,41678,2010-07-29 17:45:00+00:00,2010-07-30 02:45:00+00:00,1167.681,1167.5049999999999,0.02,36,0.3520000000003165,1.309605365526497,-0.9576053655261805,-0.23656259029798266,1.0529999999998836,2.34900000000016,stop,2010
-1,41683,41694,2010-07-30 04:00:00+00:00,2010-07-30 06:45:00+00:00,1168.28,1169.828,0.02,11,-3.0960000000000036,1.208086657453916,-4.30408665745392,-1.390208868686665,2.339000000000169,0.9109999999998308,stop,2010
-1,41796,41803,2010-08-02 01:00:00+00:00,2010-08-02 02:45:00+00:00,1181.6619999999998,1183.672,0.02,7,-4.020000000000437,1.291227777777784,-5.311227777778221,-1.3212009397456828,2.0660000000002583,0.9469999999996617,stop,2010
-1,41992,41993,2010-08-04 02:00:00+00:00,2010-08-04 02:15:00+00:00,1193.1979999999999,1194.1129999999998,0.04,1,-3.6599999999998545,2.38900574270321,-6.049005742703065,-1.6527338094817774,1.3820000000000618,0.26499999999987267,stop,2010
1,42137,42138,2010-08-05 14:15:00+00:00,2010-08-05 14:30:00+00:00,1193.7350000000001,1192.046,0.02,1,-3.3780000000001564,1.1777058412176085,-4.555705841217765,-1.348639976677784,1.8070000000002437,1.31899999999996,stop,2010
-1,42229,42231,2010-08-06 13:15:00+00:00,2010-08-06 13:45:00+00:00,1205.7179999999998,1207.934,0.02,2,-4.432000000000244,1.1161579328145166,-5.54815793281476,-1.2518406888119258,4.346000000000231,0.0,stop,2010
1,42355,42356,2010-08-09 13:30:00+00:00,2010-08-09 13:45:00+00:00,1204.32,1202.664,0.02,1,-3.311999999999898,0.9346942292490104,-4.2466942292489085,-1.2822144411983813,4.7719999999999345,0.0,stop,2010
1,42409,42414,2010-08-10 03:00:00+00:00,2010-08-10 04:15:00+00:00,1199.73,1199.753,0.03,5,0.06899999999973261,1.7713992318576985,-1.702399231857966,-0.4960370722196847,0.26900000000023283,1.377999999999929,stop,2010
-1,42545,42560,2010-08-11 13:00:00+00:00,2010-08-11 16:45:00+00:00,1204.501,1196.545,0.01,15,7.955999999999904,0.5334313043478303,7.422568695652073,2.4824644467063712,1.6340000000000146,12.152000000000044,stop,2010
-1,42710,42727,2010-08-13 06:15:00+00:00,2010-08-13 10:30:00+00:00,1215.9879999999998,1215.7380000000003,0.03,17,0.7499999999986356,1.5173411667956072,-0.7673411667969715,-0.1786175900365086,1.3700000000003456,2.2169999999996435,stop,2010
-1,42801,42806,2010-08-16 00:45:00+00:00,2010-08-16 02:00:00+00:00,1216.995,1218.44,0.02,5,-2.8900000000003274,1.322749325660845,-4.212749325661172,-1.4576987286023166,2.326000000000022,0.6549999999997453,stop,2010
-1,42928,42941,2010-08-17 08:30:00+00:00,2010-08-17 11:45:00+00:00,1226.2,1227.701,0.02,13,-3.0019999999999527,1.0238337350844202,-4.0258337350843725,-1.3410505446650354,1.9869999999998527,0.7929999999998927,stop,2010
-1,43142,43143,2010-08-19 14:00:00+00:00,2010-08-19 14:15:00+00:00,1233.121,1235.227,0.02,1,-4.211999999999989,1.2093537080096195,-5.421353708009608,-1.2871210132976312,4.082999999999856,0.0,stop,2010
1,43229,43232,2010-08-20 11:45:00+00:00,2010-08-20 12:30:00+00:00,1229.711,1227.407,0.02,3,-4.608000000000175,1.0132926356589103,-5.621292635659085,-1.2198985754468037,5.538000000000011,2.19600000000014,stop,2010
-1,43329,43336,2010-08-23 05:15:00+00:00,2010-08-23 07:00:00+00:00,1228.915,1230.2179999999998,0.03,7,-3.9089999999996508,1.933940881756345,-5.842940881755996,-1.4947405683695365,2.691000000000031,1.3389999999999418,stop,2010
1,43437,43442,2010-08-24 08:15:00+00:00,2010-08-24 09:30:00+00:00,1219.004,1217.73,0.03,5,-3.8219999999996617,1.6020890227249474,-5.424089022724609,-1.4191755684785687,1.4759999999998854,1.16800000000012,stop,2010
-1,43554,43569,2010-08-25 13:30:00+00:00,2010-08-25 17:15:00+00:00,1238.378,1240.902,0.01,15,-2.5240000000001146,0.5311675374101572,-3.055167537410272,-1.2104467263907024,2.785000000000082,3.9429999999999836,stop,2010
-1,43618,43624,2010-08-26 05:30:00+00:00,2010-08-26 07:00:00+00:00,1240.213,1241.663,0.02,6,-2.900000000000091,1.1903931448949936,-4.090393144895085,-1.4104803947913644,1.4730000000001837,0.9809999999999945,stop,2010
-1,43744,43750,2010-08-27 13:00:00+00:00,2010-08-27 14:30:00+00:00,1238.6860000000001,1238.514,0.01,6,0.17200000000025284,0.5914708178726014,-0.4194708178723485,-0.11933735928090004,1.5969999999997526,5.998000000000047,stop,2010
1,43925,43955,2010-08-31 06:30:00+00:00,2010-08-31 14:00:00+00:00,1233.5149999999999,1244.252,0.02,30,21.47400000000016,1.1579288301852309,20.31607116981493,5.612174356302636,1.4039999999999964,13.649000000000115,stop,2010
-1,44022,44027,2010-09-01 06:45:00+00:00,2010-09-01 08:00:00+00:00,1249.287,1250.575,0.03,5,-3.8640000000000327,1.8046845109866403,-5.668684510986673,-1.4670508568805967,1.45900000000006,1.4080000000001291,stop,2010
-1,44228,44239,2010-09-03 10:15:00+00:00,2010-09-03 13:00:00+00:00,1252.421,1241.55,0.02,11,21.74200000000019,1.013292785930703,20.728707214069487,6.236073169094181,0.7059999999999036,13.973999999999933,stop,2010
1,44445,44446,2010-09-07 09:15:00+00:00,2010-09-07 09:30:00+00:00,1247.7640000000001,1246.634,0.03,1,-3.3900000000003274,1.3681704545454574,-4.758170454545785,-1.4035901045856416,1.2510000000002037,0.0,stop,2010
-1,44549,44552,2010-09-08 11:15:00+00:00,2010-09-08 12:00:00+00:00,1258.989,1260.605,0.02,3,-3.231999999999971,1.0133818099647631,-4.245381809964734,-1.3135463520930606,1.8199999999999363,0.4900000000000091,stop,2010
1,44603,44611,2010-09-09 00:45:00+00:00,2010-09-09 02:45:00+00:00,1253.8899999999999,1254.2560000000003,0.03,8,1.0980000000013206,2.0977058746365187,-0.9997058746351981,-0.240256158287768,0.6599999999998545,1.9200000000000728,stop,2010
1,44748,44762,2010-09-10 13:00:00+00:00,2010-09-10 16:30:00+00:00,1241.397,1244.5259999999998,0.01,14,3.1289999999999054,0.5800263118946216,2.548973688105284,0.637243422026321,0.20499999999992724,9.009000000000015,stop,2010
1,44857,44864,2010-09-13 12:45:00+00:00,2010-09-13 14:30:00+00:00,1242.591,1245.4870000000003,0.02,7,5.792000000000826,0.9159128265072135,4.876087173493612,1.4084596110613137,1.4699999999998,6.191000000000031,stop,2010
-1,44918,44928,2010-09-14 04:00:00+00:00,2010-09-14 06:30:00+00:00,1249.341,1250.6889999999999,0.03,10,-4.043999999999869,1.8117019301140795,-5.855701930113948,-1.4479975099194209,1.4220000000000255,1.127999999999929,stop,2010
-1,45142,45147,2010-09-16 12:00:00+00:00,2010-09-16 13:15:00+00:00,1275.675,1274.1370000000002,0.01,5,1.5379999999997835,0.6094598324953673,0.9285401675044163,0.376842600448195,1.2670000000000528,4.6189999999999145,stop,2010
-1,45220,45234,2010-09-17 07:30:00+00:00,2010-09-17 11:00:00+00:00,1280.955,1280.1650000000002,0.02,14,1.5799999999994725,1.070136850928379,0.5098631490710934,0.14092403235794307,1.1800000000000637,3.6769999999999072,stop,2010
-1,45339,45340,2010-09-20 06:30:00+00:00,2010-09-20 06:45:00+00:00,1280.79,1282.716,0.02,1,-3.8519999999998618,1.3155525969731547,-5.1675525969730165,-1.3415245578850472,2.2200000000002547,0.0,stop,2010
1,45431,45436,2010-09-21 05:30:00+00:00,2010-09-21 06:45:00+00:00,1278.4160000000002,1276.35,0.02,5,-4.132000000000517,1.19069521904335,-5.322695219043867,-1.2881643802137468,2.619000000000142,0.23899999999980537,stop,2010
-1,45543,45554,2010-09-22 09:30:00+00:00,2010-09-22 12:15:00+00:00,1291.877,1293.931,0.02,11,-4.108000000000175,1.0105672751768484,-5.118567275177023,-1.2459998235581318,2.29300000000012,1.84699999999998,stop,2010
-1,45664,45690,2010-09-23 15:45:00+00:00,2010-09-23 22:15:00+00:00,1293.82,1293.3800000000003,0.01,26,0.4399999999995998,0.6030260632699798,-0.16302606327037994,-0.06975869202839745,1.4809999999999945,2.9179999999998927,stop,2010
-1,45729,45730,2010-09-24 08:00:00+00:00,2010-09-24 08:15:00+00:00,1294.7640000000001,1296.471,0.02,1,-3.4139999999997603,1.1098393842836796,-4.5238393842834395,-1.3250847639964138,2.8579999999999472,0.0,stop,2010
-1,45848,45860,2010-09-27 06:30:00+00:00,2010-09-27 09:30:00+00:00,1298.8339999999998,1298.3480000000002,0.03,12,1.4579999999989468,1.8542190674177859,-0.39621906741883905,-0.10465374205461844,0.9170000000001437,2.3539999999998145,stop,2010
1,45919,45945,2010-09-28 00:15:00+00:00,2010-09-28 06:45:00+00:00,1292.636,1291.27,0.02,26,-2.731999999999971,1.3010636668809306,-4.033063666880901,-1.4762312104249429,1.7789999999999964,1.23700000000008,stop,2010
-1,46034,46041,2010-09-29 05:00:00+00:00,2010-09-29 06:45:00+00:00,1310.775,1312.318,0.02,7,-3.0859999999997854,1.2817744920463574,-4.367774492046143,-1.4153514232166062,2.3460000000000036,1.6340000000000146,stop,2010
-1,46152,46161,2010-09-30 10:30:00+00:00,2010-09-30 12:45:00+00:00,1313.584,1315.191,0.02,9,-3.213999999999942,1.0680023588436829,-4.2820023588436245,-1.332296938034755,1.87299999999982,1.9370000000001255,stop,2010
-1,46249,46253,2010-10-01 10:45:00+00:00,2010-10-01 11:45:00+00:00,1316.456,1315.529,0.04,4,3.707999999999629,1.839402898550726,1.868597101448903,0.5278522885448932,0.0,2.099999999999909,stop,2010
1,46392,46454,2010-10-04 16:45:00+00:00,2010-10-05 08:15:00+00:00,1313.9850000000001,1324.4979999999998,0.01,62,10.512999999999693,0.6085555738797608,9.904444426119932,4.530852893924637,2.0579999999999927,13.776999999999816,stop,2010
-1,46471,46472,2010-10-05 12:30:00+00:00,2010-10-05 12:45:00+00:00,1326.896,1328.338,0.02,1,-2.8840000000000146,1.1098962262772867,-3.9938962262773012,-1.3848461256162556,4.150000000000091,0.0,stop,2010
-1,46547,46564,2010-10-06 07:30:00+00:00,2010-10-06 11:45:00+00:00,1347.094,1346.2780000000002,0.01,17,0.8159999999998035,0.5883101957431625,0.2276898042566411,0.07986313723487622,1.5540000000000873,5.0,stop,2010
-1,46641,46644,2010-10-07 07:00:00+00:00,2010-10-07 07:45:00+00:00,1356.459,1357.936,0.02,3,-2.9539999999997235,1.2140062384643802,-4.168006238464104,-1.4109702906108645,1.9220000000000255,0.4230000000000018,stop,2010
1,46751,46752,2010-10-08 10:30:00+00:00,2010-10-08 10:45:00+00:00,1327.133,1324.9789999999998,0.01,1,-2.1540000000002237,0.4580335957674321,-2.612033595767656,-1.2126432663729734,2.240000000000009,0.0,stop,2010
-1,46818,46819,2010-10-10 22:45:00+00:00,2010-10-10 23:00:00+00:00,1352.438,1353.655,0.03,1,-3.650999999999612,1.914758857469845,-5.565758857469457,-1.5244477834757733,1.6879999999998745,0.0,stop,2010
1,46955,46968,2010-10-12 09:00:00+00:00,2010-10-12 12:15:00+00:00,1342.5720000000001,1345.3719999999998,0.01,13,2.799999999999727,0.5339164691168896,2.2660835308828373,0.8306757811153896,1.1159999999999854,6.198999999999842,stop,2010
-1,47048,47054,2010-10-13 08:15:00+00:00,2010-10-13 09:45:00+00:00,1358.4009999999998,1359.9879999999998,0.02,6,-3.173999999999978,1.1914318859626936,-4.365431885962671,-1.3753723648275682,2.574000000000069,1.3409999999998945,stop,2010
-1,47118,47120,2010-10-14 01:45:00+00:00,2010-10-14 02:15:00+00:00,1375.784,1377.9360000000001,0.01,2,-2.1520000000000437,0.6578132148667226,-2.8098132148667663,-1.305675285718731,2.2569999999998345,0.0,stop,2010
-1,47257,47267,2010-10-15 12:30:00+00:00,2010-10-15 15:00:00+00:00,1376.391,1372.684,0.01,10,3.7070000000001073,0.5543257366599605,3.1526742633401468,0.4539487780187438,0.0,13.667000000000144,stop,2010
1,47334,47337,2010-10-18 00:30:00+00:00,2010-10-18 01:15:00+00:00,1359.7179999999998,1358.153,0.02,3,-3.1299999999996544,1.5168138847638764,-4.646813884763531,-1.4846050750044868,2.8449999999998,1.4760000000001128,stop,2010
1,47483,47500,2010-10-19 13:45:00+00:00,2010-10-19 18:00:00+00:00,1340.933,1332.31,0.01,17,-8.623000000000047,0.6077227975993278,-9.230722797599375,-1.0704769566971268,11.58199999999988,5.102000000000089,stop,2010
-1,47590,47591,2010-10-20 16:30:00+00:00,2010-10-20 16:45:00+00:00,1342.998,1346.357,0.01,1,-3.358999999999924,0.6058282430912338,-3.9648282430911577,-1.180359703212637,3.716999999999871,0.0,stop,2010
-1,47621,47652,2010-10-21 00:15:00+00:00,2010-10-21 08:00:00+00:00,1345.298,1345.1879999999999,0.01,31,0.11000000000012733,0.6851555118594057,-0.5751555118592784,-0.1389600173615107,1.92899999999986,4.712999999999965,stop,2010
1,47748,47749,2010-10-22 08:00:00+00:00,2010-10-22 08:15:00+00:00,1318.1190000000001,1315.9830000000002,0.01,1,-2.1359999999999673,0.5550387786367599,-2.6910387786367274,-1.2598496154666519,2.384000000000242,0.0,stop,2010
-1,47846,47848,2010-10-25 01:15:00+00:00,2010-10-25 01:45:00+00:00,1336.703,1338.1660000000002,0.02,2,-2.9260000000003856,1.3685879818363857,-4.294587981836772,-1.4677334182625448,1.6350000000002183,0.20199999999999818,stop,2010
1,47976,47981,2010-10-26 09:45:00+00:00,2010-10-26 11:00:00+00:00,1334.775,1335.0959999999998,0.02,5,0.6419999999993706,0.9150724380194849,-0.27307243802011427,-0.08107851485156842,0.6520000000000437,2.2799999999999727,stop,2010
-1,48037,48064,2010-10-27 01:00:00+00:00,2010-10-27 07:45:00+00:00,1341.5659999999998,1330.7770000000003,0.01,27,10.788999999999533,0.5968457917756578,10.192154208223874,4.381837578771617,0.10100000000011278,14.634999999999764,stop,2010
-1,48385,48391,2010-11-01 09:30:00+00:00,2010-11-01 11:00:00+00:00,1363.386,1363.036,0.01,6,0.34999999999990905,0.5540845699703645,-0.20408456997045543,-0.08966808873921327,0.7360000000001037,3.520999999999958,stop,2010
1,48601,48609,2010-11-03 15:30:00+00:00,2010-11-03 17:30:00+00:00,1332.784,1337.1680000000001,0.01,8,4.3840000000000146,0.5740106459264913,3.8099893540735232,1.2716920407454615,0.21900000000005093,10.145999999999958,stop,2010
-1,48675,48678,2010-11-04 10:00:00+00:00,2010-11-04 10:45:00+00:00,1363.009,1362.977,0.02,3,0.06399999999985084,0.9174035312381315,-0.8534035312382806,-0.2453719181248604,0.3810000000000855,2.979000000000042,stop,2010
-1,48791,48797,2010-11-05 15:00:00+00:00,2010-11-05 16:30:00+00:00,1394.917,1391.782,0.01,6,3.1349999999999913,0.5264241583637557,2.6085758416362355,0.8915160087615506,0.4810000000002219,8.176999999999907,stop,2010
-1,48838,48858,2010-11-08 00:15:00+00:00,2010-11-08 05:15:00+00:00,1396.047,1391.299,0.01,20,4.748000000000047,0.6850657496625234,4.062934250337523,1.676819748385432,0.4760000000001128,8.476000000000113,stop,2010
-1,48956,48957,2010-11-09 05:45:00+00:00,2010-11-09 06:00:00+00:00,1411.0529999999999,1413.384,0.01,1,-2.331000000000131,0.5548293477016453,-2.885829347701776,-1.2380220281860206,2.859000000000151,0.0,stop,2010
-1,49165,49166,2010-11-11 10:00:00+00:00,2010-11-11 10:15:00+00:00,1410.307,1413.4859999999999,0.01,1,-3.17899999999986,0.45922493595300384,-3.638224935952864,-1.1444557835649651,4.25,0.0,stop,2010
1,49244,49248,2010-11-12 05:45:00+00:00,2010-11-12 06:45:00+00:00,1385.6950000000002,1389.2759999999998,0.02,4,7.161999999999352,1.0879583336602079,6.074041666339145,2.4651143126372435,0.02400000000034197,5.73299999999972,stop,2010
1,49383,49389,2010-11-15 13:30:00+00:00,2010-11-15 15:00:00+00:00,1363.611,1367.0330000000001,0.01,6,3.422000000000026,0.45838936948868664,2.963610630511339,0.7245991761641561,2.9290000000000873,9.317999999999984,stop,2010
1,49471,49477,2010-11-16 11:30:00+00:00,2010-11-16 13:00:00+00:00,1359.5639999999999,1355.4940000000001,0.01,6,-4.069999999999709,0.4552493379231146,-4.525249337922824,-1.1118548741825915,5.263999999999669,0.9660000000001219,stop,2010
-1,49621,49622,2010-11-18 01:00:00+00:00,2010-11-18 01:15:00+00:00,1344.146,1345.484,0.02,1,-2.675999999999931,1.169765728263672,-3.845765728263603,-1.437132185449814,2.507000000000062,0.1089999999999236,stop,2010
1,49767,49768,2010-11-19 13:30:00+00:00,2010-11-19 13:45:00+00:00,1350.2385,1346.523,0.01,1,-3.71550000000002,0.4537821726196483,-4.169282172619669,-1.1221321955644317,5.166500000000042,0.0,stop,2010
-1,49850,49860,2010-11-22 07:30:00+00:00,2010-11-22 10:00:00+00:00,1363.2289999999998,1359.8020000000004,0.02,10,6.853999999998905,1.513022410537995,5.34097758946091,1.5303660714784677,0.031500000000278305,6.416999999999916,stop,2010
-1,49946,49961,2010-11-23 07:30:00+00:00,2010-11-23 11:15:00+00:00,1365.92,1364.2599999999998,0.01,15,1.6600000000003092,0.6722581236755925,0.9877418763247168,0.3476740148978365,1.502999999999929,5.086000000000013,stop,2010
1,50074,50112,2010-11-24 15:30:00+00:00,2010-11-25 01:00:00+00:00,1372.913,1369.326,0.01,38,-3.5869999999999895,0.5902381461475925,-4.177238146147582,-1.1645492462078602,4.651000000000067,2.729000000000042,stop,2010
1,50260,50262,2010-11-26 14:00:00+00:00,2010-11-26 14:30:00+00:00,1354.998,1352.588,0.01,2,-2.410000000000082,0.46876521479379335,-2.878765214793875,-1.1945083878812355,3.951999999999998,1.7300000000000182,stop,2010
-1,50344,50357,2010-11-29 08:30:00+00:00,2010-11-29 11:45:00+00:00,1366.63,1361.5659999999998,0.02,13,10.128000000000611,0.9147142134416145,9.213285786558997,2.7436824855746766,0.40399999999999636,7.932000000000016,stop,2010
-1,50436,50440,2010-11-30 07:30:00+00:00,2010-11-30 08:30:00+00:00,1367.541,1369.921,0.01,4,-2.380000000000109,0.4580617757897412,-2.8380617757898503,-1.1924629310040842,3.038000000000011,0.5059999999998581,stop,2010
-1,50529,50534,2010-12-01 06:45:00+00:00,2010-12-01 08:00:00+00:00,1392.567,1393.87,0.02,5,-2.605999999999767,1.518192686011823,-4.12419268601159,-1.5825758580245426,1.905999999999949,1.5019999999999527,stop,2010
1,50683,50710,2010-12-02 21:15:00+00:00,2010-12-03 04:00:00+00:00,1385.172,1390.1760000000002,0.02,27,10.008000000000266,1.0742501708817593,8.933749829118506,3.294155541710377,1.300000000000182,7.141000000000076,stop,2010
-1,50757,50758,2010-12-03 15:45:00+00:00,2010-12-03 16:00:00+00:00,1406.286,1408.13,0.02,1,-3.6880000000001014,1.1042150532547608,-4.792215053254862,-1.2994075524009574,1.8949999999999818,0.0,stop,2010
-1,50869,50873,2010-12-06 16:45:00+00:00,2010-12-06 17:45:00+00:00,1418.533,1414.612,0.01,4,3.9209999999998217,0.45815546642209215,3.4628445335777296,1.392938267730324,0.4570000000001073,7.197999999999865,stop,2010
-1,50940,50943,2010-12-07 10:30:00+00:00,2010-12-07 11:15:00+00:00,1425.393,1428.085,0.01,3,-2.6920000000000073,0.4598790976997982,-3.1518790976998057,-1.170831759918201,3.2539999999999054,0.0,stop,2010
1,51007,51009,2010-12-08 03:15:00+00:00,2010-12-08 03:45:00+00:00,1392.342,1391.047,0.02,2,-2.5900000000001455,1.2693397439074765,-3.859339743907622,-1.4900925652152144,2.5090000000000146,0.0,stop,2010
1,51248,51259,2010-12-10 15:30:00+00:00,2010-12-10 18:15:00+00:00,1376.3,1382.6000000000001,0.01,11,6.300000000000182,0.5443646288754029,5.755635371124779,1.386900089427703,0.0,11.350000000000136,stop,2010
-1,51431,51438,2010-12-14 08:30:00+00:00,2010-12-14 10:15:00+00:00,1405.266,1404.983,0.02,7,0.5660000000002583,0.9051667416212493,-0.33916674162099103,-0.08678780491837246,0.05499999999983629,3.1460000000001855,stop,2010
1,51550,51570,2010-12-15 14:15:00+00:00,2010-12-15 19:15:00+00:00,1388.833,1384.716,0.01,20,-4.117000000000189,0.4401665901691283,-4.5571665901693175,-1.1069144013041312,6.813000000000102,3.536000000000058,stop,2010
1,51650,51651,2010-12-16 15:15:00+00:00,2010-12-16 15:30:00+00:00,1365.182,1362.892,0.01,1,-2.2899999999999636,0.44294649283878207,-2.732946492838746,-1.1934264160868076,2.8479999999999563,0.9800000000000182,stop,2010
-1,51833,51835,2010-12-20 06:30:00+00:00,2010-12-20 07:00:00+00:00,1384.3,1385.944,0.02,2,-3.288000000000011,1.021016343765532,-4.309016343765543,-1.3105280850868395,3.923000000000002,0.0,stop,2010
-1,51935,51956,2010-12-21 08:00:00+00:00,2010-12-21 13:15:00+00:00,1387.92,1387.8029999999999,0.02,21,0.23400000000037835,0.9154225939169337,-0.6814225939165554,-0.20636662444476722,3.3869999999999436,2.882000000000062,stop,2010
1,52134,52145,2010-12-23 09:45:00+00:00,2010-12-23 12:30:00+00:00,1382.924,1381.726,0.02,11,-2.395999999999731,0.8974214883614403,-3.293421488361171,-1.3745498699338652,2.643000000000029,1.3959999999999582,stop,2010
-1,52340,52342,2010-12-27 06:30:00+00:00,2010-12-27 07:00:00+00:00,1385.286,1386.333,0.03,2,-3.1410000000000764,2.628794053136348,-5.769794053136424,-1.8369290204190651,1.0639999999998508,0.69399999999996,stop,2010
-1,52412,52416,2010-12-28 00:30:00+00:00,2010-12-28 01:30:00+00:00,1385.548,1387.121,0.02,4,-3.1460000000001855,1.4000000000000008,-4.546000000000186,-1.4450095359186006,2.7050000000001546,0.22000000000002728,stop,2010
-1,52529,52533,2010-12-29 05:45:00+00:00,2010-12-29 06:45:00+00:00,1405.656,1407.438,0.02,4,-3.5640000000003056,1.6771303529992223,-5.241130352999528,-1.470575295454287,2.1970000000001164,0.42200000000002547,stop,2010
-1,52627,52634,2010-12-30 06:15:00+00:00,2010-12-30 08:00:00+00:00,1413.5639999999999,1413.313,0.02,7,0.501999999999498,1.522093250615555,-1.020093250616057,-0.41299321887285495,1.0070000000000618,1.6459999999997308,stop,2010
-1,52875,53009,2011-01-03 13:30:00+00:00,2011-01-04 23:00:00+00:00,1418.268,1382.068,0.01,134,36.200000000000045,0.5424037328094395,35.657596267190605,6.462050791444439,5.476999999999862,43.346000000000004,stop,2011
1,53174,53182,2011-01-06 16:15:00+00:00,2011-01-06 18:15:00+00:00,1368.616,1371.101,0.01,8,2.4850000000001273,0.5527378880421852,1.9322621119579422,0.5299676664722887,0.0,8.064000000000078,stop,2011
1,53247,53258,2011-01-07 10:30:00+00:00,2011-01-07 13:15:00+00:00,1358.7559999999999,1356.45,0.01,11,-2.3059999999998126,0.5311458972853659,-2.8371458972851786,-1.2303321323874281,5.555999999999813,1.7440000000001419,stop,2011
1,53389,53481,2011-01-10 15:15:00+00:00,2011-01-11 14:15:00+00:00,1370.202,1380.773,0.01,92,10.570999999999913,0.45183321771667856,10.119166782283234,2.125875374429255,1.9809999999999945,16.480999999999995,stop,2011
-1,53552,53562,2011-01-12 08:00:00+00:00,2011-01-12 10:30:00+00:00,1385.536,1383.188,0.02,10,4.695999999999913,0.8967837563255385,3.7992162436743744,1.1533746944974272,1.4459999999999127,4.124000000000024,stop,2011
1,53699,53739,2011-01-13 20:45:00+00:00,2011-01-14 06:45:00+00:00,1373.076,1375.0359999999998,0.01,40,1.959999999999809,0.48610629931518173,1.4738937006846273,0.520626527970526,0.7830000000001291,5.104000000000042,stop,2011
1,53747,53751,2011-01-14 08:45:00+00:00,2011-01-14 09:45:00+00:00,1371.687,1369.1860000000001,0.01,4,-2.500999999999749,0.3789205449705187,-2.879920544970268,-1.1515076149422458,3.6149999999997817,0.6970000000001164,stop,2011
-1,53952,53953,2011-01-18 05:15:00+00:00,2011-01-18 05:30:00+00:00,1364.54,1365.356,0.04,1,-3.2640000000001237,1.8012979199701429,-5.065297919970266,-1.5518682352849493,1.2970000000000255,0.0,stop,2011
-1,54059,54069,2011-01-19 08:00:00+00:00,2011-01-19 10:30:00+00:00,1375.056,1373.4379999999999,0.02,10,3.236000000000331,0.9471373148399448,2.288862685160386,0.6253723183498572,0.0,4.461000000000013,stop,2011
1,54173,54174,2011-01-20 12:30:00+00:00,2011-01-20 12:45:00+00:00,1363.413,1361.716,0.02,1,-3.394000000000233,0.8963619367993828,-4.2903619367996155,-1.264101925986836,5.627999999999929,0.0,stop,2011
1,54278,54285,2011-01-21 14:45:00+00:00,2011-01-21 16:30:00+00:00,1342.024,1342.424,0.01,7,0.400000000000091,0.43809564890975866,-0.038095648909667656,-0.011812604313075575,2.674999999999727,4.704999999999927,stop,2011
1,54402,54408,2011-01-24 15:15:00+00:00,2011-01-24 16:45:00+00:00,1344.298,1344.6950000000002,0.01,6,0.3970000000001619,0.45698229296334497,-0.05998229296318308,-0.018951751331179708,0.0,4.661000000000058,stop,2011
1,54444,54457,2011-01-25 01:45:00+00:00,2011-01-25 05:00:00+00:00,1332.063,1333.626,0.02,13,3.125999999999749,0.9924957174320949,2.133504282567654,0.5877422266026417,0.0,3.52599999999984,stop,2011
-1,54616,54617,2011-01-26 20:45:00+00:00,2011-01-26 21:00:00+00:00,1341.955,1342.8709999999999,0.03,1,-2.7479999999998195,1.5144211269260826,-4.2624211269259025,-1.551099391166733,4.682000000000016,0.0,stop,2011
-1,54643,54656,2011-01-27 03:30:00+00:00,2011-01-27 06:45:00+00:00,1346.474,1345.1830000000002,0.02,13,2.581999999999425,0.9790150646192766,1.6029849353801486,0.4440401483047346,0.3160000000000309,3.2509999999999764,stop,2011
-1,54794,54806,2011-01-28 17:15:00+00:00,2011-01-28 20:15:00+00:00,1342.3200000000002,1339.369,0.01,12,2.951000000000249,0.5872581040364895,2.3637418959637597,0.6970633724458464,1.3599999999996726,7.096000000000231,stop,2011
1,54895,54900,2011-01-31 12:00:00+00:00,2011-01-31 13:15:00+00:00,1327.225,1329.2440000000001,0.01,5,2.019000000000233,0.4442126597860916,1.5747873402141412,0.6741384161876224,0.9510000000000218,5.581000000000131,stop,2011
-1,54962,54966,2011-02-01 04:45:00+00:00,2011-02-01 05:45:00+00:00,1339.325,1337.504,0.03,4,5.46300000000042,1.2685944124424018,4.194405587558018,1.3613779901193896,0.2074999999999818,3.397999999999911,stop,2011
1,55108,55109,2011-02-02 17:15:00+00:00,2011-02-02 17:30:00+00:00,1329.81,1327.6689999999999,0.01,1,-2.1410000000000764,0.5289401615271683,-2.6699401615272444,-1.2470528545199202,2.6949999999999363,0.37400000000002365,stop,2011
-1,55208,55216,2011-02-03 18:15:00+00:00,2011-02-03 20:15:00+00:00,1352.62,1355.489,0.01,8,-2.869000000000142,0.5187952845726815,-3.3877952845728236,-1.1808279137583326,3.106000000000222,3.0349999999998545,stop,2011
-1,55293,55357,2011-02-04 15:30:00+00:00,2011-02-07 01:30:00+00:00,1354.4285,1347.8500000000001,0.01,64,6.57849999999985,0.4803000073178982,6.098199992681952,1.6154172166044516,0.0,10.678499999999985,stop,2011
-1,55514,55515,2011-02-08 16:45:00+00:00,2011-02-08 17:00:00+00:00,1365.773,1367.248,0.02,1,-2.950000000000273,1.0892020412460628,-4.039202041246336,-1.3692210309308346,1.4809999999999945,0.37799999999992906,stop,2011
-1,55791,55807,2011-02-11 14:00:00+00:00,2011-02-11 18:00:00+00:00,1365.7255,1358.405,0.01,16,7.320500000000038,0.4912046325097228,6.829295367490316,2.2696229204022207,1.84050000000002,11.538500000000113,stop,2011
-1,55920,55922,2011-02-14 15:45:00+00:00,2011-02-14 16:15:00+00:00,1364.3000000000002,1366.691,0.01,2,-2.390999999999849,0.5252191519120079,-2.9162191519118568,-1.219665057261414,2.617999999999938,2.074000000000069,stop,2011
-1,55993,55995,2011-02-15 10:00:00+00:00,2011-02-15 10:30:00+00:00,1371.594,1373.16,0.02,2,-3.132000000000062,0.9537578915985135,-4.0857578915985755,-1.3045203996163777,1.877999999999929,0.08000000000015461,stop,2011
-1,56085,56094,2011-02-16 09:00:00+00:00,2011-02-16 11:15:00+00:00,1377.035,1372.773,0.03,9,12.786000000000513,1.4423629803727231,11.34363701962779,3.296610584024539,0.5139999999998963,6.507000000000062,stop,2011
-1,56201,56208,2011-02-17 14:00:00+00:00,2011-02-17 15:45:00+00:00,1380.9389999999999,1382.692,0.02,7,-3.506000000000313,0.9430061967632793,-4.449006196763592,-1.2689692517864217,1.9910000000002128,2.4224999999999,stop,2011
-1,56260,56269,2011-02-18 04:45:00+00:00,2011-02-18 07:00:00+00:00,1385.0715,1385.9215,0.04,9,-3.3999999999996358,1.9827414250107913,-5.382741425010427,-1.5831592426502952,0.9500000000000455,0.650000000000091,stop,2011
-1,56384,56387,2011-02-21 07:30:00+00:00,2011-02-21 08:15:00+00:00,1396.808,1397.692,0.04,3,-3.5360000000000587,1.8031445795112793,-5.339144579511338,-1.5099390779160773,1.8144999999999527,0.19399999999995998,stop,2011
-1,56454,56464,2011-02-22 01:00:00+00:00,2011-02-22 03:30:00+00:00,1409.0610000000001,1403.846,0.02,10,10.430000000000291,1.1035159090909072,9.326484090909384,2.616858611366379,0.48899999999980537,7.370000000000118,stop,2011
-1,56618,56629,2011-02-23 18:00:00+00:00,2011-02-23 20:45:00+00:00,1414.08,1410.566,0.02,11,7.027999999999793,0.9885207738338085,6.039479226165984,1.5136539413948937,1.086999999999989,6.097999999999956,stop,2011
-1,56681,56685,2011-02-24 09:45:00+00:00,2011-02-24 10:45:00+00:00,1415.475,1414.9890000000003,0.02,4,0.9719999999992979,0.9956408060514401,-0.02364080605214225,-0.006438128009841819,1.5489999999999782,2.6569999999999254,stop,2011
-1,56862,56864,2011-02-28 00:15:00+00:00,2011-02-28 00:45:00+00:00,1413.8870000000002,1415.029,0.03,2,-3.425999999999476,1.319643476454989,-4.745643476454465,-1.3851849026430794,1.2849999999998545,0.3120000000003529,stop,2011
-1,57007,57008,2011-03-01 12:30:00+00:00,2011-03-01 12:45:00+00:00,1419.1979999999999,1421.217,0.02,1,-4.038000000000466,0.870233467468619,-4.908233467469085,-1.2155110122507475,4.0210000000001855,0.0,stop,2011
-1,57114,57116,2011-03-02 15:15:00+00:00,2011-03-02 15:45:00+00:00,1434.563,1438.365,0.01,2,-3.8019999999999077,0.4882548849081367,-4.290254884908045,-1.128420537850644,4.552999999999884,0.0,stop,2011
-1,57305,57306,2011-03-04 15:00:00+00:00,2011-03-04 15:15:00+00:00,1425.95,1427.119,0.03,1,-3.506999999999607,1.8156496804423403,-5.322649680441947,-1.5177216083383358,5.588999999999942,0.0,stop,2011
-1,57375,57382,2011-03-07 03:45:00+00:00,2011-03-07 05:30:00+00:00,1437.356,1437.007,0.02,7,0.6979999999998654,2.238322108627419,-1.5403221086275538,-0.5951785582022562,0.6720000000000255,2.2200000000000273,stop,2011
1,57488,57504,2011-03-08 08:00:00+00:00,2011-03-08 12:00:00+00:00,1427.448,1434.9279999999999,0.02,16,14.959999999999582,1.35438834560652,13.605611654393062,3.8564658884331373,0.12000000000011823,9.491999999999962,stop,2011
1,57576,57585,2011-03-09 06:00:00+00:00,2011-03-09 08:15:00+00:00,1425.271,1425.779,0.01,9,0.5080000000000382,0.8110776979012857,-0.3030776979012475,-0.12798889269478692,0.14099999999984902,3.0370000000000346,stop,2011
1,57702,57706,2011-03-10 13:30:00+00:00,2011-03-10 14:30:00+00:00,1419.81,1416.588,0.01,4,-3.2219999999999795,0.6498374023186466,-3.871837402318626,-1.2016875860703446,8.838999999999942,2.1770000000001346,stop,2011
1,57978,57981,2011-03-15 03:00:00+00:00,2011-03-15 03:45:00+00:00,1420.0430000000001,1417.7069999999999,0.01,3,-2.33600000000024,0.706468268652994,-3.0424682686532343,-1.3024264848685452,7.825000000000273,0.2139999999999418,stop,2011
-1,58122,58136,2011-03-16 15:00:00+00:00,2011-03-16 18:30:00+00:00,1402.453,1398.439,0.01,14,4.013999999999896,0.4157417712161048,3.5982582287837914,0.9672737174149906,3.474999999999909,9.927999999999884,stop,2011
-1,58269,58281,2011-03-18 03:45:00+00:00,2011-03-18 06:45:00+00:00,1411.636,1413.201,0.02,12,-3.130000000000109,0.9708191163766825,-4.100819116376791,-1.3101658518775234,1.849999999999909,1.7309999999997672,stop,2011
-1,58366,58375,2011-03-20 22:30:00+00:00,2011-03-21 00:45:00+00:00,1425.38,1427.22,0.02,9,-3.6799999999998363,1.1785582832170398,-4.858558283216876,-1.3202604030481229,2.7359999999998763,1.2630000000001473,stop,2011
-1,58381,58387,2011-03-21 02:15:00+00:00,2011-03-21 03:45:00+00:00,1428.162,1429.094,0.03,6,-2.796000000000049,1.4170342991145781,-4.213034299114627,-1.5068076892398257,1.34699999999998,0.7619999999999436,stop,2011
1,58521,58529,2011-03-22 13:15:00+00:00,2011-03-22 15:15:00+00:00,1423.743,1424.89,0.01,8,1.147000000000162,0.38983183102321856,0.7571681689769434,0.2831593750848727,1.4609999999997854,5.189000000000078,stop,2011
-1,58603,58605,2011-03-23 09:45:00+00:00,2011-03-23 10:15:00+00:00,1431.723,1431.656,0.03,2,0.20100000000002183,1.119230280705831,-0.9182302807058091,-0.26093500446314516,0.8029999999998836,1.4679999999998472,stop,2011
1,58732,58735,2011-03-24 18:00:00+00:00,2011-03-24 18:45:00+00:00,1433.9859999999999,1431.089,0.01,3,-2.8969999999999345,0.3236493626414231,-3.2206493626413577,-1.1117187996691165,3.3799999999998818,0.5720000000001164,stop,2011
1,58824,58901,2011-03-25 17:00:00+00:00,2011-03-28 07:00:00+00:00,1426.911,1422.24,0.01,77,-4.671000000000049,0.4702664938560838,-5.141266493856133,-1.1006779049145963,7.344000000000051,3.52599999999984,stop,2011
1,58904,58914,2011-03-28 07:45:00+00:00,2011-03-28 10:15:00+00:00,1418.71,1417.085,0.02,10,-3.25,0.908566184573003,-4.158566184573003,-1.2795588260224624,4.038000000000011,2.1949999999999363,stop,2011
-1,59032,59042,2011-03-29 15:45:00+00:00,2011-03-29 18:15:00+00:00,1421.73,1418.65,0.01,10,3.0799999999999272,0.4726193707565886,2.607380629243339,1.1993471155673252,0.0,6.134999999999991,stop,2011
-1,59117,59128,2011-03-30 13:00:00+00:00,2011-03-30 15:45:00+00:00,1427.246,1418.0285,0.01,11,9.2175000000002,0.4546471905167946,8.762852809483405,2.7902731442392854,0.7039999999999509,15.153000000000247,stop,2011
-1,59414,59415,2011-04-04 07:15:00+00:00,2011-04-04 07:30:00+00:00,1433.026,1434.0210000000002,0.03,1,-2.9850000000003547,1.3823124999999963,-4.3673125000003505,-1.4630862646565599,1.546999999999798,0.0,stop,2011
-1,59505,59509,2011-04-05 06:00:00+00:00,2011-04-05 07:00:00+00:00,1438.7289999999998,1436.9920000000004,0.04,4,6.9479999999975925,2.1196763051739067,4.828323694823686,1.6649392051107803,0.0,3.30399999999986,stop,2011
-1,59609,59618,2011-04-06 08:00:00+00:00,2011-04-06 10:15:00+00:00,1456.62,1459.136,0.01,9,-2.5160000000000764,0.5667089169896731,-3.0827089169897492,-1.2252420178814212,3.4470000000001164,1.625,stop,2011
1,59700,59701,2011-04-07 06:45:00+00:00,2011-04-07 07:00:00+00:00,1454.96,1453.54,0.02,1,-2.8400000000001455,1.0884412759104651,-3.9284412759106107,-1.3832539703909892,2.1269999999999527,0.0,stop,2011
-1,59784,59787,2011-04-08 03:45:00+00:00,2011-04-08 04:30:00+00:00,1464.877,1466.2179999999998,0.02,3,-2.681999999999789,0.9741082130458578,-3.6561082130456466,-1.3632021674295056,1.5679999999999836,0.0,stop,2011
1,59998,60021,2011-04-12 03:45:00+00:00,2011-04-12 09:30:00+00:00,1455.897,1460.7580000000003,0.01,23,4.861000000000331,0.527255064312194,4.333744935688137,2.097650017274225,1.38799999999992,8.454999999999927,stop,2011
-1,60202,60215,2011-04-14 06:45:00+00:00,2011-04-14 10:00:00+00:00,1463.18,1456.6340000000002,0.02,13,13.091999999999643,1.1354404739405775,11.956559526059067,4.718452851641109,0.7789999999999964,8.77800000000002,stop,2011
-1,60329,60330,2011-04-15 14:30:00+00:00,2011-04-15 14:45:00+00:00,1479.399,1481.9,0.01,1,-2.5010000000002037,0.5563978018186965,-3.0573978018189,-1.2224701326743908,4.0,0.0,stop,2011
-1,60401,60409,2011-04-18 00:15:00+00:00,2011-04-18 02:15:00+00:00,1487.33,1486.5739999999996,0.02,8,1.5120000000006257,1.1498733305731461,0.3621266694274796,0.124356685929794,0.2719999999999345,2.765999999999849,stop,2011
-1,60544,60549,2011-04-19 12:00:00+00:00,2011-04-19 13:15:00+00:00,1495.644,1494.0520000000004,0.01,5,1.5919999999996433,0.41370599352868515,1.1782940064709582,0.42956398340170876,0.0,4.8120000000001255,stop,2011
-1,60611,60616,2011-04-20 04:45:00+00:00,2011-04-20 06:00:00+00:00,1499.1770000000001,1500.3065,0.03,5,-3.3884999999993393,1.34914446449073,-4.737644464490069,-1.3981538924276207,2.2959999999998217,0.3580000000001746,stop,2011
-1,60712,60717,2011-04-21 06:00:00+00:00,2011-04-21 07:15:00+00:00,1508.248,1504.9479999999999,0.03,5,9.900000000000546,1.4375406816032608,8.462459318397284,2.8151893940112056,0.0,4.30600000000004,stop,2011
-1,60814,60815,2011-04-22 07:30:00+00:00,2011-04-22 07:45:00+00:00,1508.455,1510.5590000000002,0.01,1,-2.104000000000269,0.6998454947968835,-2.8038454947971525,-1.332626185739921,2.258000000000038,0.0,stop,2011
-1,60930,60931,2011-04-25 04:15:00+00:00,2011-04-25 04:30:00+00:00,1513.097,1514.171,0.03,1,-3.2220000000002074,1.5357974460688142,-4.757797446069022,-1.4766596666879936,2.328999999999951,0.0,stop,2011
1,61015,61052,2011-04-26 01:30:00+00:00,2011-04-26 10:45:00+00:00,1497.67,1504.078,0.01,37,6.407999999999901,0.5727066514754573,5.835293348524443,2.634443949672262,1.5350000000000819,8.815000000000055,stop,2011
-1,61105,61107,2011-04-27 00:00:00+00:00,2011-04-27 00:30:00+00:00,1508.712,1509.7095,0.03,2,-2.9924999999998363,1.5883592869718113,-4.580859286971648,-1.5307800457717287,1.4639999999999418,0.44399999999996,stop,2011
-1,61258,61262,2011-04-28 14:15:00+00:00,2011-04-28 15:15:00+00:00,1535.0035,1536.52,0.02,4,-3.0329999999999018,0.9984298986851281,-4.03142989868503,-1.3291888884553775,2.748499999999922,1.3244999999999436,stop,2011
-1,61346,61351,2011-04-29 12:15:00+00:00,2011-04-29 13:30:00+00:00,1538.8145,1538.6815000000001,0.02,5,0.26599999999962165,0.945960633875145,-0.6799606338755233,-0.21395866390042423,1.4214999999999236,2.617999999999938,stop,2011
-1,61421,61425,2011-05-01 22:30:00+00:00,2011-05-01 23:30:00+00:00,1568.6999999999998,1555.7350000000004,0.01,4,12.964999999999463,1.381793483679894,11.583206516319569,2.6720199576283425,0.0,23.910499999999956,stop,2011
1,61516,61517,2011-05-02 22:15:00+00:00,2011-05-02 22:30:00+00:00,1545.228,1540.066,0.01,1,-5.162000000000035,0.8676960525390349,-6.0296960525390695,-1.1680929973922956,10.31899999999996,0.0,stop,2011
1,61596,61597,2011-05-03 18:15:00+00:00,2011-05-03 18:30:00+00:00,1534.059,1531.325,0.01,1,-2.7339999999999236,0.5786335618831124,-3.312633561883036,-1.2116435851803689,5.414999999999964,0.7690000000000055,stop,2011
1,61783,61785,2011-05-05 17:00:00+00:00,2011-05-05 17:30:00+00:00,1483.143,1478.741,0.01,2,-4.402000000000044,0.6763911497538566,-5.0783911497539,-1.153655417935904,8.481999999999971,1.9200000000000728,stop,2011
-1,61952,61953,2011-05-09 03:00:00+00:00,2011-05-09 03:15:00+00:00,1497.742,1498.969,0.02,1,-2.4540000000001783,1.0607607449474759,-3.514760744947654,-1.4322578422768537,3.8940000000000055,0.0,stop,2011
-1,62073,62074,2011-05-10 09:15:00+00:00,2011-05-10 09:30:00+00:00,1515.0865,1517.2475,0.01,1,-2.161000000000058,0.5205430235322057,-2.6815430235322637,-1.2408806217178119,2.7905000000000655,0.0,stop,2011
-1,62136,62137,2011-05-11 01:00:00+00:00,2011-05-11 01:15:00+00:00,1518.741,1520.055,0.02,1,-2.6280000000001564,1.083210338680937,-3.7112103386810933,-1.4121804941708038,2.6620000000000346,0.14199999999982538,stop,2011
1,62256,62259,2011-05-12 07:00:00+00:00,2011-05-12 07:45:00+00:00,1493.416,1493.5030000000002,0.01,3,0.08700000000021646,0.5287542397256484,-0.44175423972543193,-0.22355983791774167,0.03999999999973625,3.5170000000000528,stop,2011
-1,62351,62352,2011-05-13 06:45:00+00:00,2011-05-13 07:00:00+00:00,1508.8854999999999,1510.9185,0.01,1,-2.033000000000129,0.552825052066455,-2.585825052066584,-1.2719257511394098,3.3095000000002983,0.0,stop,2011
-1,62491,62497,2011-05-16 09:30:00+00:00,2011-05-16 11:00:00+00:00,1496.283,1492.9590000000003,0.01,6,3.323999999999615,0.4447868102021369,2.8792131897974778,1.201674954005532,0.0,6.639999999999873,stop,2011
-1,62702,62704,2011-05-18 14:15:00+00:00,2011-05-18 14:45:00+00:00,1496.3995,1499.129,0.01,2,-2.7294999999999163,0.41025382179242326,-3.1397538217923397,-1.150303653340332,3.469500000000153,0.0,stop,2011
1,62780,62786,2011-05-19 09:45:00+00:00,2011-05-19 11:15:00+00:00,1489.88,1493.874,0.02,6,7.987999999999829,0.8679116975191028,7.120088302480726,2.854887049911917,0.0,5.864999999999782,stop,2011
-1,62870,62878,2011-05-20 08:15:00+00:00,2011-05-20 10:15:00+00:00,1503.105,1501.991,0.02,8,2.2280000000000655,0.933139453039587,1.2948605469604786,0.45722476940696805,0.974999999999909,2.58400000000006,stop,2011
1,63022,63029,2011-05-22 22:15:00+00:00,2011-05-23 00:00:00+00:00,1512.722,1515.604,0.02,7,5.764000000000124,1.8688747308354827,3.895125269164641,1.22488216011473,0.0,4.7650000000001,stop,2011
1,63041,63046,2011-05-23 03:00:00+00:00,2011-05-23 04:15:00+00:00,1509.7469999999998,1508.591,0.03,5,-3.4679999999998468,1.3346553049882734,-4.80265530498812,-1.384848703860534,1.1809999999998126,1.3450000000002547,stop,2011
-1,63128,63129,2011-05-24 00:45:00+00:00,2011-05-24 01:00:00+00:00,1517.1619999999998,1518.343,0.02,1,-2.362000000000535,1.0679051264524988,-3.4299051264530336,-1.4521190205132333,1.318000000000211,0.0,stop,2011
-1,63260,63264,2011-05-25 09:45:00+00:00,2011-05-25 10:45:00+00:00,1526.879,1528.2379999999998,0.02,4,-2.717999999999847,0.8226972202104955,-3.5406972202103426,-1.3026847756477342,1.7049999999999272,1.0540000000000873,stop,2011
1,63363,63370,2011-05-26 11:30:00+00:00,2011-05-26 13:15:00+00:00,1518.277,1523.087,0.01,7,4.809999999999945,0.4331762948773697,4.376823705122575,1.5537180351872786,0.43849999999997635,7.985000000000127,stop,2011
-1,63464,63465,2011-05-27 12:45:00+00:00,2011-05-27 13:00:00+00:00,1528.1665,1529.21,0.03,1,-3.130499999999983,1.359805344916789,-4.490305344916772,-1.4343732135175837,1.5134999999997945,0.0,stop,2011
-1,63590,63600,2011-05-30 12:00:00+00:00,2011-05-30 14:30:00+00:00,1537.202,1538.3249999999998,0.03,10,-3.3689999999994598,1.391873342894134,-4.760873342893594,-1.4131413899953569,1.2180000000000746,1.7429999999999382,stop,2011
-1,63698,63758,2011-05-31 15:00:00+00:00,2011-06-01 06:00:00+00:00,1538.129,1533.086,0.01,60,5.042999999999893,0.4567083697529934,4.586291630246899,1.4676133216790077,0.5410000000001673,8.501999999999953,stop,2011
-1,63798,63800,2011-06-01 16:00:00+00:00,2011-06-01 16:30:00+00:00,1548.4609999999998,1547.505,0.01,2,0.9559999999996762,0.4452506110474939,0.5107493889521824,0.21334560942027264,0.0,3.399999999999636,stop,2011
1,63893,63943,2011-06-02 15:45:00+00:00,2011-06-03 04:15:00+00:00,1524.097,1531.1860000000001,0.01,50,7.089000000000169,0.47666755493221163,6.612332445067958,1.5359657247545202,0.0,12.208499999999958,stop,2011
-1,63982,63989,2011-06-03 14:00:00+00:00,2011-06-03 15:45:00+00:00,1542.0659999999998,1540.7400000000002,0.01,7,1.325999999999567,0.46946430003840073,0.8565356999611664,0.21537231580615998,1.4770000000003165,6.680999999999813,stop,2011
-1,64080,64081,2011-06-06 06:15:00+00:00,2011-06-06 06:30:00+00:00,1545.971,1547.201,0.02,1,-2.4600000000000364,0.8886030273343714,-3.348603027334408,-1.3612207428188448,2.1639999999999873,0.015000000000100044,stop,2011
1,64213,64215,2011-06-07 15:30:00+00:00,2011-06-07 16:00:00+00:00,1538.9,1536.953,0.01,2,-1.9470000000001164,0.4578633028608355,-2.404863302860952,-1.2351634837497731,2.063000000000102,0.8389999999999418,stop,2011
1,64291,64294,2011-06-08 11:00:00+00:00,2011-06-08 11:45:00+00:00,1533.874,1534.2179999999998,0.02,3,0.6879999999996471,0.9114018712682925,-0.2234018712686454,-0.07905232528967011,0.2999999999999545,2.0219999999999345,stop,2011
1,64496,64508,2011-06-10 14:15:00+00:00,2011-06-10 17:15:00+00:00,1529.905,1531.325,0.01,12,1.4200000000000728,0.5003774981539253,0.9196225018461475,0.2215957835773922,1.849999999999909,7.033500000000004,stop,2011
1,64607,64621,2011-06-13 09:30:00+00:00,2011-06-13 13:00:00+00:00,1525.493,1529.6150000000002,0.02,14,8.244000000000597,0.8227835058401686,7.421216494160428,2.439584646338508,1.0949999999998,7.014000000000124,stop,2011
-1,64821,64829,2011-06-15 15:00:00+00:00,2011-06-15 17:00:00+00:00,1530.616,1525.057,0.01,8,5.558999999999969,0.47398605961183177,5.085013940388137,1.4466611494702681,1.365000000000009,11.898999999999887,stop,2011
-1,65010,65014,2011-06-17 14:15:00+00:00,2011-06-17 15:15:00+00:00,1536.866,1538.627,0.02,4,-3.521999999999935,0.9057380258098876,-4.4277380258098225,-1.2571658222061057,5.358999999999924,1.1920000000000073,stop,2011
1,65130,65131,2011-06-20 12:00:00+00:00,2011-06-20 12:15:00+00:00,1536.3519999999999,1534.6,0.02,1,-3.503999999999906,0.8402695578636059,-4.3442695578635115,-1.2398029560113095,3.2919999999999163,0.49000000000023647,stop,2011
-1,65330,65332,2011-06-22 14:00:00+00:00,2011-06-22 14:30:00+00:00,1552.844,1556.536,0.01,2,-3.6920000000000073,0.3956790240811148,-4.0876790240811225,-1.1071720000219702,5.3689999999999145,0.0,stop,2011
1,65415,65419,2011-06-23 11:15:00+00:00,2011-06-23 12:15:00+00:00,1538.397,1536.5839999999998,0.02,4,-3.626000000000204,0.8275311872600967,-4.4535311872603005,-1.2282215077937257,10.177999999999884,1.8409999999998945,stop,2011
1,65526,65533,2011-06-24 15:00:00+00:00,2011-06-24 16:45:00+00:00,1508.623,1505.2175,0.01,7,-3.4055000000000746,0.40483172855267624,-3.8103317285527507,-1.1188758562773946,6.503000000000156,2.3519999999998618,stop,2011
1,65589,65615,2011-06-26 22:15:00+00:00,2011-06-27 04:45:00+00:00,1501.2535,1502.2009999999998,0.01,26,0.9474999999997636,0.7458148449704081,0.20168515502935558,0.06491314934964361,3.0885000000000673,4.287500000000136,stop,2011
1,65664,65670,2011-06-27 17:00:00+00:00,2011-06-27 18:30:00+00:00,1493.7869999999998,1494.4340000000002,0.01,6,0.6470000000003893,0.4262814348543205,0.22071856514606875,0.07690542339584569,0.0,4.2270000000003165,stop,2011
-1,65817,65818,2011-06-29 07:15:00+00:00,2011-06-29 07:30:00+00:00,1507.121,1507.683,0.05,1,-2.8099999999994907,2.0389622235735407,-4.848962223573031,-1.7256093322327082,2.5029999999997017,0.0,stop,2011
-1,65900,65920,2011-06-30 04:00:00+00:00,2011-06-30 09:00:00+00:00,1513.032,1509.577,0.02,20,6.909999999999855,0.8410730449794662,6.068926955020389,2.0243252018079696,0.9990000000000236,5.2009999999997945,stop,2011
1,65985,66000,2011-07-01 01:15:00+00:00,2011-07-01 05:00:00+00:00,1499.24,1500.15,0.02,15,1.820000000000164,0.8789198946924516,0.9410801053077124,0.2637556348956773,0.9350000000001728,2.701999999999998,stop,2011
-1,66127,66135,2011-07-04 04:15:00+00:00,2011-07-04 06:15:00+00:00,1493.0880000000002,1494.204,0.02,8,-2.231999999999516,0.9504814249363671,-3.182481424935883,-1.4258429323192532,1.87299999999982,0.5960000000000036,stop,2011
-1,66212,66237,2011-07-05 01:30:00+00:00,2011-07-05 07:45:00+00:00,1497.124,1495.261,0.02,25,3.7260000000001128,0.8828950553262634,2.843104944673849,0.9206946064359101,0.9929999999999382,3.701000000000022,stop,2011
-1,66365,66404,2011-07-06 15:45:00+00:00,2011-07-07 01:30:00+00:00,1531.373,1528.3059999999998,0.01,39,3.0670000000002346,0.4199527415530143,2.64704725844722,0.92846273533754,0.0,5.932000000000016,stop,2011
-1,66675,66679,2011-07-11 12:45:00+00:00,2011-07-11 13:45:00+00:00,1554.231,1556.712,0.01,4,-2.4809999999999945,0.40713500567025823,-2.888135005670253,-1.164101171168988,2.796000000000049,1.5009999999999764,stop,2011
1,66766,66771,2011-07-12 11:30:00+00:00,2011-07-12 12:45:00+00:00,1544.239,1548.4979999999998,0.01,5,4.258999999999787,0.42758997651506253,3.831410023484725,1.10638464437901,0.0,8.662000000000035,stop,2011
-1,66869,66870,2011-07-13 13:15:00+00:00,2011-07-13 13:30:00+00:00,1576.7730000000001,1579.226,0.01,1,-2.4529999999999745,0.4127757447084948,-2.8657757447084693,-1.1682738461918056,3.3099999999999454,0.19800000000032014,stop,2011
-1,66952,66953,2011-07-14 10:00:00+00:00,2011-07-14 10:15:00+00:00,1592.5839999999998,1593.84,0.02,1,-2.512000000000171,0.8129047301798819,-3.324904730180053,-1.3236085709314596,1.4890000000000327,1.7349999999999,stop,2011
1,67036,67037,2011-07-15 07:00:00+00:00,2011-07-15 07:15:00+00:00,1581.3539999999998,1579.923,0.02,1,-2.8619999999996253,0.8636333233153025,-3.725633323314928,-1.301758673415589,5.117999999999938,0.0,stop,2011
-1,67133,67136,2011-07-17 22:45:00+00:00,2011-07-17 23:30:00+00:00,1598.027,1596.0249999999999,0.03,3,6.00600000000054,1.906273916292962,4.099726083707578,1.7168032176333736,0.0,3.1980000000000928,stop,2011
-1,67200,67202,2011-07-18 15:30:00+00:00,2011-07-18 16:00:00+00:00,1605.824,1604.9869999999999,0.01,2,0.8370000000002166,0.404673647924148,0.43232635207606857,0.22216153755194654,0.43200000000001637,3.407000000000153,stop,2011
-1,67264,67272,2011-07-19 07:30:00+00:00,2011-07-19 09:30:00+00:00,1607.948,1603.7454999999998,0.02,8,8.405000000000655,0.8882265722460602,7.516773427754595,2.4224213431374597,1.0359999999998308,6.888000000000147,stop,2011
-1,67417,67422,2011-07-20 21:45:00+00:00,2011-07-20 23:00:00+00:00,1601.902,1600.192,0.05,5,8.550000000000182,2.1317965017722256,6.418203498227957,2.3859492558467754,0.40599999999994907,3.4140000000002146,stop,2011
-1,67455,67462,2011-07-21 07:15:00+00:00,2011-07-21 09:00:00+00:00,1602.712,1598.947,0.02,7,7.5300000000002,0.812533130295073,6.717466869705127,2.0257740861596876,0.0,6.363000000000056,stop,2011
1,67553,67576,2011-07-22 07:45:00+00:00,2011-07-22 13:30:00+00:00,1586.6,1600.464,0.01,23,13.864000000000033,0.427592432152954,13.436407567847079,6.269905537959354,1.5799999999999272,18.67300000000023,stop,2011
1,67778,67786,2011-07-26 07:45:00+00:00,2011-07-26 09:45:00+00:00,1610.8805,1608.862,0.02,8,-4.036999999999807,0.814671725142324,-4.851671725142131,-1.2018012695423241,2.5184999999999036,1.6175000000000637,stop,2011
-1,67846,67849,2011-07-27 00:45:00+00:00,2011-07-27 01:30:00+00:00,1622.212,1623.383,0.03,3,-3.5130000000001473,1.2452047984425072,-4.758204798442654,-1.3544562477775277,1.3669999999999618,0.0,stop,2011
1,67998,68000,2011-07-28 14:45:00+00:00,2011-07-28 15:15:00+00:00,1607.894,1604.4465,0.01,2,-3.447499999999991,0.4258978387238705,-3.8733978387238612,-1.1235381693180193,4.770000000000209,1.1849999999999454,stop,2011
-1,68087,68088,2011-07-29 13:00:00+00:00,2011-07-29 13:15:00+00:00,1622.401,1625.4250000000002,0.01,1,-3.0240000000001146,0.4269430963040663,-3.4509430963041807,-1.1411848863439318,4.298999999999978,0.0,stop,2011
-1,68221,68223,2011-08-01 14:15:00+00:00,2011-08-01 14:45:00+00:00,1622.93,1627.116,0.01,2,-4.185999999999922,0.41769878195919474,-4.603698781959117,-1.0997847066314388,5.783999999999878,0.040500000000065484,stop,2011
-1,68504,68505,2011-08-04 13:00:00+00:00,2011-08-04 13:15:00+00:00,1673.3205,1678.755,0.01,1,-5.434500000000071,0.45407054371535244,-5.888570543715423,-1.0835533248165141,6.673999999999751,0.0,stop,2011
-1,68672,68677,2011-08-07 22:30:00+00:00,2011-08-07 23:45:00+00:00,1688.025,1686.114,0.02,5,3.8220000000001164,1.582496286069862,2.2395037139302545,0.6491315112841659,1.2749999999998636,4.525000000000091,stop,2011
-1,68686,68687,2011-08-08 02:00:00+00:00,2011-08-08 02:15:00+00:00,1692.585,1695.058,0.01,1,-2.4729999999999563,0.45982256149279127,-2.9328225614927477,-1.1859371457714514,3.063999999999851,0.4680000000000746,stop,2011
-1,68792,68801,2011-08-09 04:30:00+00:00,2011-08-09 06:45:00+00:00,1765.392,1753.471,0.01,9,11.92100000000005,0.6847592223913443,11.236240777608705,2.1096959777710587,0.0,18.868000000000166,stop,2011
-1,68925,68927,2011-08-10 13:45:00+00:00,2011-08-10 14:15:00+00:00,1768.733,1775.635,0.01,2,-6.9020000000000445,0.6418148026087573,-7.543814802608802,-1.0929896845274925,11.207000000000107,0.0,stop,2011
1,69025,69027,2011-08-11 14:45:00+00:00,2011-08-11 15:15:00+00:00,1759.1190000000001,1753.268,0.01,2,-5.851000000000113,0.898351659656391,-6.7493516596565035,-1.1535381404300757,5.87700000000018,2.768999999999778,stop,2011
-1,69245,69246,2011-08-15 17:00:00+00:00,2011-08-15 17:15:00+00:00,1753.307,1755.9899999999998,0.01,1,-2.6829999999997654,0.640382890708403,-3.323382890708168,-1.238681658855184,2.6884999999999764,0.0,stop,2011
-1,69308,69309,2011-08-16 08:45:00+00:00,2011-08-16 09:00:00+00:00,1776.607,1778.53,0.01,1,-1.9230000000000018,0.49630264012087677,-2.4193026401208786,-1.2580876963707106,3.961999999999989,0.0,stop,2011
-1,69396,69400,2011-08-17 06:45:00+00:00,2011-08-17 07:45:00+00:00,1788.647,1791.097,0.01,4,-2.4500000000000455,0.583567209239692,-3.033567209239737,-1.2381906976488493,2.724999999999909,3.3199999999999363,stop,2011
-1,69509,69512,2011-08-18 11:00:00+00:00,2011-08-18 11:45:00+00:00,1805.95,1809.565,0.01,3,-3.615000000000009,0.5045054938886602,-4.119505493888669,-1.1395589194712747,9.79600000000005,0.0,stop,2011
-1,69566,69572,2011-08-19 01:15:00+00:00,2011-08-19 02:45:00+00:00,1834.5720000000001,1837.2910000000002,0.01,6,-2.719000000000051,0.6347179905694598,-3.3537179905695105,-1.2334380252186272,6.742999999999938,3.5280000000002474,stop,2011
-1,69710,69711,2011-08-22 05:30:00+00:00,2011-08-22 05:45:00+00:00,1879.1885,1881.3719999999998,0.01,1,-2.183499999999867,0.6849883708568878,-2.8684883708567552,-1.31371118427155,3.7684999999999036,0.38649999999984175,stop,2011
1,69838,69846,2011-08-23 13:30:00+00:00,2011-08-23 15:30:00+00:00,1872.085,1877.896,0.01,8,5.810999999999922,0.6662455500050897,5.144754449994832,0.6852363412353232,5.4099999999998545,15.88299999999981,stop,2011
1,69953,69955,2011-08-24 18:15:00+00:00,2011-08-24 18:45:00+00:00,1756.955,1760.9950000000001,0.01,2,4.040000000000191,0.6286777279291333,3.4113222720710574,0.8860577330054904,0.0,9.059999999999945,stop,2011
1,69997,69998,2011-08-25 05:15:00+00:00,2011-08-25 05:30:00+00:00,1736.725,1732.2849999999999,0.01,1,-4.440000000000055,0.7360431921535702,-5.1760431921536245,-1.1657754937282794,4.955999999999904,3.796000000000049,stop,2011
-1,70090,70092,2011-08-26 04:30:00+00:00,2011-08-26 05:00:00+00:00,1778.683,1777.742,0.01,2,0.9410000000000309,0.7502247200689087,0.1907752799311222,0.057015923470150026,1.8220000000001164,6.523999999999887,stop,2011
1,70259,70263,2011-08-29 14:15:00+00:00,2011-08-29 15:15:00+00:00,1790.058,1794.0150000000003,0.01,4,3.9570000000003347,0.6892186635490645,3.2677813364512702,0.34513955813807806,2.7660000000000764,16.31899999999996,stop,2011
-1,70358,70364,2011-08-30 15:00:00+00:00,2011-08-30 16:30:00+00:00,1827.2890000000002,1826.3924999999997,0.01,6,0.8965000000005148,0.6360237196800198,0.26047628032049497,0.039222448474704075,4.3259999999997945,10.914000000000215,stop,2011
1,70549,70568,2011-09-01 14:45:00+00:00,2011-09-01 19:30:00+00:00,1821.275,1823.61,0.01,19,2.334999999999809,0.5562686176864159,1.778731382313393,0.26192480964708426,0.6829999999999927,9.536000000000058,stop,2011
-1,70604,70613,2011-09-02 04:30:00+00:00,2011-09-02 06:45:00+00:00,1829.562,1831.3110000000001,0.02,9,-3.498000000000502,1.0271646251109114,-4.5251646251114135,-1.2936434034050213,7.944000000000187,1.9449999999999363,stop,2011
-1,70711,70722,2011-09-04 22:45:00+00:00,2011-09-05 01:30:00+00:00,1886.85,1878.6190000000001,0.01,11,8.230999999999767,0.6804718300293335,7.550528169970434,2.516842723323478,0.45600000000013097,12.282999999999902,stop,2011
-1,70829,70830,2011-09-06 04:15:00+00:00,2011-09-06 04:30:00+00:00,1907.819,1909.391,0.02,1,-3.144000000000233,1.2429688847015186,-4.386968884701751,-1.3953463373732273,3.7020000000002256,1.0389999999999873,stop,2011
1,70933,70958,2011-09-07 06:15:00+00:00,2011-09-07 12:30:00+00:00,1837.247,1827.876,0.01,25,-9.371000000000095,0.6172518633702304,-9.988251863370325,-1.0658683025685864,14.185500000000047,13.79099999999994,stop,2011
-1,71057,71058,2011-09-08 13:15:00+00:00,2011-09-08 13:30:00+00:00,1857.984,1861.6309999999999,0.01,1,-3.6469999999999345,0.6300218969915319,-4.277021896991466,-1.1727507257997103,6.193000000000211,7.873000000000047,stop,2011
1,71286,71293,2011-09-12 14:00:00+00:00,2011-09-12 15:45:00+00:00,1835.347,1825.5705,0.01,7,-9.776499999999942,0.5824194814572017,-10.358919481457143,-1.0595734139474458,15.740000000000009,0.9759999999998854,stop,2011
1,71501,71522,2011-09-14 19:45:00+00:00,2011-09-15 01:00:00+00:00,1815.875,1821.4475,0.01,21,5.572499999999991,0.648694188277529,4.9238058117224615,1.1186654121827846,0.0,10.713999999999942,stop,2011
1,71541,71544,2011-09-15 05:45:00+00:00,2011-09-15 06:30:00+00:00,1808.746,1810.133,0.01,3,1.3869999999999436,0.6013842802679339,0.7856157197320097,0.1728147205745713,1.0980000000001837,8.239999999999782,stop,2011
-1,71677,71678,2011-09-16 15:45:00+00:00,2011-09-16 16:00:00+00:00,1803.2465,1807.2715,0.01,1,-4.025000000000091,0.5185904819652085,-4.5435904819653,-1.1288423557677507,11.97849999999994,0.0,stop,2011
1,71793,71797,2011-09-19 12:30:00+00:00,2011-09-19 13:30:00+00:00,1816.028,1808.7215,0.01,4,-7.3064999999999145,0.5641353639377171,-7.870635363937632,-1.0772100682868302,9.957000000000107,2.8279999999999745,stop,2011
-1,71900,71902,2011-09-20 15:15:00+00:00,2011-09-20 15:45:00+00:00,1798.827,1809.473,0.01,2,-10.645999999999958,0.6812969246942304,-11.327296924694188,-1.063995578122697,12.792999999999893,0.0,stop,2011
-1,71952,71961,2011-09-21 04:15:00+00:00,2011-09-21 06:30:00+00:00,1812.3980000000001,1812.1200000000001,0.01,9,0.27800000000002,0.531996013075891,-0.25399601307587094,-0.11645851126816427,1.6209999999998672,4.927000000000135,stop,2011
1,72036,72037,2011-09-22 01:15:00+00:00,2011-09-22 01:30:00+00:00,1782.5349999999999,1778.567,0.01,1,-3.967999999999847,0.6747339851946639,-4.642733985194511,-1.1700438470752745,6.203999999999951,0.0,stop,2011
1,72179,72181,2011-09-23 13:00:00+00:00,2011-09-23 13:30:00+00:00,1692.3245000000002,1682.779,0.01,2,-9.545500000000175,0.6495037759974849,-10.195003775997659,-1.0680429287095985,10.74850000000015,4.409499999999753,stop,2011
1,72280,72286,2011-09-26 07:00:00+00:00,2011-09-26 08:30:00+00:00,1553.062,1604.7205000000001,0.01,6,51.65850000000023,1.0365981234122397,50.62190187658799,7.576427729789513,0.0,72.81400000000008,stop,2011
-1,72373,72374,2011-09-27 06:15:00+00:00,2011-09-27 06:30:00+00:00,1652.029,1654.2640000000001,0.01,1,-2.2350000000001273,0.7728003836628401,-3.0078003836629676,-1.3457719837417432,3.048000000000002,2.237999999999829,stop,2011
1,72514,72515,2011-09-28 17:30:00+00:00,2011-09-28 17:45:00+00:00,1618.0259999999998,1615.547,0.01,1,-2.4789999999998145,0.6964749656182028,-3.175474965618017,-1.2809499659613774,11.983999999999924,0.0,stop,2011
1,72541,72542,2011-09-29 00:15:00+00:00,2011-09-29 00:30:00+00:00,1595.2640000000001,1588.1770000000001,0.01,1,-7.086999999999989,0.8508601477115536,-7.937860147711543,-1.1200592842827086,11.6400000000001,0.0,stop,2011
-1,72789,72790,2011-10-03 07:00:00+00:00,2011-10-03 07:15:00+00:00,1643.695,1646.684,0.01,1,-2.9890000000000327,0.5826673759989136,-3.5716673759989463,-1.194937228504151,7.343000000000075,0.0,stop,2011
-1,72885,72889,2011-10-04 07:15:00+00:00,2011-10-04 08:15:00+00:00,1671.854,1667.0665,0.01,4,4.787500000000136,0.541886949937725,4.245613050062412,1.1367103213018808,0.0,10.389000000000124,stop,2011
-1,73083,73092,2011-10-06 08:45:00+00:00,2011-10-06 11:00:00+00:00,1649.7510000000002,1653.138,0.01,9,-3.3869999999997167,0.5322359189723349,-3.919235918972052,-1.1571408086720931,5.253999999999905,2.3210000000003674,stop,2011
1,73213,73215,2011-10-07 17:15:00+00:00,2011-10-07 17:45:00+00:00,1633.433,1628.306,0.01,2,-5.126999999999953,0.5811313929427426,-5.708131392942695,-1.1133472582295199,5.255999999999858,2.615000000000009,stop,2011
-1,73314,73315,2011-10-10 10:00:00+00:00,2011-10-10 10:15:00+00:00,1663.033,1664.78,0.01,1,-1.7470000000000712,0.5578297232805884,-2.3048297232806596,-1.3193072256900777,4.423000000000229,0.0,stop,2011
1,73406,73421,2011-10-11 09:00:00+00:00,2011-10-11 12:45:00+00:00,1661.47,1656.719,0.01,15,-4.750999999999976,0.4884286224114111,-5.2394286224113875,-1.102805435152897,5.156999999999925,4.044000000000096,stop,2011
-1,73500,73501,2011-10-12 08:30:00+00:00,2011-10-12 08:45:00+00:00,1677.312,1679.4180000000001,0.01,1,-2.106000000000222,0.489985831646627,-2.595985831646849,-1.2326618383886874,3.742999999999938,0.2039999999997235,stop,2011
1,73607,73610,2011-10-13 11:15:00+00:00,2011-10-13 12:00:00+00:00,1670.472,1666.771,0.01,3,-3.701000000000022,0.47310301905563573,-4.174103019055657,-1.1278311318712868,4.2439999999999145,2.3750000000002274,stop,2011
-1,73694,73702,2011-10-14 09:00:00+00:00,2011-10-14 11:00:00+00:00,1677.3065000000001,1676.3345,0.01,8,0.9720000000002074,0.48216631205673666,0.4898336879434707,0.20946490825037598,0.0,3.5785000000000764,stop,2011
-1,73805,73809,2011-10-17 09:15:00+00:00,2011-10-17 10:15:00+00:00,1693.6999999999998,1688.978,0.02,4,9.443999999999505,0.9841429651931024,8.459857034806403,3.286657744679363,0.0,7.035999999999831,stop,2011
1,73913,73918,2011-10-18 12:15:00+00:00,2011-10-18 13:30:00+00:00,1642.696,1637.898,0.01,5,-4.798000000000002,0.48518720358369855,-5.2831872035837,-1.101122801914068,5.732999999999947,4.376999999999953,stop,2011
1,74025,74028,2011-10-19 16:15:00+00:00,2011-10-19 17:00:00+00:00,1645.257,1645.6019999999999,0.01,3,0.3449999999997999,0.4775151267605617,-0.13251512676076177,-0.0479259047959338,0.43100000000004,4.583999999999833,stop,2011
1,74064,74067,2011-10-20 02:00:00+00:00,2011-10-20 02:45:00+00:00,1628.88,1626.6675,0.01,3,-2.212500000000091,0.5398544707193853,-2.7523544707194763,-1.244002020664119,2.7609999999999673,1.8049999999998363,stop,2011
-1,74303,74304,2011-10-24 06:15:00+00:00,2011-10-24 06:30:00+00:00,1650.425,1653.272,0.01,1,-2.84699999999998,0.519066977142602,-3.366066977142582,-1.1823206804153865,7.094000000000051,0.0,stop,2011
-1,74435,74436,2011-10-25 15:15:00+00:00,2011-10-25 15:30:00+00:00,1683.9299999999998,1688.1779999999999,0.01,1,-4.248000000000047,0.4952198304150851,-4.743219830415132,-1.1165771728849057,9.679000000000087,0.0,stop,2011
-1,74472,74473,2011-10-26 00:45:00+00:00,2011-10-26 01:00:00+00:00,1705.841,1709.584,0.01,1,-3.7430000000001655,0.5789883056172669,-4.321988305617433,-1.1546856280035378,4.480000000000018,0.0,stop,2011
-1,74566,74572,2011-10-27 00:15:00+00:00,2011-10-27 01:45:00+00:00,1723.2199999999998,1727.255,0.01,6,-4.035000000000309,0.6080018814971442,-4.643001881497454,-1.1506820028493427,4.8650000000002365,1.6529999999997926,stop,2011
-1,74972,74997,2011-11-02 01:30:00+00:00,2011-11-02 07:45:00+00:00,1725.367,1728.699,0.01,25,-3.3320000000001073,0.5217521572961767,-3.853752157296284,-1.1565882825018488,7.259000000000242,3.910000000000082,stop,2011
-1,75111,75113,2011-11-03 12:15:00+00:00,2011-11-03 12:45:00+00:00,1754.524,1758.744,0.01,2,-4.220000000000027,0.5178983106963975,-4.7378983106964245,-1.1227247181745008,7.816000000000258,4.543999999999869,stop,2011
1,75217,75218,2011-11-04 14:45:00+00:00,2011-11-04 15:00:00+00:00,1753.812,1749.837,0.01,1,-3.974999999999909,0.44569440537070176,-4.420694405370611,-1.1121243787096131,4.301999999999907,1.2229999999999563,stop,2011
-1,75285,75286,2011-11-07 01:30:00+00:00,2011-11-07 01:45:00+00:00,1763.8310000000001,1765.52,0.01,1,-1.688999999999851,0.5450061256659737,-2.234006125665825,-1.322679766528136,2.0134999999997945,0.262000000000171,stop,2011
-1,75447,75462,2011-11-08 18:00:00+00:00,2011-11-08 21:45:00+00:00,1799.2440000000001,1786.2389999999998,0.01,15,13.005000000000337,0.6178940542182394,12.387105945782096,3.0668744604562597,0.6289999999999054,21.912000000000262,stop,2011
1,75597,75609,2011-11-10 07:30:00+00:00,2011-11-10 10:30:00+00:00,1758.7269999999999,1764.848,0.01,12,6.121000000000095,0.5025168404278315,5.618483159572263,1.1918716927391457,4.614000000000033,12.889000000000124,stop,2011
-1,75738,75741,2011-11-11 18:45:00+00:00,2011-11-11 19:30:00+00:00,1786.0900000000001,1788.228,0.01,3,-2.13799999999992,0.5648253305460251,-2.702825330545945,-1.2641839712563359,2.4029999999997926,0.7470000000002983,stop,2011
1,75828,75831,2011-11-14 10:15:00+00:00,2011-11-14 11:00:00+00:00,1781.604,1778.159,0.01,3,-3.4449999999999363,0.44944849768875267,-3.894448497688689,-1.1304640051346186,7.221000000000231,1.1180000000001655,stop,2011
-1,75947,76012,2011-11-15 16:00:00+00:00,2011-11-16 08:15:00+00:00,1778.4070000000002,1771.561,0.01,65,6.846000000000231,0.47767975603049667,6.368320243969734,0.8154059211228909,6.390999999999849,15.736000000000331,stop,2011
1,76041,76050,2011-11-16 15:30:00+00:00,2011-11-16 17:45:00+00:00,1758.333,1768.7544999999998,0.01,9,10.421499999999696,0.44578542379598257,9.975714576203714,2.036691420213032,0.0,17.171499999999924,stop,2011
1,76125,76127,2011-11-17 12:30:00+00:00,2011-11-17 13:00:00+00:00,1746.058,1747.2259999999999,0.01,2,1.1679999999998927,0.44732556331105977,0.7206744366888329,0.1566343048660759,0.5419999999999163,7.342000000000098,stop,2011
1,76176,76191,2011-11-18 01:15:00+00:00,2011-11-18 05:00:00+00:00,1717.195,1719.803,0.01,15,2.6080000000001746,0.5204335906756441,2.0875664093245305,0.3463690740541885,1.3639999999998054,9.160000000000082,stop,2011
1,76309,76313,2011-11-21 09:00:00+00:00,2011-11-21 10:00:00+00:00,1716.4479999999999,1712.172,0.01,4,-4.27599999999984,0.4828723267750235,-4.758872326774863,-1.1129261755788218,11.328999999999724,0.5370000000002619,stop,2011
-1,76432,76437,2011-11-22 15:45:00+00:00,2011-11-22 17:00:00+00:00,1700.2289999999998,1699.1520000000005,0.01,5,1.076999999999316,0.41665299520048066,0.6603470047988353,0.14440126936339145,0.7345000000002528,6.649999999999636,stop,2011
1,76507,76520,2011-11-23 10:30:00+00:00,2011-11-23 13:45:00+00:00,1689.7559999999999,1691.32,0.01,13,1.5640000000000782,0.437015195336161,1.1269848046639173,0.3141858948045499,3.574999999999818,5.889000000000124,stop,2011
-1,76601,76604,2011-11-24 10:15:00+00:00,2011-11-24 11:00:00+00:00,1699.387,1698.582,0.01,3,0.8049999999998362,0.4233570782364201,0.3816429217634161,0.20097046959631018,0.0,3.009999999999991,stop,2011
1,76690,76705,2011-11-25 09:30:00+00:00,2011-11-25 13:15:00+00:00,1676.592,1677.183,0.01,15,0.5909999999998945,0.5148153766751198,0.07618462332477471,0.018460049266967673,1.8790000000001328,5.27599999999984,stop,2011
-1,76760,76784,2011-11-28 02:15:00+00:00,2011-11-28 08:15:00+00:00,1705.7620000000002,1708.904,0.01,24,-3.1419999999998254,0.43807220983884393,-3.5800722098386695,-1.1394246371224916,9.609999999999673,2.951000000000022,stop,2011
1,76883,76889,2011-11-29 09:00:00+00:00,2011-11-29 10:30:00+00:00,1705.8400000000001,1715.0259999999998,0.02,6,18.37199999999939,0.8289743367338523,17.543025663265535,6.238629325484827,0.0,12.06399999999985,stop,2011
1,76978,76984,2011-11-30 09:00:00+00:00,2011-11-30 10:30:00+00:00,1707.655,1703.278,0.01,6,-4.376999999999953,0.41496640807201807,-4.79196640807197,-1.0948061247594294,4.938499999999976,1.4110000000000582,stop,2011
-1,77042,77062,2011-12-01 01:15:00+00:00,2011-12-01 06:15:00+00:00,1747.85,1746.294,0.01,20,1.5559999999998126,0.5089752473744555,1.047024752625357,0.34970766620751753,1.4380000000001019,4.851999999999862,stop,2011
-1,77184,77185,2011-12-02 13:00:00+00:00,2011-12-02 13:15:00+00:00,1756.216,1759.2089999999998,0.01,1,-2.992999999999938,0.4620679997588511,-3.455067999758789,-1.1543828933374074,3.7315000000000964,1.1909999999998035,stop,2011
1,77292,77293,2011-12-05 13:15:00+00:00,2011-12-05 13:30:00+00:00,1735.0335,1733.1779999999999,0.01,1,-1.8555000000001203,0.4893528882309719,-2.344852888231092,-1.2637310095558827,3.988499999999931,0.4394999999999527,stop,2011
1,77391,77394,2011-12-06 14:00:00+00:00,2011-12-06 14:45:00+00:00,1709.374,1705.08,0.01,3,-4.294000000000096,0.4529704474923181,-4.746970447492415,-1.1054891587080364,4.580000000000155,2.6230000000000473,stop,2011
-1,77463,77485,2011-12-07 08:00:00+00:00,2011-12-07 13:30:00+00:00,1730.3000000000002,1725.6149999999998,0.01,22,4.6850000000004,0.4997336776684614,4.185266322331938,1.2705726540170323,6.721499999999651,9.794000000000096,stop,2011
1,77592,77598,2011-12-08 16:30:00+00:00,2011-12-08 18:00:00+00:00,1712.581,1706.35,0.01,6,-6.2309999999999945,0.5043287581099879,-6.735328758109983,-1.0809386548082152,7.436500000000024,2.3379999999999654,stop,2011
1,77651,77671,2011-12-09 07:30:00+00:00,2011-12-09 12:30:00+00:00,1707.676,1718.0410000000002,0.01,20,10.365000000000236,0.5007887308506492,9.864211269149587,2.4897050149292315,3.2749999999998636,16.472999999999956,stop,2011
1,77742,77747,2011-12-12 04:30:00+00:00,2011-12-12 05:45:00+00:00,1694.928,1689.969,0.01,5,-4.95900000000006,0.6076273437427524,-5.566627343742812,-1.1225302165240463,5.770999999999958,0.0,stop,2011
1,77902,77912,2011-12-13 20:45:00+00:00,2011-12-13 23:15:00+00:00,1629.704,1624.576,0.01,10,-5.127999999999929,0.6612920863639491,-5.789292086363878,-1.1289571151255768,6.515999999999849,3.3510000000001128,stop,2011
1,77977,77978,2011-12-14 15:30:00+00:00,2011-12-14 15:45:00+00:00,1606.9859999999999,1601.7559999999999,0.01,1,-5.230000000000018,0.5232494021943428,-5.753249402194361,-1.1000476868440423,22.873000000000047,0.0,stop,2011
1,78075,78161,2011-12-15 16:00:00+00:00,2011-12-16 13:30:00+00:00,1570.077,1591.954,0.01,86,21.876999999999953,0.48506269945602404,21.39193730054393,3.2880321703878956,5.839999999999918,31.18249999999989,stop,2011
-1,78364,78368,2011-12-20 14:45:00+00:00,2011-12-20 15:45:00+00:00,1612.603,1616.099,0.01,4,-3.495999999999867,0.4462028873804008,-3.942202887380268,-1.127632404857099,4.02599999999984,0.0,stop,2011
-1,78405,78406,2011-12-21 01:00:00+00:00,2011-12-21 01:15:00+00:00,1621.912,1623.736,0.01,1,-1.8240000000000693,0.5377906918865116,-2.361790691886581,-1.294841388095664,3.4860000000001037,0.9320000000000164,stop,2011
1,78560,78572,2011-12-22 15:45:00+00:00,2011-12-22 18:45:00+00:00,1604.271,1604.756,0.01,12,0.48500000000012733,0.5155585514192735,-0.030558551419146207,-0.0072602878163805585,1.3749999999997726,5.236000000000104,stop,2011
1,78663,78672,2011-12-23 17:45:00+00:00,2011-12-23 20:00:00+00:00,1604.551,1604.8100000000002,0.02,9,0.5180000000004839,1.3514815321143456,-0.8334815321138618,-0.2844646867282964,1.1050000000000182,2.4570000000001073,stop,2011
1,78706,78709,2011-12-27 02:00:00+00:00,2011-12-27 02:45:00+00:00,1597.209,1594.658,0.01,3,-2.5510000000001583,0.5482685576503525,-3.099268557650511,-1.2149229939828767,3.3659999999999854,0.26299999999991996,stop,2011
1,78829,78832,2011-12-28 09:00:00+00:00,2011-12-28 09:45:00+00:00,1585.9279999999999,1584.2060000000001,0.01,3,-1.7219999999997526,0.4558027255264971,-2.1778027255262495,-1.2646938011187936,4.046499999999924,0.12100000000009459,stop,2011
1,78918,78924,2011-12-29 07:30:00+00:00,2011-12-29 09:00:00+00:00,1547.675,1551.275,0.01,6,3.6000000000001364,0.4519719170571722,3.148028082942964,1.4348350423623617,0.0,8.258000000000038,stop,2011
-1,79015,79019,2011-12-30 07:45:00+00:00,2011-12-30 08:45:00+00:00,1561.403,1560.309,0.01,4,1.094000000000051,0.473077002329655,0.6209229976703959,0.33275616166688143,1.5899999999999181,4.249000000000024,stop,2011
-1,79119,79123,2012-01-03 07:00:00+00:00,2012-01-03 08:00:00+00:00,1588.2085,1590.775,0.01,4,-2.566500000000133,0.4926122341523769,-3.0591122341525097,-1.191939308066375,4.497499999999945,2.435999999999922,stop,2012
-1,79186,79194,2012-01-04 00:15:00+00:00,2012-01-04 02:15:00+00:00,1606.0230000000001,1600.984,0.01,8,5.039000000000215,0.5989554499245267,4.440044550075688,2.2261441715097305,0.0,8.878000000000156,stop,2012
-1,79304,79307,2012-01-05 06:00:00+00:00,2012-01-05 06:45:00+00:00,1618.808,1621.335,0.01,3,-2.5270000000000437,0.42928531890389904,-2.9562853189039426,-1.1698794297205743,2.988499999999931,0.19900000000006912,stop,2012
-1,79389,79397,2012-01-06 03:15:00+00:00,2012-01-06 05:15:00+00:00,1624.8235,1624.3629999999998,0.02,8,0.9210000000002765,1.03275818181816,-0.11175818181788344,-0.04024421383431101,1.099999999999909,2.0540000000000873,stop,2012
-1,79607,79608,2012-01-10 09:00:00+00:00,2012-01-10 09:15:00+00:00,1621.6705,1624.0035,0.01,1,-2.3330000000000837,0.47193362782425846,-2.804933627824342,-1.2022861670914022,2.369000000000142,0.6620000000000346,stop,2012
-1,79699,79714,2012-01-11 08:30:00+00:00,2012-01-11 12:15:00+00:00,1644.0445,1637.3515,0.01,15,6.692999999999984,0.44752047907640813,6.245479520923576,1.9012114218944964,2.945499999999811,10.051500000000033,stop,2012
-1,79805,79806,2012-01-12 11:00:00+00:00,2012-01-12 11:15:00+00:00,1652.1195,1654.0445,0.01,1,-1.9249999999999545,0.4543412569849451,-2.3793412569848997,-1.2360214321999772,3.4200000000000728,1.0425000000000182,stop,2012
-1,80000,80018,2012-01-16 11:30:00+00:00,2012-01-16 16:00:00+00:00,1644.7345,1643.894,0.01,18,0.84050000000002,0.48173250523456584,0.35876749476545416,0.13857377163594525,1.7145000000000437,3.8315000000000055,stop,2012
-1,80065,80066,2012-01-17 04:15:00+00:00,2012-01-17 04:30:00+00:00,1657.1235000000001,1658.413,0.02,1,-2.5789999999997235,0.9750385597093715,-3.554038559709095,-1.3780684605310105,1.7554999999997563,0.0,stop,2012
1,80151,80153,2012-01-18 01:45:00+00:00,2012-01-18 02:15:00+00:00,1646.2035,1646.6335,0.03,2,1.2899999999995089,1.4295285789665881,-0.13952857896707926,-0.0552697876676886,0.0,1.899499999999989,stop,2012
-1,80252,80264,2012-01-19 03:00:00+00:00,2012-01-19 06:00:00+00:00,1664.636,1664.5210000000002,0.01,12,0.11499999999978172,0.4842494376381806,-0.3692494376383989,-0.18416430804906672,0.8050000000000637,2.7374999999999545,stop,2012
1,80373,80374,2012-01-20 09:15:00+00:00,2012-01-20 09:30:00+00:00,1651.2244999999998,1648.1264999999999,0.01,1,-3.0979999999999563,0.45177792175062564,-3.549777921750582,-1.14582889662706,4.908999999999651,0.0,stop,2012
-1,80443,80444,2012-01-23 02:00:00+00:00,2012-01-23 02:15:00+00:00,1667.596,1668.9995,0.02,1,-2.806999999999789,1.1657962169983174,-3.9727962169981064,-1.4153174980400445,2.0084999999999127,0.0,stop,2012
1,80579,80581,2012-01-24 12:15:00+00:00,2012-01-24 12:45:00+00:00,1668.1245,1665.233,0.01,2,-2.891499999999951,0.438284607285924,-3.329784607285875,-1.1515769003236838,3.533999999999878,1.1460000000001855,stop,2012
1,80667,80668,2012-01-25 10:15:00+00:00,2012-01-25 10:30:00+00:00,1661.3525,1659.2335,0.01,1,-2.1189999999999145,0.4501282823767811,-2.5691282823766954,-1.212424861905049,5.996000000000095,0.0,stop,2012
-1,80766,80773,2012-01-26 11:30:00+00:00,2012-01-26 13:15:00+00:00,1716.998,1719.417,0.01,7,-2.418999999999869,0.4630462837900704,-2.8820462837899394,-1.1914205389789563,5.796499999999924,3.5550000000000637,stop,2012
-1,80887,80889,2012-01-27 18:00:00+00:00,2012-01-27 18:30:00+00:00,1731.809,1735.1019999999999,0.01,2,-3.2929999999998927,0.3951056779455616,-3.688105677945454,-1.119983503779403,3.4930000000001655,0.07500000000004547,stop,2012
1,80951,80977,2012-01-30 09:30:00+00:00,2012-01-30 16:00:00+00:00,1721.3875,1728.9225,0.01,26,7.5349999999998545,0.41832536872333886,7.116674631276515,1.761335139531345,3.278500000000122,12.275499999999965,stop,2012
-1,81146,81154,2012-02-01 10:15:00+00:00,2012-02-01 12:15:00+00:00,1744.182,1749.002,0.01,8,-4.819999999999936,0.4355790322985773,-5.255579032298513,-1.0903690938378803,5.280999999999949,0.24050000000011096,stop,2012
-1,81237,81243,2012-02-02 09:00:00+00:00,2012-02-02 10:30:00+00:00,1751.055,1748.8709999999999,0.01,6,2.1840000000001965,0.4164520901328051,1.7675479098673914,0.632283280224441,0.0,6.397000000000162,stop,2012
1,81358,81363,2012-02-03 15:15:00+00:00,2012-02-03 16:30:00+00:00,1739.2605,1739.765,0.01,5,0.5045000000000073,0.42344178088410106,0.08105821911590622,0.022311648531765857,3.296000000000049,5.579999999999927,stop,2012
1,81449,81450,2012-02-06 13:15:00+00:00,2012-02-06 13:30:00+00:00,1716.6275,1713.43,0.01,1,-3.1974999999999905,0.42749596079457136,-3.624995960794562,-1.1336969384814926,4.597999999999956,0.0,stop,2012
-1,81558,81560,2012-02-07 16:30:00+00:00,2012-02-07 17:00:00+00:00,1737.015,1740.435,0.01,2,-3.4199999999998454,0.4277926141969452,-3.8477926141967904,-1.1250855597067146,3.5909999999998945,1.8985000000000127,stop,2012
-1,81615,81620,2012-02-08 06:45:00+00:00,2012-02-08 08:00:00+00:00,1750.0430000000001,1749.6904999999997,0.01,5,0.35250000000041837,0.4274290669376289,-0.07492906693721052,-0.03941560596381737,2.173999999999978,3.089000000000169,stop,2012
-1,81743,81785,2012-02-09 14:45:00+00:00,2012-02-10 01:15:00+00:00,1745.893,1732.6855,0.01,42,13.207499999999984,0.43108796169087976,12.776412038309104,2.461262191930077,3.6820000000000164,19.895500000000084,stop,2012
-1,81912,81913,2012-02-13 08:00:00+00:00,2012-02-13 08:15:00+00:00,1729.519,1732.0605,0.01,1,-2.541500000000042,0.3988751607258657,-2.9403751607259077,-1.1569447809269562,2.962500000000091,0.0,stop,2012
1,81987,81989,2012-02-14 02:45:00+00:00,2012-02-14 03:15:00+00:00,1717.313,1715.7595000000001,0.01,2,-1.5534999999999854,0.43637711598746315,-1.9898771159874487,-1.280899334398112,1.9090000000001055,0.7259999999998854,stop,2012
-1,82104,82116,2012-02-15 08:15:00+00:00,2012-02-15 11:15:00+00:00,1727.672,1727.1775,0.01,12,0.49450000000001637,0.40986307316586973,0.08463692683414664,0.036457862086644886,1.43100000000004,3.7849999999998545,stop,2012
1,82193,82196,2012-02-16 06:30:00+00:00,2012-02-16 07:15:00+00:00,1719.2215,1720.6584999999998,0.01,3,1.4369999999996708,0.43665475508382473,1.000345244915846,0.5787360398702628,0.4450000000001637,3.382000000000062,stop,2012
-1,82287,82291,2012-02-17 06:00:00+00:00,2012-02-17 07:00:00+00:00,1733.0810000000001,1732.6405,0.01,4,0.4405000000001565,0.42169054449088933,0.01880945550926716,0.012382788353699742,0.5904999999997926,2.0644999999999527,stop,2012
-1,82389,82390,2012-02-20 01:30:00+00:00,2012-02-20 01:45:00+00:00,1735.7465,1737.083,0.02,1,-2.673000000000229,0.8600220907297812,-3.5330220907300105,-1.3217441416871334,1.5045000000000073,0.0,stop,2012
-1,82507,82513,2012-02-21 07:00:00+00:00,2012-02-21 08:30:00+00:00,1741.6185,1741.1219999999998,0.01,6,0.49650000000019645,0.4171222181979127,0.07937778180228378,0.04608289219291175,0.5254999999999654,3.1210000000000946,stop,2012
-1,82737,82740,2012-02-23 16:30:00+00:00,2012-02-23 17:15:00+00:00,1784.0845,1786.6019999999999,0.01,3,-2.5174999999999272,0.38762128109754296,-2.90512128109747,-1.1539707174171019,2.5174999999999272,1.8734999999999218,stop,2012
1,82930,82931,2012-02-27 10:45:00+00:00,2012-02-27 11:00:00+00:00,1766.571,1764.726,0.01,1,-1.8449999999998,0.4166996954824956,-2.2616996954822954,-1.225853493486472,2.3969999999999345,0.0,stop,2012
-1,83034,83036,2012-02-28 12:45:00+00:00,2012-02-28 13:15:00+00:00,1778.9344999999998,1780.654,0.01,2,-1.7195000000001528,0.46583854263171104,-2.1853385426318637,-1.2709151163894559,4.004500000000235,0.39849999999978536,stop,2012
-1,83100,83104,2012-02-29 05:15:00+00:00,2012-02-29 06:15:00+00:00,1789.435,1788.5575000000001,0.02,4,1.7549999999996544,0.886511140121051,0.8684888598786034,0.3436837593504505,0.0,3.3509999999998854,stop,2012
-1,83257,83264,2012-03-01 20:30:00+00:00,2012-03-01 22:15:00+00:00,1722.2055,1718.422,0.01,7,3.7835000000000036,0.5576454424582669,3.2258545575417368,0.9247110670895228,0.0,7.407500000000027,stop,2012
1,83332,83423,2012-03-02 15:15:00+00:00,2012-03-05 08:30:00+00:00,1711.498,1705.4744999999998,0.01,91,-6.02350000000024,0.404230926218406,-6.427730926218646,-1.0671089775410294,8.915500000000065,5.43100000000004,stop,2012
1,83429,83437,2012-03-05 10:00:00+00:00,2012-03-05 12:00:00+00:00,1696.638,1696.6670000000001,0.01,8,0.029000000000223736,0.42244768959548706,-0.39344768959526333,-0.23559741891934113,1.2019999999997708,2.361499999999978,stop,2012
1,83527,83536,2012-03-06 10:45:00+00:00,2012-03-06 13:00:00+00:00,1687.6315,1687.6575,0.01,9,0.026000000000067306,0.4199105756869201,-0.3939105756868528,-0.12756171492450039,2.4535000000000764,4.192000000000007,stop,2012
-1,83661,83687,2012-03-07 20:30:00+00:00,2012-03-08 03:00:00+00:00,1685.478,1687.643,0.01,26,-2.1649999999999636,0.4376592553965872,-2.6026592553965506,-1.2021520810145931,2.3329999999998563,2.9200000000000728,stop,2012
-1,83702,83706,2012-03-08 06:45:00+00:00,2012-03-08 07:45:00+00:00,1687.781,1689.4485,0.01,4,-1.6675000000000182,0.4295725784738058,-2.0970725784738242,-1.2576147397144235,4.2029999999999745,0.0,stop,2012
-1,83784,83787,2012-03-09 03:15:00+00:00,2012-03-09 04:00:00+00:00,1704.9245,1706.566,0.01,3,-1.6414999999999509,0.4050588682331776,-2.0465588682331286,-1.2467614183571063,1.831000000000131,0.0,stop,2012
1,83954,83962,2012-03-12 14:45:00+00:00,2012-03-12 16:45:00+00:00,1697.694,1698.6129999999998,0.01,8,0.918999999999869,0.41966906491671346,0.49933093508315557,0.14611000295044707,1.54950000000008,6.635500000000093,stop,2012
1,84035,84041,2012-03-13 11:00:00+00:00,2012-03-13 12:30:00+00:00,1694.4605,1692.4254999999998,0.01,6,-2.035000000000082,0.4256234136310229,-2.460623413631105,-1.209151554609831,9.193500000000085,1.9545000000000528,stop,2012
1,84132,84135,2012-03-14 11:15:00+00:00,2012-03-14 12:00:00+00:00,1658.6335,1654.538,0.01,3,-4.095499999999902,0.4406050800124888,-4.5361050800123905,-1.1075827322701743,7.710499999999911,1.7295000000001437,stop,2012
1,84329,84341,2012-03-16 12:30:00+00:00,2012-03-16 15:30:00+00:00,1643.7215,1655.502,0.01,12,11.780499999999847,0.4170329473733839,11.363467052626463,2.528867709497354,0.4735000000000582,18.579999999999927,stop,2012
-1,84408,84437,2012-03-19 02:00:00+00:00,2012-03-19 09:15:00+00:00,1662.963,1657.6520000000003,0.01,29,5.310999999999694,0.4647425853535476,4.846257414646146,2.1288194222032883,1.5299999999999727,9.38799999999992,stop,2012
1,84530,84534,2012-03-20 08:30:00+00:00,2012-03-20 09:30:00+00:00,1651.6284999999998,1648.127,0.01,4,-3.5014999999998513,0.42015285873813546,-3.921652858737987,-1.1199922486757543,3.8354999999996835,1.5950000000002547,stop,2012
-1,84627,84642,2012-03-21 08:45:00+00:00,2012-03-21 12:30:00+00:00,1658.3335000000002,1650.8359999999998,0.01,15,7.497500000000399,0.41979912682071324,7.077700873179686,4.740590002129926,0.3594999999997981,11.597000000000207,stop,2012
1,84727,84734,2012-03-22 09:45:00+00:00,2012-03-22 11:30:00+00:00,1636.5635,1633.8975,0.01,7,-2.66599999999994,0.40265738407823953,-3.0686573840781795,-1.151034277598743,2.778500000000122,2.9120000000000346,stop,2012
-1,84821,84833,2012-03-23 09:15:00+00:00,2012-03-23 12:15:00+00:00,1652.638,1649.9940000000001,0.01,12,2.643999999999778,0.40695053431417144,2.237049465685607,0.8188321616711679,0.08449999999993452,5.981499999999869,stop,2012
-1,84900,84901,2012-03-25 22:45:00+00:00,2012-03-25 23:00:00+00:00,1667.145,1668.27,0.02,1,-2.25,1.2962152194853624,-3.5462152194853624,-1.5760956531046055,1.9845000000000255,0.0,stop,2012
-1,84906,84911,2012-03-26 00:15:00+00:00,2012-03-26 01:30:00+00:00,1667.8715,1664.5745,0.01,5,3.2970000000000255,0.4279533415104558,2.8690466584895695,1.5626615786980118,0.0,5.472500000000082,stop,2012
-1,85034,85037,2012-03-27 08:15:00+00:00,2012-03-27 09:00:00+00:00,1691.557,1694.202,0.01,3,-2.644999999999982,0.4096152292099404,-3.0546152292099222,-1.1548639807977101,4.906000000000176,0.8559999999999945,stop,2012
1,85100,85116,2012-03-28 00:45:00+00:00,2012-03-28 04:45:00+00:00,1680.6765,1678.186,0.01,16,-2.490500000000111,0.4327290233692998,-2.923229023369411,-1.173751866440185,3.655499999999847,1.0519999999999072,stop,2012
-1,85463,85465,2012-04-02 15:15:00+00:00,2012-04-02 15:45:00+00:00,1681.2065,1683.338,0.01,2,-2.13149999999996,0.41456128816989807,-2.546061288169858,-1.1944927460332657,2.38149999999996,1.1884999999999764,stop,2012
1,85630,85631,2012-04-04 09:00:00+00:00,2012-04-04 09:15:00+00:00,1632.6064999999999,1629.8875,0.01,1,-2.7189999999998236,0.41881310356925305,-3.1378131035690764,-1.154032035148687,2.9710000000000036,0.0,stop,2012
-1,85941,85944,2012-04-09 13:15:00+00:00,2012-04-09 14:00:00+00:00,1645.531,1645.1905000000002,0.01,3,0.34049999999979264,0.4795236113735106,-0.139023611373718,-0.05976939439970623,1.1714999999999236,4.033500000000004,stop,2012
-1,85992,85993,2012-04-10 02:00:00+00:00,2012-04-10 02:15:00+00:00,1650.6345000000001,1651.429,0.02,1,-1.5889999999999418,0.8906655145830574,-2.479665514582999,-1.5605195183027627,1.0394999999998618,0.0,stop,2012
1,86223,86246,2012-04-12 11:45:00+00:00,2012-04-12 17:30:00+00:00,1654.1515,1676.4775000000002,0.01,23,22.32600000000025,0.410338760913083,21.915661239087168,6.694871311772904,2.6790000000000873,25.96199999999999,stop,2012
1,86330,86334,2012-04-13 14:30:00+00:00,2012-04-13 15:30:00+00:00,1667.9054999999998,1664.6979999999999,0.01,4,-3.207499999999982,0.41409636277012307,-3.621596362770105,-1.1291025293125878,3.3739999999997963,3.3530000000000655,stop,2012
1,86546,86551,2012-04-17 14:15:00+00:00,2012-04-17 15:30:00+00:00,1639.868,1653.5030000000002,0.01,5,13.635000000000218,0.4199245956572914,13.215075404342928,6.4306936274179956,0.0,17.10199999999986,stop,2012
1,86731,86737,2012-04-19 12:30:00+00:00,2012-04-19 14:00:00+00:00,1635.9389999999999,1647.2990000000004,0.01,6,11.360000000000582,0.4225088833911454,10.937491116609436,2.6670302649622895,2.189999999999827,17.763000000000147,stop,2012
1,86929,86930,2012-04-23 07:45:00+00:00,2012-04-23 08:00:00+00:00,1633.9775,1632.789,0.02,1,-2.3769999999999527,0.8552668875101818,-3.2322668875101344,-1.359809376318973,1.7584999999999127,0.04349999999999454,stop,2012
-1,87043,87046,2012-04-24 12:15:00+00:00,2012-04-24 13:00:00+00:00,1641.009,1644.1019999999999,0.01,3,-3.092999999999847,0.41251316370953633,-3.5055131637093835,-1.133369920371664,5.717000000000098,0.49099999999998545,stop,2012
-1,87161,87163,2012-04-25 17:45:00+00:00,2012-04-25 18:15:00+00:00,1641.388,1640.551,0.01,2,0.8369999999999891,0.5063114937085689,0.3306885062914202,0.08780895015704022,2.1820000000000164,8.164499999999862,stop,2012
-1,87204,87209,2012-04-26 04:30:00+00:00,2012-04-26 05:45:00+00:00,1647.042,1648.1025,0.02,5,-2.1210000000000946,0.8532199233716445,-2.9742199233717392,-1.4022724768371555,1.5599999999999454,1.2739999999998872,stop,2012
-1,87337,87340,2012-04-27 13:45:00+00:00,2012-04-27 14:30:00+00:00,1665.132,1667.3025,0.01,3,-2.1704999999999472,0.41056647078862224,-2.5810664707885693,-1.189157553922429,2.369999999999891,2.9225000000001273,stop,2012
-1,87493,87498,2012-04-30 22:30:00+00:00,2012-04-30 23:45:00+00:00,1665.634,1666.8025,0.02,5,-2.336999999999989,1.1140994025604538,-3.451099402560443,-1.4767220378949333,1.387000000000171,0.45499999999992724,stop,2012
-1,87500,87504,2012-05-01 00:15:00+00:00,2012-05-01 01:15:00+00:00,1666.892,1666.0255,0.03,4,2.5995000000002615,1.2829485866933283,1.3165514133069331,0.6976955025472471,0.0,2.1670000000001437,stop,2012
1,87603,87618,2012-05-02 02:00:00+00:00,2012-05-02 05:45:00+00:00,1660.0529999999999,1657.809,0.01,15,-2.2439999999999145,0.44334639520518676,-2.6873463952051013,-1.1975696948329784,5.2569999999998345,0.26900000000023283,stop,2012
1,87745,87746,2012-05-03 13:30:00+00:00,2012-05-03 13:45:00+00:00,1639.9654999999998,1637.097,0.01,1,-2.8684999999998126,0.444953386440416,-3.3134533864402287,-1.1551170948023166,4.784499999999753,0.0,stop,2012
-1,87845,87847,2012-05-04 14:30:00+00:00,2012-05-04 15:00:00+00:00,1643.51,1637.8600000000001,0.01,2,5.649999999999864,0.4236509789030239,5.22634902109684,1.587590832653892,0.0,10.112499999999955,stop,2012
1,88011,88012,2012-05-08 07:15:00+00:00,2012-05-08 07:30:00+00:00,1632.144,1630.0675,0.01,1,-2.0764999999998963,0.43215536110092473,-2.508655361100821,-1.2081171977370315,4.2409999999999854,0.0,stop,2012
1,88088,88089,2012-05-09 02:30:00+00:00,2012-05-09 02:45:00+00:00,1597.3745,1594.9975,0.01,1,-2.3769999999999527,0.4471181110460873,-2.82411811104604,-1.1881018557198553,3.821999999999889,0.0,stop,2012
-1,88204,88212,2012-05-10 07:30:00+00:00,2012-05-10 09:30:00+00:00,1593.812,1589.8150000000003,0.01,8,3.996999999999616,0.41815070067897736,3.578849299320639,1.295276619370412,0.7910000000001673,6.874499999999898,stop,2012
1,88289,88292,2012-05-11 04:45:00+00:00,2012-05-11 05:30:00+00:00,1585.988,1584.2325,0.01,3,-1.7554999999999839,0.4627675568157647,-2.2182675568157486,-1.2636101149619874,2.4320000000000164,1.3679999999999382,stop,2012
1,88428,88430,2012-05-14 09:15:00+00:00,2012-05-14 09:45:00+00:00,1563.4795,1561.4255,0.01,2,-2.05399999999986,0.43774895867049407,-2.491748958670354,-1.2131202330430984,2.444500000000062,0.6559999999999491,stop,2012
1,88610,88611,2012-05-16 06:45:00+00:00,2012-05-16 07:00:00+00:00,1532.285,1530.518,0.01,1,-1.767000000000053,0.4390392520771044,-2.2060392520771575,-1.2484659038353658,5.178500000000213,0.5995000000000346,stop,2012
-1,88728,88734,2012-05-17 12:15:00+00:00,2012-05-17 13:45:00+00:00,1555.4095,1554.0355,0.01,6,1.3740000000000236,0.4110551600257391,0.9629448399742846,0.33227910282067435,2.039500000000089,6.28449999999998,stop,2012
-1,88915,88925,2012-05-21 04:45:00+00:00,2012-05-21 07:15:00+00:00,1598.0810000000001,1597.7265,0.01,10,0.3545000000001437,0.4057498394447668,-0.05124983944462308,-0.03257060021901757,0.9199999999998454,4.975000000000136,stop,2012
1,89147,89151,2012-05-23 14:45:00+00:00,2012-05-23 15:45:00+00:00,1540.9655,1536.38,0.01,4,-4.585499999999911,0.41254382196814277,-4.998043821968054,-1.0899670312873515,4.673500000000104,3.096499999999878,stop,2012
-1,89228,89229,2012-05-24 11:00:00+00:00,2012-05-24 11:15:00+00:00,1565.6815000000001,1568.743,0.01,1,-3.0614999999997963,0.45702904755114443,-3.5185290475509405,-1.1492827200885758,3.1419999999998254,0.8500000000001364,stop,2012
-1,89395,89400,2012-05-27 22:30:00+00:00,2012-05-27 23:45:00+00:00,1576.095,1572.9200000000003,0.02,5,6.349999999999454,1.1573420806485362,5.192657919350918,2.5859850195967287,0.8165000000001328,4.411499999999933,stop,2012
-1,89425,89427,2012-05-28 06:00:00+00:00,2012-05-28 06:30:00+00:00,1579.687,1579.3625000000002,0.02,2,0.6489999999994325,0.8483130049252521,-0.1993130049258196,-0.09274686129631823,3.8200000000001637,1.9200000000000728,stop,2012
1,89561,89564,2012-05-29 16:30:00+00:00,2012-05-29 17:15:00+00:00,1557.5185000000001,1554.0900000000001,0.01,3,-3.428499999999986,0.42417538099405744,-3.8526753809940435,-1.1237203969648708,8.659000000000106,3.1729999999997744,stop,2012
1,89604,89618,2012-05-30 03:15:00+00:00,2012-05-30 06:45:00+00:00,1548.143,1549.406,0.01,14,1.26299999999992,0.41780724882490705,0.8451927511750129,0.48063278429061984,1.1340000000000146,3.5879999999999654,stop,2012
-1,89743,89833,2012-05-31 14:00:00+00:00,2012-06-01 12:30:00+00:00,1554.395,1571.6805,0.01,90,-17.285499999999956,0.44689341738902993,-17.732393417388987,-1.025853658695961,26.92950000000019,9.234500000000025,stop,2012
-1,89838,89839,2012-06-01 13:45:00+00:00,2012-06-01 14:00:00+00:00,1596.818,1600.3295,0.01,1,-3.5115000000000696,0.43429763858823034,-3.9457976385883,-1.1236786668341796,21.117999999999938,0.0,stop,2012
1,89965,89973,2012-06-04 15:00:00+00:00,2012-06-04 17:00:00+00:00,1613.797,1610.9175,0.01,8,-2.8795000000000073,0.41640513973493715,-3.2959051397349444,-1.1446102239051696,3.576000000000022,2.7105000000001382,stop,2012
-1,90143,90144,2012-06-06 11:30:00+00:00,2012-06-06 11:45:00+00:00,1636.4025000000001,1637.981,0.01,1,-1.578499999999849,0.4229054308791798,-2.001405430879029,-1.2679160157613054,2.3374999999998636,3.4340000000001965,stop,2012
1,90237,90242,2012-06-07 11:00:00+00:00,2012-06-07 12:15:00+00:00,1616.8125,1622.906,0.01,5,6.093499999999949,0.5043337220978437,5.589166277902105,1.488657951232413,0.0,12.532500000000027,stop,2012
1,90300,90313,2012-06-08 02:45:00+00:00,2012-06-08 06:00:00+00:00,1569.3685,1569.906,0.01,13,0.537499999999909,0.48216193678008334,0.055338063219825706,0.012524174090714706,3.317500000000109,6.461000000000013,stop,2012
1,90467,90494,2012-06-11 14:15:00+00:00,2012-06-11 21:00:00+00:00,1586.393,1596.3895000000002,0.01,27,9.996500000000196,0.4062311261336931,9.590268873866503,2.4443147378276553,3.462500000000091,14.634000000000015,stop,2012
-1,90563,90564,2012-06-12 14:30:00+00:00,2012-06-12 14:45:00+00:00,1606.0435,1608.183,0.01,1,-2.139499999999998,0.4125957000428156,-2.552095700042814,-1.1928467866524028,3.358500000000049,0.37000000000011823,stop,2012
-1,90823,90834,2012-06-15 07:30:00+00:00,2012-06-15 10:15:00+00:00,1625.9485,1624.981,0.01,11,0.9674999999999727,0.4134623744125058,0.5540376255874669,0.21520202974848673,0.0,3.8904999999999745,stop,2012
1,91098,91108,2012-06-19 22:00:00+00:00,2012-06-20 00:30:00+00:00,1618.4879999999998,1619.0800000000002,0.01,10,0.5920000000003256,0.507189374276243,0.0848106257240826,0.05054268517526131,0.153999999999769,4.253000000000156,stop,2012
1,91157,91162,2012-06-20 12:45:00+00:00,2012-06-20 14:00:00+00:00,1605.54,1600.4715,0.01,5,-5.068499999999858,0.42825195637119,-5.496751956371048,-1.0844928393748055,9.842499999999973,3.423000000000229,stop,2012
1,91254,91255,2012-06-21 13:00:00+00:00,2012-06-21 13:15:00+00:00,1588.649,1585.6399999999999,0.01,1,-3.009000000000015,0.4205535423137715,-3.4295535423137866,-1.1397652184492422,6.554999999999836,0.0,stop,2012
1,91307,91319,2012-06-22 02:15:00+00:00,2012-06-22 05:15:00+00:00,1562.838,1564.909,0.01,12,2.07100000000014,0.41358966567238187,1.6574103343277582,1.1012693251348096,0.4500000000000455,4.632499999999936,stop,2012
-1,91482,91494,2012-06-25 17:30:00+00:00,2012-06-25 20:30:00+00:00,1586.163,1585.7334999999998,0.01,12,0.4295000000001892,0.4679868967845848,-0.03848689678439565,-0.019576244549541058,0.0,2.8955000000000837,stop,2012
1,91568,91569,2012-06-26 15:00:00+00:00,2012-06-26 15:15:00+00:00,1571.9735,1569.8980000000001,0.01,1,-2.07549999999992,0.40875610246974087,-2.484256102469661,-1.1969434365067486,2.3200000000001637,0.12999999999988177,stop,2012
1,91760,91768,2012-06-28 15:00:00+00:00,2012-06-28 17:00:00+00:00,1555.0929999999998,1550.298,0.01,8,-4.794999999999845,0.4185890532846494,-5.213589053284495,-1.087296987129231,6.63799999999992,1.5579999999999927,stop,2012
-1,91843,91845,2012-06-29 11:45:00+00:00,2012-06-29 12:15:00+00:00,1579.83,1584.7255,0.01,2,-4.895500000000084,0.42359898607924196,-5.319098986079325,-1.0865282373770266,8.99200000000019,0.8840000000000146,stop,2012
1,91967,91991,2012-07-02 12:30:00+00:00,2012-07-02 18:30:00+00:00,1591.1734999999999,1596.4935000000003,0.01,24,5.320000000000391,0.4068186523185891,4.913181347681802,1.2361759586569483,0.21449999999981628,11.066499999999905,stop,2012
-1,92030,92032,2012-07-03 04:15:00+00:00,2012-07-03 04:45:00+00:00,1602.0605,1603.5025,0.01,2,-1.4420000000000073,0.4374277229066998,-1.8794277229067071,-1.3033479354415378,1.718499999999949,0.05349999999998545,stop,2012
-1,92252,92256,2012-07-05 11:45:00+00:00,2012-07-05 12:45:00+00:00,1620.8564999999999,1601.9335,0.01,4,18.922999999999774,0.44076186063924333,18.482238139360533,6.019292668737643,0.0,23.042999999999893,stop,2012
1,92340,92352,2012-07-06 09:45:00+00:00,2012-07-06 12:45:00+00:00,1593.8629999999998,1597.2790000000002,0.01,12,3.416000000000395,0.43845333765645356,2.9775466623439417,1.0718310519597423,8.135999999999967,15.57600000000025,stop,2012
-1,92466,92471,2012-07-09 11:00:00+00:00,2012-07-09 12:15:00+00:00,1584.8245000000002,1583.619,0.01,5,1.2055000000002565,0.40625418478191827,0.7992458152183382,0.6176551895041879,2.3089999999997417,2.668500000000222,stop,2012
-1,92558,92561,2012-07-10 10:00:00+00:00,2012-07-10 10:45:00+00:00,1593.33,1595.1675,0.01,3,-1.8375000000000912,0.420595427270791,-2.258095427270882,-1.2288954706235484,3.832499999999982,0.38249999999993634,stop,2012
1,92752,92757,2012-07-12 10:45:00+00:00,2012-07-12 12:00:00+00:00,1564.865,1561.7649999999999,0.01,5,-3.1000000000001364,0.4170521604485326,-3.517052160448669,-1.1345329549833918,3.2180000000000746,2.03449999999998,stop,2012
-1,92862,92867,2012-07-13 14:15:00+00:00,2012-07-13 15:30:00+00:00,1593.3515,1591.367,0.01,5,1.9845000000000255,0.4343109861926356,1.55018901380739,1.0390006794955962,1.3455000000001291,4.403500000000122,stop,2012
1,92976,92980,2012-07-16 12:30:00+00:00,2012-07-16 13:30:00+00:00,1581.3110000000001,1590.059,0.01,4,8.74799999999982,0.4204127771090305,8.32758722289079,4.692920384835638,0.0,12.134999999999764,stop,2012
-1,93029,93051,2012-07-17 01:45:00+00:00,2012-07-17 07:15:00+00:00,1594.4265,1594.2065000000002,0.01,22,0.2199999999997999,0.3989080429074346,-0.17890804290763468,-0.08562241823767933,1.3755000000001019,3.865500000000111,stop,2012
1,93170,93173,2012-07-18 13:00:00+00:00,2012-07-18 13:45:00+00:00,1570.683,1575.2285000000002,0.01,3,4.545500000000175,0.4207951241539346,4.12470487584624,2.447896068751557,0.1069999999999709,7.594500000000153,stop,2012
-1,93257,93258,2012-07-19 10:45:00+00:00,2012-07-19 11:00:00+00:00,1584.256,1585.6785,0.01,1,-1.4224999999999,0.4179840476150812,-1.840484047614981,-1.2938376433146648,3.92899999999986,0.0,stop,2012
1,93463,93464,2012-07-23 08:00:00+00:00,2012-07-23 08:15:00+00:00,1572.9025000000001,1571.15,0.01,1,-1.7525000000000548,0.4107413732198894,-2.163241373219944,-1.2343745353608424,3.975500000000011,0.5239999999998872,stop,2012
-1,93582,93583,2012-07-24 13:45:00+00:00,2012-07-24 14:00:00+00:00,1582.0765000000001,1583.6370000000002,0.01,1,-1.5605000000000473,0.40857568633113517,-1.9690756863311825,-1.2618235734259038,2.212999999999738,3.4915000000000873,stop,2012
-1,93634,93637,2012-07-25 02:45:00+00:00,2012-07-25 03:30:00+00:00,1583.919,1585.013,0.02,3,-2.187999999999647,0.8259610981988973,-3.0139610981985445,-1.377495931535206,1.634499999999889,0.9065000000002783,stop,2012
-1,93765,93766,2012-07-26 11:30:00+00:00,2012-07-26 11:45:00+00:00,1616.1754999999998,1621.1329999999998,0.01,1,-4.957499999999982,0.4008630182278706,-5.358363018227853,-1.0808599129052692,5.727500000000191,0.0,stop,2012
-1,93850,93853,2012-07-27 08:45:00+00:00,2012-07-27 09:30:00+00:00,1620.188,1622.403,0.01,3,-2.214999999999918,0.40643348819463315,-2.621433488194551,-1.1834914167921662,3.0454999999999472,1.9340000000001965,stop,2012
1,93968,93973,2012-07-30 12:45:00+00:00,2012-07-30 14:00:00+00:00,1616.8035,1617.6735,0.01,5,0.8700000000001182,0.43165896063450454,0.4383410393656137,0.22955802009197082,1.50649999999996,6.429500000000189,stop,2012
-1,94022,94039,2012-07-31 02:15:00+00:00,2012-07-31 06:30:00+00:00,1624.324,1623.0455,0.01,17,1.2785000000001219,0.39377189542483576,0.8847281045752862,0.6453159041395856,0.3890000000001237,2.9090000000001055,stop,2012
-1,94256,94454,2012-08-02 12:45:00+00:00,2012-08-06 09:00:00+00:00,1597.998,1610.5935,0.01,198,-12.595499999999902,0.46587126400627293,-13.061371264006175,-1.0369871195273135,12.704999999999927,13.241500000000087,stop,2012
-1,94557,94559,2012-08-07 10:45:00+00:00,2012-08-07 11:15:00+00:00,1615.6335,1615.3750000000002,0.01,2,0.2584999999996853,0.4167582846053025,-0.1582582846056172,-0.13193687753696925,0.25649999999996,1.5474999999999,stop,2012
1,94660,94681,2012-08-08 12:30:00+00:00,2012-08-08 17:45:00+00:00,1607.379,1612.092,0.01,21,4.713000000000193,0.4267173800993513,4.286282619900842,1.0804846533655108,0.2719999999999345,9.55450000000019,stop,2012
1,94853,94862,2012-08-10 12:45:00+00:00,2012-08-10 15:00:00+00:00,1610.123,1622.1294999999998,0.01,9,12.006499999999733,0.40437195539954834,11.602128044600184,3.2353954390963207,0.0,16.301999999999907,stop,2012
-1,94964,94977,2012-08-13 10:15:00+00:00,2012-08-13 13:30:00+00:00,1623.8515,1621.0595,0.01,13,2.7919999999999163,0.4230381454848755,2.3689618545150406,1.2520940034434327,0.9930000000001655,5.8259999999997945,stop,2012
-1,95215,95231,2012-08-16 01:15:00+00:00,2012-08-16 05:15:00+00:00,1605.9095,1603.645,0.02,16,4.528999999999996,0.8800560159714009,3.6489439840285955,2.0430817379778703,0.4329999999999927,3.2754999999999654,stop,2012
-1,95336,95342,2012-08-17 07:30:00+00:00,2012-08-17 09:00:00+00:00,1617.52,1619.6095,0.01,6,-2.0895000000000437,0.4220797211102269,-2.5115797211102704,-1.202000345111375,2.112999999999829,1.2440000000001419,stop,2012
-1,95443,95471,2012-08-20 03:45:00+00:00,2012-08-20 10:45:00+00:00,1618.9965,1615.9655,0.01,28,3.030999999999949,0.42862673176123056,2.6023732682387184,1.926970209728765,1.0699999999999363,5.2495000000001255,stop,2012
-1,95545,95548,2012-08-21 05:15:00+00:00,2012-08-21 06:00:00+00:00,1622.2565,1623.202,0.02,3,-1.8910000000000764,0.8522199226718631,-2.7432199226719396,-1.4506715614340713,0.9465000000000146,0.23149999999986903,stop,2012
-1,95656,95666,2012-08-22 09:00:00+00:00,2012-08-22 11:30:00+00:00,1643.6345000000001,1638.5204999999996,0.01,10,5.1140000000004875,0.42390965077082204,4.690090349229665,2.7483682093350574,0.0,6.854000000000269,stop,2012
-1,95717,95720,2012-08-23 00:15:00+00:00,2012-08-23 01:00:00+00:00,1655.0265,1656.6025,0.01,3,-1.5760000000000218,0.42044488033663835,-1.9964448803366601,-1.2667797464064927,2.628500000000031,0.7719999999999345,stop,2012
-1,95881,95930,2012-08-24 17:15:00+00:00,2012-08-26 23:15:00+00:00,1670.654,1674.2620000000002,0.01,49,-3.608000000000175,0.6564909603778457,-4.264490960378021,-1.181954257310924,4.320999999999913,1.8094999999998436,stop,2012
-1,95941,95965,2012-08-27 02:00:00+00:00,2012-08-27 08:00:00+00:00,1675.96,1673.685,0.01,24,2.275000000000091,0.4933360609138023,1.7816639390862887,1.176015801377187,0.875,4.365000000000009,stop,2012
1,96281,96283,2012-08-30 15:00:00+00:00,2012-08-30 15:30:00+00:00,1655.2565,1653.1255,0.01,2,-2.130999999999858,0.41251569338127403,-2.5435156933811323,-1.1935784577106061,2.15949999999998,1.1649999999999636,stop,2012
1,96374,96574,2012-08-31 14:15:00+00:00,2012-09-04 10:00:00+00:00,1659.66,1692.7835,0.01,200,33.12349999999992,0.4395641450473103,32.68393585495261,3.908392927348614,0.0,37.64249999999993,time_stop,2012
1,96665,96674,2012-09-05 08:45:00+00:00,2012-09-05 11:00:00+00:00,1689.3425,1690.8585,0.01,9,1.5160000000000764,0.42952604208390116,1.0864739579161753,0.6258490540991419,0.0,3.393000000000029,stop,2012
-1,96753,96755,2012-09-06 06:45:00+00:00,2012-09-06 07:15:00+00:00,1702.8035,1704.3674999999998,0.01,2,-1.5639999999998508,0.4231719157249079,-1.9871719157247587,-1.2705702785965143,2.2894999999998618,0.055499999999938154,stop,2012
-1,96882,96886,2012-09-07 15:00:00+00:00,2012-09-07 16:00:00+00:00,1737.25,1737.2269999999999,0.01,4,0.023000000000138243,0.4823370673445145,-0.45933706734437624,-0.18101953392882472,0.40949999999998,3.2404999999998836,stop,2012
1,96977,97001,2012-09-10 13:15:00+00:00,2012-09-10 19:15:00+00:00,1730.9645,1728.3965,0.01,24,-2.5679999999999836,0.4087666326823866,-2.97676663268237,-1.1591770376489055,2.9764999999999873,3.13799999999992,stop,2012
-1,97077,97081,2012-09-11 14:15:00+00:00,2012-09-11 15:15:00+00:00,1736.1665,1734.46,0.01,4,1.7065000000000057,0.42585985527660214,1.2806401447234035,0.67938469216096,0.33549999999991087,3.9685000000001764,stop,2012
-1,97143,97147,2012-09-12 06:45:00+00:00,2012-09-12 07:45:00+00:00,1735.878,1738.6145000000001,0.01,4,-2.7365000000002055,0.42467977340476454,-3.16117977340497,-1.1551908545239293,3.6549999999999727,0.19200000000000728,stop,2012
-1,97315,97326,2012-09-14 01:45:00+00:00,2012-09-14 04:30:00+00:00,1773.847,1775.7375,0.01,11,-1.8904999999999745,0.45308778469218264,-2.3435877846921573,-1.2396655830162333,2.4909999999999854,1.377999999999929,stop,2012
1,97467,97473,2012-09-17 09:45:00+00:00,2012-09-17 11:15:00+00:00,1769.484,1769.538,0.01,6,0.05400000000008731,0.4181386213134669,-0.3641386213133796,-0.2004065059512263,1.9269999999999072,2.081000000000131,stop,2012
1,97549,97553,2012-09-18 06:15:00+00:00,2012-09-18 07:15:00+00:00,1755.895,1756.3505,0.01,4,0.45550000000002916,0.4306568115610497,0.02484318843897948,0.009553235315892857,0.77800000000002,3.3215000000000146,stop,2012
-1,97644,97646,2012-09-19 06:00:00+00:00,2012-09-19 06:30:00+00:00,1775.7395000000001,1778.0495,0.01,2,-2.3099999999999454,0.487643749999998,-2.7976437499999434,-1.2111011904761946,3.349999999999909,0.6395000000002256,stop,2012
1,97742,97744,2012-09-20 06:30:00+00:00,2012-09-20 07:00:00+00:00,1763.0505,1761.2444999999998,0.01,2,-1.8060000000002674,0.5156647720437837,-2.321664772044051,-1.2855286666908678,4.725999999999885,0.6264999999998508,stop,2012
-1,97817,97840,2012-09-21 01:15:00+00:00,2012-09-21 07:00:00+00:00,1771.0755,1773.725,0.01,23,-2.649499999999989,0.5053312908106385,-3.1548312908106277,-1.1907270393699343,3.700000000000273,1.2749999999998636,stop,2012
1,97941,97952,2012-09-24 02:00:00+00:00,2012-09-24 04:45:00+00:00,1760.516,1761.0194999999999,0.01,11,0.5034999999998035,0.46351942717985506,0.03998057281994849,0.017856441634635064,0.9090000000001055,2.838999999999942,stop,2012
-1,98034,98053,2012-09-25 01:15:00+00:00,2012-09-25 06:00:00+00:00,1766.3020000000001,1764.0109999999997,0.01,19,2.2910000000003947,0.4273209040561446,1.8636790959442502,1.0290884019572417,0.8339999999998327,4.27350000000024,stop,2012
-1,98273,98278,2012-09-27 13:00:00+00:00,2012-09-27 14:15:00+00:00,1763.4805000000001,1766.9695,0.01,5,-3.4889999999998054,0.4925815550134715,-3.981581555013277,-1.1411812998032385,4.142499999999927,1.9304999999999382,stop,2012
-1,98336,98342,2012-09-28 04:45:00+00:00,2012-09-28 06:15:00+00:00,1781.382,1782.7024999999999,0.01,6,-1.3204999999998108,0.4069110921598719,-1.7274110921596828,-1.3081492557061192,1.3204999999998108,0.6775000000002365,stop,2012
1,98450,98462,2012-10-01 03:00:00+00:00,2012-10-01 06:00:00+00:00,1764.35,1766.384,0.02,12,4.068000000000211,0.850532134785911,3.2174678652143,1.345095261377314,0.47499999999990905,3.240500000000111,stop,2012
1,98591,98642,2012-10-02 14:15:00+00:00,2012-10-03 03:00:00+00:00,1776.31,1771.807,0.01,51,-4.502999999999929,0.4262048732858436,-4.929204873285773,-1.0946490946670777,5.244999999999891,4.662000000000035,stop,2012
-1,98774,98775,2012-10-04 12:00:00+00:00,2012-10-04 12:15:00+00:00,1788.677,1790.55,0.01,1,-1.8730000000000473,0.41200234269744646,-2.285002342697494,-1.2199692166030092,5.283000000000129,1.1959999999999127,stop,2012
-1,98834,98847,2012-10-05 03:00:00+00:00,2012-10-05 06:15:00+00:00,1795.143,1793.3680000000002,0.01,13,1.7749999999998636,0.43206172734296777,1.342938272656896,1.0051933178569485,0.23050000000012005,3.150000000000091,stop,2012
1,98968,98984,2012-10-08 06:15:00+00:00,2012-10-08 10:15:00+00:00,1769.8485,1766.91,0.01,16,-2.9384999999999764,0.4225141179404211,-3.3610141179403974,-1.1437856450367276,2.951000000000022,2.703999999999951,stop,2012
-1,99054,99067,2012-10-09 03:45:00+00:00,2012-10-09 07:00:00+00:00,1778.9975,1776.8530000000003,0.01,13,2.1444999999996526,0.428030345656851,1.7164696543428015,1.3425652360912304,0.7345000000000255,3.9085000000000036,stop,2012
1,99187,99188,2012-10-10 13:00:00+00:00,2012-10-10 13:15:00+00:00,1761.045,1758.8335000000002,0.01,1,-2.2114999999998872,0.42191969127116297,-2.63341969127105,-1.1907843957816795,2.248500000000149,0.8184999999998581,stop,2012
-1,99266,99273,2012-10-11 08:45:00+00:00,2012-10-11 10:30:00+00:00,1768.591,1770.7530000000002,0.01,7,-2.162000000000262,0.4493051237003144,-2.611305123700576,-1.2078192061518316,2.748500000000149,1.6459999999999582,stop,2012
1,99385,99386,2012-10-12 14:30:00+00:00,2012-10-12 14:45:00+00:00,1764.6125,1763.1655,0.01,1,-1.446999999999889,0.46259200721865706,-1.9095920072185462,-1.3196903989071822,1.4510000000000218,1.6449999999999818,stop,2012
1,99443,99446,2012-10-14 23:00:00+00:00,2012-10-14 23:45:00+00:00,1745.685,1743.35,0.01,3,-2.3350000000000364,0.6291488616852818,-2.9641488616853184,-1.269442767317033,3.8350000000000364,0.0,stop,2012
1,99506,99580,2012-10-15 14:45:00+00:00,2012-10-16 09:15:00+00:00,1732.9445,1738.0085,0.01,74,5.063999999999851,0.4704995206450178,4.593500479354833,1.132938828303026,0.49450000000024374,9.871999999999844,stop,2012
-1,99600,99601,2012-10-16 14:15:00+00:00,2012-10-16 14:30:00+00:00,1744.8125,1745.935,0.02,1,-2.244999999999891,0.8712546258566893,-3.1162546258565804,-1.3880866930319518,1.4119999999998072,0.46250000000009095,stop,2012
-1,99639,99641,2012-10-17 00:00:00+00:00,2012-10-17 00:30:00+00:00,1749.3,1750.554,0.01,2,-1.2540000000001328,0.5192870501715139,-1.7732870501716467,-1.4141045057188668,2.316000000000031,0.0,stop,2012
1,99781,99784,2012-10-18 11:30:00+00:00,2012-10-18 12:15:00+00:00,1742.495,1740.795,0.01,3,-1.6999999999998179,0.45941541766746513,-2.159415417667283,-1.270244363333832,3.9899999999997817,0.9940000000001419,stop,2012
1,99861,99864,2012-10-19 07:30:00+00:00,2012-10-19 08:15:00+00:00,1736.3365,1734.7685000000001,0.01,3,-1.5679999999997565,0.45747620103925873,-2.025476201039015,-1.2917577812750827,4.4465000000000146,0.6235000000001492,stop,2012
-1,100009,100015,2012-10-22 14:15:00+00:00,2012-10-22 15:45:00+00:00,1726.0815,1728.1754999999998,0.01,6,-2.0939999999998236,0.4596689371811955,-2.553668937181019,-1.2195171619776668,2.808999999999969,1.9269999999999072,stop,2012
1,100107,100122,2012-10-23 14:45:00+00:00,2012-10-23 18:30:00+00:00,1708.956,1705.7855,0.01,15,-3.170499999999947,0.4608592802357591,-3.631359280235706,-1.1453585491991065,4.958499999999958,2.879000000000133,stop,2012
1,100208,100214,2012-10-24 16:00:00+00:00,2012-10-24 17:30:00+00:00,1702.81,1700.376,0.01,6,-2.433999999999969,0.4707929980023427,-2.904792998002312,-1.1934235817593875,3.1399999999998727,1.3324999999999818,stop,2012
-1,100267,100271,2012-10-25 06:45:00+00:00,2012-10-25 07:45:00+00:00,1712.6565,1714.4335,0.01,4,-1.7770000000000439,0.4532463849105897,-2.2302463849106338,-1.2550626814353285,3.77599999999984,1.8155000000001564,stop,2012
1,100360,100386,2012-10-26 06:00:00+00:00,2012-10-26 12:30:00+00:00,1703.318,1704.1345000000001,0.01,26,0.8165000000001328,0.46848214598325166,0.3480178540168811,0.15310948262951815,1.53449999999998,8.34849999999983,stop,2012
1,100491,100503,2012-10-29 08:30:00+00:00,2012-10-29 11:30:00+00:00,1712.1265,1709.4,0.01,12,-2.7264999999999873,0.44568605675900624,-3.1721860567589935,-1.1634645357634361,3.102000000000089,1.0689999999997326,stop,2012
-1,100587,100594,2012-10-30 08:30:00+00:00,2012-10-30 10:15:00+00:00,1713.2040000000002,1714.615,0.01,7,-1.4109999999998308,0.4427174208144775,-1.8537174208143083,-1.3137614605347487,1.4209999999998217,1.4135000000001128,stop,2012
-1,100794,100800,2012-11-01 12:15:00+00:00,2012-11-01 13:45:00+00:00,1725.2385,1720.681,0.01,6,4.557499999999891,0.4802334462944852,4.077266553705406,1.999150063106265,0.20600000000013097,7.3624999999999545,stop,2012
1,100855,100860,2012-11-02 03:30:00+00:00,2012-11-02 04:45:00+00:00,1712.5515,1711.449,0.01,5,-1.1024999999999636,0.44944992300657344,-1.551949923006537,-1.4076643292576765,4.112500000000182,1.0039999999999054,stop,2012
1,100991,101014,2012-11-05 08:45:00+00:00,2012-11-05 14:30:00+00:00,1674.8455,1680.7485000000001,0.01,23,5.903000000000247,0.44947146952144473,5.453528530478803,2.1080512294081273,0.40099999999983993,9.324500000000171,stop,2012
-1,101090,101091,2012-11-06 09:30:00+00:00,2012-11-06 09:45:00+00:00,1688.1695,1689.7805,0.01,1,-1.6110000000001037,0.42301528409090855,-2.034015284091012,-1.2625793197336321,2.0325000000000273,0.0,stop,2012
-1,101166,101173,2012-11-07 04:30:00+00:00,2012-11-07 06:15:00+00:00,1721.5895,1725.2395,0.01,7,-3.6499999999998636,0.49879194762205575,-4.14879194762192,-1.1366553281156369,3.9605000000001382,0.0,stop,2012
-1,101313,101317,2012-11-08 17:15:00+00:00,2012-11-08 18:15:00+00:00,1724.2455,1726.3505,0.01,4,-2.105000000000018,0.44422540400877475,-2.549225404008793,-1.2110334460849268,2.757000000000062,2.394999999999982,stop,2012
-1,101349,101361,2012-11-09 02:15:00+00:00,2012-11-09 05:15:00+00:00,1734.097,1735.9499999999998,0.01,12,-1.852999999999838,0.45927785979425245,-2.3122778597940905,-1.2478563733374488,4.0685000000000855,0.6265000000000782,stop,2012
1,101541,101542,2012-11-13 00:30:00+00:00,2012-11-13 00:45:00+00:00,1726.586,1725.329,0.01,1,-1.2570000000000618,0.5156252446133711,-1.772625244613433,-1.4102030585627254,3.8360000000000127,0.0,stop,2012
-1,101703,101711,2012-11-14 17:00:00+00:00,2012-11-14 19:00:00+00:00,1731.4904999999999,1731.0320000000002,0.01,8,0.45849999999973085,0.4627598004928047,-0.00425980049307384,-0.0022700775342782554,1.774499999999989,4.106499999999869,stop,2012
-1,101945,101949,2012-11-19 00:00:00+00:00,2012-11-19 01:00:00+00:00,1717.559,1718.7955000000002,0.01,4,-1.2365000000002055,0.45837205765447375,-1.6948720576546794,-1.3707012192918704,3.890999999999849,1.2984999999998763,stop,2012
-1,102088,102093,2012-11-20 11:45:00+00:00,2012-11-20 13:00:00+00:00,1733.7905,1732.9524999999999,0.01,5,0.8380000000001928,0.4471555544325398,0.390844445567653,0.16978472874355724,0.6124999999999545,3.432499999999891,stop,2012
-1,102210,102219,2012-11-21 18:15:00+00:00,2012-11-21 20:30:00+00:00,1729.7649999999999,1729.0595000000003,0.02,9,1.4109999999991487,0.9418189302093806,0.46918106978976815,0.23816297958868404,0.290000000000191,1.7254999999997835,stop,2012
-1,102241,102275,2012-11-22 02:00:00+00:00,2012-11-22 10:30:00+00:00,1731.54,1730.085,0.01,34,1.4549999999999272,0.44933393869458016,1.0056660613053472,0.7337950100732233,0.512000000000171,2.925499999999829,stop,2012
-1,102360,102362,2012-11-23 07:45:00+00:00,2012-11-23 08:15:00+00:00,1731.1495,1732.8235,0.01,2,-1.6739999999999782,0.44116638764316857,-2.115166387643147,-1.2635402554618724,2.836999999999989,0.0,stop,2012
1,102597,102599,2012-11-27 14:45:00+00:00,2012-11-27 15:15:00+00:00,1746.502,1743.9095,0.01,2,-2.5924999999999727,0.425404480250898,-3.0179044802508708,-1.1640904456126915,3.625500000000102,0.63799999999992,stop,2012
1,102690,102691,2012-11-28 14:00:00+00:00,2012-11-28 14:15:00+00:00,1715.502,1712.87,0.01,1,-2.632000000000062,0.4775831439385341,-3.109583143938596,-1.1814525622866727,9.32400000000007,0.0,stop,2012
-1,102790,102848,2012-11-29 15:00:00+00:00,2012-11-30 05:30:00+00:00,1724.83,1728.48,0.01,58,-3.6500000000000914,0.4596421439623762,-4.109642143962468,-1.125929354510237,3.8420000000000982,2.0149999999998727,stop,2012
-1,102851,102859,2012-11-30 06:15:00+00:00,2012-11-30 08:15:00+00:00,1729.9195,1731.3295,0.01,8,-1.4100000000000819,0.45937752698050893,-1.8693775269805908,-1.3257996645251646,1.8454999999999018,1.3350000000000364,stop,2012
-1,102995,103003,2012-12-03 13:00:00+00:00,2012-12-03 15:00:00+00:00,1716.826,1721.25,0.01,8,-4.423999999999978,0.4034139535619758,-4.827413953561954,-1.091187602523051,5.3034999999999854,3.925999999999931,stop,2012
1,103045,103047,2012-12-04 01:30:00+00:00,2012-12-04 02:00:00+00:00,1714.1354999999999,1712.4,0.01,2,-1.7354999999997744,0.4356736479780421,-2.1711736479778168,-1.2510363860432723,1.888999999999669,0.03099999999994907,stop,2012
-1,103338,103354,2012-12-07 02:45:00+00:00,2012-12-07 06:45:00+00:00,1703.1505,1702.8319999999999,0.01,16,0.3185000000000855,0.43970169805538245,-0.12120169805529696,-0.09885946007773923,0.8160000000000309,1.6089999999999236,stop,2012
-1,103469,103477,2012-12-10 06:15:00+00:00,2012-12-10 08:15:00+00:00,1708.25,1709.3705,0.01,8,-1.1204999999999927,0.47276709172125114,-1.593267091721244,-1.4219251153246357,2.0329999999999018,1.09050000000002,stop,2012
1,103599,103601,2012-12-11 14:45:00+00:00,2012-12-11 15:15:00+00:00,1709.0065,1706.484,0.01,2,-2.5225000000000364,0.44330380687010856,-2.965803806870145,-1.1757398639722902,4.036000000000058,1.2640000000001237,stop,2012
-1,103675,103686,2012-12-12 09:45:00+00:00,2012-12-12 12:30:00+00:00,1714.5805,1716.009,0.01,11,-1.4284999999999854,0.4481139245282993,-1.8766139245282847,-1.3136954319414098,1.4949999999998909,1.7999999999999545,stop,2012
1,103740,103755,2012-12-13 02:00:00+00:00,2012-12-13 05:45:00+00:00,1697.3944999999999,1698.153,0.01,15,0.7585000000001401,0.4765749778237698,0.2819250221763703,0.0926014196670629,0.0,4.349999999999909,stop,2012
1,103922,103940,2012-12-16 18:15:00+00:00,2012-12-16 22:45:00+00:00,1695.6,1693.2745,0.01,18,-2.32549999999992,0.4690787867616784,-2.7945787867615985,-1.2017109381903655,2.7704999999998563,0.0,stop,2012
1,103950,103951,2012-12-17 01:15:00+00:00,2012-12-17 01:30:00+00:00,1692.858,1690.3085,0.01,1,-2.5494999999998527,0.46423352250191624,-3.0137335225017687,-1.182088065307685,3.606499999999869,0.0,stop,2012
-1,104047,104048,2012-12-18 01:30:00+00:00,2012-12-18 01:45:00+00:00,1698.4855,1700.1605,0.01,1,-1.6749999999999547,0.4562577347289718,-2.1312577347289263,-1.2723926774501397,1.9799999999997908,0.0,stop,2012
1,104229,104236,2012-12-19 23:00:00+00:00,2012-12-20 00:45:00+00:00,1665.496,1666.6895000000004,0.01,7,1.1935000000003129,0.5881112664084811,0.6053887335918318,0.24851754252541366,0.0,4.219499999999925,stop,2012
1,104301,104322,2012-12-20 17:00:00+00:00,2012-12-20 22:15:00+00:00,1639.0505,1645.959,0.01,21,6.908500000000004,0.4757964588697053,6.432703541130298,2.0276449302223805,0.0,10.524000000000115,stop,2012
1,104340,104371,2012-12-21 02:45:00+00:00,2012-12-21 10:30:00+00:00,1638.8975,1647.7330000000002,0.01,31,8.835500000000138,0.4674324880385176,8.368067511961621,2.35919580263929,0.0,12.907000000000153,stop,2012
1,104854,104857,2012-12-28 15:45:00+00:00,2012-12-28 16:30:00+00:00,1657.7694999999999,1654.75,0.01,3,-3.01949999999988,0.46448945147679865,-3.4839894514766785,-1.1538299226616384,3.25,0.0,stop,2012
-1,104918,104922,2012-12-31 07:00:00+00:00,2012-12-31 08:00:00+00:00,1663.9814999999999,1665.055,0.01,4,-1.0735000000001946,0.4818664060019065,-1.555366406002101,-1.4488741555676004,1.13149999999996,0.0,stop,2012
-1,105021,105025,2013-01-02 07:45:00+00:00,2013-01-02 08:45:00+00:00,1682.7350000000001,1684.5104999999999,0.01,4,-1.775499999999738,0.4695711129707493,-2.2450711129704874,-1.2644726065732574,2.1140000000000327,1.2200000000002547,stop,2013
1,105134,105136,2013-01-03 12:45:00+00:00,2013-01-03 13:15:00+00:00,1679.1695,1677.471,0.01,2,-1.6984999999999675,0.45735005994164984,-2.1558500599416175,-1.2692670355853157,4.072000000000116,1.1865000000000236,stop,2013
1,105178,105179,2013-01-04 00:30:00+00:00,2013-01-04 00:45:00+00:00,1656.8355000000001,1653.8065000000001,0.01,1,-3.0289999999999964,0.5055825380657146,-3.534582538065711,-1.1669140105862381,4.708000000000084,0.0,stop,2013
-1,105274,105275,2013-01-07 01:30:00+00:00,2013-01-07 01:45:00+00:00,1658.4355,1660.4499999999998,0.01,1,-2.014499999999771,0.49053677397625345,-2.505036773976024,-1.2435029903084185,2.183999999999969,0.0,stop,2013
-1,105420,105432,2013-01-08 14:45:00+00:00,2013-01-08 17:45:00+00:00,1655.5345000000002,1659.1019999999999,0.01,12,-3.5674999999996544,0.44013472484349697,-4.007634724843151,-1.1233734337332977,4.9409999999998035,2.979000000000269,stop,2013
-1,105491,105506,2013-01-09 09:15:00+00:00,2013-01-09 13:00:00+00:00,1663.8315,1661.8014999999998,0.01,15,2.0300000000002,0.48726450571535496,1.542735494284845,0.7197273124725516,0.4329999999999927,5.33400000000006,stop,2013
-1,105595,105601,2013-01-10 12:00:00+00:00,2013-01-10 13:30:00+00:00,1663.4115,1663.1320000000003,0.01,6,0.2794999999996435,0.4771636415539729,-0.19766364155432942,-0.08490706252333001,4.357999999999947,4.061999999999898,stop,2013
1,105701,105707,2013-01-11 15:15:00+00:00,2013-01-11 16:45:00+00:00,1661.75,1657.2205,0.01,6,-4.529500000000098,0.4432020822495823,-4.972702082249681,-1.097847904238784,7.726499999999987,0.6660000000001673,stop,2013
-1,105852,105854,2013-01-15 06:45:00+00:00,2013-01-15 07:15:00+00:00,1672.8229999999999,1675.453,0.01,2,-2.630000000000109,0.46300154827834666,-3.0930015482784556,-1.1760462160754097,3.58600000000024,1.3604999999997744,stop,2013
1,105971,106014,2013-01-16 13:30:00+00:00,2013-01-17 01:00:00+00:00,1677.6095,1679.1195000000002,0.01,43,1.5100000000002183,0.41926941771674764,1.0907305822834705,0.2607843591831438,2.8125,6.192500000000109,stop,2013
-1,106053,106065,2013-01-17 10:45:00+00:00,2013-01-17 13:45:00+00:00,1682.4995,1676.159,0.01,12,6.340499999999792,0.4209484402336899,5.919551559766102,3.0976198638230885,1.2755000000001928,12.928499999999985,stop,2013
1,106191,106195,2013-01-20 23:00:00+00:00,2013-01-21 00:00:00+00:00,1685.9855,1687.291,0.01,4,1.3054999999999382,0.4666472594695635,0.8388527405303747,0.5777222730925453,0.0,3.574000000000069,stop,2013
-1,106280,106283,2013-01-22 03:00:00+00:00,2013-01-22 03:45:00+00:00,1691.6905000000002,1692.75,0.01,3,-1.0594999999998436,0.4497808557143215,-1.509280855714165,-1.4245218081306161,1.6529999999997926,0.6404999999999745,stop,2013
1,106457,106458,2013-01-24 00:45:00+00:00,2013-01-24 01:00:00+00:00,1683.6025,1682.114,0.01,1,-1.4884999999999309,0.414250716521337,-1.9027507165212678,-1.278300783689188,1.8800000000001091,0.0,stop,2013
1,106551,106576,2013-01-25 01:00:00+00:00,2013-01-25 07:15:00+00:00,1666.1100000000001,1670.808,0.01,25,4.697999999999865,0.4177971279601713,4.280202872039694,2.9316458027668406,0.0,6.38149999999996,stop,2013
1,106684,106693,2013-01-28 11:15:00+00:00,2013-01-28 13:30:00+00:00,1654.905,1656.579,0.01,9,1.6739999999999782,0.4191295875452811,1.254870412454697,0.9288456050738737,2.7200000000000273,3.696999999999889,stop,2013
-1,106762,106763,2013-01-29 07:30:00+00:00,2013-01-29 07:45:00+00:00,1663.0,1663.8095,0.01,1,-0.8095000000000709,0.41707387990814243,-1.2265738799082133,-1.5152240641236638,0.9459999999999127,0.0,stop,2013
-1,106854,106857,2013-01-30 07:30:00+00:00,2013-01-30 08:15:00+00:00,1668.1365,1667.7309999999998,0.01,3,0.40550000000030195,0.4218380284280935,-0.01633802842779153,-0.020083624373443847,0.0,1.5505000000000564,stop,2013
1,106986,107014,2013-01-31 17:15:00+00:00,2013-02-01 01:00:00+00:00,1660.825,1661.6815,0.01,28,0.856499999999869,0.41619526525549516,0.44030473474437387,0.1326019378841647,0.8230000000000928,4.276999999999816,stop,2013
1,107158,107195,2013-02-04 14:30:00+00:00,2013-02-05 00:30:00+00:00,1664.9035,1672.8509999999997,0.01,37,7.9474999999997635,0.4009276413971841,7.546572358602579,2.251699942891868,0.0,12.81899999999996,stop,2013
-1,107360,107400,2013-02-06 18:30:00+00:00,2013-02-07 05:15:00+00:00,1678.02,1680.0075,0.01,40,-1.9874999999999545,0.4228137960508327,-2.4103137960507874,-1.2127365011576567,2.2730000000001382,1.9225000000001273,stop,2013
-1,107442,107480,2013-02-07 15:45:00+00:00,2013-02-08 02:00:00+00:00,1678.768,1671.7430000000002,0.01,38,7.024999999999864,0.4109674335717329,6.614032566428131,1.9384620651899367,2.588999999999942,10.692000000000007,stop,2013
1,107605,107607,2013-02-11 10:15:00+00:00,2013-02-11 10:45:00+00:00,1663.7275,1662.0145,0.01,2,-1.7129999999999657,0.4346084928369924,-2.147608492836958,-1.2537119047501464,3.929499999999962,0.2600000000002183,stop,2013
1,107662,107686,2013-02-12 01:15:00+00:00,2013-02-12 07:15:00+00:00,1644.35,1645.521,0.01,24,1.1710000000000491,0.4306429701741437,0.7403570298259055,0.4159309156325375,1.274499999999989,3.206500000000233,stop,2013
-1,107760,107789,2013-02-13 02:30:00+00:00,2013-02-13 09:45:00+00:00,1653.0405,1647.757,0.01,29,5.283500000000004,0.4287395033342833,4.854760496665721,5.049152882648248,0.46550000000002,6.886500000000069,stop,2013
1,107898,107905,2013-02-14 13:45:00+00:00,2013-02-14 15:30:00+00:00,1648.1,1640.0500000000002,0.01,7,-8.049999999999727,0.41300579697610906,-8.463005796975835,-1.0513050679473444,9.893999999999778,2.036000000000058,stop,2013
1,107993,107994,2013-02-15 14:15:00+00:00,2013-02-15 14:30:00+00:00,1614.8545,1612.7795,0.01,1,-2.074999999999818,0.4229235474008362,-2.4979235474006543,-1.2038185770606618,5.257000000000062,2.856000000000222,stop,2013
1,108169,108171,2013-02-19 15:45:00+00:00,2013-02-19 16:15:00+00:00,1607.0545000000002,1603.6770000000001,0.01,2,-3.3775000000000546,0.41587644698680787,-3.7933764469868625,-1.1231314424831387,3.880500000000211,0.0,stop,2013
1,108259,108260,2013-02-20 15:00:00+00:00,2013-02-20 15:15:00+00:00,1588.7785,1586.1979999999999,0.01,1,-2.580500000000029,0.4187155527660012,-2.9992155527660302,-1.162261403900793,7.404499999999871,0.0,stop,2013
1,108301,108310,2013-02-21 02:15:00+00:00,2013-02-21 04:30:00+00:00,1558.4035,1559.5394999999999,0.01,9,1.1359999999999673,0.41960597567004837,0.7163940243299189,0.24652237588779474,0.0,4.403000000000247,stop,2013
-1,108410,108418,2013-02-22 06:15:00+00:00,2013-02-22 08:15:00+00:00,1586.2624999999998,1583.7110000000002,0.01,8,2.551499999999578,0.4262193110212369,2.125280688978341,1.5462209450547804,0.16600000000016735,4.964499999999816,stop,2013
-1,108522,108526,2013-02-25 11:15:00+00:00,2013-02-25 12:15:00+00:00,1593.0810000000001,1594.502,0.01,4,-1.4209999999998217,0.41864515148235887,-1.8396451514821806,-1.2946130552304091,1.531999999999698,1.1610000000000582,stop,2013
-1,108577,108591,2013-02-26 02:00:00+00:00,2013-02-26 05:30:00+00:00,1597.553,1592.336,0.01,14,5.217000000000098,0.39309455525606607,4.823905444744032,5.129086065650607,0.18749999999977263,6.453000000000202,stop,2013
1,108736,108740,2013-02-27 18:30:00+00:00,2013-02-27 19:30:00+00:00,1596.629,1593.298,0.01,4,-3.3309999999999036,0.4213944503644073,-3.752394450364311,-1.1265068899322785,3.40949999999998,0.049500000000080036,stop,2013
1,108816,108818,2013-02-28 15:15:00+00:00,2013-02-28 15:45:00+00:00,1590.4865,1585.85,0.01,2,-4.636500000000069,0.42512329993931214,-5.061623299939381,-1.0916905639899288,5.085999999999785,0.0,stop,2013
1,108888,108890,2013-03-01 10:00:00+00:00,2013-03-01 10:30:00+00:00,1568.9144999999999,1569.368,0.01,2,0.4535000000000764,0.40782574821347534,0.04567425178660106,0.026639983544240242,0.0,2.89850000000024,stop,2013
1,109016,109018,2013-03-04 18:45:00+00:00,2013-03-04 19:15:00+00:00,1573.0500000000002,1570.4,0.01,2,-2.650000000000091,0.38516255116978954,-3.0351625511698805,-1.1453443589319912,3.2280000000000655,0.25,stop,2013
-1,109059,109061,2013-03-05 06:15:00+00:00,2013-03-05 06:45:00+00:00,1581.15,1582.8020000000001,0.01,2,-1.6520000000000437,0.3951683457608139,-2.0471683457608574,-1.2392060204363216,1.9535000000000764,0.25,stop,2013
1,109187,109193,2013-03-06 15:00:00+00:00,2013-03-06 16:30:00+00:00,1572.8215,1579.2534999999998,0.01,6,6.431999999999789,0.38621463906135434,6.045785360938435,1.9606892689924018,0.0,12.111499999999978,stop,2013
-1,109522,109526,2013-03-12 06:00:00+00:00,2013-03-12 07:00:00+00:00,1583.5639999999999,1583.5470000000003,0.01,4,0.016999999999598003,0.39107518520051726,-0.37407518520091926,-0.24338008145794113,0.08900000000016917,1.6944999999998345,stop,2013
-1,109645,109738,2013-03-13 13:30:00+00:00,2013-03-14 13:30:00+00:00,1593.547,1585.4850000000001,0.01,93,8.061999999999898,0.3911160014480395,7.670883998551859,1.399030457514429,3.483500000000049,16.44900000000007,stop,2013
-1,109750,109751,2013-03-14 16:30:00+00:00,2013-03-14 16:45:00+00:00,1589.8175,1591.2800000000002,0.01,1,-1.462500000000091,0.40436022854978815,-1.866860228549879,-1.2764856263588122,3.6424999999999272,0.0,stop,2013
-1,109820,109826,2013-03-15 10:45:00+00:00,2013-03-15 12:15:00+00:00,1592.7694999999999,1595.0994999999998,0.01,6,-2.3299999999999272,0.389207244902672,-2.7192072449025995,-1.1670417360097358,2.5590000000001965,0.9734999999998308,stop,2013
-1,110032,110036,2013-03-19 17:15:00+00:00,2013-03-19 18:15:00+00:00,1614.109,1613.614,0.01,4,0.49499999999989086,0.3978729294577808,0.09712707054211006,0.06475138036140671,0.0,3.9924999999998363,stop,2013
1,110122,110128,2013-03-20 16:30:00+00:00,2013-03-20 18:00:00+00:00,1607.217,1605.6995,0.01,6,-1.5175000000001546,0.4362030048076913,-1.9537030048078459,-1.2874484380940012,3.6845000000002983,2.230999999999767,stop,2013
1,110293,110295,2013-03-22 12:45:00+00:00,2013-03-22 13:15:00+00:00,1606.7694999999999,1604.47,0.01,2,-2.2994999999998527,0.39273290914471914,-2.692232909144572,-1.1707905671427459,2.471499999999878,1.099500000000262,stop,2013
1,110334,110361,2013-03-25 00:00:00+00:00,2013-03-25 06:45:00+00:00,1606.8429999999998,1609.2740000000001,0.01,27,2.4310000000002674,0.415160124888497,2.0158398751117703,0.5451162452979567,1.9929999999999382,6.861000000000104,stop,2013
-1,110590,110616,2013-03-27 17:45:00+00:00,2013-03-28 01:00:00+00:00,1606.4805000000001,1606.1784999999998,0.01,26,0.302000000000362,0.39452253413671584,-0.09252253413635386,-0.04744745340326282,1.3215000000000146,2.8595000000000255,stop,2013
1,110666,110670,2013-03-28 13:30:00+00:00,2013-03-28 14:30:00+00:00,1597.7545,1595.472,0.01,4,-2.2825000000000273,0.3911401341850757,-2.673640134185103,-1.1713647904425284,2.3904999999999745,2.348500000000058,stop,2013
-1,110804,110826,2013-04-02 01:45:00+00:00,2013-04-02 07:15:00+00:00,1602.8020000000001,1600.719,0.01,22,2.0830000000000837,0.41866975116289795,1.6643302488371856,1.2452901225868507,1.212999999999738,4.068000000000211,stop,2013
1,110960,110982,2013-04-03 17:30:00+00:00,2013-04-04 00:00:00+00:00,1554.3125,1554.7640000000001,0.01,22,0.4515000000001237,0.44573999505928824,0.00576000494083545,0.0012910467199003914,1.9589999999998327,5.701999999999998,stop,2013
1,110993,111012,2013-04-04 02:45:00+00:00,2013-04-04 07:30:00+00:00,1543.9144999999999,1550.3985000000002,0.01,19,6.484000000000378,0.41331818148919786,6.07068181851118,2.179778031781507,0.0,11.651499999999942,stop,2013
-1,111142,111143,2013-04-05 17:00:00+00:00,2013-04-05 17:15:00+00:00,1573.172,1575.402,0.01,1,-2.230000000000018,0.39082172500136153,-2.6208217250013797,-1.175256378924376,3.5234999999997854,0.0,stop,2013
-1,111320,111321,2013-04-09 15:15:00+00:00,2013-04-09 15:30:00+00:00,1586.7905,1589.505,0.01,1,-2.7145000000000437,0.43547409502016315,-3.1499740950202066,-1.160425159336952,2.9269999999999072,0.0,stop,2013
1,111407,111408,2013-04-10 14:00:00+00:00,2013-04-10 14:15:00+00:00,1575.4744999999998,1573.598,0.01,1,-1.8764999999998508,0.3938639555523588,-2.2703639555522095,-1.209892862005004,4.301499999999805,0.0,stop,2013
1,111622,111623,2013-04-14 22:15:00+00:00,2013-04-14 22:30:00+00:00,1483.545,1481.5,0.01,1,-2.0450000000000728,0.5682315056469243,-2.613231505646997,-1.2778638169422514,2.2445000000000164,0.0,stop,2013
1,111670,111672,2013-04-15 10:15:00+00:00,2013-04-15 10:45:00+00:00,1398.0,1405.4565,0.01,2,7.456500000000006,0.5618254188968166,6.89467458110319,0.899090380270352,0.0,22.066499999999905,stop,2013
-1,111958,111963,2013-04-18 12:30:00+00:00,2013-04-18 13:45:00+00:00,1397.763,1389.3275000000003,0.01,5,8.435499999999593,0.501086765550151,7.934413234449441,1.9688370308806569,0.0,15.920000000000073,stop,2013
-1,112123,112126,2013-04-22 07:30:00+00:00,2013-04-22 08:15:00+00:00,1424.4975,1423.6660000000002,0.01,3,0.8314999999997781,0.499548762744684,0.33195123725509407,0.11273602895401158,0.0,4.607999999999947,stop,2013
1,112214,112217,2013-04-23 07:00:00+00:00,2013-04-23 07:45:00+00:00,1419.1925,1412.4345,0.01,3,-6.758000000000039,0.5782550194800526,-7.336255019480092,-1.0855659987392792,8.568500000000085,0.0,stop,2013
-1,112302,112328,2013-04-24 05:45:00+00:00,2013-04-24 12:15:00+00:00,1427.362,1424.6999999999998,0.01,26,2.662000000000262,0.47111953677451407,2.190880463225748,0.6485732573196984,2.85550000000012,7.9284999999999854,stop,2013
-1,112446,112454,2013-04-25 18:30:00+00:00,2013-04-25 20:30:00+00:00,1467.2975000000001,1466.0694999999996,0.01,8,1.2280000000005202,0.49566713014041963,0.7323328698601006,0.4193145547438929,0.0,4.300000000000182,stop,2013
-1,112466,112467,2013-04-26 00:15:00+00:00,2013-04-26 00:30:00+00:00,1471.6435000000001,1474.429,0.01,1,-2.7854999999999563,0.44794735655310697,-3.2334473565530635,-1.160813985479488,3.086999999999989,0.1485000000002401,stop,2013
1,112802,112804,2013-05-01 15:00:00+00:00,2013-05-01 15:30:00+00:00,1445.755,1443.85,0.01,2,-1.9050000000002003,0.5145461548747599,-2.4195461548749604,-1.270102968438166,4.4050000000002,0.5949999999997999,stop,2013
-1,112889,112890,2013-05-02 13:30:00+00:00,2013-05-02 13:45:00+00:00,1467.8325,1471.5255,0.01,1,-3.6929999999999836,0.4771597183127245,-4.170159718312708,-1.1292065308185015,5.115000000000009,1.1204999999999927,stop,2013
-1,112958,112962,2013-05-03 07:30:00+00:00,2013-05-03 08:30:00+00:00,1476.651,1477.884,0.01,4,-1.2329999999999472,0.445522030909038,-1.6785220309089852,-1.3613317363414899,1.9689999999998236,0.7870000000000346,stop,2013
1,113142,113151,2013-05-07 07:15:00+00:00,2013-05-07 09:30:00+00:00,1459.6435000000001,1461.9609999999998,0.01,9,2.3174999999996544,0.4174849484898204,1.900015051509834,0.8955998357339892,0.893500000000131,6.083499999999731,stop,2013
1,113376,113391,2013-05-09 19:15:00+00:00,2013-05-09 23:45:00+00:00,1458.0,1455.02,0.01,15,-2.980000000000018,0.45115147560892566,-3.431151475608944,-1.151393112620444,4.449999999999818,1.3719999999998436,stop,2013
1,113397,113426,2013-05-10 01:15:00+00:00,2013-05-10 08:30:00+00:00,1458.5625,1452.875,0.01,29,-5.6875,0.42483149099638967,-6.1123314909963895,-1.074695646768596,8.207499999999982,3.72849999999994,stop,2013
1,113623,113627,2013-05-14 11:30:00+00:00,2013-05-14 12:30:00+00:00,1428.026,1423.151,0.01,4,-4.875,0.4131691474583058,-5.288169147458306,-1.084752645632473,6.726000000000113,1.3565000000000964,stop,2013
1,113702,113703,2013-05-15 08:00:00+00:00,2013-05-15 08:15:00+00:00,1412.25,1409.4499999999998,0.01,1,-2.800000000000182,0.4332071467520185,-3.2332071467522003,-1.154716838125711,3.7000000000000455,0.0,stop,2013
1,113914,113915,2013-05-17 14:30:00+00:00,2013-05-17 14:45:00+00:00,1370.5325,1366.3355,0.01,1,-4.197000000000116,0.42975339356641223,-4.626753393566529,-1.1023953761177985,10.282500000000027,0.0,stop,2013
-1,114185,114188,2013-05-22 13:15:00+00:00,2013-05-22 14:00:00+00:00,1390.27,1398.6100000000001,0.01,3,-8.340000000000146,0.4908395075814291,-8.830839507581574,-1.0588536579833836,24.34400000000005,7.2199999999998,stop,2013
1,114396,114403,2013-05-24 19:45:00+00:00,2013-05-26 22:30:00+00:00,1384.0805,1386.4595,0.01,7,2.3789999999999054,0.6216390999389034,1.757360900061002,0.9290832144122845,0.3714999999999691,4.702499999999873,stop,2013
-1,114443,114453,2013-05-27 08:30:00+00:00,2013-05-27 11:00:00+00:00,1393.566,1395.35,0.01,10,-1.7839999999998781,0.4698513878332701,-2.2538513878331483,-1.2633696120141829,2.0219999999999345,1.009499999999889,stop,2013
1,114523,114526,2013-05-28 09:00:00+00:00,2013-05-28 09:45:00+00:00,1380.675,1377.937,0.01,3,-2.7380000000000564,0.4585885459666787,-3.196588545966735,-1.1674903381908945,2.961999999999989,0.9750000000001364,stop,2013
-1,114729,114768,2013-05-30 14:30:00+00:00,2013-05-31 01:00:00+00:00,1414.594,1417.61,0.01,39,-3.015999999999849,0.4090196641375627,-3.4250196641374115,-1.1356165995151137,5.326499999999896,3.44399999999996,stop,2013
1,114821,114823,2013-05-31 14:15:00+00:00,2013-05-31 14:45:00+00:00,1397.85,1393.5645,0.01,2,-4.285499999999956,0.4588178091965274,-4.744317809196484,-1.1070628419546218,6.413000000000011,0.593000000000302,stop,2013
1,115008,115066,2013-06-04 15:00:00+00:00,2013-06-05 06:15:00+00:00,1396.535,1404.235,0.01,58,7.699999999999818,0.4206320914195913,7.279367908580227,2.1447754592163273,2.00200000000018,11.869500000000016,stop,2013
-1,115091,115102,2013-06-05 12:30:00+00:00,2013-06-05 15:15:00+00:00,1402.712,1408.9045,0.01,11,-6.192500000000109,0.4562521902580538,-6.648752190258163,-1.0736781897873309,7.976000000000113,2.9139999999999873,stop,2013
1,115164,115171,2013-06-06 07:30:00+00:00,2013-06-06 09:15:00+00:00,1394.1235,1400.6265,0.01,7,6.5030000000001555,0.3810293411462918,6.121970658853864,2.2561159605136214,0.7135000000000673,12.101499999999987,stop,2013
1,115374,115440,2013-06-10 13:45:00+00:00,2013-06-11 07:00:00+00:00,1381.6640000000002,1381.8404999999998,0.01,66,0.176499999999578,0.31396273428638216,-0.13746273428680417,-0.02369026010974555,4.419000000000324,7.476999999999862,stop,2013
1,115445,115448,2013-06-11 08:15:00+00:00,2013-06-11 09:00:00+00:00,1373.694,1371.0875,0.01,3,-2.606499999999869,0.28083549870805036,-2.8873354987079196,-1.1077442926177115,4.114000000000033,0.9400000000000546,stop,2013
-1,115609,115621,2013-06-13 03:00:00+00:00,2013-06-13 06:00:00+00:00,1393.243,1390.7085000000002,0.01,12,2.5344999999997526,0.30589816407910086,2.2286018359206516,1.0860632728657433,0.0,5.328500000000076,stop,2013
-1,115747,115749,2013-06-14 14:15:00+00:00,2013-06-14 14:45:00+00:00,1387.966,1391.2685000000001,0.01,2,-3.3025000000002365,0.2883518238475234,-3.59085182384776,-1.0873131942006065,3.5025000000000546,0.5824999999999818,stop,2013
1,115902,115907,2013-06-18 07:00:00+00:00,2013-06-18 08:15:00+00:00,1379.158,1380.029,0.01,5,0.8710000000000946,0.263027407713727,0.6079725922863676,0.28290953573122357,0.8389999999999418,4.211999999999989,stop,2013
-1,116023,116039,2013-06-19 14:00:00+00:00,2013-06-19 18:00:00+00:00,1373.3380000000002,1376.409,0.01,16,-3.0709999999999127,0.47224981352354906,-3.543249813523462,-1.1537772105254192,3.4784999999997126,9.409000000000106,stop,2013
1,116063,116080,2013-06-20 00:45:00+00:00,2013-06-20 05:00:00+00:00,1343.096,1343.4879999999998,0.01,17,0.3919999999998254,0.3654848028033186,0.0265151971965068,0.006406184391521142,1.012000000000171,5.19399999999996,stop,2013
1,116266,116270,2013-06-24 05:15:00+00:00,2013-06-24 06:15:00+00:00,1286.5575,1281.9920000000002,0.01,4,-4.565499999999702,0.43946966837394535,-5.004969668373647,-1.0962588256212844,4.711499999999887,0.0,stop,2013
1,116397,116434,2013-06-25 14:45:00+00:00,2013-06-26 01:00:00+00:00,1275.27,1271.87,0.01,37,-3.400000000000091,0.3997659908835149,-3.7997659908836057,-1.1175782326127952,13.164999999999964,3.8659999999999854,stop,2013
1,116465,116467,2013-06-26 08:45:00+00:00,2013-06-26 09:15:00+00:00,1235.028,1231.0135,0.01,2,-4.014499999999998,0.3637497625567492,-4.378249762556747,-1.0906089830755383,6.054499999999962,0.0,stop,2013
-1,116694,116695,2013-06-28 19:45:00+00:00,2013-06-28 20:00:00+00:00,1228.525,1230.9405,0.01,1,-2.415499999999838,0.4517133163446618,-2.8672133163445,-1.187006133862427,5.2979999999997744,0.0,stop,2013
-1,116699,116700,2013-06-30 22:00:00+00:00,2013-06-30 22:15:00+00:00,1233.885,1235.438,0.01,1,-1.553000000000111,0.6464265790095367,-2.1994265790096477,-1.416243772704115,1.977999999999838,0.0,stop,2013
-1,116726,116729,2013-07-01 04:45:00+00:00,2013-07-01 05:30:00+00:00,1242.857,1245.8235,0.01,3,-2.9664999999999964,0.8128204495586888,-3.779320449558685,-1.273999814447561,5.363000000000056,1.7449999999998909,stop,2013
1,117034,117036,2013-07-04 12:00:00+00:00,2013-07-04 12:30:00+00:00,1249.1785,1246.1135,0.01,2,-3.0650000000000546,0.892258198142768,-3.9572581981428225,-1.2911119732929044,4.119999999999891,1.5164999999999509,stop,2013
1,117094,117103,2013-07-05 09:45:00+00:00,2013-07-05 12:00:00+00:00,1235.8899999999999,1239.3935000000001,0.01,9,3.5035000000002583,0.7848663960036606,2.7186336039965977,0.9407036692030164,2.3649999999997817,7.710000000000036,stop,2013
-1,117405,117416,2013-07-10 18:30:00+00:00,2013-07-10 22:00:00+00:00,1258.4650000000001,1266.167,0.01,11,-7.701999999999772,0.9422819186871274,-8.644281918686898,-1.1223424978819987,11.857499999999845,10.418500000000222,stop,2013
-1,117446,117447,2013-07-11 05:30:00+00:00,2013-07-11 05:45:00+00:00,1286.7765,1290.44,0.01,1,-3.663500000000113,0.6699757466812235,-4.333475746681337,-1.182878598793832,11.50500000000011,0.0,stop,2013
1,117556,117560,2013-07-12 09:45:00+00:00,2013-07-12 10:45:00+00:00,1276.2475,1273.8600000000001,0.01,4,-2.387499999999818,0.4771722012463061,-2.8646722012461243,-1.1998627020927088,3.1704999999999472,1.975500000000011,stop,2013
-1,117750,117758,2013-07-16 12:15:00+00:00,2013-07-16 14:15:00+00:00,1291.7785,1293.8874999999998,0.01,8,-2.1089999999999236,0.5023303104248035,-2.611330310424727,-1.2381841206376585,2.8420000000000982,4.365499999999884,stop,2013
1,117843,117850,2013-07-17 12:30:00+00:00,2013-07-17 14:15:00+00:00,1286.601,1295.2505,0.01,7,8.649499999999989,0.5205881015432019,8.128911898456787,2.775793716392975,0.0,14.067999999999756,stop,2013
-1,118122,118127,2013-07-22 12:45:00+00:00,2013-07-22 14:00:00+00:00,1322.8180000000002,1325.805,0.01,5,-2.9869999999998527,0.47903033052547317,-3.4660303305253257,-1.1603717209660183,5.895499999999629,2.249000000000251,stop,2013
-1,118249,118278,2013-07-23 22:15:00+00:00,2013-07-24 05:30:00+00:00,1344.836,1341.4675000000002,0.01,29,3.3684999999998126,0.5630927650694886,2.805407234930324,1.1141410782090118,1.88149999999996,6.197499999999991,stop,2013
1,118328,118343,2013-07-24 18:00:00+00:00,2013-07-24 22:30:00+00:00,1317.804,1318.9555,0.01,15,1.1514999999999418,0.6081751840813399,0.5433248159186019,0.12558068090109475,1.4790000000002692,5.894999999999982,stop,2013
1,118389,118397,2013-07-25 10:00:00+00:00,2013-07-25 12:00:00+00:00,1312.0645,1319.3565,0.01,8,7.292000000000145,0.4968948901461416,6.795105109854003,4.284429451358101,0.3364999999998872,11.183500000000095,stop,2013
-1,118454,118472,2013-07-26 03:00:00+00:00,2013-07-26 07:30:00+00:00,1338.8485,1335.7949999999998,0.01,18,3.053500000000213,0.5937139120243593,2.4597860879758535,1.409619534656738,0.5715000000000146,5.622000000000071,stop,2013
-1,118579,118596,2013-07-29 11:15:00+00:00,2013-07-29 15:30:00+00:00,1335.4165,1332.3499999999997,0.01,17,3.06650000000036,0.6143460614443805,2.4521539385559796,0.7431895555557173,2.958499999999958,8.77299999999991,stop,2013
1,118926,118929,2013-08-02 05:45:00+00:00,2013-08-02 06:30:00+00:00,1289.205,1285.653,0.01,3,-3.5519999999999072,0.9589025071935213,-4.510902507193428,-1.2699612914396246,4.620499999999993,0.0,stop,2013
1,119053,119054,2013-08-05 14:30:00+00:00,2013-08-05 14:45:00+00:00,1306.9465,1303.6,0.01,1,-3.3465000000001055,0.6160657099904319,-3.962565709990537,-1.1840925474347563,4.288999999999987,0.0,stop,2013
1,119138,119141,2013-08-06 12:30:00+00:00,2013-08-06 13:15:00+00:00,1289.3,1286.3715000000002,0.01,3,-2.928499999999758,0.6317592982255011,-3.560259298225259,-1.2157279488562585,2.968499999999949,2.3514999999999873,stop,2013
1,119182,119184,2013-08-07 00:30:00+00:00,2013-08-07 01:00:00+00:00,1276.935,1274.4875000000002,0.01,2,-2.4474999999997635,0.7264432021373484,-3.173943202137112,-1.2968102970939401,3.2649999999998727,1.6059999999999945,stop,2013
-1,119279,119280,2013-08-08 01:30:00+00:00,2013-08-08 01:45:00+00:00,1290.8015,1292.5335,0.01,1,-1.7319999999999711,0.6057979753566138,-2.337797975356585,-1.3497678841550946,2.9384999999999764,0.0,stop,2013
-1,119368,119369,2013-08-09 00:45:00+00:00,2013-08-09 01:00:00+00:00,1313.29,1314.9569999999999,0.01,1,-1.6669999999999165,0.4571551943143083,-2.1241551943142247,-1.2742382689348117,3.780499999999847,0.3530000000000655,stop,2013
1,119613,119614,2013-08-13 15:45:00+00:00,2013-08-13 16:00:00+00:00,1322.4785,1321.0055,0.01,1,-1.4729999999999563,0.39426671252847617,-1.8672667125284326,-1.2676623981863462,1.9815000000000964,0.0,stop,2013
1,119646,119647,2013-08-14 01:00:00+00:00,2013-08-14 01:15:00+00:00,1320.637,1318.245,0.01,1,-2.3920000000000528,0.4662875606251853,-2.858287560625238,-1.1949362711643707,3.1724999999999,0.0,stop,2013
-1,119881,119898,2013-08-16 13:30:00+00:00,2013-08-16 17:45:00+00:00,1366.6840000000002,1373.3165,0.01,17,-6.63249999999971,0.40055702504577245,-7.0330570250454825,-1.0603930682315552,8.710999999999785,3.949000000000069,stop,2013
-1,119912,119925,2013-08-18 22:15:00+00:00,2013-08-19 01:30:00+00:00,1376.7649999999999,1380.2545,0.01,13,-3.489500000000135,0.6178431034143692,-4.107343103414504,-1.1770577742984223,5.148000000000138,1.4399999999998272,stop,2013
1,120031,120033,2013-08-20 05:00:00+00:00,2013-08-20 05:30:00+00:00,1363.4585,1360.8694999999998,0.01,2,-2.589000000000169,0.36817790549175305,-2.957177905491922,-1.1422085382355074,4.3689999999999145,0.7799999999999727,stop,2013
1,120195,120207,2013-08-21 23:45:00+00:00,2013-08-22 02:45:00+00:00,1357.9540000000002,1363.1429999999998,0.01,12,5.1889999999996235,0.5198021481168758,4.669197851882748,1.5191793889319838,1.43100000000004,10.38149999999996,stop,2013
-1,120356,120363,2013-08-23 16:45:00+00:00,2013-08-23 18:30:00+00:00,1395.8605,1398.9285,0.01,7,-3.0679999999999836,0.4712255793052259,-3.5392255793052096,-1.1535937351060066,3.4874999999999545,1.2614999999998417,stop,2013
1,120447,120468,2013-08-26 16:30:00+00:00,2013-08-26 22:30:00+00:00,1393.979,1401.1245,0.01,21,7.145499999999856,0.4915828429066192,6.653917157093237,1.8930063035826594,2.1539999999999964,11.175500000000056,stop,2013
-1,120477,120495,2013-08-27 00:45:00+00:00,2013-08-27 05:15:00+00:00,1402.8690000000001,1400.7730000000001,0.01,18,2.0960000000000036,0.4402304520096385,1.6557695479903651,0.5154948779546609,0.0,6.983999999999924,stop,2013
1,120683,120686,2013-08-29 06:00:00+00:00,2013-08-29 06:45:00+00:00,1408.975,1406.1390000000001,0.01,3,-2.8359999999997854,0.304659284956238,-3.1406592849560235,-1.1074256999140555,3.7984999999998763,3.7220000000002074,stop,2013
1,120791,120794,2013-08-30 09:45:00+00:00,2013-08-30 10:30:00+00:00,1394.1599999999999,1394.217,0.01,3,0.057000000000243745,0.38964491314087935,-0.3326449131406356,-0.18434187483551376,0.06799999999975626,2.3965000000002874,stop,2013
-1,120958,120972,2013-09-03 09:15:00+00:00,2013-09-03 12:45:00+00:00,1393.29,1398.9125,0.01,14,-5.622499999999945,0.3943239901177434,-6.016823990117689,-1.0701332130044903,8.115000000000009,1.7950000000000728,stop,2013
1,121066,121069,2013-09-04 13:15:00+00:00,2013-09-04 14:00:00+00:00,1394.427,1391.3865,0.01,3,-3.040499999999838,0.31914009949360805,-3.359640099493446,-1.1049630322294441,8.20049999999992,0.9069999999999254,stop,2013
