side,entry_i,exit_i,entry_ts,exit_ts,entry_mid,exit_mid,size_lots,bars_held,gross_pnl,cost,net_pnl,r_multiple,mae,mfe,exit_reason,year
1,694,701,2009-01-05 06:15:00+00:00,2009-01-05 06:50:00+00:00,873.256,872.1374999999999,0.01,7,-1.11850000000004,0.5355487804878096,-1.6540487804878496,-1.478809817154931,1.88900000000001,1.115000000000009,stop,2009
1,1091,1092,2009-01-06 15:25:00+00:00,2009-01-06 15:30:00+00:00,845.5550000000001,843.7935000000001,0.01,1,-1.7614999999999554,0.5471873614190725,-2.308687361419028,-1.3106371623156892,2.188000000000102,0.0,stop,2009
1,2173,2192,2009-01-12 05:05:00+00:00,2009-01-12 06:40:00+00:00,849.299,852.106,0.01,19,2.8070000000000164,0.5438349206349191,2.2631650793650975,1.6125151972676055,0.32600000000002183,3.2229999999999563,target,2009
-1,3355,3363,2009-01-16 07:35:00+00:00,2009-01-16 08:15:00+00:00,820.6020000000001,817.8310000000001,0.01,8,2.770999999999958,0.5420622489959818,2.2289377510039765,1.6087605564807002,0.9869999999998527,2.9450000000001637,target,2009
1,3728,3730,2009-01-19 10:15:00+00:00,2009-01-19 10:25:00+00:00,842.029,840.9475,0.01,2,-1.0815000000000055,0.5521742424242456,-1.633674242424251,-1.5105633309516808,1.1990000000000691,0.07699999999999818,stop,2009
1,5851,5868,2009-01-28 14:45:00+00:00,2009-01-28 16:10:00+00:00,892.5609999999999,889.3544999999999,0.01,17,-3.206500000000005,0.5656897018970222,-3.772189701897027,-1.1764196793691006,4.5639999999999645,5.101000000000113,stop,2009
1,6044,6059,2009-01-29 07:00:00+00:00,2009-01-29 08:15:00+00:00,882.602,881.1905,0.01,15,-1.4114999999999327,0.5378444444444409,-1.9493444444443737,-1.3810445940095406,3.7819999999999254,1.9519999999999982,stop,2009
1,6990,6991,2009-02-03 09:20:00+00:00,2009-02-03 09:25:00+00:00,902.824,901.3095000000001,0.01,1,-1.5144999999998845,0.5079766666666652,-2.0224766666665497,-1.3354088257951164,1.5739999999999554,0.0,stop,2009
-1,8766,8778,2009-02-11 08:55:00+00:00,2009-02-11 09:55:00+00:00,918.201,919.484,0.01,12,-1.2830000000000155,0.5420373563218441,-1.8250373563218596,-1.4224765053170987,2.1569999999999254,2.314000000000078,stop,2009
1,11255,11258,2009-02-23 15:50:00+00:00,2009-02-23 16:05:00+00:00,989.797,988.0269999999999,0.01,3,-1.7700000000000955,0.5360875139353452,-2.3060875139354406,-1.3028743016583708,3.772000000000048,1.9789999999999281,stop,2009
1,12906,12922,2009-03-03 05:05:00+00:00,2009-03-03 06:25:00+00:00,923.1310000000001,928.8290000000002,0.01,16,5.698000000000093,0.5472889610389688,5.1507110389611235,1.8079013825767074,0.7460000000000946,6.107999999999947,target,2009
1,14231,14232,2009-03-09 14:35:00+00:00,2009-03-09 14:40:00+00:00,927.511,926.2299999999999,0.01,1,-1.2810000000000628,0.5283302707930309,-1.8093302707930936,-1.4124358085815807,1.5960000000000036,0.25900000000001455,stop,2009
1,14518,14521,2009-03-10 14:35:00+00:00,2009-03-10 14:50:00+00:00,902.3969999999999,900.43,0.01,3,-1.9669999999999848,0.5593591758708547,-2.5263591758708395,-1.2843717213374983,2.3070000000000164,1.178000000000111,stop,2009
-1,15036,15044,2009-03-12 09:50:00+00:00,2009-03-12 10:30:00+00:00,912.483,913.7819999999999,0.01,8,-1.2989999999999782,0.5599236947791209,-1.858923694779099,-1.4310421052957123,1.68100000000004,1.356999999999971,stop,2009
1,15620,15628,2009-03-16 05:05:00+00:00,2009-03-16 05:45:00+00:00,925.395,924.504,0.01,8,-0.8909999999999627,0.5525858732462419,-1.4435858732462046,-1.6201861652595566,1.143000000000029,0.375,stop,2009
-1,16829,16832,2009-03-20 09:55:00+00:00,2009-03-20 10:10:00+00:00,960.865,958.4159999999999,0.01,3,2.449000000000069,0.5483387445887417,1.9006612554113276,1.5521937569712323,0.10300000000006548,3.288000000000011,target,2009
-1,17185,17187,2009-03-23 10:15:00+00:00,2009-03-23 10:25:00+00:00,952.024,953.5704999999999,0.01,2,-1.5464999999999236,0.5417699943278526,-2.088269994327776,-1.3503200739268537,1.5559999999999263,0.07299999999997908,stop,2009
1,17458,17463,2009-03-24 09:05:00+00:00,2009-03-24 09:30:00+00:00,934.207,936.6779999999998,0.01,5,2.4709999999997763,0.5572515856236739,1.9137484143761023,1.5489667457517406,0.0,3.336999999999989,target,2009
-1,18101,18119,2009-03-26 14:45:00+00:00,2009-03-26 16:15:00+00:00,937.719,940.481,0.01,18,-2.7619999999999436,0.5423011329755467,-3.3043011329754903,-1.196343639744952,3.213999999999942,0.7620000000000573,stop,2009
-1,18601,18605,2009-03-30 05:05:00+00:00,2009-03-30 05:25:00+00:00,923.939,925.5095,0.01,4,-1.5705000000000382,0.5346444811905733,-2.1051444811906115,-1.3404294690802676,2.7490000000000236,0.27099999999995816,stop,2009
-1,20785,20790,2009-04-08 14:40:00+00:00,2009-04-08 15:05:00+00:00,885.076,886.4075,0.01,5,-1.3315000000000055,0.5233159090909028,-1.8548159090909082,-1.3930273444167485,2.2380000000000564,2.41700000000003,stop,2009
1,21072,21086,2009-04-09 14:35:00+00:00,2009-04-09 15:45:00+00:00,878.579,881.557,0.01,14,2.9780000000000655,0.5537302371541535,2.424269762845912,1.6281193840469166,0.890999999999849,3.3430000000000746,target,2009
1,22835,22836,2009-04-17 14:35:00+00:00,2009-04-17 14:40:00+00:00,867.8810000000001,866.8885,0.01,1,-0.9925000000000637,0.5534970029970063,-1.54599700299707,-1.557679599996948,1.4620000000001028,0.543999999999869,stop,2009
-1,23058,23081,2009-04-20 05:05:00+00:00,2009-04-20 07:00:00+00:00,868.775,869.9195000000001,0.01,23,-1.1445000000001073,0.5688350153576027,-1.71333501535771,-1.497016177682437,1.2440000000000282,1.4589999999999463,stop,2009
-1,24324,24331,2009-04-24 14:35:00+00:00,2009-04-24 15:10:00+00:00,907.7059999999999,910.1189999999999,0.01,7,-2.413000000000011,0.5455327993897814,-2.9585327993897925,-1.2260807291296225,2.5090000000000146,3.1629999999998972,stop,2009
-1,24634,24640,2009-04-27 10:05:00+00:00,2009-04-27 10:35:00+00:00,912.5519999999999,914.2004999999999,0.01,6,-1.6485000000000127,0.5384190283400867,-2.1869190283400997,-1.3266114821595891,1.6490000000001146,0.599999999999909,stop,2009
-1,27033,27057,2009-05-07 14:40:00+00:00,2009-05-07 16:40:00+00:00,913.357,914.9955,0.01,24,-1.6385000000000218,0.5406722488038345,-2.179172248803856,-1.3299800114762448,2.0440000000000964,3.0579999999999927,stop,2009
1,27323,27337,2009-05-08 14:55:00+00:00,2009-05-08 16:05:00+00:00,909.8330000000001,907.945,0.01,14,-1.8880000000000337,0.5671306689342435,-2.4551306689342773,-1.3003870068507593,2.130000000000109,1.655999999999949,stop,2009
1,27556,27564,2009-05-11 06:05:00+00:00,2009-05-11 06:45:00+00:00,916.366,915.3675,0.01,8,-0.9985000000000355,0.5476635254988853,-1.5461635254989208,-1.5484862548811877,1.15300000000002,0.7149999999999181,stop,2009
-1,27945,27951,2009-05-12 14:35:00+00:00,2009-05-12 15:05:00+00:00,917.193,919.884,0.01,6,-2.691000000000031,0.5555164251207685,-3.2465164251207996,-1.2064349405874255,3.5119999999999436,1.5789999999999509,stop,2009
-1,28181,28188,2009-05-13 10:15:00+00:00,2009-05-13 10:50:00+00:00,923.6880000000001,921.127,0.01,7,2.561000000000149,0.5314760505436396,2.0295239494565096,1.5849464657996029,0.4759999999998854,2.77800000000002,target,2009
1,29171,29176,2009-05-18 14:35:00+00:00,2009-05-18 15:00:00+00:00,921.385,924.28,0.01,5,2.894999999999982,0.5828930717568044,2.3121069282431774,1.5973104858329479,0.1029999999999518,3.1130000000000564,target,2009
1,30695,30702,2009-05-25 15:35:00+00:00,2009-05-25 16:10:00+00:00,956.8889999999999,959.0409999999997,0.01,7,2.1519999999998163,0.5129440559440496,1.6390559440557668,1.5232861933605082,0.2699999999999818,2.6100000000001273,target,2009
1,31429,31434,2009-05-28 05:05:00+00:00,2009-05-28 05:30:00+00:00,946.433,947.8139999999999,0.01,5,1.3809999999998581,0.5337597560975609,0.8472402439022972,1.2269952844350243,0.0,1.4790000000000418,target,2009
1,33589,33590,2009-06-08 07:05:00+00:00,2009-06-08 07:10:00+00:00,955.671,954.3895,0.01,1,-1.281500000000051,0.5430751341681546,-1.8245751341682055,-1.4237808304082193,3.8910000000000764,0.0,stop,2009
1,36871,36872,2009-06-23 08:10:00+00:00,2009-06-23 08:15:00+00:00,917.8620000000001,916.9720000000002,0.01,1,-0.8899999999998727,0.48807386363635946,-1.3780738636362322,-1.5483975995914936,1.6270000000000664,0.0,stop,2009
-1,37236,37238,2009-06-24 14:35:00+00:00,2009-06-24 14:45:00+00:00,936.748,938.8695,0.01,2,-2.121499999999969,0.5190138888888965,-2.6405138888888655,-1.244644774399672,2.312999999999988,0.0,stop,2009
1,38092,38100,2009-06-29 09:30:00+00:00,2009-06-29 10:10:00+00:00,937.7180000000001,940.6109999999999,0.01,8,2.8929999999998017,0.5590527571580075,2.333947242841794,1.613513475867234,0.0,3.6399999999998727,target,2009
-1,38362,38394,2009-06-30 08:00:00+00:00,2009-06-30 10:40:00+00:00,942.417,939.8310000000002,0.01,32,2.5859999999997854,0.5366206733048793,2.049379326694906,1.5849801443890765,0.14999999999997726,2.702000000000112,target,2009
1,40168,40171,2009-07-08 08:10:00+00:00,2009-07-08 08:25:00+00:00,920.562,919.2465000000001,0.01,3,-1.315499999999929,0.5302525510204057,-1.8457525510203348,-1.4030806165111624,2.006999999999948,0.13900000000001,stop,2009
1,41180,41195,2009-07-13 14:35:00+00:00,2009-07-13 15:50:00+00:00,910.702,913.5849999999998,0.01,15,2.882999999999811,0.5531403743315504,2.32985962566826,1.6162744541577614,1.4210000000000491,3.519999999999982,target,2009
-1,41662,41689,2009-07-15 06:50:00+00:00,2009-07-15 09:05:00+00:00,928.311,929.221,0.01,27,-0.9099999999999682,0.5485240036231793,-1.4585240036231475,-1.6027736303551632,1.5969999999998663,1.25100000000009,stop,2009
1,44733,44741,2009-07-29 14:35:00+00:00,2009-07-29 15:15:00+00:00,930.212,928.6175000000001,0.01,8,-1.5944999999999254,0.5764608242753682,-2.1709608242752934,-1.3615307772188114,4.548999999999978,1.913000000000011,stop,2009
1,45539,45545,2009-08-03 05:05:00+00:00,2009-08-03 05:35:00+00:00,954.351,953.3725000000001,0.01,6,-0.97849999999994,0.5471632135306631,-1.5256632135306032,-1.5591857062143044,0.9789999999999281,0.18899999999996453,stop,2009
1,47121,47136,2009-08-10 10:30:00+00:00,2009-08-10 11:45:00+00:00,953.7349999999999,952.6144999999999,0.01,15,-1.1204999999999927,0.5487424812030106,-1.6692424812030033,-1.4897300144605214,2.477999999999952,1.0690000000000737,stop,2009
1,48339,48504,2009-08-14 16:10:00+00:00,2009-08-17 01:10:00+00:00,945.757,943.9369999999999,0.01,165,-1.82000000000005,0.5475307971014391,-2.367530797101489,-1.3008410973084747,2.5990000000000464,2.7930000000000064,stop,2009
1,50046,50071,2009-08-24 05:25:00+00:00,2009-08-24 07:30:00+00:00,953.1220000000001,952.33,0.01,25,-0.79200000000003,0.5272739212007576,-1.3192739212007876,-1.6657499005059817,0.8770000000000664,1.2239999999999327,stop,2009
-1,51533,51616,2009-08-31 05:05:00+00:00,2009-08-31 12:00:00+00:00,955.1120000000001,952.5040000000001,0.01,83,2.6079999999999472,0.5684648526077074,2.0395351473922396,1.5640606958529761,0.35999999999989996,2.80600000000004,target,2009
-1,53313,53325,2009-09-08 05:05:00+00:00,2009-09-08 06:05:00+00:00,996.9110000000001,998.4530000000001,0.01,12,-1.54200000000003,0.5565095307917935,-2.098509530791824,-1.360901122433063,2.1399999999998727,0.5190000000000055,stop,2009
1,57534,57570,2009-09-28 05:05:00+00:00,2009-09-28 08:05:00+00:00,988.226,986.5225,0.01,36,-1.7034999999999627,0.5508636363636394,-2.2543636363636024,-1.3233716679563556,2.2830000000000155,2.9740000000000464,stop,2009
-1,58222,58223,2009-09-30 14:35:00+00:00,2009-09-30 14:40:00+00:00,997.011,998.753,0.01,1,-1.7420000000000755,0.5084406130268138,-2.250440613026889,-1.2918717640796737,2.3559999999999945,0.0,stop,2009
-1,59719,59725,2009-10-07 15:05:00+00:00,2009-10-07 15:35:00+00:00,1044.134,1041.969,0.01,6,2.1649999999999636,0.5748288461538409,1.5901711538461227,1.4689802806892835,0.41399999999998727,2.269999999999982,target,2009
-1,60001,60002,2009-10-08 14:35:00+00:00,2009-10-08 14:40:00+00:00,1048.212,1049.7974999999997,0.01,1,-1.5854999999996837,0.5582298017657944,-2.143729801765478,-1.3520843908961877,1.6799999999998363,0.0,stop,2009
1,60519,60527,2009-10-12 05:50:00+00:00,2009-10-12 06:30:00+00:00,1049.5810000000001,1047.6525000000001,0.01,8,-1.9284999999999854,0.5618640109889999,-2.4903640109889853,-1.2913476852419,2.4090000000001055,0.2319999999999709,stop,2009
-1,60915,60925,2009-10-13 14:55:00+00:00,2009-10-13 15:45:00+00:00,1059.821,1062.2514999999999,0.01,10,-2.430499999999938,0.5518524590163918,-2.98235245901633,-1.2270530586366615,2.566000000000031,2.0429999999998927,stop,2009
-1,61110,61125,2009-10-14 07:15:00+00:00,2009-10-14 08:30:00+00:00,1068.5430000000001,1064.4010000000003,0.01,15,4.141999999999825,0.5386538593481929,3.6033461406516327,1.739906393361557,0.33599999999978536,4.33600000000024,target,2009
1,62024,62081,2009-10-19 07:30:00+00:00,2009-10-19 12:15:00+00:00,1054.037,1052.5759999999998,0.01,57,-1.46100000000024,0.5020059523809502,-1.9630059523811902,-1.3436043479677398,1.5920000000000982,2.4149999999999636,stop,2009
-1,63195,63229,2009-10-23 09:20:00+00:00,2009-10-23 12:10:00+00:00,1061.3110000000001,1058.8019999999997,0.01,34,2.5090000000004693,0.5654736346516049,1.9435263653488644,1.5492438145464336,0.9369999999998981,2.9390000000003056,target,2009
1,63522,63531,2009-10-26 06:30:00+00:00,2009-10-26 07:15:00+00:00,1055.4119999999998,1053.7565,0.01,9,-1.6554999999998474,0.560377683799608,-2.215877683799455,-1.338494523587834,2.3929999999998017,1.415000000000191,stop,2009
1,63907,63912,2009-10-27 14:35:00+00:00,2009-10-27 15:00:00+00:00,1037.467,1036.096,0.01,5,-1.3710000000000946,0.5538242705570391,-1.9248242705571337,-1.4039564336666672,1.469000000000051,1.9389999999998508,stop,2009
1,64199,64203,2009-10-28 14:55:00+00:00,2009-10-28 15:15:00+00:00,1032.3899999999999,1034.638,0.01,4,2.2480000000000473,0.5451784922394887,1.7028215077605586,1.5149657542353405,0.6999999999998181,2.553000000000111,target,2009
-1,66272,66274,2009-11-06 14:35:00+00:00,2009-11-06 14:45:00+00:00,1095.1509999999998,1098.502,0.01,2,-3.3510000000001128,0.5297384305835285,-3.880738430583641,-1.1580836856411552,4.381000000000313,0.0,stop,2009
1,70978,70979,2009-11-30 05:05:00+00:00,2009-11-30 05:10:00+00:00,1177.106,1175.9850000000001,0.01,1,-1.1209999999998672,0.553380434782601,-1.6743804347824682,-1.4936489159524233,6.205999999999904,0.0,stop,2009
-1,71554,71558,2009-12-02 05:05:00+00:00,2009-12-02 05:25:00+00:00,1212.403,1213.873,0.01,4,-1.4700000000000273,0.5561504347825875,-2.0261504347826147,-1.378333629103794,2.7690000000000055,0.5099999999999909,stop,2009
-1,71857,71860,2009-12-03 06:20:00+00:00,2009-12-03 06:35:00+00:00,1216.577,1218.7445,0.01,3,-2.167500000000018,0.5527045001991133,-2.7202045001991317,-1.254996309203741,2.4249999999999545,0.038000000000010914,stop,2009
1,72170,72172,2009-12-04 08:25:00+00:00,2009-12-04 08:35:00+00:00,1204.951,1203.0475000000001,0.01,2,-1.9034999999998945,0.5497330121703834,-2.453233012170278,-1.288801162159398,2.2670000000000528,0.7730000000001382,stop,2009
-1,72757,72760,2009-12-08 05:05:00+00:00,2009-12-08 05:20:00+00:00,1164.1,1162.2249999999995,0.01,3,1.8750000000004547,0.5435136363636339,1.3314863636368208,1.4202521212122645,0.10400000000004184,2.3659999999999854,target,2009
1,75506,75538,2009-12-21 09:40:00+00:00,2009-12-21 12:20:00+00:00,1112.912,1116.0330000000001,0.01,32,3.1210000000000946,0.5114733333333419,2.6095266666667527,1.6722375307059747,0.7329999999999472,3.2200000000000273,target,2009
1,75853,75854,2009-12-22 14:35:00+00:00,2009-12-22 14:40:00+00:00,1090.423,1087.1070000000002,0.01,1,-3.315999999999804,0.5178678861788562,-3.83386788617866,-1.1561724626594954,3.4179999999998927,0.0,stop,2009
1,77343,77347,2009-12-29 15:30:00+00:00,2009-12-29 15:50:00+00:00,1102.229,1100.452,0.01,4,-1.7770000000000439,0.5441636271529771,-2.321163627153021,-1.3062260141547348,1.8230000000000928,1.8149999999998272,stop,2009
-1,78820,78821,2010-01-05 15:10:00+00:00,2010-01-05 15:15:00+00:00,1122.6419999999998,1124.5584999999996,0.01,1,-1.9164999999998145,0.569922077922068,-2.4864220779218824,-1.297376508177471,3.0800000000001546,0.0,stop,2010
-1,80907,80915,2010-01-14 16:35:00+00:00,2010-01-14 17:15:00+00:00,1136.7359999999999,1139.009,0.01,8,-2.2730000000001382,0.5610977272727153,-2.8340977272728534,-1.2468533775946682,2.994000000000142,2.3449999999998,stop,2010
1,81188,81189,2010-01-15 16:00:00+00:00,2010-01-15 16:05:00+00:00,1131.2040000000002,1132.9260000000004,0.01,1,1.7220000000002074,0.5591761363636252,1.1628238636365822,1.3505503642699677,0.0,1.806999999999789,target,2010
1,82377,82380,2010-01-21 15:05:00+00:00,2010-01-21 15:20:00+00:00,1107.1129999999998,1105.8400000000001,0.01,3,-1.2729999999996835,0.5757901315789653,-1.8487901315786488,-1.4523096084674851,4.323999999999842,2.00200000000018,stop,2010
1,84419,84421,2010-02-01 06:55:00+00:00,2010-02-01 07:05:00+00:00,1080.4,1082.7709999999997,0.01,2,2.37099999999964,0.561125811103083,1.8098741888965568,1.5266758236160538,0.2510000000002037,2.4099999999998545,target,2010
1,85663,85672,2010-02-05 14:35:00+00:00,2010-02-05 15:20:00+00:00,1058.574,1053.1695,0.01,9,-5.404500000000098,0.5529438802496565,-5.9574438802497545,-1.102311755065158,5.572000000000116,2.3519999999998618,stop,2010
-1,85892,85918,2010-02-08 05:05:00+00:00,2010-02-08 07:15:00+00:00,1066.911,1068.088,0.01,26,-1.1769999999999072,0.5615291871249091,-1.7385291871248163,-1.477085120751872,1.3220000000001164,2.012000000000171,stop,2010
-1,86878,86882,2010-02-11 15:15:00+00:00,2010-02-11 15:35:00+00:00,1078.867,1081.7989999999998,0.01,4,-2.931999999999789,0.5588335095137462,-3.490833509513535,-1.1905980591793268,2.9500000000000455,1.97199999999998,stop,2010
1,87378,87387,2010-02-15 06:50:00+00:00,2010-02-15 07:35:00+00:00,1091.894,1093.4260000000002,0.01,9,1.5320000000001528,0.5888753454947324,0.9431246545054204,1.231233230424708,0.30600000000004,1.6649999999999636,target,2010
-1,88045,88057,2010-02-17 14:45:00+00:00,2010-02-17 15:45:00+00:00,1121.675,1115.2539999999997,0.01,12,6.4210000000002765,0.5079705561072485,5.913029443893028,1.8417783659532077,1.2709999999999582,6.535999999999831,target,2010
1,89249,89250,2010-02-23 14:35:00+00:00,2010-02-23 14:40:00+00:00,1110.5430000000001,1109.0360000000003,0.01,1,-1.5069999999998345,0.5499566481062177,-2.056956648106052,-1.3649347366332303,2.1970000000001164,0.0,stop,2010
-1,90006,90023,2010-02-26 05:40:00+00:00,2010-02-26 07:05:00+00:00,1108.641,1109.857,0.01,17,-1.2159999999998945,0.5526564885496158,-1.7686564885495102,-1.4544872438730787,1.3289999999999509,0.9690000000000509,stop,2010
1,90342,90367,2010-03-01 05:05:00+00:00,2010-03-01 07:10:00+00:00,1117.038,1116.185,0.01,25,-0.8530000000000655,0.6115091575091449,-1.4645091575092104,-1.7168923300223893,0.8910000000000764,1.4920000000001892,stop,2010
-1,91947,91949,2010-03-08 14:35:00+00:00,2010-03-08 14:45:00+00:00,1135.558,1132.5120000000002,0.01,2,3.0459999999998217,0.6120129038134581,2.433987096186364,1.5981530506805688,0.0,5.364000000000033,target,2010
-1,92523,92538,2010-03-10 14:35:00+00:00,2010-03-10 15:50:00+00:00,1122.633,1125.4355000000003,0.01,15,-2.8025000000002365,0.6076930421533715,-3.410193042153608,-1.2168396225346372,3.064999999999827,3.8460000000000036,stop,2010
1,92820,92829,2010-03-11 15:20:00+00:00,2010-03-11 16:05:00+00:00,1105.224,1103.594,0.01,9,-1.629999999999882,0.5516241474850778,-2.1816241474849596,-1.3384197223835077,2.5930000000000746,2.9680000000000746,stop,2010
-1,93103,93104,2010-03-12 14:55:00+00:00,2010-03-12 15:00:00+00:00,1109.7939999999999,1105.9189999999999,0.01,1,3.875,0.4881367965367825,3.3868632034632173,1.7480584275939186,0.0,3.939999999999827,target,2010
1,94838,94878,2010-03-22 06:15:00+00:00,2010-03-22 09:35:00+00:00,1106.464,1104.9914999999999,0.01,40,-1.4725000000000819,0.575363992172216,-2.0478639921722976,-1.3907395532578497,1.9909999999999854,1.31899999999996,stop,2010
1,95514,95515,2010-03-24 14:35:00+00:00,2010-03-24 14:40:00+00:00,1092.716,1091.7355,0.01,1,-0.9804999999998928,0.4593013495109583,-1.439801349510851,-1.4684358485578872,1.37299999999982,0.0,stop,2010
-1,96090,96093,2010-03-26 14:35:00+00:00,2010-03-26 14:50:00+00:00,1095.321,1096.4409999999998,0.01,3,-1.1199999999998909,0.5119948236532725,-1.6319948236531634,-1.4571382354047522,2.2710000000001855,1.768000000000029,stop,2010
-1,99083,99084,2010-04-09 14:40:00+00:00,2010-04-09 14:45:00+00:00,1155.2060000000001,1157.7625000000003,0.01,1,-2.556500000000142,0.4773794852986119,-3.033879485298754,-1.186731658634299,3.9909999999999854,0.0,stop,2010
-1,99432,99433,2010-04-12 14:35:00+00:00,2010-04-12 14:40:00+00:00,1160.806,1161.7820000000002,0.01,1,-0.9760000000001127,0.46395510437517334,-1.439955104375286,-1.475363836449918,1.3139999999998508,0.7789999999999964,stop,2010
1,100825,100826,2010-04-19 06:55:00+00:00,2010-04-19 07:00:00+00:00,1134.1390000000001,1132.1190000000001,0.01,1,-2.019999999999982,0.6410115523916633,-2.661011552391645,-1.3173324516790441,2.3099999999999454,0.0,stop,2010
-1,102717,102721,2010-04-27 15:40:00+00:00,2010-04-27 16:00:00+00:00,1159.028,1162.0395,0.01,4,-3.011500000000069,0.5634034482758656,-3.5749034482759345,-1.187083994114512,3.0909999999998945,2.6569999999999254,stop,2010
-1,103486,103489,2010-04-30 07:50:00+00:00,2010-04-30 08:05:00+00:00,1170.963,1172.1595,0.01,3,-1.1965000000000146,0.6083115808990556,-1.8048115808990701,-1.5084091775169646,1.44600000000014,0.10299999999983811,stop,2010
1,104409,104414,2010-05-05 07:50:00+00:00,2010-05-05 08:15:00+00:00,1165.583,1167.3980000000001,0.01,5,1.8150000000000548,0.5581624999999788,1.256837500000076,1.384944903581309,0.7780000000002474,4.033999999999878,target,2010
-1,105926,105928,2010-05-12 08:55:00+00:00,2010-05-12 09:05:00+00:00,1234.385,1236.091,0.01,2,-1.7059999999999038,0.46912374429223586,-2.1751237442921396,-1.2749846097844444,3.0139999999998963,1.1730000000000018,stop,2010
-1,106859,106866,2010-05-17 09:45:00+00:00,2010-05-17 10:20:00+00:00,1232.752,1229.8890000000001,0.01,7,2.862999999999829,0.5550419099843344,2.307958090015495,1.6122655186976127,1.1669999999999163,4.3559999999999945,target,2010
1,107721,107727,2010-05-20 09:35:00+00:00,2010-05-20 10:05:00+00:00,1186.839,1185.3165000000001,0.01,6,-1.522499999999809,0.4667507331378285,-1.9892507331376375,-1.306568626034737,2.0270000000000437,0.2800000000002001,stop,2010
1,107956,107959,2010-05-21 05:10:00+00:00,2010-05-21 05:25:00+00:00,1174.129,1175.9160000000002,0.01,3,1.787000000000262,0.5595223820943261,1.2274776179059357,1.3737858062739292,0.2059999999999036,2.1159999999999854,target,2010
-1,108730,108755,2010-05-25 16:25:00+00:00,2010-05-25 18:30:00+00:00,1197.473,1199.5155,0.01,25,-2.042500000000018,0.5812698715723703,-2.6237698715723887,-1.2845874524222107,2.086999999999989,2.661000000000058,stop,2010
-1,108882,108889,2010-05-26 05:05:00+00:00,2010-05-26 05:40:00+00:00,1205.385,1206.9835,0.01,7,-1.5985000000000582,0.60398115942029,-2.202481159420348,-1.377842451936358,1.61200000000008,1.321999999999889,stop,2010
1,109820,109829,2010-05-31 05:55:00+00:00,2010-05-31 06:40:00+00:00,1212.987,1211.8314999999998,0.01,9,-1.155500000000302,0.6005590361445754,-1.7560590361448773,-1.5197395379873808,1.57100000000014,0.37400000000002365,stop,2010
-1,110101,110112,2010-06-01 05:20:00+00:00,2010-06-01 06:15:00+00:00,1218.576,1219.9715,0.01,11,-1.3955000000000837,0.5250673346261707,-1.9205673346262544,-1.376257495253414,1.5599999999999454,0.9729999999999563,stop,2010
1,111075,111089,2010-06-04 14:35:00+00:00,2010-06-04 15:45:00+00:00,1203.903,1209.3679999999993,0.01,14,5.464999999999236,0.5900414141414181,4.874958585857818,1.7840653562153703,1.0800000000001546,6.814000000000078,target,2010
1,112007,112008,2010-06-09 15:00:00+00:00,2010-06-09 15:05:00+00:00,1228.394,1226.7750000000003,0.01,1,-1.618999999999687,0.5441021258503371,-2.163102125850024,-1.3360729622300447,5.567000000000007,0.0,stop,2010
1,112224,112229,2010-06-10 09:05:00+00:00,2010-06-10 09:30:00+00:00,1221.937,1220.3604999999998,0.01,5,-1.5765000000001237,0.46434816338777063,-2.0408481633878943,-1.2945437129005608,1.7729999999999109,0.4490000000000691,stop,2010
1,112923,112925,2010-06-14 14:35:00+00:00,2010-06-14 14:45:00+00:00,1219.869,1218.328,0.01,2,-1.54099999999994,0.46114091654818196,-2.002140916548122,-1.2992478368255678,2.507999999999811,0.8330000000000837,stop,2010
-1,114426,114438,2010-06-21 14:55:00+00:00,2010-06-21 15:55:00+00:00,1255.7420000000002,1251.9969999999998,0.01,12,3.745000000000346,0.5078882970390144,3.2371117029613314,1.728764594371713,0.3739999999997963,4.121000000000095,target,2010
1,115011,115069,2010-06-23 15:40:00+00:00,2010-06-23 20:30:00+00:00,1231.1860000000001,1237.0989999999997,0.01,58,5.912999999999556,0.5856084756325575,5.327391524366998,1.8019250885734477,1.5540000000000873,6.0219999999999345,target,2010
1,115919,115920,2010-06-28 14:50:00+00:00,2010-06-28 14:55:00+00:00,1250.452,1249.1725000000001,0.01,1,-1.2794999999998709,0.4710961103572986,-1.7505961103571694,-1.368187659521177,3.859000000000151,0.0,stop,2010
1,116203,116205,2010-06-29 14:35:00+00:00,2010-06-29 14:45:00+00:00,1234.379,1232.201,0.01,2,-2.1779999999998836,0.5562750035873023,-2.734275003587186,-1.2554063377352305,3.175999999999931,0.0,stop,2010
1,120276,120279,2010-07-19 05:05:00+00:00,2010-07-19 05:20:00+00:00,1192.463,1191.354,0.01,3,-1.1089999999999236,0.607917547568714,-1.7169175475686376,-1.5481673107022145,1.127999999999929,0.0,stop,2010
1,121164,121182,2010-07-22 07:15:00+00:00,2010-07-22 08:45:00+00:00,1184.1570000000002,1187.281,0.01,18,3.1239999999997963,0.5556551251008799,2.5683448748989166,1.6442668853387221,0.2560000000000855,3.7259999999998854,target,2010
1,121888,121894,2010-07-26 14:35:00+00:00,2010-07-26 15:05:00+00:00,1182.984,1181.057,0.01,6,-1.9269999999999072,0.5335960815078504,-2.4605960815077577,-1.2769050760289964,3.38799999999992,0.11799999999993815,stop,2010
-1,122757,122760,2010-07-29 15:00:00+00:00,2010-07-29 15:15:00+00:00,1165.406,1162.9629999999997,0.01,3,2.443000000000211,0.5528295693849405,1.8901704306152705,1.5474174626402843,0.0,3.089999999999918,target,2010
1,123403,123404,2010-08-02 15:45:00+00:00,2010-08-02 15:50:00+00:00,1180.8319999999999,1178.9069999999997,0.01,1,-1.9250000000001817,0.5562433815350372,-2.4812433815352186,-1.2889576007973944,2.05399999999986,0.0,stop,2010
-1,124776,124783,2010-08-09 05:05:00+00:00,2010-08-09 05:40:00+00:00,1206.626,1207.786,0.01,7,-1.1600000000000819,0.6543293952180018,-1.8143293952180837,-1.5640770648430653,1.272000000000162,0.25699999999983447,stop,2010
1,126870,126897,2010-08-18 08:20:00+00:00,2010-08-18 10:35:00+00:00,1222.177,1223.9910000000002,0.01,27,1.8140000000003056,0.5911619047619168,1.2228380952383888,1.3482228172416568,0.9039999999999964,1.8350000000002638,target,2010
-1,127252,127452,2010-08-19 16:15:00+00:00,2010-08-20 09:00:00+00:00,1231.855,1230.5,0.01,200,1.3550000000000182,0.5191025925925934,0.8358974074074248,0.41167072514527836,1.7840000000001055,2.644999999999982,time_stop,2010
-1,127803,127810,2010-08-23 08:55:00+00:00,2010-08-23 09:30:00+00:00,1228.156,1226.5259999999998,0.01,7,1.6300000000001091,0.5530470650742183,1.0769529349258908,1.3214146440807593,0.0,2.1469999999999345,target,2010
-1,128629,128648,2010-08-26 05:45:00+00:00,2010-08-26 07:20:00+00:00,1241.2240000000002,1242.288,0.01,19,-1.0639999999998508,0.5939532163742625,-1.6579532163741133,-1.558226707118746,1.431999999999789,1.9920000000001892,stop,2010
1,129232,129326,2010-08-30 05:05:00+00:00,2010-08-30 12:55:00+00:00,1235.6399999999999,1233.7659999999998,0.01,94,-1.8740000000000236,0.5632525862068989,-2.4372525862069225,-1.3005616788724075,2.286999999999807,1.8050000000000637,stop,2010
-1,131422,131622,2010-09-08 14:40:00+00:00,2010-09-09 07:20:00+00:00,1257.399,1253.5700000000002,0.01,200,3.8289999999997235,0.5300662768031229,3.2989337231966007,1.1464582878180845,2.755000000000109,4.699999999999818,time_stop,2010
-1,132237,132258,2010-09-13 07:25:00+00:00,2010-09-13 09:10:00+00:00,1245.68,1242.99,0.01,21,2.6900000000000546,0.5037522317499452,2.1862477682501096,1.625463024721238,0.3149999999998272,2.8360000000000127,target,2010
-1,136473,136478,2010-10-01 14:35:00+00:00,2010-10-01 15:00:00+00:00,1317.9470000000001,1319.0705000000003,0.01,5,-1.1235000000001492,0.5538404298271935,-1.6773404298273427,-1.4929598841362883,1.625,1.6990000000000691,stop,2010
-1,136736,136752,2010-10-04 08:05:00+00:00,2010-10-04 09:25:00+00:00,1317.767,1315.8619999999999,0.01,16,1.9050000000002003,0.5517377588453471,1.3532622411548532,1.4207477597424787,0.59699999999998,1.9179999999998927,target,2010
-1,138294,138296,2010-10-11 14:35:00+00:00,2010-10-11 14:45:00+00:00,1349.478,1346.7760000000003,0.01,2,2.701999999999771,0.46309939455877297,2.238900605440998,1.657217324530857,0.0,4.543999999999869,target,2010
-1,139157,139168,2010-10-14 14:35:00+00:00,2010-10-14 15:30:00+00:00,1376.537,1371.171,0.01,11,5.3659999999999854,0.5703988081660589,4.795601191833926,1.7874026059761234,1.509999999999991,6.07100000000014,target,2010
1,139464,139485,2010-10-15 16:10:00+00:00,2010-10-15 17:55:00+00:00,1368.403,1365.9515,0.01,21,-2.4515000000001237,0.6049545661792854,-3.056454566179409,-1.2467691479417724,2.5870000000002165,4.192999999999984,stop,2010
1,141876,141881,2010-10-27 14:35:00+00:00,2010-10-27 15:00:00+00:00,1324.92,1322.3225,0.01,5,-2.597500000000082,0.4990808645229313,-3.096580864523013,-1.1921389276315362,3.8780000000001564,1.4789999999998145,stop,2010
-1,143971,143977,2010-11-05 16:35:00+00:00,2010-11-05 17:05:00+00:00,1391.9989999999998,1394.976,0.01,6,-2.9770000000003165,0.5926353074127737,-3.5696353074130904,-1.199071315892748,3.953000000000202,1.7549999999996544,stop,2010
1,144285,144288,2010-11-08 16:40:00+00:00,2010-11-08 16:55:00+00:00,1395.772,1399.5300000000002,0.01,3,3.758000000000266,0.5562058212058201,3.201794178794446,1.7039883867984136,0.0,5.471000000000004,target,2010
-1,145614,145622,2010-11-15 05:05:00+00:00,2010-11-15 05:45:00+00:00,1369.4279999999999,1367.4959999999996,0.01,8,1.932000000000244,0.6076135222381644,1.3243864777620795,1.371000494577549,0.6759999999999309,2.140999999999849,target,2010
1,146014,146017,2010-11-16 14:35:00+00:00,2010-11-16 14:50:00+00:00,1352.954,1350.0649999999998,0.01,3,-2.8890000000001237,0.45440664889597343,-3.343406648896097,-1.1572885596732274,3.660999999999831,2.5599999999999454,stop,2010
-1,146475,146481,2010-11-18 05:05:00+00:00,2010-11-18 05:35:00+00:00,1349.798,1351.2785000000001,0.01,6,-1.48050000000012,0.48499825783971734,-1.9654982578398374,-1.3275908529818832,1.6020000000000891,0.6869999999998981,stop,2010
-1,147209,147210,2010-11-22 15:55:00+00:00,2010-11-22 16:00:00+00:00,1352.775,1349.3080000000004,0.01,1,3.4669999999996435,0.7546023089760681,2.7123976910235754,1.5646943703627656,0.0,3.688000000000102,target,2010
1,148597,148599,2010-11-29 10:00:00+00:00,2010-11-29 10:10:00+00:00,1364.22,1362.8795000000002,0.01,2,-1.3404999999997926,0.4532105347422315,-1.7937105347420241,-1.3380906637391283,3.79099999999994,0.0,stop,2010
-1,148873,148874,2010-11-30 09:00:00+00:00,2010-11-30 09:05:00+00:00,1368.769,1369.7240000000002,0.01,1,-0.9550000000001547,0.45593488548043587,-1.4109348854805905,-1.477418728251688,3.4139999999999873,0.0,stop,2010
-1,149164,149169,2010-12-01 09:15:00+00:00,2010-12-01 09:40:00+00:00,1390.403,1391.8449999999998,0.01,5,-1.44199999999978,0.6114123123123174,-2.0534123123120973,-1.4240029905079132,2.127999999999929,0.36799999999993815,stop,2010
-1,150054,150092,2010-12-06 09:10:00+00:00,2010-12-06 12:20:00+00:00,1413.595,1415.2715,0.01,38,-1.6765000000000327,0.4561836957189313,-2.132683695718964,-1.2721047991165657,2.1520000000000437,3.2000000000000455,stop,2010
1,150694,150695,2010-12-08 14:35:00+00:00,2010-12-08 14:40:00+00:00,1393.7145,1392.5990000000002,0.01,1,-1.1154999999998836,0.4574474389657991,-1.5729474389656826,-1.4100828677416823,1.3834999999999127,1.0785000000000764,stop,2010
1,152171,152179,2010-12-15 14:35:00+00:00,2010-12-15 15:15:00+00:00,1389.376,1388.004,0.01,8,-1.372000000000071,0.444373213718636,-1.816373213718707,-1.3238871820106508,2.004000000000133,2.352000000000089,stop,2010
-1,154454,154460,2010-12-27 05:10:00+00:00,2010-12-27 05:40:00+00:00,1383.792,1384.7899999999997,0.01,6,-0.9979999999998199,0.9009374999999888,-1.8989374999998088,-1.9027429859720957,1.469000000000051,0.5139999999998963,stop,2010
-1,156061,156063,2011-01-03 14:35:00+00:00,2011-01-03 14:45:00+00:00,1419.417,1422.2832500000002,0.01,2,-2.8662500000002638,0.6042327561327645,-3.4704827561330283,-1.2108095093354414,2.8810000000000855,0.0,stop,2011
-1,157555,157556,2011-01-10 14:35:00+00:00,2011-01-10 14:40:00+00:00,1369.578,1367.0549999999998,0.01,1,2.5230000000001382,0.45054849678623926,2.072451503213899,1.642847010078308,0.45699999999987995,3.09699999999998,target,2011
-1,157729,157754,2011-01-11 05:05:00+00:00,2011-01-11 07:10:00+00:00,1376.318,1377.2335,0.01,25,-0.9155000000000656,0.41734673366834424,-1.3328467336684098,-1.455867540871998,1.1140000000000327,1.0889999999999418,stop,2011
1,158647,158650,2011-01-14 09:40:00+00:00,2011-01-14 09:55:00+00:00,1370.539,1368.9465000000002,0.01,3,-1.5924999999997456,0.403713759738621,-1.9962137597383665,-1.2535094252676204,2.466999999999871,0.15699999999992542,stop,2011
-1,158962,158984,2011-01-17 07:15:00+00:00,2011-01-17 09:05:00+00:00,1362.9009999999998,1361.0759999999996,0.01,22,1.8250000000002728,0.4431504258106754,1.3818495741895975,1.5143556977417982,0.4750000000001364,2.675999999999931,target,2011
-1,159245,159246,2011-01-18 07:00:00+00:00,2011-01-18 07:05:00+00:00,1366.0729999999999,1366.937,0.01,1,-0.8640000000000327,0.44206206440759443,-1.306062064407627,-1.5116459078791407,1.0460000000002765,0.14399999999977808,stop,2011
-1,159624,159626,2011-01-19 14:35:00+00:00,2011-01-19 14:45:00+00:00,1376.6889999999999,1374.0559999999991,0.01,2,2.6330000000007203,0.49065943627451,2.1423405637262105,1.6273000863848268,0.5160000000000764,3.0179999999998017,target,2011
1,160198,160200,2011-01-21 14:35:00+00:00,2011-01-21 14:45:00+00:00,1339.595,1342.4035000000001,0.01,2,2.8085000000000946,0.4116780158910564,2.3968219841090384,1.7068342418436586,0.0,4.234000000000151,target,2011
-1,161944,161953,2011-01-31 07:35:00+00:00,2011-01-31 08:20:00+00:00,1338.1309999999999,1336.0219999999995,0.01,9,2.1090000000003783,0.488548540911696,1.6204514590886823,1.536701241430433,0.5750000000002728,2.9509999999997945,target,2011
1,163437,163448,2011-02-07 08:05:00+00:00,2011-02-07 09:00:00+00:00,1347.348,1350.0560000000005,0.01,11,2.7080000000005384,0.46987271167048156,2.2381272883300567,1.6529743636112346,0.20899999999983265,2.9780000000000655,target,2011
-1,163802,163807,2011-02-08 14:35:00+00:00,2011-02-08 15:00:00+00:00,1362.9279999999999,1364.7324999999998,0.01,5,-1.8044999999999618,0.4766904317879441,-2.281190431787906,-1.2641675986633163,3.007000000000062,1.6159999999999854,stop,2011
-1,164673,164684,2011-02-11 15:10:00+00:00,2011-02-11 16:05:00+00:00,1365.534,1360.7335000000003,0.01,11,4.800499999999829,0.47327359014777043,4.3272264098520585,1.8028232100207116,2.0319999999999254,5.563000000000102,target,2011
-1,166064,166065,2011-02-18 06:40:00+00:00,2011-02-18 06:45:00+00:00,1385.05,1385.7,0.01,1,-0.650000000000091,0.5082703124999635,-1.1582703125000544,-1.7819543269229112,0.650000000000091,0.0,stop,2011
-1,167908,167914,2011-02-28 09:00:00+00:00,2011-02-28 09:30:00+00:00,1410.3155000000002,1412.4630000000002,0.01,6,-2.1475000000000364,0.4154133445629792,-2.5629133445630154,-1.1934404398430603,2.163499999999658,0.3045000000001892,stop,2011
1,168795,168817,2011-03-03 10:55:00+00:00,2011-03-03 12:45:00+00:00,1427.7640000000001,1426.5455000000002,0.01,22,-1.218499999999949,0.4810772878141228,-1.6995772878140718,-1.394811069195029,2.2640000000001237,2.117999999999938,stop,2011
-1,169486,169492,2011-03-07 17:00:00+00:00,2011-03-07 17:30:00+00:00,1431.7385,1434.3794999999998,0.01,6,-2.640999999999849,0.9987341647154575,-3.6397341647153065,-1.3781651513500623,3.761500000000069,0.3509999999998854,stop,2011
1,171712,171739,2011-03-17 05:05:00+00:00,2011-03-17 07:20:00+00:00,1391.92,1396.0700000000006,0.01,27,4.150000000000546,0.4584128968885946,3.691587103111951,1.7790781219814293,0.0,4.164999999999964,target,2011
-1,173310,173311,2011-03-24 14:35:00+00:00,2011-03-24 14:40:00+00:00,1442.0369999999998,1443.269,0.01,1,-1.2320000000001983,0.3360785705406403,-1.5680785705408384,-1.2727910475167095,4.7029999999999745,0.0,stop,2011
-1,174530,174534,2011-03-30 16:30:00+00:00,2011-03-30 16:50:00+00:00,1422.71,1425.6217500000002,0.01,4,-2.911750000000211,0.4774565131358642,-3.389206513136075,-1.1639757922678216,2.9400000000000546,1.06899999999996,stop,2011
-1,175936,175959,2011-04-06 08:15:00+00:00,2011-04-06 10:10:00+00:00,1456.5430000000001,1458.2060000000004,0.01,23,-1.6630000000002383,0.5642864929785554,-2.2272864929787937,-1.3393183962588542,1.6849999999999454,1.5480000000002292,stop,2011
-1,176299,176300,2011-04-07 14:35:00+00:00,2011-04-07 14:40:00+00:00,1462.194,1458.1940000000004,0.01,1,3.9999999999995457,0.5891824175824178,3.4108175824171276,1.7054087912087574,0.0,4.516999999999825,target,2011
-1,176812,176816,2011-04-11 05:05:00+00:00,2011-04-11 05:25:00+00:00,1474.3319999999999,1475.7034999999998,0.01,4,-1.371499999999969,0.5251842769563653,-1.8966842769563343,-1.3829269245033737,1.5160000000000764,0.0,stop,2011
-1,177965,177973,2011-04-15 05:10:00+00:00,2011-04-15 05:50:00+00:00,1474.8249999999998,1475.8999999999996,0.01,8,-1.074999999999818,0.5314315656565954,-1.6064315656564134,-1.4943549447969164,1.1100000000001273,0.09999999999990905,stop,2011
-1,178349,178358,2011-04-18 05:05:00+00:00,2011-04-18 05:50:00+00:00,1487.404,1485.1439999999998,0.01,9,2.2600000000002183,0.5596791383220018,1.7003208616782164,1.5047087271487187,0.0,2.4349999999999454,target,2011
-1,179346,179351,2011-04-21 16:15:00+00:00,2011-04-21 16:40:00+00:00,1505.699,1507.116,0.01,5,-1.4169999999999163,0.4264380373831729,-1.8434380373830892,-1.3009442747940707,2.050999999999931,0.35599999999999454,stop,2011
-1,180006,180009,2011-04-25 15:35:00+00:00,2011-04-25 15:50:00+00:00,1507.226,1511.0715000000002,0.01,3,-3.845500000000129,0.7062072544615277,-4.551707254461657,-1.1836451058279818,4.1340000000000146,0.0,stop,2011
1,180194,180198,2011-04-26 07:20:00+00:00,2011-04-26 07:40:00+00:00,1502.679,1504.8560000000002,0.01,4,2.1770000000001346,0.50918469420949,1.6678153057906446,1.5322143369688024,0.0,3.043999999999869,target,2011
-1,180455,180476,2011-04-27 05:05:00+00:00,2011-04-27 06:50:00+00:00,1508.972,1506.7609999999997,0.01,21,2.21100000000024,0.5330568627451016,1.6779431372551386,1.5178137831342888,0.22500000000013642,2.474999999999909,target,2011
-1,180878,180886,2011-04-28 16:30:00+00:00,2011-04-28 17:10:00+00:00,1532.2345,1528.216,0.01,8,4.018500000000131,0.5511388437832313,3.4673611562168998,1.725699219219503,1.7774999999999181,6.722500000000082,target,2011
1,181543,181551,2011-05-02 15:50:00+00:00,2011-05-02 16:30:00+00:00,1563.8825,1559.959,0.01,8,-3.9234999999998763,0.6007383647546958,-4.524238364754572,-1.1531128749215533,5.0474999999999,2.752500000000282,stop,2011
1,181816,181817,2011-05-03 14:35:00+00:00,2011-05-03 14:40:00+00:00,1538.463,1536.674,0.01,1,-1.7889999999999875,0.5784718712484986,-2.367471871248486,-1.323349285214367,5.7309999999999945,0.0,stop,2011
1,182392,182395,2011-05-05 14:35:00+00:00,2011-05-05 14:50:00+00:00,1503.5700000000002,1500.3605000000002,0.01,3,-3.2094999999999345,0.5146746418774748,-3.7241746418774095,-1.1603597575564684,7.231000000000222,0.30600000000004,stop,2011
-1,183353,183354,2011-05-10 14:35:00+00:00,2011-05-10 14:40:00+00:00,1516.087,1514.2850000000003,0.01,1,1.8019999999996799,0.47596636270791254,1.3260336372917674,1.4717354464950088,0.0,1.8559999999999945,target,2011
1,183928,183929,2011-05-12 14:35:00+00:00,2011-05-12 14:40:00+00:00,1494.299,1491.84525,0.01,1,-2.4537499999999,0.48045233947237326,-2.9342023394722734,-1.1958032967793757,2.717999999999847,0.08799999999996544,stop,2011
-1,184216,184220,2011-05-13 14:35:00+00:00,2011-05-13 14:55:00+00:00,1509.665,1505.85,0.01,4,3.8150000000000546,0.4490504095381774,3.3659495904618772,1.7645869412643926,1.224999999999909,4.876999999999953,target,2011
1,184541,184542,2011-05-16 09:45:00+00:00,2011-05-16 09:50:00+00:00,1493.739,1492.1345000000001,0.01,1,-1.6044999999999163,0.5008147664635985,-2.105314766463515,-1.3121313595909159,2.3220000000001164,0.0,stop,2011
-1,185755,185756,2011-05-20 15:05:00+00:00,2011-05-20 15:10:00+00:00,1502.865,1504.212,0.01,1,-1.34699999999998,0.4231460409642069,-1.770146040964187,-1.314139599824954,5.203999999999951,0.0,stop,2011
1,186328,186335,2011-05-23 15:00:00+00:00,2011-05-23 15:35:00+00:00,1511.1970000000001,1509.4980000000003,0.01,7,-1.698999999999842,0.4761516448131787,-2.175151644813021,-1.2802540581596369,1.8810000000000855,1.77599999999984,stop,2011
-1,186508,186515,2011-05-24 06:00:00+00:00,2011-05-24 06:35:00+00:00,1517.8,1518.5784999999998,0.01,7,-0.7784999999998945,0.4808948934836991,-1.2593948934835937,-1.6177198374871733,0.7830000000001291,0.9089999999998781,stop,2011
-1,186928,186987,2011-05-25 17:00:00+00:00,2011-05-25 21:55:00+00:00,1527.53,1524.0804999999998,0.01,59,3.449500000000171,0.4566652911403942,2.992834708859777,1.7352281251541548,0.9690000000000509,3.8929999999998017,target,2011
1,187129,187132,2011-05-26 09:45:00+00:00,2011-05-26 10:00:00+00:00,1521.3890000000001,1519.5720000000001,0.01,3,-1.817000000000007,0.459976836518396,-2.276976836518403,-1.2531518087608113,1.8990000000001146,1.7514999999998508,stop,2011
1,188336,188355,2011-06-01 06:45:00+00:00,2011-06-01 08:20:00+00:00,1531.967,1531.09,0.01,19,-0.8770000000001801,0.439200523273972,-1.316200523274152,-1.500798772262123,0.9125000000001364,1.6469999999999345,stop,2011
1,190545,190573,2011-06-10 15:00:00+00:00,2011-06-10 17:20:00+00:00,1533.5034999999998,1530.652,0.01,28,-2.85149999999976,0.4887322237748168,-3.3402322237745765,-1.17139478301766,3.9034999999998945,3.0600000000004,stop,2011
1,190812,190838,2011-06-13 05:05:00+00:00,2011-06-13 07:15:00+00:00,1530.0149999999999,1529.01925,0.01,26,-0.9957499999998163,0.4098600975934346,-1.4056100975932508,-1.4116094377037511,1.6359999999999673,1.8299999999999272,stop,2011
-1,191521,191531,2011-06-15 16:10:00+00:00,2011-06-15 17:00:00+00:00,1524.132,1527.0175000000002,0.01,10,-2.8855000000000928,0.4833035201007972,-3.36880352010089,-1.1674938555192451,3.2159999999998945,5.414999999999964,stop,2011
1,192460,192461,2011-06-20 14:35:00+00:00,2011-06-20 14:40:00+00:00,1536.206,1539.07,0.01,1,2.8640000000000327,0.45426312229437193,2.4097368777056607,1.6827771492357773,0.0,3.1770000000001346,target,2011
-1,193890,193896,2011-06-27 05:50:00+00:00,2011-06-27 06:20:00+00:00,1501.071,1498.9180000000001,0.01,6,2.1529999999997926,0.4196465909090938,1.7333534090906988,1.6101750200565403,0.4659999999998945,2.203999999999951,target,2011
-1,195738,195753,2011-07-05 08:00:00+00:00,2011-07-05 09:15:00+00:00,1497.494,1498.4505,0.01,15,-0.9565000000000055,0.42917952337517545,-1.3856795233751809,-1.4486978812077083,1.3940000000000055,0.9439999999997326,stop,2011
-1,196950,196957,2011-07-11 05:05:00+00:00,2011-07-11 05:40:00+00:00,1545.8980000000001,1547.0590000000002,0.01,7,-1.1610000000000582,0.4272572379068566,-1.5882572379069149,-1.3680079568534327,1.1979999999998654,0.3350000000000364,stop,2011
-1,197928,197930,2011-07-14 14:35:00+00:00,2011-07-14 14:45:00+00:00,1588.3580000000002,1584.4339999999997,0.01,2,3.924000000000433,0.41975812287849423,3.5042418771219386,1.7860560026103731,1.000999999999749,4.227000000000089,target,2011
-1,198818,198821,2011-07-19 08:35:00+00:00,2011-07-19 08:50:00+00:00,1606.904,1603.7959999999998,0.01,3,3.108000000000175,0.4407087072377493,2.667291292762426,1.7164036632961877,0.0,4.130999999999858,target,2011
-1,199361,199366,2011-07-21 05:50:00+00:00,2011-07-21 06:15:00+00:00,1601.9815,1603.2405,0.01,5,-1.2590000000000146,0.4244557947149649,-1.6834557947149795,-1.3371372475893248,1.8884999999997945,0.6555000000000746,stop,2011
-1,200719,200729,2011-07-27 15:00:00+00:00,2011-07-27 15:50:00+00:00,1616.864,1620.5300000000002,0.01,10,-3.666000000000168,0.3962989490912206,-4.062298949091389,-1.1081011863314791,3.8919999999998254,1.8270000000002256,stop,2011
-1,202550,202551,2011-08-04 15:30:00+00:00,2011-08-04 15:35:00+00:00,1677.7415,1673.8694999999998,0.01,1,3.8720000000002983,0.44693007453621686,3.4250699254640815,1.7691476887726332,0.0,8.3900000000001,target,2011
1,204589,204590,2011-08-15 05:05:00+00:00,2011-08-15 05:10:00+00:00,1743.789,1742.793,0.01,1,-0.9960000000000946,0.5396462281679812,-1.5356462281680758,-1.5418134820963152,1.3300000000001546,0.0,stop,2011
-1,204899,204900,2011-08-16 06:55:00+00:00,2011-08-16 07:00:00+00:00,1768.207,1769.3360000000002,0.01,1,-1.1290000000001328,0.46702412958730627,-1.596024129587439,-1.4136617622562013,3.1649999999999636,0.0,stop,2011
-1,206380,206394,2011-08-23 05:05:00+00:00,2011-08-23 06:15:00+00:00,1903.537,1897.079,0.01,14,6.458000000000083,0.52462530259366,5.933374697406423,1.8375270044615506,0.9869999999998527,7.7650000000001,target,2011
-1,207243,207244,2011-08-26 05:05:00+00:00,2011-08-26 05:10:00+00:00,1775.8139999999999,1777.3229999999999,0.01,1,-1.5090000000000148,0.7501787070181174,-2.2591787070181324,-1.4971363200915244,4.447000000000116,0.0,stop,2011
1,209190,209192,2011-09-05 07:15:00+00:00,2011-09-05 07:25:00+00:00,1881.9389999999999,1885.6254999999996,0.01,2,3.6864999999997963,0.5728216151187004,3.113678384881096,1.6892328142581137,0.0,4.400000000000091,target,2011
-1,209489,209490,2011-09-06 08:30:00+00:00,2011-09-06 08:35:00+00:00,1898.4850000000001,1907.0515,0.01,1,-8.566499999999905,0.8124962057166907,-9.378996205716597,-1.0948457603124613,10.513999999999896,0.0,stop,2011
1,210698,210699,2011-09-12 05:10:00+00:00,2011-09-12 05:15:00+00:00,1853.601,1851.679,0.01,1,-1.9220000000000255,0.5140404448817032,-2.4360404448817286,-1.2674508037886036,2.018000000000029,1.288000000000011,stop,2011
1,211592,211600,2011-09-15 07:40:00+00:00,2011-09-15 08:20:00+00:00,1808.394,1812.686,0.01,8,4.291999999999916,0.5030297308284841,3.788970269171432,1.7655965839568994,0.3889999999998963,6.031000000000176,target,2011
-1,212844,212845,2011-09-21 08:30:00+00:00,2011-09-21 08:35:00+00:00,1811.031,1808.0449999999996,0.01,1,2.986000000000331,0.49254240871665583,2.493457591283675,1.6700988555146676,0.0,3.293999999999869,target,2011
1,213089,213094,2011-09-22 05:05:00+00:00,2011-09-22 05:30:00+00:00,1776.449,1774.22525,0.01,5,-2.223750000000109,0.6363502156445746,-2.8601002156446835,-1.286160861447799,4.003000000000156,0.8350000000000364,stop,2011
-1,214139,214141,2011-09-27 14:35:00+00:00,2011-09-27 14:45:00+00:00,1662.336,1665.159,0.01,2,-2.8230000000000928,0.5940075812316743,-3.417007581231767,-1.2104171382329632,4.135999999999967,0.8610000000001037,stop,2011
-1,215531,215533,2011-10-04 05:05:00+00:00,2011-10-04 05:15:00+00:00,1663.897,1665.5695,0.01,2,-1.6725000000001273,0.5236412500000086,-2.196141250000136,-1.3130889387144806,2.768000000000029,0.36999999999989086,stop,2011
-1,216132,216133,2011-10-06 07:45:00+00:00,2011-10-06 07:50:00+00:00,1645.825,1648.0935000000002,0.01,1,-2.268500000000131,0.5744804756833506,-2.842980475683482,-1.2532424402395053,2.4610000000000127,0.3509999999998854,stop,2011
-1,216443,216444,2011-10-07 10:00:00+00:00,2011-10-07 10:05:00+00:00,1653.097,1655.146,0.01,1,-2.048999999999978,0.5282267926225892,-2.577226792622567,-1.2577973609675914,2.830500000000029,0.0,stop,2011
-1,217050,217058,2011-10-11 05:05:00+00:00,2011-10-11 05:45:00+00:00,1680.753,1677.7740000000001,0.01,8,2.9789999999998145,0.6465704264251027,2.3324295735747116,1.5659144502013138,1.2250000000001364,3.5550000000000637,target,2011
-1,218216,218224,2011-10-17 05:05:00+00:00,2011-10-17 05:45:00+00:00,1682.466,1680.0289999999995,0.01,8,2.437000000000353,0.5202309349322715,1.9167690650680815,1.5730562700597488,0.11700000000018917,2.873499999999922,target,2011
-1,220102,220103,2011-10-25 14:35:00+00:00,2011-10-25 14:40:00+00:00,1683.613,1685.0452500000001,0.01,1,-1.4322500000000673,0.49002506140997254,-1.92227506141004,-1.342136541392878,2.496499999999969,0.6850000000001728,stop,2011
-1,220385,220386,2011-10-26 14:35:00+00:00,2011-10-26 14:40:00+00:00,1721.3220000000001,1716.4600000000005,0.01,1,4.861999999999625,0.41929179819023593,4.442708201809389,1.8275229131261752,0.0,6.510000000000218,target,2011
1,221573,221574,2011-11-01 14:55:00+00:00,2011-11-01 15:00:00+00:00,1706.7040000000002,1702.3115000000003,0.01,1,-4.392499999999927,0.4723304866678302,-4.864830486667757,-1.107531129577197,8.531000000000176,0.0,stop,2011
-1,221745,221746,2011-11-02 05:25:00+00:00,2011-11-02 05:30:00+00:00,1723.748,1725.1235,0.01,1,-1.3754999999998745,0.5452125127823679,-1.9207125127822424,-1.3963740550944512,1.3989999999998872,0.13700000000017099,stop,2011
-1,224147,224155,2011-11-14 07:10:00+00:00,2011-11-14 07:50:00+00:00,1787.6765,1783.5724999999998,0.01,8,4.104000000000269,0.4446087824351263,3.659391217565143,1.7833290533942023,1.6684999999999945,6.406500000000051,target,2011
1,225556,225558,2011-11-21 05:15:00+00:00,2011-11-21 05:25:00+00:00,1721.464,1720.543,0.01,2,-0.9210000000000492,0.5343579730908203,-1.4553579730908695,-1.580193238969372,1.2539999999999054,0.41600000000016735,stop,2011
-1,226152,226155,2011-11-23 07:45:00+00:00,2011-11-23 08:00:00+00:00,1704.752,1701.4539999999997,0.01,3,3.298000000000229,0.4514551133684766,2.8465448866317526,1.7262249160894814,0.0,5.27599999999984,target,2011
1,227559,227560,2011-11-30 11:00:00+00:00,2011-11-30 11:05:00+00:00,1704.8029999999999,1709.5509999999995,0.01,1,4.7479999999995925,0.4124270697190951,4.335572930280497,1.8262733488967435,0.0,8.079000000000178,target,2011
-1,228167,228168,2011-12-02 14:35:00+00:00,2011-12-02 14:40:00+00:00,1752.066,1746.128,0.01,1,5.938000000000102,0.4688386105924077,5.469161389407694,1.8420887131719772,0.0,6.788000000000011,target,2011
-1,228362,228371,2011-12-05 05:35:00+00:00,2011-12-05 06:20:00+00:00,1744.8125,1745.676,0.01,9,-0.8634999999999308,0.49925271200440835,-1.362752712004339,-1.578173378117485,1.2989999999999782,1.1725000000001273,stop,2011
1,228687,228690,2011-12-06 09:10:00+00:00,2011-12-06 09:25:00+00:00,1719.4389999999999,1717.2989999999995,0.01,3,-2.1400000000003274,0.42182883007076566,-2.561828830071093,-1.1971162757339724,2.6489999999998872,0.1505000000001928,stop,2011
-1,229059,229075,2011-12-07 16:25:00+00:00,2011-12-07 17:45:00+00:00,1734.568,1738.75325,0.01,16,-4.185249999999996,0.4713469226509935,-4.65659692265099,-1.1126209719015576,5.120999999999867,2.4839999999999236,stop,2011
1,230070,230073,2011-12-13 05:05:00+00:00,2011-12-13 05:20:00+00:00,1655.9920000000002,1654.3392500000002,0.01,3,-1.652749999999969,0.6227916027960032,-2.2755416027959723,-1.3768214205391105,1.8210000000003674,1.0909999999998945,stop,2011
-1,231042,231048,2011-12-16 14:55:00+00:00,2011-12-16 15:25:00+00:00,1594.141,1588.5070000000005,0.01,6,5.63399999999956,0.5042336941883366,5.1297663058112235,1.821003303447506,1.731999999999971,6.292000000000144,target,2011
1,231338,231347,2011-12-19 14:50:00+00:00,2011-12-19 15:35:00+00:00,1596.4720000000002,1601.0295,0.01,9,4.557499999999891,0.4314508249691649,4.126049175030726,1.8106633790590565,0.4920000000001892,5.391999999999825,target,2011
-1,231919,231923,2011-12-21 15:40:00+00:00,2011-12-21 16:00:00+00:00,1617.2350000000001,1609.9650000000001,0.01,4,7.269999999999982,0.4492016986742277,6.8207983013257545,1.8764231915614227,0.0,7.3650000000002365,target,2011
-1,234694,234755,2012-01-06 08:25:00+00:00,2012-01-06 13:30:00+00:00,1623.475,1618.9100000000003,0.01,61,4.5649999999996,0.5585949667453763,4.006405033254223,1.755270551261588,1.3270000000002256,5.729499999999916,target,2012
-1,235627,235628,2012-01-11 14:50:00+00:00,2012-01-11 14:55:00+00:00,1639.854,1637.6090000000002,0.01,1,2.244999999999891,0.44842326510703107,1.7965767348928599,1.6005137950048527,0.0,3.22849999999994,target,2012
-1,235830,235847,2012-01-12 08:00:00+00:00,2012-01-12 09:25:00+00:00,1646.2465,1647.9412499999999,0.01,17,-1.6947499999998856,0.4297357832946134,-2.124485783294499,-1.2535688351052618,2.7374999999999545,2.026500000000169,stop,2012
-1,236364,236369,2012-01-16 05:05:00+00:00,2012-01-16 05:30:00+00:00,1638.6815,1640.50075,0.01,5,-1.8192500000000107,0.44936777752501234,-2.268617777525023,-1.247007160931708,2.2934999999999945,0.0,stop,2012
1,238166,238172,2012-01-24 15:15:00+00:00,2012-01-24 15:45:00+00:00,1664.9265,1669.73,0.01,6,4.8034999999999854,0.4409820663318976,4.362517933668088,1.8163913536663272,1.0025000000000546,4.833499999999958,target,2012
-1,239869,239875,2012-02-01 15:20:00+00:00,2012-02-01 15:50:00+00:00,1746.1129999999998,1747.713,0.01,6,-1.6000000000001364,0.4275103950773606,-2.027510395077497,-1.2671939969233275,1.8065000000001419,3.015999999999849,stop,2012
-1,241196,241206,2012-02-08 07:15:00+00:00,2012-02-08 08:05:00+00:00,1750.0155,1751.64,0.01,10,-1.6245000000001255,0.4318641632891969,-2.0563641632893224,-1.2658443602888048,2.2015000000001237,3.0615000000000236,stop,2012
-1,242146,242148,2012-02-13 15:20:00+00:00,2012-02-13 15:30:00+00:00,1721.545,1723.862,0.01,2,-2.3170000000000073,0.4273973264147391,-2.7443973264147465,-1.1844615133425713,2.8740000000000236,0.9745000000000346,stop,2012
1,242306,242325,2012-02-14 05:05:00+00:00,2012-02-14 06:40:00+00:00,1717.1635,1715.4387500000003,0.01,19,-1.724749999999858,0.4659730941703982,-2.1907230941702562,-1.270168484806747,2.060000000000173,0.4959999999998672,stop,2012
-1,242704,242713,2012-02-15 14:35:00+00:00,2012-02-15 15:20:00+00:00,1734.144,1729.8405,0.01,9,4.3034999999999854,0.41186241255035344,3.891637587449632,1.8085918844892042,2.0579999999999927,4.399999999999864,target,2012
-1,245047,245058,2012-02-27 07:20:00+00:00,2012-02-27 08:15:00+00:00,1773.641,1770.0229999999997,0.01,11,3.618000000000393,0.4208904007916808,3.197109599208712,1.7673353229454754,0.6184999999998126,3.7250000000001364,target,2012
-1,246540,246543,2012-03-05 06:50:00+00:00,2012-03-05 07:05:00+00:00,1710.801,1711.873,0.01,3,-1.0720000000001164,0.389990765171503,-1.4619907651716195,-1.3637973555703924,1.6725000000001273,0.7049999999999272,stop,2012
-1,247684,247685,2012-03-09 07:00:00+00:00,2012-03-09 07:05:00+00:00,1703.8025,1705.35,0.01,1,-1.5474999999999,0.3909155904922263,-1.9384155904921263,-1.2526110439368348,1.6504999999999654,0.0,stop,2012
1,249956,249972,2012-03-20 16:00:00+00:00,2012-03-20 17:20:00+00:00,1652.6375,1650.26425,0.01,16,-2.3732500000000982,0.4309169914953927,-2.804166991495491,-1.181572523541715,5.156000000000176,3.1499999999998636,stop,2012
-1,251449,251450,2012-03-27 14:40:00+00:00,2012-03-27 14:45:00+00:00,1690.778,1687.4679999999996,0.01,1,3.3100000000004,0.4289424233010813,2.8810575766993187,1.7408202880356316,0.0,3.429499999999962,target,2012
-1,252319,252334,2012-03-30 15:15:00+00:00,2012-03-30 16:30:00+00:00,1663.9144999999999,1665.7452499999997,0.01,15,-1.8307499999998527,0.41661926512550057,-2.247369265125353,-1.2275675352317543,3.609000000000151,2.507000000000062,stop,2012
-1,252396,252442,2012-04-01 16:05:00+00:00,2012-04-01 22:00:00+00:00,1667.8,1669.5279999999998,0.01,46,-1.727999999999838,0.6823941520467756,-2.4103941520466137,-1.3949040231752543,4.027000000000044,0.20049999999991996,stop,2012
-1,252558,252566,2012-04-02 07:40:00+00:00,2012-04-02 08:20:00+00:00,1667.602,1665.4455,0.01,8,2.156500000000051,0.43558652349889165,1.7209134765011593,1.5960245550671168,0.05399999999985994,3.6639999999999873,target,2012
1,256461,256617,2012-04-19 16:40:00+00:00,2012-04-20 05:40:00+00:00,1638.565,1645.201,0.01,156,6.635999999999967,0.4404311564943896,6.195568843505578,1.867260049278363,0.0,6.794999999999845,target,2012
-1,258881,258996,2012-05-01 15:50:00+00:00,2012-05-02 01:25:00+00:00,1665.864,1658.422,0.01,115,7.442000000000007,0.4373588169642824,7.004641183035725,1.8824620217779409,0.0,7.555000000000064,target,2012
1,259154,259164,2012-05-02 14:35:00+00:00,2012-05-02 15:25:00+00:00,1652.632,1650.2427500000001,0.01,10,-2.3892499999999472,0.4308414779226711,-2.8200914779226185,-1.1803249881438447,2.9139999999999873,0.6639999999999873,stop,2012
1,261062,261063,2012-05-11 05:35:00+00:00,2012-05-11 05:40:00+00:00,1585.1925,1584.2060000000001,0.01,1,-0.9864999999999782,0.44391711345555424,-1.4304171134555324,-1.449992005530222,1.352500000000191,0.0,stop,2012
-1,261430,261436,2012-05-14 06:10:00+00:00,2012-05-14 06:40:00+00:00,1579.392,1575.7440000000004,0.01,6,3.6479999999996835,0.45495391004269575,3.193046089956988,1.7505735142309566,0.0,3.895999999999958,target,2012
1,261748,261766,2012-05-15 08:40:00+00:00,2012-05-15 10:10:00+00:00,1556.3555000000001,1559.5735,0.01,18,3.217999999999847,0.43697856176430916,2.781021438235538,1.7284160585678496,0.6080000000001746,3.3599999999999,target,2012
1,261992,262004,2012-05-16 05:05:00+00:00,2012-05-16 06:05:00+00:00,1536.088,1534.2015,0.01,12,-1.8865000000000691,0.4071288877521183,-2.2936288877521873,-1.215811761331621,2.0950000000000273,1.8940000000000055,stop,2012
-1,263043,263044,2012-05-21 14:35:00+00:00,2012-05-21 14:40:00+00:00,1594.5135,1591.9574999999995,0.01,1,2.5560000000004948,0.4156421026387912,2.1403578973617035,1.6747714376848897,0.0,2.71550000000002,target,2012
1,263346,263348,2012-05-22 15:50:00+00:00,2012-05-22 16:00:00+00:00,1585.531,1583.423,0.01,2,-2.1079999999999472,0.4054153049146397,-2.513415304914587,-1.192322250908278,3.4529999999999745,0.8089999999999691,stop,2012
1,263505,263507,2012-05-23 05:05:00+00:00,2012-05-23 05:15:00+00:00,1560.472,1558.8184999999999,0.01,2,-1.6535000000001219,0.424525785310735,-2.078025785310857,-1.256743746786032,1.8559999999999945,0.0,stop,2012
-1,263907,263924,2012-05-24 14:35:00+00:00,2012-05-24 16:00:00+00:00,1573.847,1566.9334999999994,0.01,17,6.9135000000005675,0.4061201802555014,6.507379819745066,1.8825138698906578,1.3545000000001437,7.430000000000064,target,2012
1,267154,267159,2012-06-08 09:55:00+00:00,2012-06-08 10:20:00+00:00,1579.743,1577.5045,0.01,5,-2.238499999999931,0.4046706673759395,-2.6431706673758706,-1.180777604367189,3.11850000000004,0.537499999999909,stop,2012
-1,267587,267605,2012-06-11 16:00:00+00:00,2012-06-11 17:30:00+00:00,1592.337,1596.58725,0.01,18,-4.250250000000051,0.4036527689079444,-4.6539027689079955,-1.094971535535072,4.364000000000033,0.6959999999999127,stop,2012
-1,269274,269283,2012-06-19 07:05:00+00:00,2012-06-19 07:50:00+00:00,1632.587,1630.6310000000003,0.01,9,1.9559999999996764,0.40768454627326656,1.5483154537264099,1.5831446357123373,0.0,3.180499999999938,target,2012
1,269940,269945,2012-06-21 14:35:00+00:00,2012-06-21 15:00:00+00:00,1586.5245,1583.284,0.01,5,-3.2404999999998836,0.4246199273381945,-3.665119927338078,-1.1310353116303686,3.6275000000000546,2.442500000000109,stop,2012
1,270517,270529,2012-06-25 10:50:00+00:00,2012-06-25 11:50:00+00:00,1568.8220000000001,1567.5887500000001,0.01,12,-1.2332499999999982,0.39967918383780937,-1.6329291838378075,-1.3240861008212528,1.6770000000001346,1.5919999999998709,stop,2012
1,271142,271342,2012-06-27 14:55:00+00:00,2012-06-28 07:35:00+00:00,1569.9865,1573.7185,0.01,200,3.731999999999971,0.41623840687768515,3.3157615931222857,0.6651811210436603,1.6794999999999618,9.133499999999913,time_stop,2012
1,272075,272077,2012-07-02 14:35:00+00:00,2012-07-02 14:45:00+00:00,1595.194,1600.813,0.01,2,5.619000000000142,0.42469349693815034,5.194306503061991,1.8488366268239402,0.0,7.045999999999822,target,2012
1,273226,273231,2012-07-06 14:35:00+00:00,2012-07-06 15:00:00+00:00,1591.103,1587.3515000000002,0.01,5,-3.751499999999851,0.40443979215302456,-4.155939792152876,-1.1078074882455127,3.9729999999999563,1.0104999999998654,stop,2012
1,274366,274369,2012-07-12 08:00:00+00:00,2012-07-12 08:15:00+00:00,1565.9155,1569.1835,0.01,3,3.268000000000029,0.4290409097431524,2.8389590902568766,1.7374290638046825,0.0,3.460499999999911,target,2012
-1,274980,275004,2012-07-16 05:05:00+00:00,2012-07-16 07:05:00+00:00,1589.732,1586.8105000000005,0.01,24,2.921499999999469,0.43111589237631875,2.49038410762315,1.7048667517532794,1.3240000000000691,3.2654999999999745,target,2012
-1,277075,277083,2012-07-25 05:50:00+00:00,2012-07-25 06:30:00+00:00,1584.4505,1582.4805000000001,0.01,8,1.9699999999998001,0.42279692556635234,1.5472030744334477,1.5707645425721874,0.052000000000134605,2.306999999999789,target,2012
-1,277488,277492,2012-07-26 16:15:00+00:00,2012-07-26 16:35:00+00:00,1612.7545,1614.3485,0.01,4,-1.594000000000051,0.42044115372298924,-2.0144411537230402,-1.2637648392239498,1.8479999999999563,0.9565000000000055,stop,2012
1,277945,277952,2012-07-30 05:05:00+00:00,2012-07-30 05:40:00+00:00,1621.3665,1620.3237500000002,0.01,7,-1.0427499999998417,0.40310416666666676,-1.4458541666665086,-1.3865779589227791,1.06899999999996,0.7489999999997963,stop,2012
-1,281086,281095,2012-08-13 16:25:00+00:00,2012-08-13 17:10:00+00:00,1619.092,1616.1299999999997,0.01,9,2.962000000000444,0.42632435897436716,2.5356756410260766,1.712137502380619,1.3609999999998763,2.9915000000000873,target,2012
1,281591,281597,2012-08-15 11:00:00+00:00,2012-08-15 11:30:00+00:00,1594.7069999999999,1593.7582499999999,0.01,6,-0.9487500000000182,0.42933806026365495,-1.3780880602636731,-1.4525302347969926,1.7129999999999654,0.706000000000131,stop,2012
-1,281922,281925,2012-08-16 14:35:00+00:00,2012-08-16 14:50:00+00:00,1614.2440000000001,1616.1362500000002,0.01,3,-1.8922500000001037,0.38708882920742677,-2.2793388292075303,-1.2045653741352387,2.524499999999989,0.936500000000251,stop,2012
-1,282142,282145,2012-08-17 08:55:00+00:00,2012-08-17 09:10:00+00:00,1618.3865,1619.54875,0.01,3,-1.1622499999998581,0.41824197019455345,-1.5804919701944116,-1.3598554271409804,1.2464999999997417,0.0,stop,2012
-1,282572,282579,2012-08-20 14:35:00+00:00,2012-08-20 15:10:00+00:00,1616.6465,1618.01875,0.01,7,-1.3722499999998945,0.41958387085541465,-1.7918338708553092,-1.3057634329425738,2.6555000000000746,1.5195000000001073,stop,2012
-1,283148,283183,2012-08-22 14:35:00+00:00,2012-08-22 17:30:00+00:00,1641.23,1637.4605000000001,0.01,35,3.76949999999988,0.40279993386243373,3.3667000661374464,1.7862846882279102,0.8719999999998436,6.29099999999994,target,2012
-1,284031,284052,2012-08-27 10:05:00+00:00,2012-08-27 11:50:00+00:00,1670.99,1668.4699999999996,0.01,21,2.5200000000004366,0.46444138868554946,2.055558611314887,1.6313957232655008,0.3450000000000273,2.5650000000000546,target,2012
-1,285238,285239,2012-08-31 14:40:00+00:00,2012-08-31 14:45:00+00:00,1665.0595,1667.6425000000002,0.01,1,-2.5830000000000837,0.4668141730045182,-3.049814173004602,-1.1807255799475427,5.242999999999938,0.0,stop,2012
-1,285770,285790,2012-09-04 05:05:00+00:00,2012-09-04 06:45:00+00:00,1694.9940000000001,1696.1402500000004,0.01,20,-1.1462500000002365,0.4166228020240273,-1.5628728020242637,-1.3634659123436783,1.6084999999998217,2.1400000000001,stop,2012
-1,287548,287549,2012-09-12 08:20:00+00:00,2012-09-12 08:25:00+00:00,1740.092,1741.1897500000002,0.01,1,-1.0977500000001328,0.45395394606630246,-1.5517039460664352,-1.4135312649202894,3.987999999999829,0.0,stop,2012
-1,288117,288122,2012-09-14 07:45:00+00:00,2012-09-14 08:10:00+00:00,1772.5735,1768.5764999999997,0.01,5,3.9970000000002983,0.42991204786324827,3.56708795213705,1.7848826380469272,0.6779999999998836,4.11850000000004,target,2012
-1,288465,288490,2012-09-17 07:20:00+00:00,2012-09-17 09:25:00+00:00,1771.6190000000001,1768.3970000000004,0.01,25,3.2219999999997526,0.42768290459524044,2.7943170954045122,1.7345233366882227,0.0,3.4520000000002256,target,2012
-1,289062,289069,2012-09-19 09:05:00+00:00,2012-09-19 09:40:00+00:00,1775.1245,1772.8745,0.01,7,2.25,0.4665812175717729,1.783418782428227,1.5852611399362018,0.630500000000211,3.6289999999999054,target,2012
-1,289590,289614,2012-09-21 05:05:00+00:00,2012-09-21 07:05:00+00:00,1772.715,1774.1844999999998,0.01,24,-1.4694999999999254,0.5182404476206057,-1.9877404476205311,-1.3526644760943396,2.040000000000191,2.524499999999989,stop,2012
-1,290352,290364,2012-09-25 14:50:00+00:00,2012-09-25 15:50:00+00:00,1772.2475,1768.1984999999995,0.01,12,4.049000000000433,0.4200451589595429,3.62895484104089,1.7925190620106208,0.5545000000001892,4.286999999999807,target,2012
-1,291128,291129,2012-09-28 07:30:00+00:00,2012-09-28 07:35:00+00:00,1779.397,1780.3514999999998,0.01,1,-0.9544999999998255,0.4319075963290443,-1.3864075963288698,-1.4524961721625178,1.77350000000024,0.0,stop,2012
1,293398,293407,2012-10-09 16:40:00+00:00,2012-10-09 17:25:00+00:00,1766.2055,1763.68075,0.01,9,-2.52475000000004,0.4120877717792517,-2.9368377717792917,-1.1632192382529933,3.1475000000000364,0.4014999999999418,stop,2012
-1,295165,295174,2012-10-17 14:35:00+00:00,2012-10-17 15:20:00+00:00,1748.435,1750.6947499999999,0.01,9,-2.25974999999994,0.45478207301173107,-2.714532073011671,-1.2012532682870862,2.7115000000001146,1.375,stop,2012
1,295453,295455,2012-10-18 14:35:00+00:00,2012-10-18 14:45:00+00:00,1741.731,1740.0537500000003,0.01,2,-1.6772499999997308,0.42553372782398347,-2.1027837278237143,-1.2537091833799683,2.121499999999969,0.6710000000000491,stop,2012
1,295639,295642,2012-10-19 06:05:00+00:00,2012-10-19 06:20:00+00:00,1738.0765000000001,1737.1497500000003,0.01,3,-0.9267499999998563,0.4984400716071862,-1.4251900716070425,-1.5378366027593886,1.1030000000000655,0.4179999999998927,stop,2012
-1,296964,296968,2012-10-25 14:35:00+00:00,2012-10-25 14:55:00+00:00,1715.5445,1716.652,0.01,4,-1.1075000000000728,0.4270120814243919,-1.5345120814244646,-1.3855639561393804,1.1649999999999636,1.7635000000000218,stop,2012
-1,298995,298997,2012-11-05 08:10:00+00:00,2012-11-05 08:20:00+00:00,1676.85,1674.094,0.01,2,2.755999999999858,0.4561661301376512,2.2998338698622067,1.6689650724690313,0.0,2.8479999999999563,target,2012
-1,299648,299649,2012-11-07 14:35:00+00:00,2012-11-07 14:40:00+00:00,1721.7669999999998,1717.4649999999997,0.01,1,4.302000000000135,0.4114984137436331,3.8905015862565016,1.8086943683200278,0.0,4.926499999999805,target,2012
-1,300248,300273,2012-11-09 16:35:00+00:00,2012-11-09 18:40:00+00:00,1734.9865,1730.8384999999998,0.01,25,4.148000000000138,0.4285820353487901,3.719417964651348,1.7933548527730108,0.25649999999996,5.219500000000153,target,2012
1,300801,300803,2012-11-13 14:35:00+00:00,2012-11-13 14:45:00+00:00,1720.7765,1724.1510000000003,0.01,2,3.374500000000353,0.43325044350423964,2.941249556496113,1.743220955101974,0.0,3.925999999999931,target,2012
1,301379,301380,2012-11-15 14:45:00+00:00,2012-11-15 14:50:00+00:00,1714.1905,1712.6499999999996,0.01,1,-1.5405000000002929,0.4535266920708741,-1.994026692071167,-1.2944022668424457,6.504999999999882,0.0,stop,2012
1,303701,303703,2012-11-27 15:00:00+00:00,2012-11-27 15:10:00+00:00,1746.825,1745.52,0.01,2,-1.3050000000000637,0.4168534706048565,-1.7218534706049202,-1.3194279468236292,2.285000000000082,0.0,stop,2012
1,303869,303874,2012-11-28 05:05:00+00:00,2012-11-28 05:30:00+00:00,1741.0445,1739.69625,0.01,5,-1.3482500000000073,0.5137755168258367,-1.862025516825844,-1.3810684345083137,1.5945000000001528,0.0,stop,2012
1,304874,304879,2012-12-03 14:35:00+00:00,2012-12-03 15:00:00+00:00,1716.1315,1719.7105000000001,0.01,5,3.5790000000001787,0.4141841561087353,3.1648158438914433,1.7685475517693687,1.13149999999996,5.998000000000047,target,2012
-1,306936,306942,2012-12-12 17:00:00+00:00,2012-12-12 17:30:00+00:00,1713.955,1716.37175,0.01,6,-2.4167500000000928,0.5271418930509619,-2.9438918930510547,-1.2181201584983725,2.6480000000001382,4.556999999999789,stop,2012
1,309575,309584,2012-12-26 11:00:00+00:00,2012-12-26 11:45:00+00:00,1657.115,1656.1330000000003,0.01,9,-0.9819999999997435,0.49352933905620866,-1.475529339055952,-1.502575701686698,1.37050000000022,1.65949999999998,stop,2012
-1,310654,310667,2013-01-02 05:05:00+00:00,2013-01-02 06:10:00+00:00,1679.4054999999998,1681.0229999999997,0.01,13,-1.6174999999998365,0.503678045977002,-2.121178045976839,-1.3113929186875135,1.8400000000001455,0.25999999999976353,stop,2013
1,311598,311603,2013-01-07 14:35:00+00:00,2013-01-07 15:00:00+00:00,1647.2495,1645.74575,0.01,5,-1.5037499999998545,0.4621842582828982,-1.9659342582827528,-1.3073544527234866,1.719499999999698,1.9005000000001928,stop,2013
-1,314584,314597,2013-01-22 14:45:00+00:00,2013-01-22 15:50:00+00:00,1689.9479999999999,1692.4064999999998,0.01,13,-2.458499999999958,0.3858055443548416,-2.8443055443547998,-1.1569272094182828,2.9225000000001273,0.3514999999997599,stop,2013
-1,315611,315615,2013-01-28 08:05:00+00:00,2013-01-28 08:25:00+00:00,1660.165,1658.48,0.01,4,1.6849999999999457,0.3973655504475657,1.28763444955238,1.528349495017711,0.0,2.1700000000000728,target,2013
-1,316184,316191,2013-01-30 09:45:00+00:00,2013-01-30 10:20:00+00:00,1666.106,1666.9355,0.01,7,-0.8295000000000528,0.4229568454676616,-1.2524568454677143,-1.5098937256993787,0.8394999999998163,0.34600000000000364,stop,2013
1,317071,317083,2013-02-04 15:00:00+00:00,2013-02-04 16:00:00+00:00,1667.077,1671.3420000000003,0.01,12,4.265000000000327,0.4088665081774368,3.8561334918228907,1.8082689293423655,1.009499999999889,4.963500000000067,target,2013
1,318361,318381,2013-02-11 07:15:00+00:00,2013-02-11 08:55:00+00:00,1667.633,1666.6525000000004,0.01,20,-0.9804999999996653,0.42171416546418233,-1.4022141654638476,-1.4301011376484714,2.245999999999867,0.81899999999996,stop,2013
1,318648,318652,2013-02-12 08:05:00+00:00,2013-02-12 08:25:00+00:00,1643.57,1642.362,0.01,4,-1.2079999999998563,0.4201519856125699,-1.6281519856124262,-1.3478079351097847,2.0364999999999327,0.48099999999999454,stop,2013
1,322000,322001,2013-02-28 14:35:00+00:00,2013-02-28 14:40:00+00:00,1592.522,1590.8519999999996,0.01,1,-1.6700000000003001,0.40157851559730745,-2.0715785155976074,-1.2404661770043324,3.455500000000029,0.0,stop,2013
1,322295,322300,2013-03-01 16:05:00+00:00,2013-03-01 16:30:00+00:00,1577.4765,1573.996,0.01,5,-3.4804999999998927,0.42554647704034226,-3.9060464770402348,-1.122265903473741,4.826499999999896,1.7980000000000018,stop,2013
-1,322468,322472,2013-03-04 07:25:00+00:00,2013-03-04 07:45:00+00:00,1577.348,1575.1755000000003,0.01,4,2.1724999999996726,0.4334336590486885,1.7390663409509841,1.6009816717617917,0.10449999999991633,2.550499999999829,target,2013
-1,322834,322836,2013-03-05 14:50:00+00:00,2013-03-05 15:00:00+00:00,1583.8670000000002,1580.4230000000007,0.01,2,3.4439999999995052,0.3949449406135524,3.0490550593859527,1.7706475373904709,0.8229999999998654,3.5800000000001546,target,2013
1,323678,323878,2013-03-08 15:55:00+00:00,2013-03-11 09:35:00+00:00,1577.6975,1579.745,0.01,200,2.0474999999999,0.3820666477358623,1.6654333522640377,0.3497890999766934,3.951000000000022,5.656500000000051,time_stop,2013
1,323938,323983,2013-03-11 14:35:00+00:00,2013-03-11 18:20:00+00:00,1579.0,1581.5680000000002,0.01,45,2.568000000000211,0.3895465215535775,2.1784534784466336,1.6966148586031577,1.1024999999999636,2.9594999999999345,target,2013
-1,324988,324994,2013-03-15 09:50:00+00:00,2013-03-15 10:20:00+00:00,1593.2035,1593.9805000000001,0.01,6,-0.7770000000000438,0.39521896815285756,-1.1722189681529014,-1.5086473206600197,1.3894999999997708,0.5475000000001273,stop,2013
1,326719,326721,2013-03-25 15:40:00+00:00,2013-03-25 15:50:00+00:00,1602.6635,1600.4830000000002,0.01,2,-2.180499999999938,0.3905276330458269,-2.571027633045765,-1.1791000380856858,2.5195000000001073,0.23849999999993088,stop,2013
1,328366,328369,2013-04-03 14:35:00+00:00,2013-04-03 14:50:00+00:00,1571.9025000000001,1570.5350000000003,0.01,3,-1.3674999999998363,0.3870751143340867,-1.754575114333923,-1.2830531000615233,2.6655000000000655,1.0004999999998745,stop,2013
-1,331406,331407,2013-04-18 14:35:00+00:00,2013-04-18 14:40:00+00:00,1392.111,1396.5555000000002,0.01,1,-4.444500000000062,0.43974979477417037,-4.884249794774232,-1.0989424670433487,5.921999999999798,0.0,stop,2013
-1,331683,331709,2013-04-19 14:35:00+00:00,2013-04-19 16:45:00+00:00,1402.4855,1396.081,0.01,26,6.404500000000099,0.42873264536419703,5.975767354635902,1.8661151860834757,2.3804999999999836,6.587499999999864,target,2013
1,334894,334895,2013-05-07 05:40:00+00:00,2013-05-07 05:45:00+00:00,1463.95,1462.825,0.01,1,-1.125,0.45291796642900983,-1.57791796642901,-1.4025937479368977,1.25,0.0,stop,2013
1,337418,337428,2013-05-20 08:55:00+00:00,2013-05-20 09:45:00+00:00,1353.6970000000001,1351.188,0.01,10,-2.5090000000000146,0.5253831674208183,-3.034383167420833,-1.2093994290238403,2.897000000000162,0.5389999999997599,stop,2013
-1,345716,345717,2013-07-01 14:35:00+00:00,2013-07-01 14:40:00+00:00,1241.2005,1242.4420000000002,0.01,1,-1.2415000000003147,0.32508054835364125,-1.5665805483539559,-1.2618449845779773,3.7295000000001437,0.0,stop,2013
-1,345933,345961,2013-07-02 09:45:00+00:00,2013-07-02 12:05:00+00:00,1260.6085,1255.3905000000002,0.01,28,5.217999999999847,0.36284644249511566,4.855153557504732,1.8609250891164715,1.8315000000000055,5.2504999999998745,target,2013
-1,348956,348957,2013-07-17 14:35:00+00:00,2013-07-17 14:40:00+00:00,1295.9215,1288.3885000000005,0.01,1,7.532999999999447,0.5500345338354089,6.982965466164038,1.8539666709583302,0.0,13.513500000000022,target,2013
-1,349441,349462,2013-07-19 08:50:00+00:00,2013-07-19 10:35:00+00:00,1288.221,1289.685,0.01,21,-1.4639999999999418,0.48524377540252656,-1.9492437754024683,-1.3314506662585694,4.219000000000051,1.9005000000001928,stop,2013
1,351445,351450,2013-07-30 14:35:00+00:00,2013-07-30 15:00:00+00:00,1323.495,1326.4944999999998,0.01,5,2.999499999999898,0.4952563397593455,2.5042436602405527,1.6697740691719538,0.9465000000000146,3.6510000000000673,target,2013
-1,351634,351640,2013-07-31 07:20:00+00:00,2013-07-31 07:50:00+00:00,1331.6275,1333.0037500000003,0.01,6,-1.3762500000002547,0.5050105263157805,-1.8812605263160351,-1.3669467947797909,1.802500000000009,0.3450000000000273,stop,2013
1,353051,353054,2013-08-07 10:25:00+00:00,2013-08-07 10:40:00+00:00,1279.2415,1277.83275,0.01,3,-1.4087500000000546,0.48832010638297507,-1.8970701063830298,-1.3466336158885226,2.009999999999991,0.07999999999992724,stop,2013
-1,353320,353328,2013-08-08 09:45:00+00:00,2013-08-08 10:25:00+00:00,1290.0285,1291.6285,0.01,8,-1.6000000000001364,0.49958468413210705,-2.0995846841322434,-1.3122404275825403,1.7164999999999964,0.6184999999998126,stop,2013
-1,355046,355072,2013-08-16 15:45:00+00:00,2013-08-16 17:55:00+00:00,1368.554,1372.62375,0.01,26,-4.069749999999885,0.4090337789353826,-4.478783778935268,-1.1005058735635835,6.8409999999998945,4.7560000000000855,stop,2013
1,356023,356058,2013-08-22 05:05:00+00:00,2013-08-22 08:00:00+00:00,1362.5245,1368.8244999999997,0.01,35,6.299999999999726,0.3918287606041832,5.908171239395543,1.8756099172685077,1.219000000000051,9.218499999999949,target,2013
-1,357255,357294,2013-08-28 15:45:00+00:00,2013-08-28 19:00:00+00:00,1421.5520000000001,1416.6240000000003,0.01,39,4.927999999999884,0.403555487305487,4.524444512694396,1.8362193639182236,1.5889999999999418,6.0210000000001855,target,2013
1,357404,357407,2013-08-29 05:05:00+00:00,2013-08-29 05:20:00+00:00,1412.379,1410.7772499999999,0.01,3,-1.6017500000000382,0.42619490680753536,-2.0279449068075737,-1.2660807908896679,1.6994999999999436,0.17849999999998545,stop,2013
1,357958,357963,2013-09-02 05:10:00+00:00,2013-09-02 05:35:00+00:00,1391.7224999999999,1394.7239999999997,0.01,5,3.001499999999851,0.37231147486441224,2.6291885251354388,1.7519163918944325,0.34349999999994907,3.413000000000011,target,2013
-1,360672,360707,2013-09-16 05:05:00+00:00,2013-09-16 08:00:00+00:00,1328.4045,1319.8444999999997,0.01,35,8.5600000000004,0.4883281215772432,8.071671878423157,1.8859046444913037,1.8955000000000837,8.718500000000176,target,2013
1,361261,361268,2013-09-18 08:05:00+00:00,2013-09-18 08:40:00+00:00,1305.3555000000001,1303.826,0.01,7,-1.5295000000000982,0.33499702269491766,-1.864497022695016,-1.2190238788459602,2.3740000000000236,0.3994999999999891,stop,2013
-1,361623,361624,2013-09-19 15:10:00+00:00,2013-09-19 15:15:00+00:00,1370.185,1371.81925,0.01,1,-1.6342500000000655,0.3949040042324491,-2.0291540042325145,-1.2416423461725152,4.954999999999927,0.0,stop,2013
1,362106,362107,2013-09-23 09:25:00+00:00,2013-09-23 09:30:00+00:00,1323.6934999999999,1321.6075,0.01,1,-2.0859999999997854,0.38015064185813935,-2.466150641857925,-1.1822390421180147,2.5449999999998454,0.0,stop,2013
1,362446,362449,2013-09-24 14:40:00+00:00,2013-09-24 14:55:00+00:00,1314.353,1316.007,0.01,3,1.6539999999999964,0.3142449931729698,1.3397550068270265,1.6200181461028167,0.0,3.586999999999989,target,2013
1,366537,366580,2013-10-15 14:40:00+00:00,2013-10-15 18:15:00+00:00,1269.655,1278.2050000000002,0.01,43,8.550000000000182,0.34826296669307993,8.201737033307102,1.9185349785513282,2.0575000000001182,8.703500000000076,target,2013
-1,370953,370965,2013-11-06 15:05:00+00:00,2013-11-06 16:05:00+00:00,1319.8205,1315.581,0.01,12,4.239500000000135,0.403715342231886,3.8357846577682486,1.8095457755717075,0.0,4.552500000000009,target,2013
1,371940,371944,2013-11-12 05:05:00+00:00,2013-11-12 05:25:00+00:00,1278.4814999999999,1277.5209999999997,0.01,4,-0.9605000000001384,0.4214142633228766,-1.381914263323015,-1.4387446781080853,1.7454999999999927,0.18850000000020373,stop,2013
1,373076,373077,2013-11-18 07:30:00+00:00,2013-11-18 07:35:00+00:00,1287.8325,1286.53375,0.01,1,-1.2987499999999272,0.38679702849988573,-1.6855470284998129,-1.2978225435995436,1.3105000000000473,0.0,stop,2013
1,374001,374004,2013-11-21 15:25:00+00:00,2013-11-21 15:40:00+00:00,1240.7835,1239.27425,0.01,3,-1.5092500000000655,0.39454818792891494,-1.9037981879289805,-1.261420035069669,1.54300000000012,1.496499999999969,stop,2013
-1,374736,374737,2013-11-26 07:30:00+00:00,2013-11-26 07:35:00+00:00,1254.039,1254.853,0.01,1,-0.8140000000000782,0.35744918418763333,-1.1714491841877115,-1.4391267619012271,1.2560000000000855,0.1454999999998563,stop,2013
-1,377108,377109,2013-12-09 05:45:00+00:00,2013-12-09 05:50:00+00:00,1228.9144999999999,1229.67825,0.01,1,-0.7637500000000728,0.4150558139534947,-1.1788058139535675,-1.5434446009210543,0.8614999999999782,0.0,stop,2013
-1,379884,379900,2013-12-23 06:25:00+00:00,2013-12-23 07:45:00+00:00,1203.895,1201.87,0.01,16,2.025000000000091,0.40426230150251385,1.6207376984975772,1.6007285911086464,0.8335000000001855,2.058999999999969,target,2013
-1,380457,380466,2013-12-26 14:35:00+00:00,2013-12-26 15:20:00+00:00,1215.062,1213.2885,0.01,9,1.7734999999997854,0.3966910447761124,1.376808955223673,1.5526461293756297,0.5210000000001855,2.042500000000018,target,2013
-1,381845,381846,2014-01-03 14:55:00+00:00,2014-01-03 15:00:00+00:00,1233.0995,1233.7322499999998,0.01,1,-0.6327499999997599,0.3971967238711624,-1.0299467238709223,-1.627730895094924,1.7214999999998781,0.0,stop,2014
1,382616,382653,2014-01-08 10:00:00+00:00,2014-01-08 13:05:00+00:00,1227.179,1231.9550000000004,0.01,37,4.776000000000295,0.389631413229444,4.386368586770851,1.8368377666543467,1.6824999999998909,4.882999999999811,target,2014
1,385002,385006,2014-01-21 06:20:00+00:00,2014-01-21 06:40:00+00:00,1252.92,1252.1915000000004,0.01,4,-0.7284999999997126,0.40724888151249555,-1.135748881512208,-1.5590238593173043,0.7800000000002001,0.0749999999998181,stop,2014
1,385557,385564,2014-01-23 06:25:00+00:00,2014-01-23 07:00:00+00:00,1235.5520000000001,1237.4315000000001,0.01,7,1.8795000000000073,0.4017278422290344,1.4777721577709728,1.5725162625921438,0.5575000000001182,3.833499999999731,target,2014
-1,386114,386118,2014-01-27 06:45:00+00:00,2014-01-27 07:05:00+00:00,1269.9845,1267.6215000000002,0.01,4,2.362999999999829,0.46241048449115824,1.9005895155086707,1.608624219643511,0.0,2.4729999999999563,target,2014
1,387533,387566,2014-02-03 09:35:00+00:00,2014-02-03 12:20:00+00:00,1244.7225,1248.043,0.01,33,3.3204999999998113,0.4110513844290384,2.909448615570773,1.7524159708302594,1.0415000000000418,4.346499999999878,target,2014
-1,388157,388169,2014-02-05 15:25:00+00:00,2014-02-05 16:25:00+00:00,1262.6905,1257.4885000000002,0.01,12,5.201999999999771,0.3911683033956919,4.810831696604079,1.8496084954264862,0.0,5.770499999999856,target,2014
-1,389254,389257,2014-02-11 14:35:00+00:00,2014-02-11 14:50:00+00:00,1280.8095,1282.445,0.01,3,-1.6354999999998656,0.4070887058070642,-2.0425887058069296,-1.2489077993317625,2.39449999999988,0.5144999999999982,stop,2014
1,390591,390593,2014-02-18 14:40:00+00:00,2014-02-18 14:50:00+00:00,1319.0285,1321.3519999999999,0.01,2,2.3234999999999673,0.38958896984923025,1.933911030150737,1.6646533506785144,0.0,2.485500000000229,target,2014
-1,392159,392166,2014-02-26 07:15:00+00:00,2014-02-26 07:50:00+00:00,1344.127,1341.8629999999998,0.01,7,2.2640000000001237,0.3669622269960632,1.8970377730040604,1.6758284213815873,0.01999999999998181,2.41399999999976,target,2014
-1,394737,394750,2014-03-11 16:20:00+00:00,2014-03-11 17:25:00+00:00,1343.454,1346.7467499999998,0.01,13,-3.2927499999998417,0.40364709770113755,-3.6963970977009795,-1.1225866214262112,4.245999999999867,0.6429999999998017,stop,2014
1,395997,396012,2014-03-18 10:10:00+00:00,2014-03-18 11:25:00+00:00,1362.2330000000002,1360.8212500000004,0.01,15,-1.4117499999997563,0.3691201392405192,-1.7808701392402755,-1.2614628221998108,2.1230000000000473,1.1579999999999018,stop,2014
1,396586,396708,2014-03-20 14:45:00+00:00,2014-03-21 02:35:00+00:00,1327.6245,1334.1535,0.01,122,6.528999999999996,0.3512425924104799,6.1777574075895165,1.8924053936558494,2.306999999999789,6.556500000000142,target,2014
-1,396854,396908,2014-03-21 14:45:00+00:00,2014-03-21 19:15:00+00:00,1335.6475,1337.31675,0.01,54,-1.6692499999999202,0.3527438974665745,-2.0219938974664946,-1.2113187943487143,1.6705000000001746,1.9600000000000364,stop,2014
1,397023,397024,2014-03-24 06:45:00+00:00,2014-03-24 06:50:00+00:00,1327.254,1326.3669999999997,0.01,1,-0.887000000000171,0.368445202182281,-1.255445202182452,-1.415383542482762,0.9049999999997453,0.0,stop,2014
1,397919,397941,2014-03-27 14:35:00+00:00,2014-03-27 16:25:00+00:00,1296.3319999999999,1294.5529999999997,0.01,22,-1.7790000000002237,0.32078270840499745,-2.099782708405221,-1.1803163060174013,2.1920000000000073,2.0779999999999745,stop,2014
1,398204,398264,2014-03-28 16:05:00+00:00,2014-03-30 23:05:00+00:00,1290.9789999999998,1296.4765000000002,0.01,60,5.4975000000004,0.43045450031597327,5.0670454996844265,1.8433999089346276,0.7129999999997381,5.581000000000131,target,2014
1,404128,404325,2014-04-30 14:35:00+00:00,2014-05-01 07:55:00+00:00,1288.1875,1282.23675,0.01,197,-5.950749999999971,0.33007498979143174,-6.280824989791403,-1.0554677964611912,6.3215000000000146,9.99499999999989,stop,2014
1,408856,408910,2014-05-23 16:30:00+00:00,2014-05-25 22:00:00+00:00,1290.304,1293.37,0.01,54,3.0659999999998035,0.44254858585858975,2.623451414141214,1.7113186002226888,0.0,3.830500000000029,target,2014
1,409527,409530,2014-05-28 07:20:00+00:00,2014-05-28 07:35:00+00:00,1264.4364999999998,1266.0565000000001,0.01,3,1.6200000000003454,0.3235141442020842,1.2964858557982613,1.6005998219728208,0.6584999999997763,2.136500000000069,target,2014
1,409909,409920,2014-05-29 16:05:00+00:00,2014-05-29 17:00:00+00:00,1255.9695000000002,1255.3449999999998,0.01,11,-0.6245000000003529,0.32741073653464325,-0.9519107365349961,-1.524276599734921,0.6649999999999636,0.95049999999992,stop,2014
-1,413928,413945,2014-06-19 05:05:00+00:00,2014-06-19 06:30:00+00:00,1278.0210000000002,1279.1200000000001,0.01,17,-1.0989999999999327,0.32973925952317124,-1.4287392595231039,-1.3000357229510386,1.2484999999996944,1.038000000000011,stop,2014
-1,416260,416261,2014-07-01 15:00:00+00:00,2014-07-01 15:05:00+00:00,1329.1585,1330.1507499999998,0.01,1,-0.9922499999997854,0.32567157430116783,-1.3179215743009531,-1.3282152424300713,1.865000000000009,0.23250000000007276,stop,2014
1,416723,416768,2014-07-03 07:25:00+00:00,2014-07-03 11:10:00+00:00,1320.9425,1319.4297500000002,0.01,45,-1.512749999999869,0.315650248013865,-1.828400248013734,-1.2086598896142073,4.407000000000153,2.4459999999999127,stop,2014
-1,417869,417916,2014-07-09 14:35:00+00:00,2014-07-09 18:30:00+00:00,1324.327,1325.8269999999998,0.01,47,-1.4999999999997726,0.32642792948311156,-1.8264279294828842,-1.2176186196554408,8.138999999999896,2.8185000000000855,stop,2014
-1,419529,419537,2014-07-17 14:35:00+00:00,2014-07-17 15:15:00+00:00,1303.917,1305.143,0.01,8,-1.2260000000001128,0.3334151932351763,-1.559415193235289,-1.2719536649552574,4.914999999999964,2.0464999999999236,stop,2014
1,420285,420305,2014-07-22 08:30:00+00:00,2014-07-22 10:10:00+00:00,1306.8519999999999,1305.30725,0.01,20,-1.5447499999997945,0.3258781999450432,-1.8706281999448375,-1.2109585369445452,1.5519999999996799,1.8695000000002437,stop,2014
1,422018,422218,2014-07-30 14:35:00+00:00,2014-07-31 08:10:00+00:00,1293.9634999999998,1295.8719999999998,0.01,200,1.9085000000000036,0.3392450780355101,1.5692549219644936,0.47821268382281823,2.411999999999807,4.0395000000003165,time_stop,2014
1,423124,423161,2014-08-05 14:35:00+00:00,2014-08-05 17:40:00+00:00,1283.368,1286.7095,0.01,37,3.3414999999999964,0.3265683614375742,3.0149316385624223,1.8045378653673054,0.0,4.101999999999862,target,2014
-1,424506,424509,2014-08-12 14:35:00+00:00,2014-08-12 14:50:00+00:00,1317.21,1315.8419999999996,0.01,3,1.368000000000393,0.34877025724820454,1.0192297427521884,1.4901019630875667,0.0,2.3559999999999945,target,2014
1,426093,426114,2014-08-20 08:40:00+00:00,2014-08-20 10:25:00+00:00,1293.908,1293.0304999999998,0.01,21,-0.8775000000000546,0.3501570365358707,-1.2276570365359252,-1.3990393578756113,2.0829999999998563,0.9345000000000709,stop,2014
-1,429013,429015,2014-09-04 06:30:00+00:00,2014-09-04 06:40:00+00:00,1271.728,1270.5439999999999,0.01,2,1.1840000000001965,0.41125743433905554,0.7727425656611409,1.3053083879408998,0.0,1.2035000000000764,target,2014
1,430704,430716,2014-09-12 09:05:00+00:00,2014-09-12 10:05:00+00:00,1235.785,1238.0445000000002,0.01,12,2.2595000000001164,0.413874128246889,1.8456258717532275,1.6336586605471408,0.48099999999999454,2.3129999999998745,target,2014
1,432158,432187,2014-09-19 15:10:00+00:00,2014-09-19 17:35:00+00:00,1216.984,1214.918,0.01,29,-2.066000000000031,0.3987653847274368,-2.4647653847274675,-1.1930132549503536,3.158999999999878,3.451000000000022,stop,2014
1,432427,432439,2014-09-22 14:35:00+00:00,2014-09-22 15:35:00+00:00,1213.3345,1216.0555000000004,0.01,12,2.7210000000004584,0.3821428376624329,2.3388571623380257,1.7191158855844408,1.0254999999999654,2.844000000000051,target,2014
1,434088,434089,2014-09-30 14:35:00+00:00,2014-09-30 14:40:00+00:00,1215.1680000000001,1212.7692499999998,0.01,1,-2.398750000000291,0.40030198845098913,-2.7990519884512803,-1.1668794115480732,3.20900000000006,0.0,stop,2014
-1,434536,434537,2014-10-02 05:50:00+00:00,2014-10-02 05:55:00+00:00,1219.5520000000001,1220.67,0.01,1,-1.1179999999999382,0.3849250024845919,-1.50292500248453,-1.3442978555318543,2.0529999999998836,0.0,stop,2014
-1,438139,438150,2014-10-21 10:25:00+00:00,2014-10-21 11:20:00+00:00,1248.5245,1249.758,0.01,11,-1.2335000000000491,0.3649993008641023,-1.5984993008641515,-1.2959053918638734,1.2545000000000073,1.2640000000001237,stop,2014
1,443084,443100,2014-11-14 10:20:00+00:00,2014-11-14 11:40:00+00:00,1153.241,1152.2912499999998,0.01,16,-0.9497500000002219,0.38094390369475256,-1.3306939036949745,-1.4010991352404987,1.3825000000001637,1.2975000000001273,stop,2014
1,443298,443406,2014-11-17 05:05:00+00:00,2014-11-17 14:05:00+00:00,1187.63,1183.50475,0.01,108,-4.125250000000051,0.36477242250510084,-4.4900224225051515,-1.088424319133409,4.594500000000153,5.286000000000058,stop,2014
-1,443691,443695,2014-11-18 14:45:00+00:00,2014-11-18 15:05:00+00:00,1192.87,1194.82675,0.01,4,-1.9567500000000564,0.3811313857975653,-2.3378813857976217,-1.194777762002072,2.6725000000001273,0.4179999999998927,stop,2014
1,444801,444802,2014-11-24 15:00:00+00:00,2014-11-24 15:05:00+00:00,1198.3845000000001,1197.8292499999998,0.01,1,-0.555250000000342,0.3633014528160067,-0.9185514528163486,-1.6543024814331975,0.8904999999999745,0.17399999999997817,stop,2014
1,445557,445643,2014-11-27 08:45:00+00:00,2014-11-27 15:55:00+00:00,1194.1754999999998,1192.2099999999998,0.01,86,-1.96550000000002,0.38496736406233995,-2.35046736406236,-1.1958623068238798,3.958499999999731,3.6204999999999927,stop,2014
1,445856,445857,2014-11-28 14:35:00+00:00,2014-11-28 14:40:00+00:00,1181.0405,1179.5142500000002,0.01,1,-1.5262499999998909,0.32261077484847434,-1.8488607748483652,-1.2113747910555266,2.581000000000131,0.0,stop,2014
-1,447380,447381,2014-12-08 06:45:00+00:00,2014-12-08 06:50:00+00:00,1193.284,1194.064,0.01,1,-0.7799999999999727,0.36503709878012625,-1.145037098780099,-1.4679962804873579,1.0299999999999727,0.0,stop,2014
1,448334,448337,2014-12-11 17:00:00+00:00,2014-12-11 17:15:00+00:00,1225.9969999999998,1230.0959999999995,0.01,3,4.098999999999705,0.39196830921830034,3.707031690781405,1.808749300210623,0.7169999999996435,6.041500000000269,target,2014
1,451309,451311,2014-12-29 14:35:00+00:00,2014-12-29 14:45:00+00:00,1191.5529999999999,1189.5484999999999,0.01,2,-2.0045000000000073,0.37029942815038525,-2.3747994281503924,-1.1847340624347138,3.0354999999999563,0.32550000000014734,stop,2014
-1,452414,452415,2015-01-05 14:35:00+00:00,2015-01-05 14:40:00+00:00,1198.4679999999998,1199.3649999999998,0.01,1,-0.8969999999999345,0.38226119446923496,-1.2792611944691694,-1.426155177780672,1.2195000000001528,1.8849999999997635,stop,2015
-1,452595,452597,2015-01-06 06:35:00+00:00,2015-01-06 06:45:00+00:00,1208.5925,1209.71425,0.01,2,-1.12175000000002,0.373462399705553,-1.495212399705573,-1.3329283705866248,2.0644999999999527,0.5235000000000127,stop,2015
-1,454095,454096,2015-01-13 16:20:00+00:00,2015-01-13 16:25:00+00:00,1237.851,1239.5115,0.01,1,-1.6604999999999563,0.3839460114960063,-2.0444460114959626,-1.2312231324878147,2.992999999999938,0.0,stop,2015
1,455067,455093,2015-01-19 05:05:00+00:00,2015-01-19 07:15:00+00:00,1277.0035,1274.8709999999999,0.01,26,-2.1325000000001637,0.3903701074391461,-2.5228701074393096,-1.1830574946959511,2.183499999999867,0.5219999999999345,stop,2015
1,459582,459590,2015-02-10 16:40:00+00:00,2015-02-10 17:20:00+00:00,1236.6185,1234.194,0.01,8,-2.42450000000008,0.3598681825998344,-2.7843681825999145,-1.1484298546503702,2.59699999999998,0.7100000000000364,stop,2015
-1,461438,461454,2015-02-19 14:35:00+00:00,2015-02-19 15:55:00+00:00,1212.608,1208.242,0.01,16,4.3659999999999854,0.3869453719239389,3.9790546280760464,1.8227460504242141,0.2035000000000764,4.723499999999831,target,2015
1,461730,461762,2015-02-20 15:50:00+00:00,2015-02-20 18:30:00+00:00,1206.1235000000001,1203.82075,0.01,32,-2.30275000000006,0.4107674660163427,-2.7135174660164028,-1.1783812684904276,2.3659999999999854,2.8015000000000327,stop,2015
-1,461878,461879,2015-02-23 05:05:00+00:00,2015-02-23 05:10:00+00:00,1204.1390000000001,1204.785,0.01,1,-0.6459999999999582,0.4153600113122107,-1.0613600113121688,-1.642972153734114,0.7799999999997453,0.0,stop,2015
-1,462846,463022,2015-02-26 16:30:00+00:00,2015-02-27 08:05:00+00:00,1210.7155,1205.811,0.01,176,4.904500000000098,0.37926289546825714,4.525237104531841,1.8453408520875727,1.7225000000000819,5.09050000000002,target,2015
-1,463383,463391,2015-03-02 15:05:00+00:00,2015-03-02 15:45:00+00:00,1212.585,1208.5454999999997,0.01,8,4.0395000000003165,0.38270684027778556,3.6567931597225307,1.8105177174017795,0.5190000000000055,4.746000000000095,target,2015
1,464481,464484,2015-03-06 14:35:00+00:00,2015-03-06 14:50:00+00:00,1177.68,1180.0509999999997,0.01,3,2.37099999999964,0.40803435353883377,1.962965646460806,1.6558124390224414,1.0950000000000273,2.4700000000000273,target,2015
-1,464772,464773,2015-03-09 15:50:00+00:00,2015-03-09 15:55:00+00:00,1167.324,1168.4819999999997,0.01,1,-1.1579999999996744,0.3945262440816192,-1.5525262440812937,-1.3406962384125476,1.3829999999998108,0.0,stop,2015
1,464910,464926,2015-03-10 05:05:00+00:00,2015-03-10 06:25:00+00:00,1161.63,1160.3922500000003,0.01,16,-1.237749999999778,0.4234334378297779,-1.661183437829556,-1.342099323635511,1.6255000000001019,2.3595000000000255,stop,2015
-1,468063,468064,2015-03-25 14:35:00+00:00,2015-03-25 14:40:00+00:00,1198.15,1196.5584999999996,0.01,1,1.5915000000004513,0.35031430121612167,1.2411856987843297,1.5597683930681467,0.0,3.338000000000193,target,2015
-1,468236,468238,2015-03-26 05:55:00+00:00,2015-03-26 06:05:00+00:00,1199.2579999999998,1200.2277499999998,0.01,2,-0.9697499999999764,0.37912364290759737,-1.3488736429075736,-1.3909498766770885,1.9110000000000582,0.0929999999998472,stop,2015
1,470163,470188,2015-04-07 05:05:00+00:00,2015-04-07 07:10:00+00:00,1213.483,1212.782,0.01,25,-0.7010000000000218,0.3770434400985636,-1.0780434400985854,-1.5378651071306018,0.8914999999999509,1.3174999999998818,stop,2015
1,475257,475277,2015-05-01 14:35:00+00:00,2015-05-01 16:15:00+00:00,1172.9115000000002,1171.4582500000001,0.01,20,-1.4532500000000255,0.36079834744445843,-1.814048347444484,-1.2482699793183913,2.030500000000302,1.3274999999998727,stop,2015
1,476250,476256,2015-05-07 06:05:00+00:00,2015-05-07 06:35:00+00:00,1188.643,1187.5192499999998,0.01,6,-1.1237500000002,0.36487280591533855,-1.4886228059155386,-1.3246921520936805,3.3164999999999054,0.5589999999999691,stop,2015
-1,477192,477196,2015-05-12 15:25:00+00:00,2015-05-12 15:45:00+00:00,1191.9535,1194.2200000000003,0.01,4,-2.2665000000001783,0.36580899536662265,-2.632308995366801,-1.1613981889991591,3.5564999999999145,0.0,stop,2015
-1,477736,477936,2015-05-14 14:35:00+00:00,2015-05-15 08:10:00+00:00,1225.829,1218.6345000000001,0.01,200,7.1944999999998345,0.35732728144697873,6.837172718552856,1.3318086620020266,0.17699999999990723,8.383999999999787,time_stop,2015
-1,478288,478292,2015-05-18 14:35:00+00:00,2015-05-18 14:55:00+00:00,1226.4205,1228.432,0.01,4,-2.011500000000069,0.3669818033455675,-2.3784818033456365,-1.1824418609721874,2.2565000000001874,0.0,stop,2015
1,478451,478465,2015-05-19 05:05:00+00:00,2015-05-19 06:15:00+00:00,1221.8515,1221.0925,0.01,14,-0.7590000000000147,0.3783076106084447,-1.1373076106084594,-1.4984289994841073,1.1134999999999309,1.4230000000000018,stop,2015
-1,481019,481030,2015-06-01 15:35:00+00:00,2015-06-01 16:30:00+00:00,1193.915,1191.0790000000002,0.01,11,2.8359999999997854,0.3390127148232902,2.496987285176495,1.7609219218453345,0.8560000000002219,3.099999999999909,target,2015
-1,486460,486515,2015-06-29 07:45:00+00:00,2015-06-29 12:20:00+00:00,1178.88,1180.4575000000002,0.01,55,-1.5775000000001,0.38863503963915763,-1.9661350396392576,-1.2463613563481033,2.074999999999818,2.681500000000142,stop,2015
1,486843,486852,2015-06-30 16:40:00+00:00,2015-06-30 17:25:00+00:00,1174.9545,1172.2717499999999,0.01,9,-2.682750000000169,0.3865310420981701,-3.069281042098339,-1.1440801573378607,2.684500000000071,0.9894999999999072,stop,2015
-1,487558,487584,2015-07-03 09:55:00+00:00,2015-07-03 12:05:00+00:00,1168.5305,1169.75,0.01,26,-1.2194999999999254,0.3905130686518018,-1.6100130686517273,-1.3202239185336826,1.2474999999999454,0.7455000000002201,stop,2015
1,488301,488316,2015-07-08 06:40:00+00:00,2015-07-08 07:55:00+00:00,1149.0439999999999,1153.1349999999998,0.01,15,4.0909999999998945,0.3825722237109095,3.708427776288985,1.8129688468780643,1.7304999999996653,4.7465000000001965,target,2015
1,489224,489234,2015-07-13 14:35:00+00:00,2015-07-13 15:25:00+00:00,1154.7150000000001,1157.5140000000001,0.01,10,2.798999999999978,0.35961735681558155,2.4393826431843966,1.7430386875201254,1.0740000000000691,3.264499999999771,target,2015
1,491044,491053,2015-07-22 05:05:00+00:00,2015-07-22 05:50:00+00:00,1093.924,1092.91475,0.01,9,-1.0092500000000655,0.4095020507223732,-1.4187520507224387,-1.4057488736411659,2.0534999999999854,0.6469999999999345,stop,2015
1,491725,491751,2015-07-24 15:45:00+00:00,2015-07-24 17:55:00+00:00,1085.6745,1090.8795,0.01,26,5.204999999999927,0.36931771141312647,4.835682288586801,1.858091177170747,1.2505000000001019,8.989999999999782,target,2015
-1,496681,496684,2015-08-19 14:35:00+00:00,2015-08-19 14:50:00+00:00,1125.7255,1128.9657499999998,0.01,3,-3.2402499999998327,0.35269035482158856,-3.592940354821421,-1.1088466491232487,3.9645000000000437,0.013500000000021828,stop,2015
-1,497153,497156,2015-08-21 07:45:00+00:00,2015-08-21 08:00:00+00:00,1154.239,1150.8220000000001,0.01,3,3.4169999999999168,0.3737792857393781,3.0432207142605385,1.7812237133512512,0.7149999999999181,3.9394999999999527,target,2015
1,498003,498004,2015-08-26 09:35:00+00:00,2015-08-26 09:40:00+00:00,1134.837,1133.25,0.01,1,-1.586999999999989,0.38111909896060997,-1.968119098960599,-1.2401506609707704,1.8070000000000164,0.4414999999999054,stop,2015
-1,498501,498505,2015-08-28 05:05:00+00:00,2015-08-28 05:25:00+00:00,1131.1245,1132.1665,0.01,4,-1.0420000000001437,0.4221307692307604,-1.4641307692309042,-1.4051159013730348,1.0655000000001564,0.5034999999998035,stop,2015
1,501350,501383,2015-09-11 16:25:00+00:00,2015-09-11 19:10:00+00:00,1103.644,1107.4744999999996,0.01,33,3.8304999999995744,0.4098903800159392,3.4206096199836353,1.7859859652703383,0.32399999999984175,4.647500000000036,target,2015
-1,502709,502773,2015-09-18 14:35:00+00:00,2015-09-18 19:55:00+00:00,1137.6999999999998,1139.7627499999999,0.01,64,-2.062750000000051,0.4142707749439351,-2.477020774943986,-1.2008342140074777,2.2200000000002547,1.4304999999999382,stop,2015
1,503261,503265,2015-09-22 14:35:00+00:00,2015-09-22 14:55:00+00:00,1122.42,1125.2220000000002,0.01,4,2.8020000000001346,0.3773390278208318,2.4246609721793027,1.7306645054812178,0.0,2.8999999999998636,target,2015
1,504851,504855,2015-09-30 09:05:00+00:00,2015-09-30 09:25:00+00:00,1124.333,1123.02825,0.01,4,-1.3047500000000127,0.3484794483554791,-1.653229448355492,-1.2670852257945782,1.3840000000000146,0.12199999999984357,stop,2015
-1,506206,506207,2015-10-07 07:00:00+00:00,2015-10-07 07:05:00+00:00,1150.717,1151.4680000000003,0.01,1,-0.7510000000002037,0.3761389745458163,-1.12713897454602,-1.500850831618794,1.688499999999749,0.0,stop,2015
-1,507980,508012,2015-10-15 16:50:00+00:00,2015-10-15 19:30:00+00:00,1188.085,1184.2929999999997,0.01,32,3.7920000000003715,0.42213392723181625,3.369866072768555,1.777355523611933,0.5190000000000055,4.10550000000012,target,2015
1,508391,508416,2015-10-19 05:05:00+00:00,2015-10-19 07:10:00+00:00,1172.654,1171.2634999999998,0.01,25,-1.390500000000202,0.34175016592920765,-1.7322501659294096,-1.2457750204452773,1.4645000000000437,1.30600000000004,stop,2015
-1,508804,509004,2015-10-20 16:30:00+00:00,2015-10-21 10:10:00+00:00,1176.951,1175.306,0.01,200,1.6449999999999818,0.37736128876513225,1.2676387112348495,0.523655359386492,2.4139999999999873,3.423000000000229,time_stop,2015
1,512096,512102,2015-11-05 15:45:00+00:00,2015-11-05 16:15:00+00:00,1107.5905,1105.9950000000001,0.01,6,-1.5954999999999018,0.3873517007891933,-1.9828517007890951,-1.2427776250637526,2.0550000000000637,0.36950000000001637,stop,2015
-1,512634,512688,2015-11-09 14:35:00+00:00,2015-11-09 19:05:00+00:00,1090.23,1091.75125,0.01,54,-1.521250000000009,0.3828202050214344,-1.9040702050214435,-1.251648450301681,2.27599999999984,1.7454999999999927,stop,2015
1,513465,513467,2015-11-12 14:55:00+00:00,2015-11-12 15:05:00+00:00,1086.4485,1083.3239999999996,0.01,2,-3.124500000000353,0.38510051333904144,-3.5096005133393944,-1.1232518845700106,3.5779999999999745,1.871499999999969,stop,2015
1,514289,514296,2015-11-17 14:35:00+00:00,2015-11-17 15:10:00+00:00,1079.2044999999998,1076.9232499999998,0.01,7,-2.28125,0.35648088578088005,-2.63773088578088,-1.1562655937669613,3.694999999999709,0.8395000000000437,stop,2015
-1,514770,514787,2015-11-19 08:40:00+00:00,2015-11-19 10:05:00+00:00,1075.8295,1074.2535,0.01,17,1.5760000000000218,0.35047025608832283,1.225529743911699,1.555240791766094,0.6049999999997908,2.540000000000191,target,2015
-1,516888,516895,2015-12-01 08:15:00+00:00,2015-12-01 08:50:00+00:00,1070.2865000000002,1071.3205,0.01,7,-1.0339999999998781,0.37462671190061797,-1.408626711900496,-1.3623082320122457,1.1784999999999854,0.3520000000003165,stop,2015
-1,517792,517793,2015-12-04 14:35:00+00:00,2015-12-04 14:40:00+00:00,1073.5155,1076.27,0.01,1,-2.7545000000000073,0.40955662431941625,-3.1640566243194237,-1.1486863765908206,8.179999999999836,0.0,stop,2015
1,518352,518476,2015-12-08 15:15:00+00:00,2015-12-09 02:35:00+00:00,1072.9665,1077.7595000000001,0.01,124,4.79300000000012,0.3737761594202898,4.41922384057983,1.844032480942925,0.8215000000000146,4.977499999999964,target,2015
-1,518620,518621,2015-12-09 14:35:00+00:00,2015-12-09 14:40:00+00:00,1081.0015,1081.9785000000002,0.01,1,-0.9770000000000891,0.37414941136098984,-1.351149411361079,-1.3829574323039464,1.1085000000000491,0.0,stop,2015
1,519077,519080,2015-12-11 06:40:00+00:00,2015-12-11 06:55:00+00:00,1070.011,1071.875,0.01,3,1.8640000000000327,0.36856934386157664,1.495430656138456,1.6045393306206328,0.2159999999998945,2.2390000000000327,target,2015
1,519644,519647,2015-12-15 07:55:00+00:00,2015-12-15 08:10:00+00:00,1063.566,1062.4405000000002,0.01,3,-1.1254999999998745,0.3632676751704201,-1.4887676751702945,-1.3227611507511867,1.1524999999999181,0.0,stop,2015
1,522392,522395,2015-12-30 10:20:00+00:00,2015-12-30 10:35:00+00:00,1068.905,1066.617,0.01,3,-2.288000000000011,0.39101655954024334,-2.6790165595402544,-1.1708988459529028,2.8644999999999072,0.06549999999992906,stop,2015
-1,523755,523757,2016-01-07 08:55:00+00:00,2016-01-07 09:05:00+00:00,1095.1,1096.42425,0.01,2,-1.32425000000012,0.3790515372076481,-1.7033015372077682,-1.2862386537342752,1.6600000000000819,0.0,stop,2016
-1,524267,524272,2016-01-11 05:35:00+00:00,2016-01-11 06:00:00+00:00,1104.5945000000002,1105.4940000000001,0.01,5,-0.899499999999989,0.3687582015092622,-1.2682582015092512,-1.4099590900603298,1.5369999999998072,0.29450000000019827,stop,2016
1,524564,524574,2016-01-12 07:20:00+00:00,2016-01-12 08:10:00+00:00,1095.2350000000001,1097.3030000000003,0.01,10,2.068000000000211,0.3592037935829225,1.7087962064172886,1.652607549726416,0.3949999999999818,4.126499999999851,target,2016
-1,525655,525664,2016-01-18 06:15:00+00:00,2016-01-18 07:00:00+00:00,1090.415,1089.0755,0.01,9,1.3395000000000437,0.37239071636116006,0.9671092836388836,1.4439854925552102,0.3690000000001419,1.399499999999989,target,2016
1,525984,525986,2016-01-19 14:35:00+00:00,2016-01-19 14:45:00+00:00,1087.0355,1085.77275,0.01,2,-1.262749999999869,0.36600586458372475,-1.6287558645835938,-1.289848239622857,1.2825000000000273,0.3845000000001164,stop,2016
-1,529296,529297,2016-02-04 14:35:00+00:00,2016-02-04 14:40:00+00:00,1152.7345,1153.66775,0.01,1,-0.9332500000000435,0.3538481004901816,-1.287098100490225,-1.3791568180982212,1.68100000000004,0.0,stop,2016
-1,529590,529628,2016-02-05 16:05:00+00:00,2016-02-05 19:15:00+00:00,1155.75,1159.32275,0.01,38,-3.572750000000042,0.3632204384953805,-3.9359704384954224,-1.1016641070590936,4.11850000000004,1.8899999999998727,stop,2016
-1,529848,529851,2016-02-08 14:35:00+00:00,2016-02-08 14:50:00+00:00,1188.9344999999998,1190.6185,0.01,3,-1.6840000000001965,0.3517914394545433,-2.03579143945474,-1.208902279961106,3.0655000000001564,3.1384999999997945,stop,2016
-1,533041,533043,2016-02-24 08:35:00+00:00,2016-02-24 08:45:00+00:00,1227.4615,1225.2115,0.01,2,2.25,0.3640842480841197,1.8859157519158802,1.6763695572585602,0.0,2.644999999999982,target,2016
-1,534148,534152,2016-03-01 08:50:00+00:00,2016-03-01 09:10:00+00:00,1239.7849999999999,1241.1752499999998,0.01,4,-1.3902499999999236,0.35947877932422817,-1.7497287793241518,-1.2585713212186642,3.2850000000003092,0.5294999999996435,stop,2016
1,534388,534403,2016-03-02 05:50:00+00:00,2016-03-02 07:05:00+00:00,1227.1495,1226.0495,0.01,15,-1.099999999999909,0.38526042706436436,-1.4852604270642735,-1.350236751876724,1.4049999999999727,1.0505000000000564,stop,2016
-1,534769,534770,2016-03-03 14:35:00+00:00,2016-03-03 14:40:00+00:00,1243.42,1244.2905,0.01,1,-0.8704999999999928,0.3444540922694074,-1.2149540922694002,-1.3956968320154053,4.0099999999997635,0.0,stop,2016
-1,535045,535046,2016-03-04 14:35:00+00:00,2016-03-04 14:40:00+00:00,1270.5085,1271.97075,0.01,1,-1.46225000000004,0.3578523327319212,-1.8201023327319612,-1.244727189421721,5.470000000000027,0.0,stop,2016
-1,535524,535525,2016-03-08 08:30:00+00:00,2016-03-08 08:35:00+00:00,1273.9965000000002,1275.1697500000002,0.01,1,-1.1732500000000528,0.39337210906264924,-1.566622109062702,-1.335284133017372,1.2269999999998618,0.0,stop,2016
-1,536316,536317,2016-03-11 05:30:00+00:00,2016-03-11 05:35:00+00:00,1272.6734999999999,1274.2614999999996,0.01,1,-1.5879999999997383,0.4233269824147428,-2.0113269824144813,-1.2665787042914438,2.8585000000002765,0.0,stop,2016
-1,537542,537543,2016-03-17 14:40:00+00:00,2016-03-17 14:45:00+00:00,1264.62,1266.7252499999997,0.01,1,-2.1052499999998417,0.3861875901512773,-2.491437590151119,-1.1834402518234444,2.1520000000000437,0.0,stop,2016
1,538093,538094,2016-03-21 14:35:00+00:00,2016-03-21 14:40:00+00:00,1247.353,1245.6937500000001,0.01,1,-1.6592499999999293,0.3772602740511409,-2.03651027405107,-1.2273679518162766,2.6280000000001564,0.0,stop,2016
-1,542247,542394,2016-04-12 15:45:00+00:00,2016-04-13 05:00:00+00:00,1257.4685,1251.413,0.01,147,6.055499999999938,0.3851184372412118,5.670381562758727,1.8728037528721937,1.9214999999999236,7.483499999999822,target,2016
1,542711,542755,2016-04-14 08:25:00+00:00,2016-04-14 12:05:00+00:00,1240.0,1237.7299999999998,0.01,44,-2.270000000000209,0.40358612243813835,-2.6735861224383477,-1.1777912433648023,2.6100000000001273,3.7100000000000364,stop,2016
-1,543247,543250,2016-04-18 07:05:00+00:00,2016-04-18 07:20:00+00:00,1234.554,1236.1105,0.01,3,-1.5564999999999145,0.38735641940175713,-1.9438564194016716,-1.2488637451987012,3.209999999999809,0.4895000000001346,stop,2016
1,546568,546572,2016-05-04 07:50:00+00:00,2016-05-04 08:10:00+00:00,1283.175,1281.8817499999998,0.01,4,-1.293250000000171,0.40493283683528486,-1.698182836835456,-1.3131125743941476,1.7954999999999472,1.5544999999999618,stop,2016
1,547477,547491,2016-05-09 14:35:00+00:00,2016-05-09 15:45:00+00:00,1265.29,1263.7924999999998,0.01,14,-1.4975000000001728,0.38826536603249634,-1.8857653660326692,-1.2592757035275135,1.8034999999999854,2.604000000000042,stop,2016
1,549080,549081,2016-05-17 10:10:00+00:00,2016-05-17 10:15:00+00:00,1271.883,1270.8047500000002,0.01,1,-1.078249999999798,0.3910534822430378,-1.469303482242836,-1.3626742241995002,1.0789999999999509,0.0,stop,2016
1,549409,549450,2016-05-18 14:35:00+00:00,2016-05-18 18:00:00+00:00,1271.779,1267.7725,0.01,41,-4.00649999999996,0.4260402135317927,-4.432540213531753,-1.1063372553430169,6.313999999999851,2.3420000000000982,stop,2016
-1,550957,550962,2016-05-26 05:35:00+00:00,2016-05-26 06:00:00+00:00,1231.075,1228.7389999999998,0.01,5,2.33600000000024,0.40911981317737134,1.9268801868228689,1.649726187348177,0.14000000000010004,2.615500000000111,target,2016
1,551227,551230,2016-05-27 05:05:00+00:00,2016-05-27 05:20:00+00:00,1217.38,1220.08,0.01,3,2.699999999999818,0.4355521200864314,2.2644478799133867,1.677368799935955,0.0,3.730000000000018,target,2016
-1,551853,551873,2016-05-31 15:10:00+00:00,2016-05-31 16:50:00+00:00,1213.971,1215.565,0.01,20,-1.594000000000051,0.3740982802101256,-1.9680982802101765,-1.23469151832504,2.183999999999969,1.7364999999999782,stop,2016
-1,554072,554078,2016-06-10 16:05:00+00:00,2016-06-10 16:35:00+00:00,1271.01,1272.471,0.01,6,-1.4610000000000127,0.41438812168094685,-1.8753881216809596,-1.2836332112805908,1.5499999999999545,0.2259999999998854,stop,2016
-1,554611,554615,2016-06-14 15:00:00+00:00,2016-06-14 15:20:00+00:00,1286.051,1283.0724999999998,0.01,4,2.9785000000001673,0.4141545127879857,2.5643454872121816,1.7219039699258267,0.5940000000000509,4.207499999999982,target,2016
1,556165,556177,2016-06-22 06:30:00+00:00,2016-06-22 07:30:00+00:00,1264.6390000000001,1266.7435,0.01,12,2.1044999999999163,0.36708322500401386,1.7374167749959024,1.651144476118766,0.8005000000000564,2.3304999999998017,target,2016
1,556560,556572,2016-06-23 16:25:00+00:00,2016-06-23 17:25:00+00:00,1262.47,1260.5425,0.01,12,-1.927500000000009,0.40770432891674896,-2.335204328916758,-1.211519755598831,2.0750000000000455,0.7899999999999636,stop,2016
1,557366,557380,2016-06-28 14:35:00+00:00,2016-06-28 15:45:00+00:00,1312.2685,1315.626,0.01,14,3.3575000000000728,0.32000926847435796,3.0374907315257147,1.8093764595834096,0.8849999999999909,3.4375000000002274,target,2016
1,561658,561688,2016-07-20 08:15:00+00:00,2016-07-20 10:45:00+00:00,1326.736,1325.0085000000001,0.01,30,-1.7274999999999638,0.36164884712879847,-2.0891488471287625,-1.2093481025347648,2.2460000000000946,1.6744999999998527,stop,2016
1,563552,563752,2016-07-29 05:05:00+00:00,2016-07-31 22:45:00+00:00,1335.72,1350.545,0.01,200,14.825000000000047,0.4270040954163797,14.397995904583668,1.423043256117598,5.384999999999991,19.389499999999998,time_stop,2016
1,565046,565105,2016-08-05 14:35:00+00:00,2016-08-05 19:30:00+00:00,1339.1335,1335.2417500000001,0.01,59,-3.8917499999997744,0.37424216192850707,-4.265992161928281,-1.0961629503253107,4.248499999999922,1.1425000000001546,stop,2016
1,565328,565344,2016-08-08 15:05:00+00:00,2016-08-08 16:25:00+00:00,1335.38,1336.6225,0.01,16,1.2424999999998363,0.36827163973196125,0.8742283602678751,1.4072086281979723,0.40000000000009095,1.3399999999999181,target,2016
-1,566431,566444,2016-08-12 15:00:00+00:00,2016-08-12 16:05:00+00:00,1352.788,1347.0594999999998,0.01,13,5.728500000000167,0.34819281699037874,5.380307183009789,1.8784349072216573,0.4314999999999145,8.114000000000033,target,2016
-1,566865,566870,2016-08-16 05:05:00+00:00,2016-08-16 05:30:00+00:00,1345.6195,1347.0297500000001,0.01,5,-1.4102500000001328,0.3463852162070154,-1.7566352162071481,-1.2456197243091527,1.9815000000000964,0.6590000000001055,stop,2016
1,567807,567818,2016-08-19 14:35:00+00:00,2016-08-19 15:30:00+00:00,1345.4985000000001,1343.13775,0.01,11,-2.3607500000000528,0.3871727713609791,-2.747922771361032,-1.1640041390918014,3.4785000000001673,1.1674999999997908,stop,2016
-1,568387,568391,2016-08-23 16:55:00+00:00,2016-08-23 17:15:00+00:00,1340.4565,1341.8885,0.01,4,-1.4320000000000164,0.3723905676405362,-1.8043905676405525,-1.2600492790785838,1.5985000000000582,0.0,stop,2016
-1,569215,569265,2016-08-26 16:55:00+00:00,2016-08-28 22:05:00+00:00,1327.02,1319.56,0.01,50,7.460000000000036,0.5686677440435168,6.891332255956519,1.8475421597738568,0.0,7.670000000000073,target,2016
1,569356,569388,2016-08-29 05:40:00+00:00,2016-08-29 08:20:00+00:00,1318.172,1320.1315,0.01,32,1.9594999999999345,0.37035875162019605,1.5891412483797385,1.6219864744881771,0.7600000000002183,1.968499999999949,target,2016
1,570015,570018,2016-08-31 14:35:00+00:00,2016-08-31 14:50:00+00:00,1309.4859999999999,1307.6727500000002,0.01,3,-1.813249999999698,0.3327361578095417,-2.1459861578092396,-1.1835026377000397,2.0094999999996617,0.9640000000001692,stop,2016
-1,570992,570997,2016-09-06 07:55:00+00:00,2016-09-06 08:20:00+00:00,1328.3055,1329.2859999999998,0.01,5,-0.9804999999998928,0.36204965156794483,-1.3425496515678377,-1.3692500270963635,1.19600000000014,0.0,stop,2016
1,571900,571921,2016-09-09 14:35:00+00:00,2016-09-09 16:20:00+00:00,1333.46,1331.93075,0.01,21,-1.5292500000000475,0.38222382748403244,-1.91147382748408,-1.2499420156835184,1.9144999999998618,1.4355000000000473,stop,2016
1,572101,572106,2016-09-12 08:20:00+00:00,2016-09-12 08:45:00+00:00,1327.6799999999998,1329.3559999999998,0.01,5,1.675999999999931,0.35776323785803793,1.3182367621418931,1.573074895157455,0.4699999999997999,1.7445000000002437,target,2016
1,573294,573298,2016-09-16 15:40:00+00:00,2016-09-16 16:00:00+00:00,1309.7150000000001,1307.7052500000002,0.01,4,-2.00974999999994,0.34942250012106063,-2.3591725001210007,-1.1738636646951468,2.1845000000002983,0.18049999999993815,stop,2016
1,574835,574848,2016-09-26 06:05:00+00:00,2016-09-26 07:10:00+00:00,1334.69,1336.2355000000002,0.01,13,1.5455000000001746,0.35455778124023046,1.190942218759944,1.54117401327701,0.2699999999999818,1.615000000000009,target,2016
1,575769,575772,2016-09-29 14:55:00+00:00,2016-09-29 15:10:00+00:00,1318.4099999999999,1316.9494999999997,0.01,3,-1.4605000000001382,0.33992884143941987,-1.8004288414395582,-1.2327482652785948,2.2549999999998818,1.0010000000002037,stop,2016
1,577972,577980,2016-10-11 14:35:00+00:00,2016-10-11 15:15:00+00:00,1254.996,1257.3494999999998,0.01,8,2.3534999999997126,0.3439550819006854,2.009544918099027,1.707707599829422,0.6660000000001673,2.91399999999976,target,2016
-1,578524,578572,2016-10-13 14:35:00+00:00,2016-10-13 18:35:00+00:00,1258.1365,1259.45775,0.01,48,-1.3212499999999636,0.339566983234297,-1.6608169832342607,-1.2570043392501846,1.5234999999997854,2.16150000000016,stop,2016
1,578755,578772,2016-10-14 10:50:00+00:00,2016-10-14 12:15:00+00:00,1253.4665,1251.9825,0.01,17,-1.4839999999999236,0.3281770935785899,-1.8121770935785135,-1.221143594055665,2.0625,1.2235000000000582,stop,2016
-1,579352,579359,2016-10-18 14:35:00+00:00,2016-10-18 15:10:00+00:00,1259.81,1261.30325,0.01,7,-1.493249999999989,0.3465710865797409,-1.83982108657973,-1.232091804171936,1.9945000000002437,0.5739999999998417,stop,2016
1,580066,580071,2016-10-21 05:05:00+00:00,2016-10-21 05:30:00+00:00,1262.1965,1263.5955000000004,0.01,5,1.399000000000342,0.3504969795038107,1.0485030204965313,1.4989321236544317,0.0,1.6934999999998581,target,2016
-1,582289,582294,2016-11-02 06:20:00+00:00,2016-11-02 06:45:00+00:00,1292.0345000000002,1292.97075,0.01,5,-0.9362499999997455,0.3442464493648563,-1.2804964493646018,-1.3676864612709747,0.9499999999998181,0.0,stop,2016
1,583090,583092,2016-11-07 05:05:00+00:00,2016-11-07 05:15:00+00:00,1290.6595,1289.13525,0.01,2,-1.5242499999999382,0.34590170064240106,-1.8701517006423392,-1.2269323934016172,2.378500000000031,0.0,stop,2016
1,584501,584506,2016-11-14 07:35:00+00:00,2016-11-14 08:00:00+00:00,1223.8515,1221.17975,0.01,5,-2.6717499999999745,0.40820589953777736,-3.079955899537752,-1.1527859640826355,3.6714999999999236,2.359000000000151,stop,2016
1,585690,585696,2016-11-18 14:35:00+00:00,2016-11-18 15:05:00+00:00,1211.6574999999998,1210.239,0.01,6,-1.4184999999997672,0.34097984557459865,-1.7594798455743659,-1.240380574955696,2.113999999999578,2.832500000000209,stop,2016
1,587811,587812,2016-11-30 14:40:00+00:00,2016-11-30 14:45:00+00:00,1180.2215,1178.67575,0.01,1,-1.5457499999999982,0.3491980286069014,-1.8949480286068996,-1.2259084771838278,3.980000000000018,0.0,stop,2016
1,588013,588014,2016-12-01 08:25:00+00:00,2016-12-01 08:30:00+00:00,1170.5700000000002,1169.4535,0.01,1,-1.1165000000000873,0.360192942899397,-1.4766929428994844,-1.3226089949837607,1.4500000000002728,0.49399999999968713,stop,2016
1,589908,589941,2016-12-12 05:05:00+00:00,2016-12-12 07:50:00+00:00,1157.612,1155.75425,0.01,33,-1.857750000000124,0.3474961047077403,-2.2052461047078644,-1.1870521354906296,2.080500000000029,1.4414999999999054,stop,2016
1,592155,592199,2016-12-22 08:10:00+00:00,2016-12-22 11:50:00+00:00,1130.73,1129.483,0.01,44,-1.247000000000071,0.37036158730160373,-1.6173615873016747,-1.2970020748208362,1.2754999999999654,1.7409999999999854,stop,2016
-1,593500,593509,2016-12-30 05:05:00+00:00,2016-12-30 05:50:00+00:00,1160.1999999999998,1161.7267499999998,0.01,9,-1.5267499999999927,0.36934351109011615,-1.896093511090109,-1.241914859073272,1.8230000000000928,0.14349999999967622,stop,2016
-1,593814,593826,2017-01-03 08:15:00+00:00,2017-01-03 09:15:00+00:00,1154.5665,1150.6390000000001,0.01,12,3.9274999999997817,0.3210633565625234,3.6064366434372586,1.8365049743793553,0.0,4.221999999999753,target,2017
-1,594166,594170,2017-01-04 14:35:00+00:00,2017-01-04 14:55:00+00:00,1163.96,1164.9575000000002,0.01,4,-0.9975000000001729,0.3080701217997872,-1.3055701217999602,-1.3088422273681544,1.9710000000000036,1.6979999999998654,stop,2017
-1,595180,595188,2017-01-10 07:05:00+00:00,2017-01-10 07:45:00+00:00,1186.49,1184.1500000000003,0.01,8,2.3399999999996908,0.372466489952439,1.9675335100472517,1.681652572690181,0.4500000000000455,2.6800000000000637,target,2017
1,597102,597140,2017-01-19 10:20:00+00:00,2017-01-19 13:30:00+00:00,1203.3745,1201.73725,0.01,38,-1.6372499999999945,0.34069237630616633,-1.977942376306161,-1.2080881821995222,2.4339999999997417,2.5450000000000728,stop,2017
-1,597324,597328,2017-01-20 05:45:00+00:00,2017-01-20 06:05:00+00:00,1206.788,1207.6480000000001,0.01,4,-0.8600000000001273,0.3187516416579928,-1.17875164165812,-1.3706414437883088,1.0619999999998981,0.21849999999994907,stop,2017
-1,597709,597710,2017-01-23 14:50:00+00:00,2017-01-23 14:55:00+00:00,1211.446,1212.7017499999997,0.01,1,-1.2557499999998072,0.3489444784168012,-1.6046944784166084,-1.277877346937571,1.79950000000008,0.0,stop,2017
1,598259,598262,2017-01-25 14:35:00+00:00,2017-01-25 14:50:00+00:00,1194.0905,1196.6770000000004,0.01,3,2.586500000000342,0.3063162358778352,2.2801837641225067,1.7631422881285175,0.0,3.050999999999931,target,2017
1,598484,598486,2017-01-26 10:20:00+00:00,2017-01-26 10:30:00+00:00,1193.5535,1192.28425,0.01,2,-1.2692500000000564,0.346247476048356,-1.6154974760484124,-1.2727969084485646,1.5084999999999127,0.0,stop,2017
1,598757,598766,2017-01-27 10:00:00+00:00,2017-01-27 10:45:00+00:00,1184.177,1183.174,0.01,9,-1.002999999999929,0.3072465252446036,-1.3102465252445326,-1.3063275426167749,1.2825000000000273,0.8825000000001637,stop,2017
1,601591,601598,2017-02-10 15:50:00+00:00,2017-02-10 16:25:00+00:00,1229.745,1233.0559999999996,0.01,7,3.310999999999695,0.31615733844599675,2.9948426615536983,1.8090260716121862,0.11649999999985994,3.7895000000003165,target,2017
-1,602129,602130,2017-02-14 14:35:00+00:00,2017-02-14 14:40:00+00:00,1231.672,1232.82875,0.01,1,-1.1567499999998745,0.3730303397782637,-1.5297803397781382,-1.3224813829939954,1.5364999999999327,0.0,stop,2017
-1,602590,602592,2017-02-16 06:55:00+00:00,2017-02-16 07:05:00+00:00,1232.8400000000001,1233.932,0.01,2,-1.0919999999998709,0.35921701560714686,-1.4512170156070177,-1.3289533109955947,1.25,0.1390000000001237,stop,2017
-1,602962,602968,2017-02-17 14:55:00+00:00,2017-02-17 15:25:00+00:00,1242.834,1239.7945000000002,0.01,6,3.0394999999998618,0.3471190466133676,2.692380953386494,1.7715946395042714,0.0,4.0125000000000455,target,2017
-1,603234,603273,2017-02-20 14:35:00+00:00,2017-02-20 23:15:00+00:00,1237.78,1236.1354999999996,0.01,39,1.6445000000003347,0.3869992205846841,1.2575007794156505,1.529341172898017,0.5305000000000746,1.7300000000000182,target,2017
-1,603734,603746,2017-02-22 14:35:00+00:00,2017-02-22 15:35:00+00:00,1238.2604999999999,1234.7239999999997,0.01,12,3.5365000000001605,0.32283031792930433,3.213669682070856,1.8174294822964572,0.6180000000001655,6.940499999999702,target,2017
-1,604468,604486,2017-02-27 06:35:00+00:00,2017-02-27 08:05:00+00:00,1256.88,1254.9105,0.01,18,1.9695000000001528,0.26765655339804884,1.701843446602104,1.7281984733201035,0.7255000000000109,2.130000000000109,target,2017
1,605004,605046,2017-03-01 05:05:00+00:00,2017-03-01 08:35:00+00:00,1243.2415,1246.3204999999998,0.01,42,3.0789999999997235,0.34292676520799864,2.736073234791725,1.7772479602416178,0.6050000000000182,3.156500000000051,target,2017
1,605400,605402,2017-03-02 15:00:00+00:00,2017-03-02 15:10:00+00:00,1237.801,1241.19,0.01,2,3.3890000000001237,0.3225382070945649,3.066461792905559,1.809655823490969,0.0,3.4384999999999764,target,2017
1,605672,605676,2017-03-03 14:35:00+00:00,2017-03-03 14:55:00+00:00,1227.9,1226.76625,0.01,4,-1.133750000000191,0.3109985524063814,-1.4447485524065724,-1.2743096382856265,1.6215000000001965,0.313499999999749,stop,2017
1,605877,605894,2017-03-06 08:40:00+00:00,2017-03-06 10:05:00+00:00,1233.5755,1232.61225,0.01,17,-0.9632500000000164,0.32559043517187836,-1.2888404351718947,-1.3380123905236156,1.4454999999998108,1.1945000000000618,stop,2017
1,606111,606162,2017-03-07 05:05:00+00:00,2017-03-07 09:20:00+00:00,1225.017,1223.5919999999999,0.01,51,-1.425000000000182,0.36608716136631475,-1.7910871613664967,-1.2569032711342232,1.5370000000000346,1.352999999999838,stop,2017
1,606779,606785,2017-03-09 14:35:00+00:00,2017-03-09 15:05:00+00:00,1207.013,1205.2717499999997,0.01,6,-1.7412500000002638,0.32730284913502766,-2.0685528491352914,-1.187970049754474,2.060999999999922,1.0470000000000255,stop,2017
-1,607332,607333,2017-03-13 14:35:00+00:00,2017-03-13 14:40:00+00:00,1204.0205,1204.8625000000002,0.01,1,-0.8420000000000982,0.31442646978160294,-1.1564264697817013,-1.3734281113795326,0.8994999999999891,0.0,stop,2017
-1,609172,609175,2017-03-22 07:50:00+00:00,2017-03-22 08:05:00+00:00,1247.995,1249.0647499999998,0.01,3,-1.0697499999998854,0.3243206116239284,-1.3940706116238137,-1.3031742104453967,1.149499999999989,0.8404999999997926,stop,2017
1,609708,609719,2017-03-24 06:30:00+00:00,2017-03-24 07:25:00+00:00,1242.5445,1243.8540000000003,0.01,11,1.3095000000002983,0.25004353767013765,1.0594564623301608,1.6181083808017096,0.35799999999994725,1.975500000000011,target,2017
1,610928,610939,2017-03-30 16:10:00+00:00,2017-03-30 17:05:00+00:00,1248.0455000000002,1246.0345,0.01,11,-2.0110000000001946,0.31055164004319935,-2.3215516400433938,-1.1544264744123167,2.2460000000000946,1.899499999999989,stop,2017
1,611107,611127,2017-03-31 08:05:00+00:00,2017-03-31 09:45:00+00:00,1242.7095,1241.7404999999999,0.01,20,-0.9690000000000509,0.286666788837762,-1.255666788837813,-1.29583775937848,1.1799999999998363,0.7010000000000218,stop,2017
1,612013,612017,2017-04-05 14:35:00+00:00,2017-04-05 14:55:00+00:00,1248.3944999999999,1247.6529999999998,0.01,4,-0.7415000000000873,0.30569242974254185,-1.0471924297426292,-1.4122622113857126,0.9359999999999218,0.7595000000001164,stop,2017
-1,613393,613448,2017-04-12 14:35:00+00:00,2017-04-12 19:10:00+00:00,1275.5085,1277.16925,0.01,55,-1.6607500000000073,0.309522736264192,-1.9702727362641994,-1.1863752739811475,2.001500000000078,2.894999999999982,stop,2017
-1,613555,613613,2017-04-13 05:05:00+00:00,2017-04-13 09:55:00+00:00,1286.1255,1287.7015,0.01,58,-1.5759999999997947,0.31400640603496777,-1.8900064060347623,-1.1992426434232288,1.8454999999999018,2.1700000000000728,stop,2017
-1,613857,613881,2017-04-17 07:15:00+00:00,2017-04-17 09:15:00+00:00,1288.585,1290.0392499999998,0.01,24,-1.4542499999997744,0.3114874307511414,-1.765737430750916,-1.2141911162119234,1.4735000000000582,0.0,stop,2017
1,616662,616681,2017-05-01 10:55:00+00:00,2017-05-01 12:30:00+00:00,1263.091,1264.4209999999998,0.01,19,1.3299999999999272,0.30978598418661063,1.0202140158133166,1.534156414756951,0.38149999999996,1.4380000000001019,target,2017
1,617474,617488,2017-05-04 09:35:00+00:00,2017-05-04 10:45:00+00:00,1235.493,1234.5005,0.01,14,-0.9924999999998364,0.30813516513419775,-1.3006351651340342,-1.3104636424526435,1.0924999999999727,0.7599999999999909,stop,2017
-1,621569,621572,2017-05-25 05:50:00+00:00,2017-05-25 06:05:00+00:00,1259.1585,1257.7905,0.01,3,1.3679999999999382,0.30519356849236334,1.0628064315075747,1.5538105723795654,0.39200000000005275,1.3899999999998727,target,2017
1,623205,623215,2017-06-02 08:05:00+00:00,2017-06-02 08:55:00+00:00,1261.794,1260.63725,0.01,10,-1.1567500000001019,0.3148819994939149,-1.4716319994940168,-1.2722126643560727,1.2259999999998854,0.8849999999999909,stop,2017
1,624387,624392,2017-06-08 14:35:00+00:00,2017-06-08 15:00:00+00:00,1274.747,1276.6185000000003,0.01,5,1.8715000000001967,0.3119667524920679,1.5595332475081287,1.666613141873326,0.027000000000043656,2.1684999999999945,target,2017
1,624940,625054,2017-06-12 14:40:00+00:00,2017-06-13 01:10:00+00:00,1265.3735000000001,1263.7417500000004,0.01,114,-1.6317499999997838,0.3157036400153587,-1.9474536400151425,-1.1934754956429603,2.5900000000001455,2.413000000000011,stop,2017
1,625215,625232,2017-06-13 14:35:00+00:00,2017-06-13 16:00:00+00:00,1263.73,1262.7624999999998,0.01,17,-0.9675000000002001,0.2968880858543448,-1.2643880858545449,-1.306861070650422,1.0084999999999127,1.5864999999998872,stop,2017
-1,625379,625382,2017-06-14 05:15:00+00:00,2017-06-14 05:30:00+00:00,1268.873,1269.7532499999998,0.01,3,-0.8802499999997054,0.3161753523041573,-1.1964253523038626,-1.3591881309903584,0.9634999999998399,0.0,stop,2017
1,626256,626289,2017-06-19 09:20:00+00:00,2017-06-19 12:05:00+00:00,1250.9185,1252.8745000000001,0.01,33,1.956000000000131,0.3127004862418577,1.6432995137582733,1.6802653514909645,0.8334999999999582,2.5174999999999272,target,2017
1,628527,628534,2017-06-29 14:35:00+00:00,2017-06-29 15:10:00+00:00,1245.0535,1243.7820000000002,0.01,7,-1.2714999999998327,0.32006782050171406,-1.5915678205015467,-1.2517245933950107,1.3755000000001019,0.16499999999996362,stop,2017
1,629590,629606,2017-07-05 15:05:00+00:00,2017-07-05 16:25:00+00:00,1221.779,1224.1495,0.01,16,2.3704999999999927,0.3236678720290153,2.0468321279709776,1.7269201670288832,0.40949999999998,2.3769999999999527,target,2017
1,630136,630149,2017-07-07 14:35:00+00:00,2017-07-07 15:40:00+00:00,1214.2735,1208.5705,0.01,13,-5.7029999999999745,0.2936766362722236,-5.996676636272198,-1.0514951141981808,6.892000000000053,0.8120000000001255,stop,2017
-1,630702,630708,2017-07-11 15:45:00+00:00,2017-07-11 16:15:00+00:00,1213.436,1215.5352499999997,0.01,6,-2.0992499999997563,0.3073722277775274,-2.4066222277772837,-1.1464200203775459,2.9829999999999472,0.06949999999983447,stop,2017
-1,630964,630965,2017-07-12 14:35:00+00:00,2017-07-12 14:40:00+00:00,1221.3335000000002,1222.5065000000002,0.01,1,-1.1730000000000018,0.32752483470207044,-1.5005248347020723,-1.2792198079301536,1.4044999999996435,0.0,stop,2017
-1,631981,631997,2017-07-18 07:20:00+00:00,2017-07-18 08:40:00+00:00,1235.9785,1236.8885000000002,0.01,16,-0.9100000000003092,0.31346442260322854,-1.2234644226035378,-1.3444663984649694,0.9429999999999836,0.3089999999999691,stop,2017
-1,632840,632862,2017-07-21 09:55:00+00:00,2017-07-21 11:45:00+00:00,1247.8115,1248.78825,0.01,22,-0.9767500000000382,0.30353285483659764,-1.2802828548366358,-1.3107579778209222,1.4669999999998709,0.8269999999999982,stop,2017
-1,633172,633192,2017-07-24 14:35:00+00:00,2017-07-24 16:15:00+00:00,1256.27,1253.9600000000005,0.01,20,2.3099999999994907,0.312011841346721,1.9979881586527697,1.729859877621827,0.5070000000000618,2.5299999999999727,target,2017
1,633449,633452,2017-07-25 14:40:00+00:00,2017-07-25 14:55:00+00:00,1252.046,1250.8445000000004,0.01,3,-1.201499999999669,0.3169431790635431,-1.518443179063212,-1.2637895789127178,1.9024999999999181,0.10799999999994725,stop,2017
1,635266,635293,2017-08-03 05:05:00+00:00,2017-08-03 07:20:00+00:00,1262.6335,1261.6005,0.01,27,-1.0329999999999018,0.32100839546718724,-1.354008395467089,-1.3107535290098913,2.1949999999999363,0.7654999999999745,stop,2017
-1,636114,636130,2017-08-08 06:45:00+00:00,2017-08-08 08:05:00+00:00,1260.0515,1260.9160000000002,0.01,16,-0.8645000000001346,0.3098560606060495,-1.174356060606184,-1.3584222794748424,1.0684999999998581,0.7400000000000091,stop,2017
-1,638159,638201,2017-08-17 16:10:00+00:00,2017-08-17 19:40:00+00:00,1286.3065000000001,1288.86925,0.01,42,-2.5627499999998236,0.3012694289368202,-2.864019428936644,-1.1175570886496307,2.6334999999999127,1.5599999999999454,stop,2017
-1,642232,642240,2017-09-07 14:35:00+00:00,2017-09-07 15:15:00+00:00,1346.027,1348.6000000000001,0.01,8,-2.5730000000000928,0.29675995957781137,-2.869759959577904,-1.1153361677333076,3.4074999999998,0.9369999999998981,stop,2017
-1,642394,642395,2017-09-08 05:05:00+00:00,2017-09-08 05:10:00+00:00,1355.105,1356.73975,0.01,1,-1.63474999999994,0.32459297327786907,-1.959342973277809,-1.1985581729792818,1.7364999999999782,0.0,stop,2017
1,642986,643013,2017-09-12 08:25:00+00:00,2017-09-12 10:40:00+00:00,1326.2710000000002,1325.2870000000003,0.01,27,-0.9839999999999236,0.30359543835925995,-1.2875954383591837,-1.3085319495521175,1.8225000000002183,1.06899999999996,stop,2017
1,643340,643446,2017-09-13 14:55:00+00:00,2017-09-14 00:45:00+00:00,1322.594,1320.5357500000002,0.01,106,-2.0582499999998163,0.31976406205597907,-2.3780140620557955,-1.1553572510900074,2.865500000000111,2.43100000000004,stop,2017
-1,644716,644719,2017-09-20 14:35:00+00:00,2017-09-20 14:50:00+00:00,1313.15,1314.2892499999998,0.01,3,-1.1392499999997199,0.2947965325774692,-1.434046532577189,-1.2587636888984346,1.2699999999999818,0.7510000000002037,stop,2017
1,644935,644939,2017-09-21 09:50:00+00:00,2017-09-21 10:10:00+00:00,1296.5465,1295.40025,0.01,4,-1.146250000000009,0.3023847328827244,-1.4486347328827334,-1.2638034747068456,1.5104999999998654,0.30500000000006366,stop,2017
1,646308,646311,2017-09-28 09:15:00+00:00,2017-09-28 09:30:00+00:00,1281.115,1283.4105000000002,0.01,3,2.2955000000001746,0.29033779444263563,2.005162205557539,1.747037425883151,0.0,3.498499999999922,target,2017
1,647086,647103,2017-10-03 05:05:00+00:00,2017-10-03 06:30:00+00:00,1269.409,1271.9775,0.01,17,2.568499999999858,0.29872112654987715,2.269778873449981,1.7673964364026524,0.6910000000002583,3.0449999999998454,target,2017
-1,647476,647676,2017-10-04 14:35:00+00:00,2017-10-05 08:15:00+00:00,1274.865,1275.9015,0.01,200,-1.0364999999999327,0.294552560402758,-1.3310525604026906,-0.885008351331498,1.4800000000000182,2.935999999999922,time_stop,2017
-1,649133,649170,2017-10-12 14:40:00+00:00,2017-10-12 17:45:00+00:00,1293.3985,1294.8707500000003,0.01,37,-1.4722500000002583,0.3022678544165406,-1.774517854416799,-1.2053101405443964,1.852500000000191,1.1884999999999764,stop,2017
-1,649684,649693,2017-10-16 14:35:00+00:00,2017-10-16 15:20:00+00:00,1304.5215,1303.0294999999999,0.01,9,1.4920000000001892,0.2944364502732656,1.1975635497269237,1.6053130693388362,0.35999999999989996,1.656500000000051,target,2017
-1,651226,651237,2017-10-24 05:05:00+00:00,2017-10-24 06:00:00+00:00,1282.9,1280.9699999999998,0.01,11,1.9300000000002913,0.3042507183378744,1.6257492816624168,1.6847142815152036,0.23499999999989996,1.9635000000000673,target,2017
1,651616,651734,2017-10-25 14:35:00+00:00,2017-10-26 01:25:00+00:00,1275.24,1280.4480000000005,0.01,118,5.208000000000538,0.29764749909625476,4.910352500904284,1.8856960448939233,0.13449999999988904,5.7690000000000055,target,2017
-1,651842,651860,2017-10-26 10:25:00+00:00,2017-10-26 11:55:00+00:00,1278.7350000000001,1276.0700000000002,0.01,18,2.6649999999999636,0.3044594928970329,2.3605405071029306,1.7715125756870265,0.0,3.325000000000273,target,2017
1,655468,655473,2017-11-14 14:35:00+00:00,2017-11-14 15:00:00+00:00,1272.607,1274.8320000000003,0.01,5,2.225000000000364,0.3054591394282577,1.919540860572106,1.7254299870308245,0.7484999999999218,5.733999999999924,target,2017
-1,656193,656204,2017-11-17 06:00:00+00:00,2017-11-17 06:55:00+00:00,1281.95,1282.8947500000002,0.01,11,-0.9447500000001129,0.29407193432930945,-1.2388219343294224,-1.3112695785438204,1.253500000000031,0.0,stop,2017
-1,661730,661732,2017-12-15 14:40:00+00:00,2017-12-15 14:50:00+00:00,1258.7939999999999,1256.8939999999998,0.01,2,1.900000000000091,0.2794717997777416,1.6205282002223493,1.7058191581287072,0.0,3.1979999999998654,target,2017
-1,662186,662206,2017-12-19 06:40:00+00:00,2017-12-19 08:20:00+00:00,1263.9850000000001,1264.7705,0.01,20,-0.7854999999999563,0.2967906782988838,-1.0822906782988402,-1.3778366369177597,0.8449999999997999,0.6400000000001,stop,2017
-1,664127,664136,2017-12-29 07:25:00+00:00,2017-12-29 08:10:00+00:00,1295.4450000000002,1296.1992500000001,0.01,9,-0.7542499999999563,0.2998400821737425,-1.054090082173699,-1.3975340830941465,1.1449999999999818,0.36500000000023647,stop,2017
1,665593,665597,2018-01-08 14:35:00+00:00,2018-01-08 14:55:00+00:00,1319.99,1318.6525,0.01,4,-1.337500000000091,0.29436109864781546,-1.6318610986479065,-1.2200830644095668,1.5084999999999127,0.32199999999988904,stop,2018
1,665869,665870,2018-01-09 14:35:00+00:00,2018-01-09 14:40:00+00:00,1311.0515,1310.2055,0.01,1,-0.8460000000000036,0.2967848870230813,-1.142784887023085,-1.3508095591289362,1.6635000000001128,0.0,stop,2018
-1,666583,666615,2018-01-12 05:05:00+00:00,2018-01-12 07:45:00+00:00,1329.47,1327.6700000000008,0.01,32,1.7999999999992724,0.3000490427087446,1.4999509572905279,1.6666121747679268,0.03999999999996362,2.5850000000000364,target,2018
1,667640,667652,2018-01-18 05:05:00+00:00,2018-01-18 06:05:00+00:00,1327.385,1328.9999999999998,0.01,12,1.614999999999782,0.29457796071359493,1.320422039286187,1.6351975718716598,0.6150000000000091,2.0885000000000673,target,2018
1,668308,668425,2018-01-22 14:45:00+00:00,2018-01-23 01:30:00+00:00,1332.347,1335.7344999999998,0.01,117,3.3874999999998185,0.2999845981464391,3.0875154018533797,1.8228873221275543,1.5109999999999673,4.9565000000000055,target,2018
-1,669053,669057,2018-01-25 07:50:00+00:00,2018-01-25 08:10:00+00:00,1361.5394999999999,1358.458,0.01,4,3.081499999999778,0.2990334447786445,2.7824665552211334,1.8059169594167346,0.9855000000002292,3.2929999999996653,target,2018
1,671369,671371,2018-02-06 16:50:00+00:00,2018-02-06 17:00:00+00:00,1330.2939999999999,1328.90125,0.01,2,-1.3927499999999782,0.2989807210484144,-1.6917307210483925,-1.214669338394126,1.9024999999999181,0.0,stop,2018
1,671785,671786,2018-02-08 05:30:00+00:00,2018-02-08 05:35:00+00:00,1311.7910000000002,1311.0167500000002,0.01,1,-0.7742499999999382,0.28633548657717556,-1.0605854865771138,-1.3698230372324165,1.5109999999999673,0.0,stop,2018
-1,672732,672733,2018-02-13 15:25:00+00:00,2018-02-13 15:30:00+00:00,1326.35,1327.453,0.01,1,-1.1030000000000655,0.29943966259261057,-1.402439662592676,-1.27147748195158,1.393500000000131,0.0,stop,2018
-1,672998,672999,2018-02-14 14:35:00+00:00,2018-02-14 14:40:00+00:00,1331.775,1332.798,0.01,1,-1.0229999999999109,0.2973763156822097,-1.3203763156821204,-1.2906904356620092,3.4229999999997744,0.0,stop,2018
-1,673216,673234,2018-02-15 09:45:00+00:00,2018-02-15 11:15:00+00:00,1355.5885,1352.209,0.01,18,3.3795000000000073,0.30170936433954065,3.0777906356604667,1.8214473357955083,0.0,4.872000000000071,target,2018
-1,673715,673812,2018-02-19 05:20:00+00:00,2018-02-19 13:25:00+00:00,1348.3535000000002,1346.3429999999998,0.01,97,2.01050000000032,0.30657621285199366,1.7039237871483266,1.6950249063895104,0.9229999999997744,2.124000000000251,target,2018
1,676558,676570,2018-03-05 15:55:00+00:00,2018-03-05 16:55:00+00:00,1321.5365000000002,1320.3025000000002,0.01,12,-1.2339999999999236,0.2925202395296953,-1.526520239529619,-1.2370504372201891,1.2519999999999527,0.9334999999996398,stop,2018
1,677586,677623,2018-03-09 09:35:00+00:00,2018-03-09 12:40:00+00:00,1319.8865,1318.79225,0.01,37,-1.0942500000001019,0.2872641974873734,-1.3815141974874754,-1.2625215421405958,1.4574999999999818,1.1095000000000255,stop,2018
1,677821,677831,2018-03-12 05:10:00+00:00,2018-03-12 06:00:00+00:00,1323.276,1322.393,0.01,10,-0.8830000000000383,0.3352872932471136,-1.218287293247152,-1.379713808886862,1.0830000000000837,0.31549999999992906,stop,2018
-1,678220,678239,2018-03-13 15:25:00+00:00,2018-03-13 17:00:00+00:00,1326.2420000000002,1328.327,0.01,19,-2.084999999999809,0.31154786397307577,-2.3965478639728848,-1.1494234359583233,2.1414999999997235,0.9120000000002619,stop,2018
-1,678378,678387,2018-03-14 05:35:00+00:00,2018-03-14 06:20:00+00:00,1329.2435,1327.1609999999996,0.01,9,2.0825000000004366,0.3212729517396131,1.7612270482608234,1.6914545481492957,0.8654999999998836,2.49350000000004,target,2018
1,681194,681198,2018-03-28 10:15:00+00:00,2018-03-28 10:35:00+00:00,1340.0885,1339.1302500000002,0.01,4,-0.9582499999999072,0.31168366707631406,-1.2699336670762214,-1.3252634146374582,2.2835000000000036,0.0,stop,2018
1,681468,681480,2018-03-29 10:05:00+00:00,2018-03-29 11:05:00+00:00,1323.895,1326.0455000000002,0.01,12,2.150500000000193,0.3085254888851764,1.8419745111150165,1.7130662739966067,0.5699999999999363,2.74350000000004,target,2018
-1,682281,682284,2018-04-04 08:50:00+00:00,2018-04-04 09:05:00+00:00,1342.5545000000002,1343.6605,0.01,3,-1.1059999999997672,0.3059965998568358,-1.4119965998566029,-1.2766696201237795,1.5024999999998272,0.518500000000131,stop,2018
-1,683454,683457,2018-04-10 14:35:00+00:00,2018-04-10 14:50:00+00:00,1338.4344999999998,1339.6785,0.01,3,-1.2440000000001419,0.30554780955999916,-1.5495478095601412,-1.245617210257206,1.5925000000002,0.0,stop,2018
1,685662,685667,2018-04-20 14:35:00+00:00,2018-04-20 15:00:00+00:00,1335.5680000000002,1338.2855000000004,0.01,5,2.7175000000002,0.29836564036199725,2.419134359638203,1.7804116722266972,0.49850000000014916,3.2674999999999272,target,2018
1,686490,686510,2018-04-25 14:35:00+00:00,2018-04-25 16:15:00+00:00,1319.841,1322.0809999999997,0.01,20,2.2399999999997817,0.30408552695665503,1.9359144730431268,1.728495065217246,0.08699999999998909,2.8980000000001382,target,2018
-1,688149,688189,2018-05-03 15:00:00+00:00,2018-05-03 18:20:00+00:00,1313.5,1315.0137499999998,0.01,40,-1.5137499999998454,0.3216122045536075,-1.8353622045534528,-1.2124605810428672,1.5299999999999727,2.6779999999998836,stop,2018
1,688972,688984,2018-05-08 14:35:00+00:00,2018-05-08 15:35:00+00:00,1308.3265000000001,1310.978,0.01,12,2.651499999999942,0.31018727663370865,2.341312723366233,1.7660288315038917,1.3135000000002037,2.658999999999878,target,2018
1,690632,690655,2018-05-16 14:55:00+00:00,2018-05-16 16:50:00+00:00,1288.397,1291.4620000000004,0.01,23,3.0650000000005093,0.3089820222207803,2.756017977779729,1.7983804096438964,0.7770000000000437,3.473500000000058,target,2018
-1,691733,691756,2018-05-22 14:40:00+00:00,2018-05-22 16:35:00+00:00,1292.545,1293.9782500000001,0.01,23,-1.4332500000000437,0.2990300227198802,-1.732280022719924,-1.208637727346849,1.5090000000000146,1.434500000000071,stop,2018
-1,693517,693518,2018-05-31 06:20:00+00:00,2018-05-31 06:25:00+00:00,1304.167,1305.164,0.01,1,-0.9970000000000709,0.3010946191175653,-1.2980946191176361,-1.3020006209804853,2.2905000000000655,0.0,stop,2018
1,693909,693925,2018-06-01 16:00:00+00:00,2018-06-01 17:20:00+00:00,1296.485,1294.8597499999998,0.01,16,-1.625250000000051,0.3104210142767195,-1.9356710142767704,-1.190998932026894,1.9365000000000236,0.7920000000001437,stop,2018
-1,697123,697130,2018-06-19 07:50:00+00:00,2018-06-19 08:25:00+00:00,1282.435,1280.8689999999997,0.01,7,1.566000000000258,0.3044038094394518,1.2615961905608062,1.6112339598475074,0.21700000000009823,1.6699999999998454,target,2018
1,697764,697939,2018-06-21 15:15:00+00:00,2018-06-22 06:50:00+00:00,1268.1554999999998,1270.9139999999998,0.01,175,2.7584999999999127,0.30750127955492623,2.4509987204449866,1.777051818339724,1.3674999999998363,3.1280000000001564,target,2018
1,698230,698232,2018-06-25 08:05:00+00:00,2018-06-25 08:15:00+00:00,1267.87,1270.0735000000004,0.01,2,2.203500000000531,0.3137173782918117,1.8897826217087195,1.715255386165885,0.3154999999997017,2.7020000000002256,target,2018
1,698748,698756,2018-06-27 05:15:00+00:00,2018-06-27 05:55:00+00:00,1254.8305,1256.3245000000002,0.01,8,1.4940000000001419,0.3188751672500402,1.1751248327501016,1.5731256127844577,0.22699999999986176,1.572499999999991,target,2018
-1,700907,700917,2018-07-09 05:10:00+00:00,2018-07-09 06:00:00+00:00,1259.1599999999999,1260.1190000000001,0.01,10,-0.9590000000002874,0.2946399779407694,-1.2536399779410567,-1.3072366818985204,1.1720000000000255,0.1054999999996653,stop,2018
1,701296,701309,2018-07-10 14:35:00+00:00,2018-07-10 15:40:00+00:00,1254.02,1255.7205,0.01,13,1.7004999999999202,0.30884995244028424,1.391650047559636,1.6367539518491048,0.2799999999999727,2.2465000000001965,target,2018
1,702074,702086,2018-07-13 10:25:00+00:00,2018-07-13 11:25:00+00:00,1241.1165,1240.0752500000003,0.01,12,-1.0412499999997635,0.2880157701136207,-1.329265770113384,-1.2766057816217873,1.3865000000000691,0.6585000000000036,stop,2018
1,702964,702985,2018-07-18 15:35:00+00:00,2018-07-18 17:20:00+00:00,1225.815,1228.2410000000004,0.01,21,2.4260000000003856,0.2971233008747789,2.1288766991256067,1.755050864901293,0.525000000000091,2.4650000000001455,target,2018
-1,703504,703538,2018-07-20 14:35:00+00:00,2018-07-20 17:25:00+00:00,1229.9544999999998,1231.5342499999997,0.01,34,-1.5797499999998763,0.29410053812835363,-1.87385053812823,-1.18616903822021,1.6510000000002947,2.12099999999964,stop,2018
-1,703666,703676,2018-07-23 05:05:00+00:00,2018-07-23 05:55:00+00:00,1232.062,1230.2519999999995,0.01,10,1.8100000000004002,0.320866161616165,1.4891338383842352,1.645451755120338,0.7630000000001473,2.181999999999789,target,2018
1,706177,706183,2018-08-03 07:20:00+00:00,2018-08-03 07:50:00+00:00,1206.585,1205.7824999999998,0.01,6,-0.8025000000002366,0.29463826509059965,-1.0971382650908361,-1.3671504860940968,0.9445000000000618,0.39650000000006,stop,2018
-1,709576,709582,2018-08-21 14:35:00+00:00,2018-08-21 15:05:00+00:00,1190.9385,1187.9934999999998,0.01,6,2.9450000000001637,0.29414992319027383,2.6508500768098897,1.800237743164511,0.03700000000003456,3.1634999999998854,target,2018
1,713676,713684,2018-09-11 15:15:00+00:00,2018-09-11 15:55:00+00:00,1190.705,1194.2455,0.01,8,3.540500000000066,0.29411351300056077,3.246386486999505,1.8338576398810589,0.0,5.34900000000016,target,2018
-1,715325,715329,2018-09-19 14:40:00+00:00,2018-09-19 15:00:00+00:00,1203.5700000000002,1204.35525,0.01,4,-0.7852499999999054,0.26978845200717105,-1.0550384520070764,-1.3435701394552098,2.04549999999972,0.83400000000006,stop,2018
-1,715627,715631,2018-09-20 16:50:00+00:00,2018-09-20 17:10:00+00:00,1205.4135,1206.61325,0.01,4,-1.1997499999999945,0.28313268794667723,-1.4828826879466717,-1.2359930718455332,1.5419999999999163,0.005000000000109139,stop,2018
-1,717699,717707,2018-10-02 05:40:00+00:00,2018-10-02 06:20:00+00:00,1192.465,1193.4565,0.01,8,-0.9915000000000873,0.26876028291143467,-1.260260282911522,-1.2710643297139799,1.574500000000171,0.8749999999997726,stop,2018
1,718244,718251,2018-10-04 05:05:00+00:00,2018-10-04 05:40:00+00:00,1196.3865,1198.2800000000002,0.01,7,1.8935000000001307,0.3050565889487954,1.5884434110513355,1.6777854883033807,0.0,1.9344999999998436,target,2018
1,721034,721048,2018-10-18 07:35:00+00:00,2018-10-18 08:45:00+00:00,1221.334,1223.6290000000001,0.01,14,2.2950000000000728,0.3259723646723645,1.9690276353277083,1.7159282225077523,0.0,2.3724999999999454,target,2018
1,721670,721677,2018-10-22 14:35:00+00:00,2018-10-22 15:10:00+00:00,1220.5285,1222.2684999999997,0.01,7,1.7399999999997817,0.3036598996629881,1.4363401003367935,1.650965632571234,0.0,1.9835000000002765,target,2018
-1,722795,722800,2018-10-26 16:20:00+00:00,2018-10-26 16:45:00+00:00,1238.4085,1235.8240000000005,0.01,5,2.5844999999994798,0.38995721716907056,2.194542782830409,1.6982339197762437,0.35550000000012005,6.538500000000113,target,2018
1,723002,723013,2018-10-29 10:35:00+00:00,2018-10-29 11:30:00+00:00,1230.2314999999999,1229.2915,0.01,11,-0.9399999999998273,0.3706394738059095,-1.3106394738057368,-1.3942973125595506,1.362999999999829,0.5080000000002656,stop,2018
1,723329,723346,2018-10-30 14:50:00+00:00,2018-10-30 16:15:00+00:00,1224.6965,1223.4365,0.01,17,-1.259999999999991,0.36080174488129396,-1.6208017448812848,-1.286350591175632,1.6399999999998727,1.4349999999999454,stop,2018
1,724437,724448,2018-11-05 16:10:00+00:00,2018-11-05 17:05:00+00:00,1230.7435,1229.04275,0.01,11,-1.7007499999999711,0.3495222402678663,-2.0502722402678373,-1.2055106513408038,1.8634999999999309,0.6765000000000327,stop,2018
1,725171,725209,2018-11-08 08:20:00+00:00,2018-11-08 11:30:00+00:00,1223.7135,1222.2344999999998,0.01,38,-1.4790000000002692,0.3509865581405916,-1.8299865581408608,-1.2373134267346366,1.7735000000000127,0.7380000000000564,stop,2018
-1,725684,725697,2018-11-12 05:05:00+00:00,2018-11-12 06:10:00+00:00,1209.6465,1207.3545000000001,0.01,13,2.2919999999999163,0.34585481101856824,1.9461451889813481,1.6982069711879748,0.0,2.3199999999999363,target,2018
-1,726902,726907,2018-11-16 14:35:00+00:00,2018-11-16 15:00:00+00:00,1224.6734999999999,1222.4549999999995,0.01,5,2.218500000000404,0.3666513987374242,1.8518486012629796,1.6694600867817377,0.6665000000002692,3.0549999999998363,target,2018
-1,727454,727459,2018-11-20 14:35:00+00:00,2018-11-20 15:00:00+00:00,1225.1084999999998,1222.1799999999998,0.01,5,2.9284999999999854,0.38081813707179196,2.5476818629281937,1.739922733773745,0.5980000000001837,2.9284999999999854,target,2018
1,728645,728652,2018-11-27 06:05:00+00:00,2018-11-27 06:40:00+00:00,1221.7849999999999,1220.7932499999997,0.01,7,-0.9917500000001381,0.36840492330529845,-1.3601549233054366,-1.371469547068563,1.7664999999997235,0.415000000000191,stop,2018
-1,729300,729310,2018-11-29 14:40:00+00:00,2018-11-29 15:30:00+00:00,1226.6965,1227.9730000000002,0.01,10,-1.2765000000001692,0.3581616948644352,-1.6346616948646044,-1.2805810378882787,1.4249999999999545,1.502999999999929,stop,2018
-1,731117,731140,2018-12-10 05:05:00+00:00,2018-12-10 07:00:00+00:00,1249.32,1247.6429999999998,0.01,23,1.6770000000001346,0.38035433314226547,1.2966456668578692,1.5463871995918488,0.7799999999999727,1.959999999999809,target,2018
-1,732809,732810,2018-12-18 08:05:00+00:00,2018-12-18 08:10:00+00:00,1248.0149999999999,1248.8174999999999,0.01,1,-0.8025000000000091,0.33587385638181927,-1.1383738563818284,-1.4185344004757825,0.8900000000003274,0.0,stop,2018
-1,733090,733101,2018-12-19 08:30:00+00:00,2018-12-19 09:25:00+00:00,1250.9965,1249.735,0.01,11,1.2615000000000691,0.3807085001724853,0.8807914998275839,1.396419341779684,0.45849999999995816,1.3115000000000236,target,2018
-1,734733,734766,2018-12-28 10:40:00+00:00,2018-12-28 13:25:00+00:00,1279.0035,1276.8065,0.01,33,2.1970000000001164,0.39655536508114536,1.800444634918971,1.6390028538178203,1.0964999999998781,2.4950000000001182,target,2018
1,734969,734979,2018-12-31 07:20:00+00:00,2018-12-31 08:10:00+00:00,1280.3715000000002,1281.9649999999997,0.01,10,1.5934999999994943,0.4014947479859627,1.1920052520135316,1.496084407924581,0.650000000000091,2.468499999999949,target,2018
-1,735621,735622,2019-01-03 15:40:00+00:00,2019-01-03 15:45:00+00:00,1289.1415000000002,1290.1147500000002,0.01,1,-0.9732500000000073,0.39902436959518695,-1.3722743695951942,-1.4099916461291384,0.9899999999997817,0.0,stop,2019
-1,735776,735777,2019-01-04 05:35:00+00:00,2019-01-04 05:40:00+00:00,1295.1035,1295.8465,0.01,1,-0.7430000000001655,0.39409572329149983,-1.1370957232916654,-1.530411471455467,1.1065000000000964,0.0,stop,2019
1,736346,736349,2019-01-08 07:05:00+00:00,2019-01-08 07:20:00+00:00,1283.1115,1282.089,0.01,3,-1.0225000000000364,0.39026554705214944,-1.4127655470521858,-1.3816777966280054,1.3665000000000873,0.2619999999999436,stop,2019
-1,743585,743617,2019-02-13 16:20:00+00:00,2019-02-13 19:00:00+00:00,1313.5935,1310.1734999999999,0.01,32,3.4200000000000728,0.37572849362608446,3.0442715063739882,1.7802757347215927,0.4580000000000837,4.183500000000095,target,2019
-1,745659,745668,2019-02-25 09:10:00+00:00,2019-02-25 09:55:00+00:00,1328.4285,1329.3059999999998,0.01,9,-0.8774999999998272,0.35754549686490883,-1.235045496864736,-1.407459255686586,1.143000000000029,0.3269999999999982,stop,2019
1,748390,748400,2019-03-11 06:00:00+00:00,2019-03-11 06:50:00+00:00,1298.26,1297.5292499999998,0.01,10,-0.730750000000171,0.3746789720545744,-1.1054289720547454,-1.512732086287358,1.0015000000000782,0.9285000000002128,stop,2019
-1,750054,750057,2019-03-19 06:40:00+00:00,2019-03-19 06:55:00+00:00,1307.1315,1305.7545,0.01,3,1.3769999999999527,0.38093733155305637,0.9960626684468963,1.4467141153913297,0.06700000000000728,1.4830000000001746,target,2019
-1,756405,756416,2019-04-22 06:55:00+00:00,2019-04-22 07:50:00+00:00,1277.5065,1278.41975,0.01,11,-0.913250000000062,0.3528225427585758,-1.2660725427586377,-1.3863373038692053,0.9235000000001037,0.9980000000000473,stop,2019
1,756691,756730,2019-04-23 07:45:00+00:00,2019-04-23 11:00:00+00:00,1273.4415,1272.6717499999997,0.01,39,-0.7697500000001583,0.3587535950612994,-1.1285035950614577,-1.466065079650829,1.0499999999997272,1.0785000000000764,stop,2019
-1,759149,759166,2019-05-06 05:35:00+00:00,2019-05-06 07:00:00+00:00,1282.63,1283.3115000000003,0.01,17,-0.6815000000001419,0.33938629483778787,-1.0208862948379298,-1.4979989652791157,0.9834999999998217,1.3215000000000146,stop,2019
-1,759695,759706,2019-05-08 05:05:00+00:00,2019-05-08 06:00:00+00:00,1287.0535,1287.8184999999999,0.01,11,-0.7649999999998727,0.36267456891442634,-1.127674568914299,-1.4740844038097867,0.7664999999999509,0.5370000000000346,stop,2019
-1,760361,760362,2019-05-10 14:35:00+00:00,2019-05-10 14:40:00+00:00,1287.6915,1288.9897499999997,0.01,1,-1.2982499999998254,0.3433929851954674,-1.6416429851952927,-1.2645045139191322,1.7650000000001,0.0,stop,2019
1,763528,763532,2019-05-28 06:30:00+00:00,2019-05-28 06:50:00+00:00,1283.6064999999999,1282.9107499999998,0.01,4,-0.6957500000000891,0.3540660866725776,-1.0498160866726667,-1.5088984357492379,0.7999999999999545,0.5085000000001401,stop,2019
-1,767099,767111,2019-06-14 05:05:00+00:00,2019-06-14 06:05:00+00:00,1345.19,1346.9425,0.01,12,-1.7525000000000548,0.368548372270694,-2.121048372270749,-1.2102986432357676,1.843499999999949,0.7364999999999782,stop,2019
-1,768500,768508,2019-06-21 06:50:00+00:00,2019-06-21 07:30:00+00:00,1393.3735,1388.8320000000006,0.01,8,4.54149999999936,0.38121613300690893,4.160283866992451,1.8321188448719752,0.5115000000000691,4.611999999999853,target,2019
1,769440,769453,2019-06-26 16:10:00+00:00,2019-06-26 17:15:00+00:00,1412.25,1410.1409999999998,0.01,13,-2.109000000000151,0.36095608115654504,-2.469956081156696,-1.1711503466839825,2.3164999999999054,2.8834999999999127,stop,2019
-1,782863,782867,2019-09-03 14:35:00+00:00,2019-09-03 14:55:00+00:00,1544.2015000000001,1546.093,0.01,4,-1.8914999999999509,0.38086028098050484,-2.2723602809804557,-1.2013535717581363,2.1534999999998945,2.7950000000000728,stop,2019
1,783612,783615,2019-09-06 08:00:00+00:00,2019-09-06 08:15:00+00:00,1509.725,1507.2792499999998,0.01,3,-2.445750000000089,0.38179755116269354,-2.8275475511627826,-1.1561065322141182,3.3799999999998818,0.0,stop,2019
-1,786361,786363,2019-09-20 07:05:00+00:00,2019-09-20 07:15:00+00:00,1504.5585,1505.8402500000002,0.01,2,-1.2817500000001019,0.3583576305398441,-1.640107630539946,-1.2795846542147966,1.650000000000091,0.6400000000001,stop,2019
-1,786648,786651,2019-09-23 08:00:00+00:00,2019-09-23 08:15:00+00:00,1517.8564999999999,1519.454,0.01,3,-1.5975000000000819,0.37554987770576215,-1.973049877705844,-1.2350859954339548,2.3700000000001182,0.0,stop,2019
-1,792700,792704,2019-10-23 06:20:00+00:00,2019-10-23 06:40:00+00:00,1489.6985,1490.5449999999998,0.01,4,-0.8464999999998781,0.3670151747133244,-1.2135151747132025,-1.43356783781852,1.193000000000211,0.3969999999999345,stop,2019
1,795832,795833,2019-11-07 15:20:00+00:00,2019-11-07 15:25:00+00:00,1482.8235,1481.6057499999997,0.01,1,-1.217750000000251,0.32848301610541236,-1.5462330161056634,-1.2697458559682568,3.123499999999922,0.0,stop,2019
-1,796852,796854,2019-11-13 08:20:00+00:00,2019-11-13 08:30:00+00:00,1460.3265000000001,1458.333,0.01,2,1.99350000000004,0.33429961889558835,1.6592003811044518,1.664610364789986,0.0,2.406500000000051,target,2019
-1,797219,797220,2019-11-14 15:55:00+00:00,2019-11-14 16:00:00+00:00,1467.5684999999999,1469.0617499999998,0.01,1,-1.493249999999989,0.34797896761277697,-1.841228967612766,-1.2330346342627019,3.4815000000000964,0.0,stop,2019
-1,798212,798224,2019-11-20 06:40:00+00:00,2019-11-20 07:40:00+00:00,1475.0185000000001,1476.2305000000003,0.01,12,-1.2120000000002165,0.3457485215342651,-1.5577485215344815,-1.285271057371455,2.6349999999997635,2.2100000000000364,stop,2019
1,799021,799026,2019-11-25 05:05:00+00:00,2019-11-25 05:30:00+00:00,1461.5315,1460.7662500000001,0.01,5,-0.7652499999999236,0.3415161553141336,-1.106766155314057,-1.4462805035141033,0.9664999999999964,0.3269999999997708,stop,2019
-1,800081,800083,2019-11-29 05:20:00+00:00,2019-11-29 05:30:00+00:00,1458.355,1459.05275,0.01,2,-0.6977500000000418,0.3455785173516517,-1.0433285173516935,-1.4952755533523912,0.9349999999999454,0.11000000000012733,stop,2019
1,801450,801469,2019-12-06 07:15:00+00:00,2019-12-06 08:50:00+00:00,1472.9735,1474.7714999999998,0.01,19,1.7979999999997744,0.338747434359618,1.4592525656401565,1.6231952899225135,0.49850000000014916,1.9114999999999327,target,2019
1,803121,803122,2019-12-16 08:30:00+00:00,2019-12-16 08:35:00+00:00,1475.7035,1474.68025,0.01,1,-1.0232500000001892,0.36467811112488596,-1.3879281111250752,-1.3563919971901477,1.1085000000002765,0.0,stop,2019
-1,807309,807313,2020-01-08 15:45:00+00:00,2020-01-08 16:05:00+00:00,1573.6765,1570.8084999999996,0.01,4,2.868000000000393,0.36357315696567855,2.5044268430347145,1.7464622336362423,0.8234999999999673,4.77800000000002,target,2020
1,807571,807580,2020-01-09 14:35:00+00:00,2020-01-09 15:20:00+00:00,1550.2235,1548.17075,0.01,9,-2.05275000000006,0.3668170235954807,-2.419567023595541,-1.1786954200927877,3.5385000000001128,2.4829999999999472,stop,2020
-1,808561,808572,2020-01-15 05:05:00+00:00,2020-01-15 06:00:00+00:00,1552.2815,1553.56325,0.01,11,-1.2817499999998745,0.3506380057803602,-1.6323880057802347,-1.273561931562625,1.6835000000000946,0.12649999999985084,stop,2020
-1,809228,809235,2020-01-17 14:40:00+00:00,2020-01-17 15:15:00+00:00,1558.1435000000001,1555.4805000000001,0.01,7,2.663000000000011,0.347746768189837,2.315253231810174,1.7388308162299395,0.8849999999997635,3.6350000000002183,target,2020
1,809731,809733,2020-01-21 14:35:00+00:00,2020-01-21 14:45:00+00:00,1548.5135,1551.0835000000006,0.01,2,2.5700000000006185,0.3472919292426792,2.2227080707579394,1.729733907204206,0.0,2.7264999999999873,target,2020
-1,810172,810185,2020-01-23 05:20:00+00:00,2020-01-23 06:25:00+00:00,1559.435,1556.3050000000003,0.01,13,3.1299999999996544,0.358903060513107,2.7710969394865472,1.7706689709181171,1.5350000000000819,3.9249999999999545,target,2020
1,811114,811116,2020-01-28 14:50:00+00:00,2020-01-28 15:00:00+00:00,1577.1215000000002,1574.9230000000002,0.01,2,-2.1984999999999673,0.3557267063708322,-2.5542267063707995,-1.1618042785402944,3.395000000000209,0.0,stop,2020
-1,811665,811668,2020-01-30 14:45:00+00:00,2020-01-30 15:00:00+00:00,1576.95,1579.0467500000002,0.01,3,-2.0967500000001564,0.3751010019756505,-2.471851001975807,-1.1788963882082377,2.276499999999942,0.3714999999999691,stop,2020
1,811825,811836,2020-01-31 05:05:00+00:00,2020-01-31 06:00:00+00:00,1571.71,1573.3165,0.01,11,1.606499999999869,0.36344838435076027,1.2430516156491087,1.5475276883276814,0.0,1.7485000000001492,target,2020
1,812101,812124,2020-02-03 05:05:00+00:00,2020-02-03 07:00:00+00:00,1580.875,1578.48675,0.01,23,-2.388249999999971,0.3714067993674978,-2.7596567993674688,-1.1555142046969549,3.630000000000109,0.1534999999998945,stop,2020
-1,813319,813327,2020-02-07 14:35:00+00:00,2020-02-07 15:15:00+00:00,1573.7135,1570.7135,0.01,8,3.0,0.3501110202944134,2.6498889797055867,1.7665926531370577,0.4379999999998745,3.372000000000071,target,2020
1,813793,813795,2020-02-11 08:05:00+00:00,2020-02-11 08:15:00+00:00,1567.2615,1566.0165000000002,0.01,2,-1.2449999999998909,0.35758517741824974,-1.6025851774181405,-1.2872170099745228,1.3115000000000236,0.0,stop,2020
-1,815505,815508,2020-02-19 16:45:00+00:00,2020-02-19 17:00:00+00:00,1605.8184999999999,1607.8367499999997,0.01,3,-2.0182499999998527,0.3385481373102975,-2.3567981373101503,-1.1677434100385593,2.436500000000251,0.0,stop,2020
1,817337,817340,2020-02-28 08:25:00+00:00,2020-02-28 08:40:00+00:00,1633.8049999999998,1630.7684999999997,0.01,3,-3.03650000000016,0.374525855616102,-3.4110258556162623,-1.1233412993960423,4.10149999999976,3.050000000000182,stop,2020
-1,818515,818516,2020-03-05 14:35:00+00:00,2020-03-05 14:40:00+00:00,1659.7,1656.5220000000002,0.01,1,3.1779999999998836,0.3975805051391383,2.7804194948607455,1.7497920043177138,0.0,4.7650000000001,target,2020
1,818969,818970,2020-03-09 05:25:00+00:00,2020-03-09 05:30:00+00:00,1670.9865,1666.4615000000001,0.01,1,-4.524999999999864,0.5051489106030247,-5.030148910602888,-1.1116351183653126,11.0,1.9434999999998581,stop,2020
1,819853,819869,2020-03-12 10:05:00+00:00,2020-03-12 11:25:00+00:00,1636.1084999999998,1639.9214999999995,0.01,16,3.812999999999647,0.42052602465034755,3.3924739753492994,1.7794251116441717,1.203499999999849,6.006500000000187,target,2020
1,821183,821184,2020-03-19 05:55:00+00:00,2020-03-19 06:00:00+00:00,1471.4335,1469.281,0.01,1,-2.1525000000001455,0.5083493152928604,-2.6608493152930057,-1.2361669292881885,2.400000000000091,2.8064999999999145,stop,2020
1,823120,823121,2020-03-30 06:20:00+00:00,2020-03-30 06:25:00+00:00,1618.435,1615.84,0.01,1,-2.5950000000000273,1.830690885396994,-4.425690885397021,-1.7054685492859247,3.214999999999918,0.0,stop,2020
1,823495,823496,2020-03-31 14:35:00+00:00,2020-03-31 14:40:00+00:00,1610.445,1608.105,0.01,1,-2.339999999999918,1.1897069089365602,-3.529706908936478,-1.5084217559558126,2.5299999999999727,0.0,stop,2020
-1,824324,824325,2020-04-03 14:40:00+00:00,2020-04-03 14:45:00+00:00,1615.625,1619.2399999999998,0.01,1,-3.6149999999997817,1.4478891665278364,-5.062889166527619,-1.4005225910174064,4.291500000000042,0.0,stop,2020
-1,825703,825708,2020-04-13 14:35:00+00:00,2020-04-13 15:00:00+00:00,1697.4165,1700.5465000000002,0.01,5,-3.130000000000109,0.8622791293495702,-3.9922791293496793,-1.2754885397282876,3.2349999999999,1.996499999999969,stop,2020
1,826981,826983,2020-04-20 06:05:00+00:00,2020-04-20 06:15:00+00:00,1678.9185,1676.7792499999998,0.01,2,-2.1392500000001746,0.9745177881461959,-3.1137677881463706,-1.455541796492283,4.783499999999776,0.0,stop,2020
1,827375,827548,2020-04-21 15:55:00+00:00,2020-04-22 07:20:00+00:00,1677.65,1692.105,0.01,173,14.454999999999925,0.8449012923249999,13.610098707674926,1.8830990948011064,5.880000000000109,15.079999999999927,target,2020
-1,827635,827639,2020-04-22 14:35:00+00:00,2020-04-22 14:55:00+00:00,1707.215,1710.0075,0.01,4,-2.792500000000018,0.629393509451029,-3.4218935094510474,-1.2253871117103043,4.0150000000001,2.4615000000001146,stop,2020
-1,829198,829206,2020-04-30 06:50:00+00:00,2020-04-30 07:30:00+00:00,1718.595,1721.0000000000002,0.01,8,-2.4050000000002,0.6946980254696709,-3.0996980254698707,-1.288855727845993,2.633999999999787,1.275000000000091,stop,2020
-1,829785,829787,2020-05-04 09:45:00+00:00,2020-05-04 09:55:00+00:00,1704.97,1706.48675,0.01,2,-1.5167500000000018,0.49062494460821954,-2.0073749446082214,-1.3234712013240277,3.625,1.1900000000000546,stop,2020
-1,832239,832245,2020-05-15 07:15:00+00:00,2020-05-15 07:45:00+00:00,1736.5149999999999,1738.62075,0.01,6,-2.105750000000171,0.61215943232992,-2.717909432330091,-1.290708504015135,2.2800000000002,0.9214999999999236,stop,2020
-1,833049,833050,2020-05-20 05:45:00+00:00,2020-05-20 05:50:00+00:00,1748.0935,1749.296,0.01,1,-1.2025000000001,0.6225134888657426,-1.8250134888658427,-1.5176827350234436,1.2699999999999818,0.2819999999999254,stop,2020
1,834401,834416,2020-05-27 07:25:00+00:00,2020-05-27 08:40:00+00:00,1708.5115,1707.1529999999998,0.01,15,-1.3585000000002765,0.4651062525449081,-1.8236062525451846,-1.342367502793385,2.275000000000091,1.8184999999998581,stop,2020
-1,835039,835040,2020-05-29 14:35:00+00:00,2020-05-29 14:40:00+00:00,1731.9415,1733.7322499999998,0.01,1,-1.790749999999889,0.5283074524532124,-2.3190574524531016,-1.2950202163636717,1.9300000000000637,0.0,stop,2020
1,835780,835781,2020-06-03 07:20:00+00:00,2020-06-03 07:25:00+00:00,1723.2984999999999,1721.97175,0.01,1,-1.3267499999999472,0.4052595603450984,-1.7320095603450456,-1.3054528436744786,2.1900000000000546,0.0,stop,2020
1,838006,838011,2020-06-15 08:50:00+00:00,2020-06-15 09:15:00+00:00,1720.905,1718.7685,0.01,5,-2.136500000000069,0.49983914541895313,-2.636339145419022,-1.2339523264305812,2.208499999999958,2.10349999999994,stop,2020
-1,839371,839373,2020-06-22 07:35:00+00:00,2020-06-22 07:45:00+00:00,1747.7885,1745.6165000000005,0.01,2,2.1719999999995707,0.5795417872745692,1.5924582127250015,1.46635194541926,0.7179999999998472,2.75850000000014,target,2020
1,840224,840228,2020-06-25 09:40:00+00:00,2020-06-25 10:00:00+00:00,1763.3035,1761.5127499999999,0.01,4,-1.7907500000001166,0.5465499198432471,-2.337299919843364,-1.305207270609081,2.2584999999999127,0.09149999999999636,stop,2020
-1,840835,840838,2020-06-29 14:35:00+00:00,2020-06-29 14:50:00+00:00,1770.6635,1773.9025000000001,0.01,3,-3.2390000000000327,0.452460115267657,-3.69146011526769,-1.1396912983228318,3.38799999999992,0.0,stop,2020
1,841387,841415,2020-07-01 14:35:00+00:00,2020-07-01 16:55:00+00:00,1762.1464999999998,1769.788,0.01,28,7.641500000000178,0.5811969781833248,7.060303021816853,1.8478840598878987,2.8964999999998327,8.622000000000298,target,2020
1,842053,842065,2020-07-06 05:05:00+00:00,2020-07-06 06:05:00+00:00,1772.8435,1775.2985000000003,0.01,12,2.455000000000382,0.588457192075766,1.866542807924616,1.5206051388385544,0.48349999999982174,2.4664999999999964,target,2020
-1,843572,843605,2020-07-13 16:40:00+00:00,2020-07-13 19:25:00+00:00,1809.8865,1802.3899999999999,0.01,33,7.4965000000001965,0.4893464346940325,7.007153565306164,1.8694466925381126,1.8449999999998,7.613000000000284,target,2020
1,843710,843725,2020-07-14 05:10:00+00:00,2020-07-14 06:25:00+00:00,1797.67,1801.2469999999998,0.01,15,3.576999999999771,0.6271997035300474,2.949800296469723,1.6493152342577089,0.7764999999999418,4.75649999999996,target,2020
-1,844866,844886,2020-07-20 09:30:00+00:00,2020-07-20 11:10:00+00:00,1811.4365,1812.9174999999998,0.01,20,-1.4809999999997672,0.4509920403587219,-1.9319920403584891,-1.3045185957858156,1.4984999999999218,1.7000000000000455,stop,2020
-1,845755,845756,2020-07-23 14:35:00+00:00,2020-07-23 14:40:00+00:00,1884.5715,1888.109,0.01,1,-3.5374999999999095,0.5006641909721605,-4.03816419097207,-1.1415305133490243,5.224999999999909,0.22000000000002728,stop,2020
-1,848515,848522,2020-08-06 14:35:00+00:00,2020-08-06 15:10:00+00:00,2061.2484999999997,2053.5649999999996,0.01,7,7.683500000000095,0.4578916471572872,7.225608352842808,1.8808117011369085,0.0,10.7199999999998,target,2020
-1,850609,850613,2020-08-18 05:05:00+00:00,2020-08-18 05:25:00+00:00,1991.3435,1993.77025,0.01,4,-2.4267500000000837,0.5698484508546935,-2.996598450854777,-1.234819594459534,2.486499999999978,0.6349999999999909,stop,2020
-1,853488,853532,2020-09-01 15:00:00+00:00,2020-09-01 18:40:00+00:00,1977.1264999999999,1966.1715,0.01,44,10.954999999999927,0.5901769854941368,10.36482301450579,1.8922543157473042,2.352000000000089,13.913000000000011,target,2020
1,853649,853650,2020-09-02 05:25:00+00:00,2020-09-02 05:30:00+00:00,1963.0615,1961.6315,0.01,1,-1.4300000000000637,0.6149709015781348,-2.0449709015781985,-1.430049581523152,2.026499999999942,1.1600000000000819,stop,2020
1,854044,854045,2020-09-03 15:20:00+00:00,2020-09-03 15:25:00+00:00,1930.665,1927.797,0.01,1,-2.867999999999938,0.5597323454158648,-3.427732345415803,-1.1951646950543504,6.058500000000095,0.0,stop,2020
1,854313,854334,2020-09-04 14:45:00+00:00,2020-09-04 16:30:00+00:00,1919.8600000000001,1928.9814999999999,0.01,21,9.121499999999742,0.5016162891616398,8.619883710838103,1.890014517532938,2.456500000000233,9.424999999999955,target,2020
-1,856115,856121,2020-09-15 07:55:00+00:00,2020-09-15 08:25:00+00:00,1962.0285,1964.135,0.01,6,-2.1065000000000964,0.428785647152292,-2.5352856471523886,-1.2035535946604665,2.130000000000109,0.07999999999992724,stop,2020
1,858019,858020,2020-09-24 05:35:00+00:00,2020-09-24 05:40:00+00:00,1854.145,1852.34,0.01,1,-1.8050000000000639,0.5013765405915724,-2.3063765405916365,-1.2777709366158199,4.289999999999964,0.0,stop,2020
-1,858869,858875,2020-09-29 07:25:00+00:00,2020-09-29 07:55:00+00:00,1881.5365,1883.50225,0.01,6,-1.965750000000071,0.4529831484294112,-2.418733148429482,-1.2304378219149916,2.147000000000162,1.9365000000000236,stop,2020
-1,861340,861352,2020-10-12 06:20:00+00:00,2020-10-12 07:20:00+00:00,1929.4615,1924.7694999999999,0.01,12,4.692000000000007,0.4747754255995787,4.217224574400428,1.7976234332482617,0.0,5.0965000000001055,target,2020
-1,866671,866676,2020-11-06 14:35:00+00:00,2020-11-06 15:00:00+00:00,1947.725,1941.5285,0.01,5,6.1965000000000146,0.5177438173132085,5.678756182686806,1.8328915299561988,2.2100000000000364,6.314999999999827,target,2020
1,867499,867500,2020-11-11 14:35:00+00:00,2020-11-11 14:40:00+00:00,1866.4385,1864.326,0.01,1,-2.1124999999999545,0.45966754284150735,-2.572167542841462,-1.2175941031202449,2.933499999999867,0.035000000000081855,stop,2020
1,869155,869157,2020-11-19 14:35:00+00:00,2020-11-19 14:45:00+00:00,1858.2565,1856.6965,0.01,2,-1.5599999999999454,0.46794594239082343,-2.027945942390769,-1.2999653476864357,1.8015000000000327,1.3085000000000946,stop,2020
1,871006,871010,2020-11-30 15:05:00+00:00,2020-11-30 15:25:00+00:00,1774.8615,1771.7947499999998,0.01,4,-3.0667500000001837,0.4570114381494558,-3.5237614381496396,-1.149021419466676,3.901499999999942,1.6485000000000127,stop,2020
-1,871552,871554,2020-12-02 14:35:00+00:00,2020-12-02 14:45:00+00:00,1814.7465,1816.914,0.01,2,-2.167500000000018,0.42439961393946973,-2.591899613939488,-1.1958014366502727,4.278500000000122,0.11649999999985994,stop,2020
-1,872299,872301,2020-12-07 07:50:00+00:00,2020-12-07 08:00:00+00:00,1840.27,1837.7349999999997,0.01,2,2.5350000000003092,0.4629500556655078,2.0720499443348013,1.6347534077590127,0.0,3.5949999999998,target,2020
-1,872556,872578,2020-12-08 06:15:00+00:00,2020-12-08 08:05:00+00:00,1868.5565,1863.5734999999997,0.01,22,4.983000000000175,0.44289166138998015,4.540108338610194,1.822238947866761,1.23700000000008,5.397999999999911,target,2020
1,872818,872828,2020-12-09 05:05:00+00:00,2020-12-09 05:55:00+00:00,1860.8384999999998,1858.84325,0.01,10,-1.9952499999999418,0.46873565484960916,-2.463985654849551,-1.2349257761431516,3.043499999999767,0.6280000000001564,stop,2020
-1,874209,874210,2020-12-16 06:00:00+00:00,2020-12-16 06:05:00+00:00,1855.5035,1856.6175,0.01,1,-1.1140000000000327,0.4206685069375004,-1.5346685069375332,-1.3776198446476553,1.7000000000000455,0.75,stop,2020
-1,875140,875143,2020-12-21 14:35:00+00:00,2020-12-21 14:50:00+00:00,1885.0065,1878.5865,0.01,3,6.420000000000073,0.5116743614129361,5.9083256385871366,1.840599887410302,0.0,7.369999999999891,target,2020
-1,875901,875907,2020-12-24 09:00:00+00:00,2020-12-24 09:30:00+00:00,1879.4415,1877.0990000000002,0.01,6,2.3424999999997453,0.4667871211849105,1.8757128788148347,1.6014624365549956,0.7950000000000728,2.962999999999738,target,2020
-1,876130,876151,2020-12-28 08:20:00+00:00,2020-12-28 10:05:00+00:00,1884.3685,1886.0327500000003,0.01,21,-1.6642500000002656,0.47391739138302125,-2.138167391383287,-1.2847633416751965,1.6979999999998654,2.9299999999998363,stop,2020
-1,877039,877040,2020-12-31 15:05:00+00:00,2020-12-31 15:10:00+00:00,1895.5735,1897.18325,0.01,1,-1.6097500000000764,0.4837253732156606,-2.093475373215737,-1.300497203426394,2.356499999999869,0.0,stop,2020
1,877861,877871,2021-01-06 14:35:00+00:00,2021-01-06 15:25:00+00:00,1929.088,1924.992,0.01,10,-4.096000000000004,0.46903617164699224,-4.565036171646996,-1.114510784093504,6.657999999999902,7.150499999999965,stop,2021
-1,878892,878895,2021-01-12 08:30:00+00:00,2021-01-12 08:45:00+00:00,1857.8745,1854.4244999999996,0.01,3,3.450000000000273,0.4504890721842851,2.999510927815988,1.7388469146757974,0.0,3.5225000000000364,target,2021
1,879519,879521,2021-01-14 14:45:00+00:00,2021-01-14 14:55:00+00:00,1847.69,1844.823,0.01,2,-2.866999999999962,0.45646964041048116,-3.323469640410443,-1.1592150821103897,3.5850000000000364,0.8649999999997817,stop,2021
-1,880215,880218,2021-01-19 07:45:00+00:00,2021-01-19 08:00:00+00:00,1838.2115,1839.9705,0.01,3,-1.7590000000000148,0.5183591388634077,-2.2773591388634227,-1.294689675306085,5.0534999999999854,0.4314999999999145,stop,2021
-1,880573,880574,2021-01-20 14:35:00+00:00,2021-01-20 14:40:00+00:00,1860.6925,1862.9405000000002,0.01,1,-2.2480000000000473,0.5237198305882866,-2.771719830588334,-1.232971454888023,4.2409999999999854,0.0,stop,2021
-1,880772,880779,2021-01-21 08:10:00+00:00,2021-01-21 08:45:00+00:00,1869.74,1871.2875000000001,0.01,7,-1.5475000000001273,0.47792878211774226,-2.02542878211787,-1.3088392776204867,3.9284999999999854,1.0685000000000855,stop,2021
1,881335,881339,2021-01-25 09:05:00+00:00,2021-01-25 09:25:00+00:00,1851.106,1853.0339999999999,0.01,4,1.9279999999998836,0.4650542184754384,1.462945781524445,1.5175786115399725,0.0,3.701999999999998,target,2021
1,881857,881859,2021-01-27 06:35:00+00:00,2021-01-27 06:45:00+00:00,1849.351,1847.9935,0.01,2,-1.3575000000000728,0.49846659864601944,-1.8559665986460923,-1.3671945478055196,1.5225000000000364,0.3939999999997781,stop,2021
1,884097,884098,2021-02-08 09:15:00+00:00,2021-02-08 09:20:00+00:00,1809.7615,1812.2599999999998,0.01,1,2.4984999999996944,0.47142191569739705,2.0270780843022975,1.6226360490714793,0.0,3.08849999999984,target,2021
-1,884440,884446,2021-02-09 14:50:00+00:00,2021-02-09 15:20:00+00:00,1840.096,1845.0140000000001,0.01,6,-4.91800000000012,0.49393818625812586,-5.411938186258246,-1.1004347674375994,5.7775000000001455,3.374499999999898,stop,2021
-1,885437,885443,2021-02-15 05:55:00+00:00,2021-02-15 06:25:00+00:00,1824.4985000000001,1822.4634999999998,0.01,6,2.0350000000003092,0.5207364215405177,1.5142635784597915,1.4882197331297902,0.6514999999999418,5.450500000000147,target,2021
1,885965,885966,2021-02-17 07:55:00+00:00,2021-02-17 08:00:00+00:00,1790.025,1788.0525000000002,0.01,1,-1.9724999999998545,0.5168057986870939,-2.4893057986869485,-1.2620054746195855,5.045500000000175,0.8699999999998909,stop,2021
1,886489,886492,2021-02-19 05:35:00+00:00,2021-02-19 05:50:00+00:00,1769.8400000000001,1772.027,0.01,3,2.186999999999898,0.5218339101251772,1.665166089874721,1.5227856331731124,0.20200000000022555,3.8779999999997017,target,2021
-1,886759,886765,2021-02-22 05:05:00+00:00,2021-02-22 05:35:00+00:00,1786.555,1788.481,0.01,6,-1.9259999999999309,0.543390711293731,-2.469390711293662,-1.2821343256976898,2.1849999999999454,0.8750000000002274,stop,2021
-1,887059,887061,2021-02-23 07:05:00+00:00,2021-02-23 07:15:00+00:00,1811.015,1812.3525000000002,0.01,2,-1.337500000000091,0.5397019976605988,-1.8772019976606897,-1.403515512269579,1.9049999999999727,1.4700000000000273,stop,2021
1,887706,887707,2021-02-25 15:00:00+00:00,2021-02-25 15:05:00+00:00,1781.4099999999999,1777.6357499999997,0.01,1,-3.7742500000001655,0.4820453612972405,-4.256295361297406,-1.1277195101800939,7.348499999999831,0.0,stop,2021
1,887918,887936,2021-02-26 09:40:00+00:00,2021-02-26 11:10:00+00:00,1764.7649999999999,1761.819,0.01,18,-2.9459999999999127,0.4683398084720375,-3.4143398084719503,-1.158974816181959,4.444999999999709,2.310000000000173,stop,2021
-1,888253,888255,2021-03-01 14:35:00+00:00,2021-03-01 14:45:00+00:00,1742.741,1735.1724999999997,0.01,2,7.568500000000313,0.4615367464597204,7.106963253540592,1.8780374588201887,0.0,8.357500000000073,target,2021
-1,890347,890352,2021-03-11 05:05:00+00:00,2021-03-11 05:30:00+00:00,1732.1135,1733.4185,0.01,5,-1.3050000000000637,0.4536514499528967,-1.7586514499529604,-1.3476256321477966,2.9020000000000437,0.47699999999986176,stop,2021
1,890766,890784,2021-03-12 17:00:00+00:00,2021-03-12 18:30:00+00:00,1718.2044999999998,1722.9944999999998,0.01,18,4.789999999999964,0.4390465718009053,4.350953428199058,1.816682015949516,0.724999999999909,5.420500000000175,target,2021
-1,890975,890986,2021-03-15 10:25:00+00:00,2021-03-15 11:20:00+00:00,1730.1405,1731.8134999999997,0.01,11,-1.6729999999997742,0.4151137851492522,-2.0881137851490266,-1.2481253945901425,2.1340000000000146,2.951000000000022,stop,2021
-1,891301,891310,2021-03-16 14:35:00+00:00,2021-03-16 15:20:00+00:00,1740.48,1732.5654999999997,0.01,9,7.914500000000317,0.400068719849939,7.5144312801503785,1.8989023387832655,0.0,9.223500000000058,target,2021
-1,891745,891766,2021-03-18 05:35:00+00:00,2021-03-18 07:20:00+00:00,1752.3449999999998,1748.1984999999995,0.01,21,4.146500000000287,0.44889811945872365,3.697601880541564,1.7834809504600542,0.5845000000001619,6.514999999999873,target,2021
-1,893237,893246,2021-03-25 14:55:00+00:00,2021-03-25 15:40:00+00:00,1737.38,1731.9969999999998,0.01,9,5.383000000000266,0.41885888293173595,4.96414111706853,1.8443771566294946,0.1914999999999054,6.6590000000001055,target,2021
1,893963,893964,2021-03-30 06:25:00+00:00,2021-03-30 06:30:00+00:00,1706.6115,1704.89125,0.01,1,-1.7202500000000782,0.40923641877637323,-2.1294864187764513,-1.2378935728971687,1.9400000000000546,0.03000000000020009,stop,2021
-1,894553,894571,2021-04-01 09:35:00+00:00,2021-04-01 11:05:00+00:00,1715.1635,1711.3320000000003,0.01,18,3.831499999999778,0.397488975930499,3.434011024069279,1.7925152154871344,0.7199999999997999,3.9484999999999673,target,2021
-1,895085,895086,2021-04-06 07:55:00+00:00,2021-04-06 08:00:00+00:00,1732.4085,1733.58625,0.01,1,-1.17775000000006,0.4006129897947119,-1.578362989794772,-1.3401511269749027,1.856499999999869,0.0,stop,2021
1,896446,896448,2021-04-13 06:20:00+00:00,2021-04-13 06:30:00+00:00,1726.4315000000001,1725.48575,0.01,2,-0.9457500000000892,0.435917197658895,-1.3816671976589843,-1.4609222285581327,1.58600000000024,0.48700000000008004,stop,2021
1,897857,897864,2021-04-20 08:55:00+00:00,2021-04-20 09:30:00+00:00,1768.2959999999998,1765.311,0.01,7,-2.9849999999999,0.4048493188768372,-3.3898493188767373,-1.135627912521558,3.3394999999998163,0.35550000000012005,stop,2021
-1,898156,898159,2021-04-21 10:50:00+00:00,2021-04-21 11:05:00+00:00,1781.0235,1782.11075,0.01,3,-1.08725000000004,0.4106161317619192,-1.4978661317619593,-1.3776648717055913,1.4729999999999563,1.0135000000000218,stop,2021
-1,900309,900310,2021-05-03 06:15:00+00:00,2021-05-03 06:20:00+00:00,1774.5265,1775.4547499999999,0.01,1,-0.9282499999999345,0.4436700909053835,-1.371920090905318,-1.4779640085164716,1.6900000000000546,0.0,stop,2021
-1,901123,901128,2021-05-06 05:05:00+00:00,2021-05-06 05:30:00+00:00,1789.34,1790.7017499999997,0.01,5,-1.3617499999998017,0.40919498254095843,-1.7709449825407602,-1.3004920011316454,1.5235000000000127,0.7184999999997217,stop,2021
-1,901793,901802,2021-05-10 14:55:00+00:00,2021-05-10 15:40:00+00:00,1837.5335,1841.0949999999998,0.01,9,-3.5614999999997963,0.4176547150636482,-3.9791547150634443,-1.1172693289523157,3.7264999999999873,1.99350000000004,stop,2021
-1,903449,903543,2021-05-18 14:55:00+00:00,2021-05-18 23:45:00+00:00,1868.1,1871.1225,0.01,94,-3.022500000000037,0.4549637819010553,-3.477463781901092,-1.1505256515801654,3.046500000000151,4.033500000000004,stop,2021
1,905377,905557,2021-05-27 14:35:00+00:00,2021-05-28 06:35:00+00:00,1892.2815,1888.0330000000001,0.01,180,-4.248499999999922,0.4255237100546276,-4.674023710054549,-1.1001585759808485,4.302999999999884,6.626499999999851,stop,2021
-1,905845,905887,2021-05-31 07:35:00+00:00,2021-05-31 11:05:00+00:00,1905.8049999999998,1902.4320000000002,0.01,42,3.372999999999592,0.4168734058848618,2.95612659411473,1.7528174290632004,1.2665000000001783,3.619999999999891,target,2021
-1,906045,906048,2021-06-01 05:15:00+00:00,2021-06-01 05:30:00+00:00,1911.0,1911.865,0.01,3,-0.8650000000000092,0.4353062564415717,-1.3003062564415808,-1.5032442271000774,1.0235000000000127,1.0499999999999545,stop,2021
-1,908251,908263,2021-06-11 05:05:00+00:00,2021-06-11 06:05:00+00:00,1900.025,1901.4412499999999,0.01,12,-1.4162499999997635,0.41559521687464174,-1.8318452168744053,-1.2934476376873512,1.6549999999999727,1.675000000000182,stop,2021
1,911677,911684,2021-06-29 14:35:00+00:00,2021-06-29 15:10:00+00:00,1753.92,1757.9900000000002,0.01,7,4.070000000000164,0.46930372515702795,3.600696274843136,1.7693839188417646,0.974999999999909,4.809999999999945,target,2021
-1,912121,912126,2021-07-01 05:35:00+00:00,2021-07-01 06:00:00+00:00,1776.53,1778.0125,0.01,5,-1.4825000000000728,0.5105909990840507,-1.9930909990841235,-1.3444121410347558,1.5685000000000855,0.7200000000000273,stop,2021
-1,912505,912543,2021-07-02 14:35:00+00:00,2021-07-02 17:45:00+00:00,1783.745,1786.30975,0.01,38,-2.5647500000000036,0.47862411456291576,-3.043374114562919,-1.1866162840678096,2.9200000000000728,2.224999999999909,stop,2021
-1,913038,913059,2021-07-06 17:00:00+00:00,2021-07-06 18:45:00+00:00,1794.355,1797.1225,0.01,21,-2.7674999999999272,0.46571405407280403,-3.2332140540727314,-1.1682796943352542,3.0900000000001455,1.25,stop,2021
-1,913513,913514,2021-07-08 10:35:00+00:00,2021-07-08 10:40:00+00:00,1810.61,1812.1774999999998,0.01,1,-1.5674999999998818,0.5012967390429701,-2.0687967390428517,-1.3198065320848533,1.865000000000009,0.0,stop,2021
1,915217,915218,2021-07-16 14:35:00+00:00,2021-07-16 14:40:00+00:00,1816.5149999999999,1813.9674999999997,0.01,1,-2.5475000000001273,0.4878119739842096,-3.035311973984337,-1.1914865452342238,2.6549999999999727,0.010000000000218279,stop,2021
-1,915655,915663,2021-07-20 05:05:00+00:00,2021-07-20 05:45:00+00:00,1817.6365,1814.9265,0.01,8,2.7100000000000364,0.48161553807569296,2.2283844619243434,1.6445641785419287,0.5699999999999363,3.009999999999991,target,2021
1,917072,917073,2021-07-27 08:10:00+00:00,2021-07-27 08:15:00+00:00,1796.9650000000001,1795.2900000000002,0.01,1,-1.6749999999999547,0.44030446136142626,-2.115304461361381,-1.2628683351411572,2.0210000000001855,0.0,stop,2021
-1,917319,917325,2021-07-28 05:45:00+00:00,2021-07-28 06:15:00+00:00,1805.66,1806.7575000000002,0.01,6,-1.0975000000000819,0.4644835198098725,-1.5619835198099543,-1.423219608027187,1.3899999999998727,0.7549999999998818,stop,2021
1,918147,918150,2021-08-02 05:45:00+00:00,2021-08-02 06:00:00+00:00,1811.44,1809.7725,0.01,3,-1.6675000000000182,0.47360052962451776,-2.141100529624536,-1.2840183086203973,2.2465000000001965,1.3150000000000546,stop,2021
-1,920185,920186,2021-08-11 14:35:00+00:00,2021-08-11 14:40:00+00:00,1742.755,1744.4465,0.01,1,-1.6914999999999056,0.44569421173316887,-2.1371942117330747,-1.263490518316993,1.8764999999998508,0.0,stop,2021
-1,920647,920665,2021-08-13 07:05:00+00:00,2021-08-13 08:35:00+00:00,1759.13,1755.835,0.01,18,3.2950000000000728,0.45703131065042435,2.8379686893496485,1.7225910102273663,1.194999999999709,3.325000000000273,target,2021
-1,922669,922744,2021-08-24 14:35:00+00:00,2021-08-24 20:50:00+00:00,1806.545,1803.04,0.01,75,3.5050000000001096,0.4474274494015484,3.0575725505985614,1.7446918976310788,1.5664999999999054,3.7600000000002183,target,2021
1,924053,924054,2021-08-31 14:55:00+00:00,2021-08-31 15:00:00+00:00,1807.9985000000001,1806.5707500000003,0.01,1,-1.4277499999998327,0.40038875232595444,-1.828138752325787,-1.280433375819297,2.5080000000002656,0.0,stop,2021
1,924616,924816,2021-09-02 15:50:00+00:00,2021-09-03 09:30:00+00:00,1810.0149999999999,1812.0965,0.01,200,2.081500000000233,0.39353677475298937,1.6879632252472434,0.519853164535635,2.9549999999999272,4.890000000000327,time_stop,2021
-1,926761,926762,2021-09-14 14:35:00+00:00,2021-09-14 14:40:00+00:00,1798.6799999999998,1802.9914999999999,0.01,1,-4.311500000000024,0.42383995106715305,-4.735339951067177,-1.0983045230354056,8.343000000000302,0.0,stop,2021
1,927751,927756,2021-09-20 05:05:00+00:00,2021-09-20 05:30:00+00:00,1748.44,1750.8419999999996,0.01,5,2.401999999999589,0.4309158882783774,1.9710841117212115,1.6412024244142787,0.0,2.6769999999999072,target,2021
1,928589,928591,2021-09-23 05:55:00+00:00,2021-09-23 06:05:00+00:00,1765.8470000000002,1764.3830000000005,0.01,2,-1.4639999999997144,0.39113536052840053,-1.855135360528115,-1.2671689621096154,3.1790000000000873,0.0,stop,2021
-1,929150,929157,2021-09-27 06:40:00+00:00,2021-09-27 07:15:00+00:00,1758.3600000000001,1759.99,0.01,7,-1.629999999999882,0.416999594753589,-2.046999594753471,-1.2558279722414842,2.421999999999798,1.3130000000001019,stop,2021
-1,932196,932200,2021-10-12 07:30:00+00:00,2021-10-12 07:50:00+00:00,1760.2115,1757.708,0.01,4,2.5034999999998035,0.4086862033194952,2.094813796680308,1.673508125968023,0.0,2.8114999999997963,target,2021
-1,932557,932757,2021-10-13 14:35:00+00:00,2021-10-14 08:15:00+00:00,1790.33,1794.6779999999999,0.01,200,-4.347999999999956,0.38970869976750827,-4.737708699767465,-0.7005076996662086,5.873500000000149,3.5679999999999836,time_stop,2021
-1,932833,932941,2021-10-14 14:35:00+00:00,2021-10-15 00:35:00+00:00,1797.855,1794.417,0.01,108,3.438000000000102,0.4030641509113669,3.034935849088735,1.7655240541527895,1.3699999999998909,3.4850000000001273,target,2021
1,933292,933294,2021-10-18 06:50:00+00:00,2021-10-18 07:00:00+00:00,1765.067,1763.8729999999998,0.01,2,-1.1940000000001874,0.4050494090618592,-1.5990494090620466,-1.3392373610232795,1.356999999999971,0.21499999999991815,stop,2021
-1,933940,933963,2021-10-20 14:50:00+00:00,2021-10-20 16:45:00+00:00,1784.577,1786.6475,0.01,23,-2.070500000000038,0.3747463780116161,-2.4452463780116545,-1.1809931794308666,2.0730000000000928,2.7619999999999436,stop,2021
-1,934511,934512,2021-10-22 16:25:00+00:00,2021-10-22 16:30:00+00:00,1791.398,1796.0845,0.01,1,-4.686500000000024,0.3892505638786316,-5.075750563878655,-1.083057839299825,5.807000000000016,0.0,stop,2021
-1,935593,935595,2021-10-28 14:35:00+00:00,2021-10-28 14:45:00+00:00,1796.513,1798.2659999999998,0.01,2,-1.7529999999999293,0.4164371829981193,-2.1694371829980486,-1.2375568642316805,3.007000000000062,3.3229999999998654,stop,2021
-1,937730,937754,2021-11-09 09:40:00+00:00,2021-11-09 11:40:00+00:00,1826.029,1827.1864999999998,0.01,24,-1.1574999999998,0.39607414208901986,-1.5535741420888198,-1.3421806843102275,2.6334999999999127,1.9715000000001055,stop,2021
-1,942855,942864,2021-12-06 07:15:00+00:00,2021-12-06 08:00:00+00:00,1784.8535,1781.5785000000003,0.01,9,3.2749999999996366,0.46402468170889505,2.8109753182907418,1.7166261485746892,0.0,3.373499999999922,target,2021
-1,943408,943409,2021-12-08 07:20:00+00:00,2021-12-08 07:25:00+00:00,1787.56,1788.944,0.01,1,-1.3840000000000146,0.4713314571466255,-1.8553314571466402,-1.3405574112331073,2.541500000000042,0.0,stop,2021
1,943771,943773,2021-12-09 14:35:00+00:00,2021-12-09 14:45:00+00:00,1779.3815,1776.8047499999998,0.01,2,-2.5767500000001746,0.42932570324266817,-3.0060757032428427,-1.1666151948161982,5.391999999999825,0.0,stop,2021
1,945711,945766,2021-12-20 15:15:00+00:00,2021-12-20 19:50:00+00:00,1795.8785,1791.2465000000002,0.01,55,-4.6319999999998345,0.4102817042835691,-5.042281704283403,-1.088575497470549,4.966999999999871,0.4249999999999545,stop,2021
-1,946531,946532,2021-12-23 14:35:00+00:00,2021-12-23 14:40:00+00:00,1802.9915,1800.6005,0.01,1,2.3910000000000764,0.41257055804502774,1.9784294419550488,1.6548970656252493,0.0,4.079999999999927,target,2021
-1,947085,947100,2021-12-28 14:45:00+00:00,2021-12-28 16:00:00+00:00,1815.3555000000001,1810.7815,0.01,15,4.574000000000069,0.4210517550869224,4.152948244913147,1.8158934171023542,0.1374999999998181,4.9284999999999854,target,2021
-1,947797,947804,2021-12-31 05:05:00+00:00,2021-12-31 05:40:00+00:00,1818.1305000000002,1819.1765000000003,0.01,7,-1.0460000000000491,0.48862710347298116,-1.5346271034730303,-1.467138722249482,1.1974999999997635,0.5405000000002929,stop,2021
-1,948664,948667,2022-01-05 08:20:00+00:00,2022-01-05 08:35:00+00:00,1816.318,1817.4815,0.01,3,-1.1635000000001128,0.4148693518275413,-1.578369351827654,-1.3565701347894294,1.2169999999998709,0.25499999999988177,stop,2022
1,949488,949489,2022-01-10 08:00:00+00:00,2022-01-10 08:05:00+00:00,1793.71,1792.9835000000003,0.01,1,-0.7264999999997599,0.43180069112990044,-1.1583006911296603,-1.594357455099853,1.1600000000000819,0.0,stop,2022
1,951175,951178,2022-01-18 14:35:00+00:00,2022-01-18 14:50:00+00:00,1813.392,1817.1385000000002,0.01,3,3.746500000000196,0.4175303306268711,3.328969669373325,1.7771091255161622,1.0249999999998636,5.100999999999885,target,2022
1,952011,952013,2022-01-21 15:15:00+00:00,2022-01-21 15:25:00+00:00,1836.2649999999999,1834.5504999999998,0.01,2,-1.7145000000000437,0.3941476550815518,-2.1086476550815956,-1.2298907291230923,2.875,0.7600000000002183,stop,2022
1,953327,953331,2022-01-28 09:55:00+00:00,2022-01-28 10:15:00+00:00,1791.5185000000001,1790.40925,0.01,4,-1.109250000000202,0.4003199807774325,-1.5095699807776344,-1.360892477599603,1.293500000000222,0.23999999999978172,stop,2022
1,953557,953568,2022-01-31 06:05:00+00:00,2022-01-31 07:00:00+00:00,1788.83,1788.00675,0.01,11,-0.8232499999999164,0.45308819929588284,-1.2763381992957994,-1.5503652587864305,1.5650000000000546,0.4614999999998872,stop,2022
-1,954769,954876,2022-02-04 15:05:00+00:00,2022-02-07 01:00:00+00:00,1808.155,1814.3822499999999,0.01,107,-6.227249999999913,0.42252562868675325,-6.649775628686666,-1.0678510785156785,7.235000000000127,4.971499999999878,stop,2022
-1,955594,955599,2022-02-09 14:50:00+00:00,2022-02-09 15:15:00+00:00,1829.26,1830.317,0.01,5,-1.0570000000000164,0.40264415704403944,-1.459644157044056,-1.3809310851883,1.5399999999999636,2.019999999999982,stop,2022
1,956348,956355,2022-02-14 08:40:00+00:00,2022-02-14 09:15:00+00:00,1856.585,1855.55925,0.01,7,-1.0257500000000164,0.41848277490560026,-1.4442327749056165,-1.4079773579386727,1.04300000000012,1.199999999999818,stop,2022
1,957733,957737,2022-02-21 09:05:00+00:00,2022-02-21 09:25:00+00:00,1896.58,1895.5149999999999,0.01,4,-1.0650000000000546,0.4118739725511002,-1.4768739725511548,-1.3867361244611072,1.349999999999909,1.8400000000001455,stop,2022
1,961081,961195,2022-03-09 14:35:00+00:00,2022-03-10 01:05:00+00:00,1991.604,1977.9305,0.01,114,-13.673500000000105,0.5398351808227706,-14.213335180822876,-1.0394803949846614,18.653999999999996,14.005999999999858,stop,2022
1,961291,961304,2022-03-10 09:05:00+00:00,2022-03-10 10:10:00+00:00,1979.725,1989.6819999999998,0.01,13,9.95699999999988,0.5301097074033372,9.426890292596543,1.8935201953593765,2.9449999999999363,20.38500000000022,target,2022
1,961636,961638,2022-03-11 14:50:00+00:00,2022-03-11 15:00:00+00:00,1972.0970000000002,1977.8790000000004,0.01,2,5.782000000000153,0.5420380573971457,5.239961942603007,1.812508454722542,0.0,8.487999999999829,target,2022
-1,964129,964131,2022-03-24 14:35:00+00:00,2022-03-24 14:45:00+00:00,1965.1425,1960.3555000000006,0.01,2,4.786999999999352,0.42622321182462325,4.3607767881747295,1.8219247078234049,0.0,5.055499999999938,target,2022
1,964681,964685,2022-03-28 14:35:00+00:00,2022-03-28 14:55:00+00:00,1937.5949999999998,1935.9762499999997,0.01,4,-1.618750000000091,0.47113127585554154,-2.0898812758556327,-1.2910463480188512,2.8369999999997617,2.0025000000000546,stop,2022
-1,965233,965342,2022-03-30 14:35:00+00:00,2022-03-31 00:40:00+00:00,1935.7849999999999,1929.3249999999998,0.01,109,6.460000000000036,0.49296505855628536,5.967034941443751,1.8473792388370642,2.8270000000002256,7.399999999999864,target,2022
-1,966907,966922,2022-04-07 16:05:00+00:00,2022-04-07 17:20:00+00:00,1934.097,1936.952,0.01,15,-2.855000000000018,0.41195548284760064,-3.266955482847619,-1.144292638475516,2.8759999999999764,0.8924999999999272,stop,2022
-1,967718,967719,2022-04-12 14:40:00+00:00,2022-04-12 14:45:00+00:00,1970.723,1973.4175,0.01,1,-2.694500000000062,0.3998412011393327,-3.0943412011393945,-1.1483916129669043,3.285000000000082,0.16499999999996362,stop,2022
-1,967993,968193,2022-04-13 14:35:00+00:00,2022-04-14 08:15:00+00:00,1977.3780000000002,1974.9975,0.01,200,2.380500000000211,0.40775892686377874,1.9727410731364323,0.4611901982785436,4.2349999999999,6.588000000000193,time_stop,2022
1,969652,969656,2022-04-22 14:50:00+00:00,2022-04-22 15:10:00+00:00,1933.8665,1931.219,0.01,4,-2.6475000000000364,0.44836530103111766,-3.095865301031154,-1.169354221352639,7.226500000000215,2.341999999999871,stop,2022
1,971501,971506,2022-05-03 07:55:00+00:00,2022-05-03 08:20:00+00:00,1856.0675,1853.333,0.01,5,-2.7345000000000255,0.41563056652762165,-3.150130566527647,-1.1519950874118186,3.6800000000000637,0.6649999999999636,stop,2022
1,972685,972709,2022-05-09 14:35:00+00:00,2022-05-09 16:35:00+00:00,1859.755,1866.0210000000002,0.01,24,6.266000000000077,0.435280484268409,5.830719515731668,1.8610659162884124,1.9580000000000837,6.36850000000004,target,2022
1,974503,974515,2022-05-18 05:05:00+00:00,2022-05-18 06:05:00+00:00,1809.91,1813.1225000000002,0.01,12,3.212500000000091,0.4716961360962761,2.740803863903815,1.7063370358933772,0.8849999999999909,5.277499999999918,target,2022
-1,975724,975725,2022-05-24 14:50:00+00:00,2022-05-24 14:55:00+00:00,1863.649,1865.4959999999999,0.01,1,-1.84699999999998,0.4436907471740415,-2.2906907471740214,-1.240222386125634,2.061000000000149,0.0,stop,2022
-1,976447,976448,2022-05-27 06:05:00+00:00,2022-05-27 06:10:00+00:00,1853.95,1855.1140000000003,0.01,1,-1.1640000000002146,0.471206678025111,-1.6352066780253256,-1.4048167336984743,1.3070000000000164,0.24050000000011096,stop,2022
1,977027,977039,2022-05-31 10:55:00+00:00,2022-05-31 11:55:00+00:00,1848.7125,1846.3385,0.01,12,-2.3740000000000236,0.4209534307156269,-2.7949534307156507,-1.1773182100739776,4.025000000000091,2.027499999999918,stop,2022
1,977260,977263,2022-06-01 07:20:00+00:00,2022-06-01 07:35:00+00:00,1835.2585,1832.6887499999998,0.01,3,-2.5697500000001128,0.46277154309713897,-3.0325215430972516,-1.1800842662115454,3.675999999999931,1.1665000000002692,stop,2022
1,981106,981108,2022-06-21 08:20:00+00:00,2022-06-21 08:30:00+00:00,1836.4825,1834.44575,0.01,2,-2.0367499999999836,0.4588040967407007,-2.495554096740684,-1.2252628436188557,2.1475000000000364,0.6345000000001164,stop,2022
1,982582,982597,2022-06-28 16:20:00+00:00,2022-06-28 17:35:00+00:00,1821.8525,1819.8107499999999,0.01,15,-2.0417500000000928,0.41110803921568667,-2.4528580392157795,-1.2013508212149715,2.2200000000000273,0.7800000000002001,stop,2022
1,983275,983277,2022-07-01 05:05:00+00:00,2022-07-01 05:15:00+00:00,1802.511,1801.2019999999998,0.01,2,-1.3090000000001965,0.46681749584389004,-1.7758174958440864,-1.3566214635934453,1.5509999999999309,0.0,stop,2022
1,984187,984189,2022-07-06 14:35:00+00:00,2022-07-06 14:45:00+00:00,1753.738,1750.5475,0.01,2,-3.1905000000001564,0.3941140378091523,-3.5846140378093088,-1.12352735866138,3.632000000000062,0.0,stop,2022
1,985243,985252,2022-07-12 10:35:00+00:00,2022-07-12 11:20:00+00:00,1732.685,1738.4469999999997,0.01,9,5.761999999999716,0.4282721065260393,5.333727893473677,1.8513460234203192,0.5900000000001455,6.744999999999891,target,2022
-1,986308,986309,2022-07-18 07:20:00+00:00,2022-07-18 07:25:00+00:00,1717.004,1718.8174999999999,0.01,1,-1.8134999999999764,0.4035801482830815,-2.217080148283058,-1.2225421275340982,3.355000000000018,0.0,stop,2022
-1,987422,987436,2022-07-22 08:10:00+00:00,2022-07-22 09:20:00+00:00,1718.098,1720.9109999999998,0.01,14,-2.8129999999998745,0.37723865615550983,-3.190238656155384,-1.1341054589959212,3.0520000000001346,0.8179999999999836,stop,2022
-1,988603,988604,2022-07-28 14:35:00+00:00,2022-07-28 14:40:00+00:00,1750.8785,1751.8212500000002,0.01,1,-0.9427500000001601,0.3673035252685734,-1.3100535252687335,-1.3896086186884233,2.3050000000000637,0.4134999999998854,stop,2022
-1,988879,988881,2022-07-29 14:35:00+00:00,2022-07-29 14:45:00+00:00,1758.1509999999998,1760.9374999999998,0.01,2,-2.7864999999999327,0.3869311172679108,-3.1734311172678433,-1.1388591843775058,4.2495000000001255,0.2974999999996726,stop,2022
-1,989895,989907,2022-08-04 07:15:00+00:00,2022-08-04 08:15:00+00:00,1773.3029999999999,1775.1354999999999,0.01,12,-1.8324999999999818,0.42217596937990537,-2.2546759693798872,-1.2303825208075905,2.09900000000016,0.46499999999991815,stop,2022
-1,991087,991093,2022-08-10 14:35:00+00:00,2022-08-10 15:05:00+00:00,1799.8229999999999,1802.507,0.01,6,-2.6840000000001965,0.4017924932025219,-3.0857924932027183,-1.1496991405374413,2.70900000000006,0.09799999999995634,stop,2022
1,992917,992928,2022-08-19 06:05:00+00:00,2022-08-19 07:00:00+00:00,1755.133,1753.9630000000002,0.01,11,-1.1699999999998454,0.45431581998835513,-1.6243158199882006,-1.3883041196482182,1.2825000000000273,2.31899999999996,stop,2022
1,994399,994406,2022-08-26 14:35:00+00:00,2022-08-26 15:10:00+00:00,1746.382,1737.443,0.01,7,-8.939000000000078,0.4003717129908582,-9.339371712990937,-1.0447893179316317,10.190000000000055,0.3449999999997999,stop,2022
1,995144,995151,2022-08-31 07:40:00+00:00,2022-08-31 08:15:00+00:00,1720.712,1719.1060000000002,0.01,7,-1.6059999999997674,0.377450887048946,-1.9834508870487135,-1.2350254589346206,2.588999999999942,1.1984999999999673,stop,2022
1,996301,996304,2022-09-06 14:35:00+00:00,2022-09-06 14:50:00+00:00,1707.0819999999999,1704.6527500000002,0.01,3,-2.4292499999996835,0.39461266361419683,-2.8238626636138804,-1.1624421791146438,3.0605000000000473,1.274499999999989,stop,2022
-1,997066,997096,2022-09-09 09:20:00+00:00,2022-09-09 11:50:00+00:00,1727.755,1724.2670000000003,0.01,30,3.4879999999998295,0.39846365251381305,3.0895363474860162,1.7715231350264722,1.6779999999998836,6.276499999999942,target,2022
-1,997416,997421,2022-09-12 15:30:00+00:00,2022-09-12 15:55:00+00:00,1731.455,1734.7665,0.01,5,-3.3115000000000236,0.38578298102128833,-3.697282981021312,-1.1164979559176462,3.7335000000002765,0.1914999999999054,stop,2022
1,1000113,1000138,2022-09-26 10:15:00+00:00,2022-09-26 12:20:00+00:00,1636.799,1643.9569999999994,0.01,25,7.157999999999447,0.4128453592528455,6.745154640746602,1.8846478459757259,0.0,7.78449999999998,target,2022
1,1000640,1000649,2022-09-28 08:10:00+00:00,2022-09-28 08:55:00+00:00,1621.4285,1618.7775,0.01,9,-2.6510000000000673,0.3936604527661412,-3.0446604527662084,-1.148495078372739,2.7584999999999127,3.0075000000001637,stop,2022
1,1002649,1002651,2022-10-07 14:35:00+00:00,2022-10-07 14:45:00+00:00,1697.702,1702.5674999999999,0.01,2,4.865499999999884,0.4008488880076145,4.464651111992269,1.8352280801530678,0.23699999999985266,6.421000000000049,target,2022
1,1003110,1003112,2022-10-11 07:00:00+00:00,2022-10-11 07:10:00+00:00,1666.471,1664.1149999999998,0.01,2,-2.356000000000222,0.45266495765647907,-2.808664957656701,-1.1921328343193702,2.3859999999999673,1.6840000000001965,stop,2022
1,1005044,1005073,2022-10-20 07:10:00+00:00,2022-10-20 09:35:00+00:00,1628.28,1634.374,0.01,29,6.094000000000051,0.5300929865094486,5.563907013490603,1.8260279007189224,0.9945000000000164,6.339999999999918,target,2022
1,1005330,1005338,2022-10-21 08:00:00+00:00,2022-10-21 08:40:00+00:00,1623.815,1619.87975,0.01,8,-3.9352499999999964,0.5298718018389015,-4.465121801838897,-1.1346475578016395,4.550500000000056,0.0,stop,2022
1,1007019,1007021,2022-10-31 10:45:00+00:00,2022-10-31 10:55:00+00:00,1637.3384999999998,1639.455,0.01,2,2.1165000000000873,0.5099927041574133,1.606507295842674,1.5180791834090317,0.0,2.5015000000003056,target,2022
-1,1007341,1007383,2022-11-01 14:35:00+00:00,2022-11-01 18:05:00+00:00,1648.1705000000002,1651.1032500000003,0.01,42,-2.932750000000169,0.4896451932200708,-3.42239519322024,-1.1669576995038933,2.9444999999998345,5.3960000000001855,stop,2022
-1,1009537,1009542,2022-11-11 14:35:00+00:00,2022-11-11 15:00:00+00:00,1759.6055000000001,1762.2155,0.01,5,-2.6099999999999,0.5174477991039655,-3.1274477991038654,-1.198255861725665,3.7044999999998254,3.9905000000003383,stop,2022
-1,1010101,1010136,2022-11-15 15:35:00+00:00,2022-11-15 18:30:00+00:00,1773.3249999999998,1776.2854999999997,0.01,35,-2.960499999999911,0.5037890580938718,-3.4642890580937826,-1.1701702611362563,6.35550000000012,5.244999999999891,stop,2022
1,1011752,1011798,2022-11-23 15:10:00+00:00,2022-11-23 19:00:00+00:00,1740.1799999999998,1748.2754999999997,0.01,46,8.095499999999902,0.5285287470457436,7.566971252954158,1.8694265339890679,1.43549999999982,13.240000000000236,target,2022
-1,1012155,1012165,2022-11-25 05:15:00+00:00,2022-11-25 06:05:00+00:00,1758.28,1755.3950000000002,0.01,10,2.8849999999997635,0.5224882702376074,2.362511729762156,1.63778976066714,0.4199999999998454,3.0799999999999272,target,2022
-1,1013058,1013061,2022-11-30 14:45:00+00:00,2022-11-30 15:00:00+00:00,1762.2649999999999,1754.435,0.01,3,7.829999999999927,0.5136451992656919,7.316354800734235,1.868800715385518,0.0,9.584499999999935,target,2022
-1,1013808,1013818,2022-12-05 08:15:00+00:00,2022-12-05 09:05:00+00:00,1799.0155,1795.8560000000002,0.01,10,3.1594999999997526,0.49755635263865533,2.661943647361097,1.6850410807794307,0.0,3.201000000000022,target,2022
-1,1014712,1014715,2022-12-08 14:35:00+00:00,2022-12-08 14:50:00+00:00,1788.53,1790.9025,0.01,3,-2.3724999999999454,0.49058656719822524,-2.8630865671981707,-1.2067804287453052,3.3804999999999836,4.009999999999991,stop,2022
1,1016554,1016565,2022-12-19 07:05:00+00:00,2022-12-19 08:00:00+00:00,1791.701,1794.5809999999997,0.01,11,2.8799999999996544,0.4156122539682591,2.464387746031395,1.7113803791886744,0.12200000000007094,2.95900000000006,target,2022
1,1018256,1018275,2022-12-28 10:55:00+00:00,2022-12-28 12:30:00+00:00,1802.185,1805.5935,0.01,19,3.408500000000004,0.4132709490740602,2.995229050925944,1.7575056775273232,0.0,3.9900000000002365,target,2022
-1,1018852,1018853,2022-12-30 14:35:00+00:00,2022-12-30 14:40:00+00:00,1822.21,1820.8745,0.01,1,1.3355000000001382,0.5391319638067871,0.7963680361933512,1.1926140564481749,0.2239999999999327,1.759999999999991,target,2022
-1,1021068,1021070,2023-01-12 15:15:00+00:00,2023-01-12 15:25:00+00:00,1886.2849999999999,1889.9345,0.01,2,-3.6495000000002165,0.41458042659947286,-4.0640804265996895,-1.1135992400601311,3.7899999999999636,0.0,stop,2023
-1,1021498,1021499,2023-01-16 05:05:00+00:00,2023-01-16 05:10:00+00:00,1920.52,1921.466,0.01,1,-0.9459999999999127,0.4161548552940591,-1.3621548552939717,-1.439909995025473,1.8034999999999854,0.0,stop,2023
1,1021732,1021733,2023-01-17 05:35:00+00:00,2023-01-17 05:40:00+00:00,1910.3215,1909.4737499999999,0.01,1,-0.8477500000001328,0.38578271152564875,-1.2335327115257815,-1.4550666016226343,1.2100000000000364,0.0,stop,2023
-1,1022835,1022839,2023-01-23 05:30:00+00:00,2023-01-23 05:50:00+00:00,1928.815,1926.9649999999997,0.01,4,1.8500000000003638,0.4357471749118708,1.414252825088493,1.5289219730683403,0.0,1.8665000000000873,target,2023
-1,1023112,1023122,2023-01-24 05:35:00+00:00,2023-01-24 06:25:00+00:00,1935.3015,1936.5432499999997,0.01,10,-1.2417499999996835,0.41697419617893977,-1.6587241961786232,-1.3357956079557447,1.5989999999999327,1.5450000000000728,stop,2023
-1,1023658,1023671,2023-01-26 05:05:00+00:00,2023-01-26 06:10:00+00:00,1947.2785,1948.696,0.01,13,-1.4175000000000182,0.43066184115734035,-1.8481618411573586,-1.3038178773596718,1.4715000000001055,2.0384999999998854,stop,2023
1,1024278,1024280,2023-01-30 10:45:00+00:00,2023-01-30 10:55:00+00:00,1927.2665,1930.7114999999997,0.01,2,3.4449999999997085,0.4086526821435735,3.036347317856135,1.7627560626161927,0.0,3.513500000000022,target,2023
-1,1024876,1024881,2023-02-01 14:35:00+00:00,2023-02-01 15:00:00+00:00,1932.025,1926.5330000000004,0.01,5,5.491999999999734,0.4548736704021787,5.037126329597556,1.8343504477777857,0.0,9.16650000000027,target,2023
1,1025171,1025174,2023-02-02 16:10:00+00:00,2023-02-02 16:25:00+00:00,1924.0535,1920.451,0.01,3,-3.602499999999963,0.4091607703816798,-4.011660770381643,-1.1135768967055333,4.593499999999949,0.21500000000014552,stop,2023
1,1025428,1025429,2023-02-03 14:35:00+00:00,2023-02-03 14:40:00+00:00,1882.645,1885.784,0.01,1,3.1390000000001237,0.4331926983584175,2.7058073016417064,1.723993183588149,0.0,3.479000000000042,target,2023
-1,1025590,1025640,2023-02-06 05:05:00+00:00,2023-02-06 09:15:00+00:00,1878.1265,1871.49,0.01,50,6.636500000000069,0.4443192149038711,6.192180785096198,1.866098330474236,3.2690000000000055,7.926500000000033,target,2023
1,1026713,1026718,2023-02-10 06:40:00+00:00,2023-02-10 07:05:00+00:00,1858.056,1861.156,0.01,5,3.099999999999909,0.42367929776326907,2.67632070223664,1.7266585175720766,0.3714999999999691,4.278999999999996,target,2023
1,1027912,1027915,2023-02-16 14:35:00+00:00,2023-02-16 14:50:00+00:00,1831.2759999999998,1828.7935,0.01,3,-2.4824999999998454,0.4053868938011808,-2.887886893801026,-1.163297842417404,3.365999999999758,1.6440000000002328,stop,2023
-1,1028357,1028358,2023-02-20 05:40:00+00:00,2023-02-20 05:45:00+00:00,1842.52,1843.5860000000002,0.01,1,-1.0660000000002583,0.43187079706233567,-1.497870797062594,-1.4051320797957139,2.355000000000018,0.0,stop,2023
1,1028713,1028714,2023-02-21 14:50:00+00:00,2023-02-21 14:55:00+00:00,1836.085,1834.734,0.01,1,-1.3510000000001128,0.4381601479649498,-1.7891601479650625,-1.3243228334307278,1.4400000000000546,0.17499999999995453,stop,2023
1,1029268,1029277,2023-02-23 15:05:00+00:00,2023-02-23 15:50:00+00:00,1824.9650000000001,1820.6817500000002,0.01,9,-4.283249999999953,0.40995649774450876,-4.693206497744462,-1.0957115502817985,4.673500000000331,1.444999999999709,stop,2023
-1,1029814,1029815,2023-02-27 14:35:00+00:00,2023-02-27 14:40:00+00:00,1815.5805,1816.80875,0.01,1,-1.228249999999889,0.41294967253915915,-1.6411996725390483,-1.3362097883486233,1.25,0.8305000000000291,stop,2023
1,1030018,1030025,2023-02-28 08:35:00+00:00,2023-02-28 09:10:00+00:00,1807.875,1813.0059999999999,0.01,7,5.130999999999858,0.41646914187066475,4.714530858129193,1.837665506969138,0.0,5.2654999999999745,target,2023
-1,1030252,1030254,2023-03-01 05:05:00+00:00,2023-03-01 05:15:00+00:00,1830.6284999999998,1832.0037499999999,0.01,2,-1.375250000000051,0.4309642440255013,-1.8062142440255522,-1.31337156446136,1.9315000000001419,0.24299999999993815,stop,2023
-1,1030804,1030816,2023-03-03 05:05:00+00:00,2023-03-03 06:05:00+00:00,1838.9850000000001,1840.0950000000003,0.01,12,-1.1100000000001273,0.40872621911635937,-1.5187262191164868,-1.368221819023705,1.8849999999997635,1.0650000000000546,stop,2023
1,1031121,1031122,2023-03-06 08:30:00+00:00,2023-03-06 08:35:00+00:00,1854.4,1852.7835,0.01,1,-1.6165000000000873,0.42391395953940364,-2.040413959539491,-1.2622418555764805,1.8855000000000928,0.0,stop,2023
1,1031660,1031706,2023-03-08 07:25:00+00:00,2023-03-08 11:15:00+00:00,1813.5865,1816.1794999999997,0.01,46,2.592999999999847,0.43106397321575046,2.1619360267840966,1.6675171822477624,1.1464999999998327,2.763500000000022,target,2023
-1,1032226,1032285,2023-03-10 08:35:00+00:00,2023-03-10 13:30:00+00:00,1835.2350000000001,1837.6727500000002,0.01,59,-2.437750000000051,0.48233257836816257,-2.9200825783682136,-1.1978597388444887,5.974999999999909,4.291500000000042,stop,2023
-1,1034693,1034694,2023-03-23 06:10:00+00:00,2023-03-23 06:15:00+00:00,1978.4650000000001,1979.58075,0.01,1,-1.1157499999999345,0.41798142906620067,-1.5337314290661352,-1.3746192507875648,2.2549999999996544,0.0,stop,2023
1,1035232,1035242,2023-03-27 05:05:00+00:00,2023-03-27 05:55:00+00:00,1972.595,1970.2060000000001,0.01,10,-2.3889999999998963,0.431870399475166,-2.820870399475062,-1.1807745498012492,3.184500000000071,1.4399999999998272,stop,2023
-1,1037296,1037386,2023-04-05 16:05:00+00:00,2023-04-06 00:35:00+00:00,2023.5,2018.52,0.01,90,4.980000000000018,0.42580496917265725,4.554195030827361,1.828993988284074,0.5199999999999818,5.308500000000095,target,2023
-1,1038382,1038417,2023-04-12 14:35:00+00:00,2023-04-12 17:30:00+00:00,2006.4185,2010.52175,0.01,35,-4.103250000000116,0.4318535161409626,-4.535103516141079,-1.1052466986269298,4.301500000000033,1.1549999999999727,stop,2023
1,1040269,1040270,2023-04-21 10:50:00+00:00,2023-04-21 10:55:00+00:00,1989.165,1987.6642499999998,0.01,1,-1.5007500000001528,0.42994340464834463,-1.9306934046484974,-1.2864856935854079,1.8465000000001055,0.0,stop,2023
-1,1042705,1042711,2023-05-04 06:50:00+00:00,2023-05-04 07:20:00+00:00,2038.83,2034.1099999999997,0.01,6,4.720000000000255,0.42503510224149116,4.2949648977587636,1.8199003804061575,1.1505000000001928,4.889999999999873,target,2023
1,1044454,1044471,2023-05-12 14:35:00+00:00,2023-05-12 16:00:00+00:00,2010.475,2008.6944999999998,0.01,17,-1.7805000000000748,0.4329552254797439,-2.2134552254798185,-1.2431649679751338,2.0599999999999454,3.019999999999982,stop,2023
1,1047622,1047623,2023-05-30 05:05:00+00:00,2023-05-30 05:10:00+00:00,1938.635,1937.78525,0.01,1,-0.8497500000000855,0.4193130963396759,-1.2690630963397613,-1.4934546588286362,2.0650000000000546,0.0,stop,2023
-1,1048012,1048013,2023-05-31 14:35:00+00:00,2023-05-31 14:40:00+00:00,1968.7649999999999,1972.118,0.01,1,-3.3530000000000655,0.42005896849429664,-3.7730589684943623,-1.1252785471202769,6.02150000000006,0.0,stop,2023
-1,1049131,1049134,2023-06-06 15:50:00+00:00,2023-06-06 16:05:00+00:00,1963.0349999999999,1965.7914999999998,0.01,3,-2.75649999999996,0.37493981383165725,-3.131439813831617,-1.1360202480796888,3.3150000000000546,0.21349999999983993,stop,2023
-1,1051239,1051241,2023-06-16 07:30:00+00:00,2023-06-16 07:40:00+00:00,1960.5900000000001,1962.27925,0.01,2,-1.689249999999902,0.42244951568394407,-2.111699515683846,-1.2500811103649363,2.0399999999999636,1.2700000000002092,stop,2023
1,1052402,1052408,2023-06-22 14:55:00+00:00,2023-06-22 15:25:00+00:00,1916.9785000000002,1914.586,0.01,6,-2.3925000000001546,0.42721296449215224,-2.819712964492307,-1.1785634125358933,3.248500000000149,2.0364999999997053,stop,2023
1,1052581,1052588,2023-06-23 06:50:00+00:00,2023-06-23 07:25:00+00:00,1913.5535,1915.7134999999998,0.01,7,2.1599999999998545,0.4196330555754321,1.7403669444244223,1.6114508744671663,0.5035000000000309,2.2350000000001273,target,2023
1,1053444,1053445,2023-06-28 09:45:00+00:00,2023-06-28 09:50:00+00:00,1909.3715,1907.6709999999998,0.01,1,-1.7005000000001473,0.41000395327942524,-2.1105039532795726,-1.2411078819637693,2.0364999999999327,0.0,stop,2023
1,1053666,1053694,2023-06-29 05:15:00+00:00,2023-06-29 07:35:00+00:00,1903.5715,1906.7334999999998,0.01,28,3.161999999999807,0.41300069565217806,2.7489993043476293,1.7387724885185307,0.9664999999999964,3.99350000000004,target,2023
-1,1056121,1056135,2023-07-12 05:20:00+00:00,2023-07-12 06:30:00+00:00,1940.0749999999998,1937.4329999999995,0.01,14,2.64200000000028,0.41603618925831704,2.225963810741963,1.685059659910467,0.24000000000023647,3.2534999999998035,target,2023
-1,1056407,1056409,2023-07-13 06:10:00+00:00,2023-07-13 06:20:00+00:00,1958.78,1960.7694999999999,0.01,2,-1.9894999999999072,0.40589180400664354,-2.3953918040065507,-1.2040169912071688,2.5750000000000455,0.6449999999999818,stop,2023
-1,1057790,1057791,2023-07-20 06:25:00+00:00,2023-07-20 06:30:00+00:00,1980.88,1981.81075,0.01,1,-0.9307499999999891,0.42365813447389733,-1.3544081344738865,-1.455179301073223,1.2399999999997817,0.10850000000027649,stop,2023
1,1058716,1058894,2023-07-25 14:35:00+00:00,2023-07-26 06:25:00+00:00,1957.4250000000002,1969.437,0.01,178,12.011999999999716,0.4157140622992933,11.596285937700422,1.9307835394107054,0.0,12.5949999999998,target,2023
-1,1059180,1059181,2023-07-27 07:15:00+00:00,2023-07-27 07:20:00+00:00,1978.3899999999999,1979.0165,0.01,1,-0.6265000000000782,0.40304693049214174,-1.02954693049222,-1.643331094161359,1.2950000000000728,0.0,stop,2023
1,1060603,1060608,2023-08-03 10:50:00+00:00,2023-08-03 11:15:00+00:00,1933.4715,1936.4564999999998,0.01,5,2.9849999999996726,0.3931349916477376,2.591865008351935,1.7365929704202474,0.2215000000001055,3.693499999999858,target,2023
1,1061752,1061754,2023-08-09 14:35:00+00:00,2023-08-09 14:45:00+00:00,1922.855,1920.5275,0.01,2,-2.3275000000001,0.3953887304363151,-2.722888730436415,-1.1698770055580228,2.6100000000001273,0.06500000000005457,stop,2023
1,1062880,1062926,2023-08-15 16:35:00+00:00,2023-08-15 20:25:00+00:00,1904.6399999999999,1902.0499999999997,0.01,46,-2.5900000000001455,0.3726278735632244,-2.96262787356337,-1.1438717658545188,2.6099999999999,0.9100000000000819,stop,2023
-1,1064250,1064251,2023-08-22 15:45:00+00:00,2023-08-22 15:50:00+00:00,1897.98,1898.97825,0.01,1,-0.998249999999871,0.3959405530690466,-1.3941905530689176,-1.3966346637306264,1.2235000000000582,0.0,stop,2023
-1,1064512,1064525,2023-08-23 14:35:00+00:00,2023-08-23 15:40:00+00:00,1916.5749999999998,1917.5449999999998,0.01,13,-0.9700000000000273,0.39853170369851293,-1.3685317036985403,-1.4108574264933007,1.2450000000001182,1.7934999999997672,stop,2023
-1,1064674,1064679,2023-08-24 05:05:00+00:00,2023-08-24 05:30:00+00:00,1920.6100000000001,1921.5465000000002,0.01,5,-0.9365000000000236,0.4108211489617996,-1.3473211489618233,-1.4386771478502822,1.4299999999998363,0.08500000000003638,stop,2023
1,1066346,1066353,2023-09-01 06:25:00+00:00,2023-09-01 07:00:00+00:00,1938.59,1940.7785000000001,0.01,7,2.1885000000002037,0.3857591519561507,1.802740848044053,1.6474670761196117,0.06999999999993634,2.4664999999999964,target,2023
1,1067242,1067243,2023-09-06 14:35:00+00:00,2023-09-06 14:40:00+00:00,1918.6399999999999,1915.937,0.01,1,-2.7029999999999745,0.3989030575592751,-3.1019030575592494,-1.147577897728183,3.174999999999727,0.0,stop,2023
-1,1067794,1067798,2023-09-08 14:35:00+00:00,2023-09-08 14:55:00+00:00,1927.5749999999998,1924.5149999999999,0.01,4,3.0599999999999454,0.3770064016423941,2.6829935983575512,1.7535905871618294,0.0,3.7049999999999272,target,2023
-1,1069727,1069752,2023-09-19 14:40:00+00:00,2023-09-19 16:45:00+00:00,1934.5900000000001,1931.0850000000005,0.01,25,3.5049999999996544,0.3830609332517661,3.1219390667478883,1.78142029486345,0.7134999999998399,3.650000000000091,target,2023
1,1069941,1069946,2023-09-20 09:30:00+00:00,2023-09-20 09:55:00+00:00,1929.65,1931.4645,0.01,5,1.8144999999999527,0.3719862702395596,1.4425137297603932,1.589984822001026,0.0,2.2284999999997126,target,2023
1,1070171,1070180,2023-09-21 05:40:00+00:00,2023-09-21 06:25:00+00:00,1928.31,1930.3299999999995,0.01,9,2.019999999999527,0.3718146952479294,1.6481853047515975,1.6318666383683005,0.5549999999998363,2.259999999999991,target,2023
1,1071031,1071036,2023-09-26 08:20:00+00:00,2023-09-26 08:45:00+00:00,1914.43,1913.3417499999998,0.01,5,-1.0882500000002437,0.3858368327197359,-1.4740868327199796,-1.354547974013002,1.3150000000000546,1.2850000000000819,stop,2023
1,1071658,1071659,2023-09-28 14:35:00+00:00,2023-09-28 14:40:00+00:00,1871.0985,1868.5702499999998,0.01,1,-2.5282500000002983,0.3768780427901181,-2.9051280427904165,-1.1490667626975473,4.308500000000095,0.0,stop,2023
1,1072096,1072103,2023-10-02 05:05:00+00:00,2023-10-02 05:40:00+00:00,1842.67,1841.2757500000002,0.01,7,-1.394249999999829,0.37825875358755273,-1.7725087535873818,-1.2712990881029937,1.8785000000002583,0.5034999999998035,stop,2023
1,1072490,1072497,2023-10-03 14:55:00+00:00,2023-10-03 15:30:00+00:00,1826.9485,1822.88925,0.01,7,-4.05925000000002,0.3980923798655974,-4.457342379865618,-1.0980704267698702,4.5,1.7065000000002328,stop,2023
1,1073038,1073048,2023-10-05 14:35:00+00:00,2023-10-05 15:25:00+00:00,1817.955,1816.149,0.01,10,-1.8060000000000402,0.39918846330802543,-2.205188463308066,-1.2210345865492895,2.3449999999998,2.675000000000182,stop,2023
-1,1076074,1076077,2023-10-20 14:35:00+00:00,2023-10-20 14:50:00+00:00,1989.7265,1991.0525,0.01,3,-1.3260000000000218,0.399545873405274,-1.7255458734052957,-1.3013166466103072,1.5984999999998308,1.3765000000000782,stop,2023
1,1076627,1076640,2023-10-24 14:40:00+00:00,2023-10-24 15:45:00+00:00,1962.38,1966.46,0.01,13,4.079999999999927,0.4016303602639177,3.6783696397360095,1.8031223724196446,1.0115000000000691,5.304999999999836,target,2023
-1,1076916,1076917,2023-10-25 15:45:00+00:00,2023-10-25 15:50:00+00:00,1981.54,1984.6124999999997,0.01,1,-3.0724999999997635,0.40988668338465867,-3.4823866833844224,-1.1334049417037235,3.1900000000000546,0.0,stop,2023
1,1078200,1078202,2023-11-01 07:45:00+00:00,2023-11-01 07:55:00+00:00,1978.47,1976.90925,0.01,2,-1.5607500000000984,0.39095775423407025,-1.9517077542341688,-1.25049351544709,1.9500000000000455,0.0,stop,2023
1,1079866,1079876,2023-11-09 09:35:00+00:00,2023-11-09 10:25:00+00:00,1946.98,1945.4440000000002,0.01,10,-1.5359999999998308,0.4032477425180662,-1.939247742517897,-1.2625310823685616,1.6600000000000819,1.3034999999999854,stop,2023
1,1081762,1081767,2023-11-20 06:35:00+00:00,2023-11-20 07:00:00+00:00,1980.96,1979.7307500000002,0.01,5,-1.2292499999998654,0.41064886033682907,-1.6398988603366944,-1.3340645599649168,1.8600000000001273,0.8199999999999363,stop,2023
-1,1083617,1083618,2023-11-29 07:55:00+00:00,2023-11-29 08:00:00+00:00,2042.24,2043.5967500000002,0.01,1,-1.3567500000001473,0.38668335459182696,-1.7434333545919742,-1.285007079116849,1.6549999999999727,0.035000000000081855,stop,2023
-1,1084464,1084465,2023-12-04 09:35:00+00:00,2023-12-04 09:40:00+00:00,2075.8500000000004,2073.29,0.01,1,2.5600000000004,0.41132617458681825,2.148673825413582,1.6786514261040986,0.0,5.665000000000418,target,2023
1,1084808,1084809,2023-12-05 15:15:00+00:00,2023-12-05 15:20:00+00:00,2017.5,2021.5695,0.01,1,4.069500000000062,0.41140580067477733,3.6580941993252845,1.7978101483352888,0.0,4.269999999999982,target,2023
-1,1088940,1088941,2023-12-27 14:35:00+00:00,2023-12-27 14:40:00+00:00,2070.49,2067.704999999999,0.01,1,2.785000000000764,0.4035962611607196,2.3814037388400444,1.710164264875685,0.0,3.8099999999999454,target,2023
-1,1089787,1089826,2024-01-02 16:10:00+00:00,2024-01-02 19:25:00+00:00,2065.69,2060.5534999999995,0.01,39,5.136500000000524,0.3971791788143834,4.739320821186141,1.8453502662068169,1.3849999999997635,5.170000000000073,target,2024
1,1091440,1091447,2024-01-10 15:55:00+00:00,2024-01-10 16:30:00+00:00,2027.01,2025.01675,0.01,7,-1.993249999999989,0.3909123778077167,-2.384162377807706,-1.1961180874489998,2.144999999999982,1.5449999999998454,stop,2024
1,1092774,1092776,2024-01-17 14:35:00+00:00,2024-01-17 14:45:00+00:00,2020.095,2018.40925,0.01,2,-1.6857500000000982,0.4069980587283801,-2.0927480587284784,-1.241434411228448,2.7999999999999545,0.7599999999999909,stop,2024
1,1093602,1093603,2024-01-22 14:35:00+00:00,2024-01-22 14:40:00+00:00,2021.97,2020.80675,0.01,1,-1.1632500000000618,0.45016117006357176,-1.6134111700636335,-1.3869857468846316,5.363499999999931,0.8900000000001,stop,2024
-1,1093794,1093807,2024-01-23 07:35:00+00:00,2024-01-23 08:40:00+00:00,2031.585,2028.045,0.01,13,3.539999999999964,0.40302633455295817,3.1369736654470057,1.772301505902281,0.40000000000009095,3.781500000000051,target,2024
1,1094443,1094643,2024-01-25 15:40:00+00:00,2024-01-26 09:20:00+00:00,2019.085,2018.9585000000002,0.01,200,-0.12649999999985084,0.401212198071686,-0.5277121980715369,-0.06361810706106477,6.5150000000001,5.184999999999945,time_stop,2024
-1,1096925,1096927,2024-02-07 15:30:00+00:00,2024-02-07 15:40:00+00:00,2039.0385,2040.48425,0.01,2,-1.4457499999998618,0.411093860512248,-1.8568438605121098,-1.2843464364601676,2.0,1.6385000000000218,stop,2024
1,1097742,1097743,2024-02-12 14:35:00+00:00,2024-02-12 14:40:00+00:00,2014.0145,2016.9675,0.01,1,2.9529999999999745,0.41039903002153993,2.5426009699784347,1.7220460345265538,0.0,4.175500000000056,target,2024
-1,1099534,1099535,2024-02-21 05:35:00+00:00,2024-02-21 05:40:00+00:00,2030.5265,2031.544,0.01,1,-1.0175000000001546,0.42451591301842156,-1.4420159130185761,-1.4172146565290977,1.3034999999999854,0.0,stop,2024
-1,1099850,1099857,2024-02-22 08:55:00+00:00,2024-02-22 09:30:00+00:00,2032.815,2028.8269999999998,0.01,7,3.9880000000002838,0.40950892035396746,3.5784910796463163,1.794629428107353,0.5149999999998727,4.235000000000127,target,2024
-1,1101784,1101791,2024-03-04 09:05:00+00:00,2024-03-04 09:40:00+00:00,2084.2749999999996,2085.4622499999996,0.01,7,-1.187249999999949,0.40675656263983456,-1.5940065626397837,-1.3426039693744807,1.8585000000002765,1.0299999999997453,stop,2024
-1,1102412,1102421,2024-03-06 15:25:00+00:00,2024-03-06 16:10:00+00:00,2141.36,2144.0015,0.01,9,-2.6414999999997235,0.41534127592125764,-3.056841275920981,-1.1572369017305701,5.1349999999997635,3.180000000000291,stop,2024
-1,1102681,1102685,2024-03-07 14:50:00+00:00,2024-03-07 15:10:00+00:00,2152.925,2157.3500000000004,0.01,4,-4.425000000000182,0.4151512592765713,-4.8401512592767535,-1.0938194936218202,4.5734999999995125,0.0,stop,2024
-1,1103160,1103162,2024-03-11 07:45:00+00:00,2024-03-11 07:55:00+00:00,2180.0865,2182.0840000000003,0.01,2,-1.9975000000004004,0.3974248665141313,-2.3949248665145317,-1.1989611346753701,2.7035000000000764,0.0,stop,2024
1,1103518,1103558,2024-03-12 14:35:00+00:00,2024-03-12 17:55:00+00:00,2163.275,2155.7397499999997,0.01,40,-7.53525000000036,0.396683373326298,-7.931933373326658,-1.0526436910953558,8.414999999999964,3.3164999999999054,stop,2024
1,1105742,1105746,2024-03-22 15:55:00+00:00,2024-03-22 16:15:00+00:00,2166.875,2165.5000000000005,0.01,4,-1.3749999999995453,0.4151175263128891,-1.7901175263124345,-1.301903655500383,1.4965000000001965,0.694999999999709,stop,2024
-1,1106736,1106744,2024-03-28 06:45:00+00:00,2024-03-28 07:25:00+00:00,2197.8,2194.130000000001,0.01,8,3.6699999999991637,0.40975331278662475,3.260246687212539,1.776701191941843,1.2100000000000364,3.699999999999818,target,2024
-1,1107106,1107111,2024-04-01 14:35:00+00:00,2024-04-01 15:00:00+00:00,2234.1335,2237.81825,0.01,5,-3.6847499999998945,0.42197790523397966,-4.106727905233874,-1.1145200909787616,4.771499999999833,5.568499999999858,stop,2024
-1,1107544,1107570,2024-04-03 05:05:00+00:00,2024-04-03 07:15:00+00:00,2282.9035,2275.3235,0.01,26,7.579999999999927,0.4312638729935078,7.148736127006419,1.8862100598961709,3.186500000000251,8.003499999999804,target,2024
-1,1107823,1107827,2024-04-04 05:20:00+00:00,2024-04-04 05:40:00+00:00,2300.35,2297.655,0.01,4,2.694999999999709,0.41803581267219175,2.276964187327517,1.6897693412450931,0.0,2.994999999999891,target,2024
1,1108107,1108108,2024-04-05 06:00:00+00:00,2024-04-05 06:05:00+00:00,2279.87,2282.727999999999,0.01,1,2.857999999999265,0.42133116289413647,2.436668837105129,1.705156638982334,0.0,3.380000000000109,target,2024
-1,1108762,1108763,2024-04-09 14:35:00+00:00,2024-04-09 14:40:00+00:00,2361.6800000000003,2350.5830000000005,0.01,1,11.096999999999753,0.4497068224160414,10.64729317758371,1.9189498382597006,0.0,16.405000000000655,target,2024
1,1111522,1111523,2024-04-23 14:35:00+00:00,2024-04-23 14:40:00+00:00,2320.8965,2316.93825,0.01,1,-3.95824999999968,0.47657773347510013,-4.43482773347478,-1.1204011200594046,5.011499999999614,0.03499999999985448,stop,2024
1,1113096,1113113,2024-05-01 07:45:00+00:00,2024-05-01 09:10:00+00:00,2284.065,2289.0850000000005,0.01,17,5.020000000000437,0.4780959895586223,4.541904010441814,1.8095235101360236,0.16350000000011278,5.363499999999931,target,2024
-1,1114033,1114060,2024-05-06 16:50:00+00:00,2024-05-06 19:05:00+00:00,2324.6549999999997,2326.7389999999996,0.01,27,-2.0839999999998327,0.47904359191542617,-2.563043591915259,-1.2298673665621231,2.581500000000233,3.5850000000000364,stop,2024
-1,1114834,1114840,2024-05-09 14:35:00+00:00,2024-05-09 15:05:00+00:00,2330.8635000000004,2336.0192500000007,0.01,6,-5.155750000000353,0.4914610381128864,-5.647211038113239,-1.0953228993090922,6.000499999999647,2.3335000000006403,stop,2024
-1,1115848,1115849,2024-05-15 07:05:00+00:00,2024-05-15 07:10:00+00:00,2360.26,2361.6535000000003,0.01,1,-1.393500000000131,0.5232181025136682,-1.9167181025137991,-1.375470471843286,2.4414999999999054,0.0,stop,2024
-1,1116132,1116140,2024-05-16 07:45:00+00:00,2024-05-16 08:25:00+00:00,2390.275,2386.3750000000005,0.01,8,3.899999999999636,0.4588745812824644,3.4411254187171716,1.7646797019064064,1.1649999999999636,4.668500000000222,target,2024
1,1118671,1118672,2024-05-29 14:50:00+00:00,2024-05-29 14:55:00+00:00,2344.2799999999997,2342.286,0.01,1,-1.9939999999996874,0.4684720836555421,-2.4624720836552294,-1.2349408644210709,2.0849999999995816,0.0,stop,2024
-1,1120066,1120125,2024-06-05 16:05:00+00:00,2024-06-05 22:00:00+00:00,2354.615,2357.5950000000003,0.01,59,-2.980000000000473,0.567135903937952,-3.547135903938425,-1.1903140617241148,3.4535000000000764,3.1885000000002037,stop,2024
-1,1120486,1120487,2024-06-07 05:05:00+00:00,2024-06-07 05:10:00+00:00,2387.5985,2383.7930000000006,0.01,1,3.8054999999994834,0.47181937170706184,3.3336806282924214,1.752032914619826,0.0,5.5349999999998545,target,2024
1,1121704,1121718,2024-06-13 14:35:00+00:00,2024-06-13 15:45:00+00:00,2311.8745,2304.0570000000002,0.01,14,-7.8174999999996535,0.4994227917435155,-8.316922791743169,-1.0638852307954636,10.40099999999984,5.270500000000084,stop,2024
-1,1124731,1124734,2024-06-28 16:20:00+00:00,2024-06-28 16:35:00+00:00,2331.7985,2328.6435,0.01,3,3.1549999999997453,0.4402584831056905,2.7147415168940547,1.7209137983481926,0.2015000000001237,3.55199999999968,target,2024
-1,1126006,1126009,2024-07-05 10:05:00+00:00,2024-07-05 10:20:00+00:00,2363.725,2364.9682499999994,0.01,3,-1.2432499999995343,0.46051522720602855,-1.703765227205563,-1.3704124087723315,1.400000000000091,1.438499999999749,stop,2024
-1,1127716,1127719,2024-07-15 14:35:00+00:00,2024-07-15 14:50:00+00:00,2422.2615,2425.244,0.01,3,-2.9825000000000728,0.4553525280467209,-3.4378525280467938,-1.1526747788924425,7.980000000000018,0.0,stop,2024
-1,1128185,1128186,2024-07-17 07:40:00+00:00,2024-07-17 07:45:00+00:00,2468.38,2470.1817499999997,0.01,1,-1.801749999999629,0.46057847176642547,-2.2623284717660543,-1.2556284011469516,3.605000000000018,0.0,stop,2024
-1,1129534,1129547,2024-07-24 05:05:00+00:00,2024-07-24 06:10:00+00:00,2416.415,2418.5695,0.01,13,-2.1545000000000982,0.4751161210696661,-2.6296161210697644,-1.2205226832534901,2.830500000000029,3.28650000000016,stop,2024
-1,1131580,1131581,2024-08-02 14:35:00+00:00,2024-08-02 14:40:00+00:00,2451.3244999999997,2448.141499999999,0.01,1,3.1830000000009027,0.4964626201609238,2.686537379839979,1.6880536474013303,0.0,17.024499999999534,target,2024
-1,1132960,1132963,2024-08-09 14:35:00+00:00,2024-08-09 14:50:00+00:00,2434.5495,2425.7294999999995,0.01,3,8.820000000000618,0.46647485542473005,8.353525144575888,1.8942233887925857,0.0,8.985999999999876,target,2024
1,1136158,1136163,2024-08-27 05:05:00+00:00,2024-08-27 05:30:00+00:00,2507.565,2511.6485000000007,0.01,5,4.08350000000064,0.48406337489124324,3.599436625109397,1.7629174115875268,0.0,4.089999999999691,target,2024
1,1136568,1136569,2024-08-28 16:15:00+00:00,2024-08-28 16:20:00+00:00,2504.3900000000003,2502.35275,0.01,1,-2.037250000000313,0.4535063880535477,-2.4907563880538603,-1.2226071361165678,6.765000000000327,0.0,stop,2024
1,1137622,1137638,2024-09-03 14:35:00+00:00,2024-09-03 15:55:00+00:00,2479.585,2489.423,0.01,16,9.837999999999738,0.4600667336378941,9.377933266361843,1.9064714914336436,2.2899999999999636,9.99850000000015,target,2024
-1,1139296,1139496,2024-09-11 16:05:00+00:00,2024-09-12 09:45:00+00:00,2515.0249999999996,2518.1515,0.01,200,-3.1265000000003056,0.4445568332938282,-3.5710568332941337,-0.3846360054171579,7.323500000000422,5.149999999999636,time_stop,2024
-1,1139554,1139555,2024-09-12 14:35:00+00:00,2024-09-12 14:40:00+00:00,2546.4584999999997,2549.0074999999997,0.01,1,-2.548999999999978,0.48341282255414053,-3.032412822554119,-1.1896480276791468,4.186500000000251,0.0,stop,2024
-1,1139992,1139995,2024-09-16 05:05:00+00:00,2024-09-16 05:20:00+00:00,2586.3,2587.485,0.01,3,-1.1849999999999454,0.4958005310322257,-1.6808005310321712,-1.4183970726010537,1.330500000000029,0.6365000000005239,stop,2024
-1,1142316,1142323,2024-09-26 14:45:00+00:00,2024-09-26 15:20:00+00:00,2665.48,2668.36075,0.01,7,-2.880749999999807,0.49027703958700297,-3.37102703958681,-1.1701907626788286,4.585000000000036,2.9429999999997563,stop,2024
1,1144427,1144428,2024-10-08 06:40:00+00:00,2024-10-08 06:45:00+00:00,2641.085,2636.819,0.01,1,-4.266000000000076,0.46924145474026185,-4.735241454740338,-1.109995652775493,5.095000000000255,0.0,stop,2024
-1,1145562,1145571,2024-10-14 10:15:00+00:00,2024-10-14 11:00:00+00:00,2659.0150000000003,2654.7365,0.01,9,4.278500000000349,0.48419280246942775,3.7943071975309213,1.7736623571488193,1.019999999999527,4.4450000000006185,target,2024
-1,1146060,1146061,2024-10-16 05:45:00+00:00,2024-10-16 05:50:00+00:00,2668.455,2670.01075,0.01,1,-1.555749999999989,0.49723823345500334,-2.0529882334549923,-1.319613198428415,2.185500000000502,0.45499999999992724,stop,2024
-1,1146442,1146443,2024-10-17 14:35:00+00:00,2024-10-17 14:40:00+00:00,2691.1885,2693.2637500000005,0.01,1,-2.075250000000324,0.49053407839069857,-2.5657840783910224,-1.2363734867561122,4.375999999999749,0.0,stop,2024
-1,1147006,1147046,2024-10-21 15:35:00+00:00,2024-10-21 18:55:00+00:00,2723.93,2717.3734999999992,0.01,40,6.556500000000597,0.46672191812522096,6.089778081875376,1.857630773087721,1.7400000000002365,8.524499999999989,target,2024
-1,1147270,1147272,2024-10-22 14:35:00+00:00,2024-10-22 14:45:00+00:00,2737.8415,2740.53,0.01,2,-2.6885000000002037,0.46775981203439293,-3.156259812034597,-1.1739854238550707,3.6419999999998254,0.0,stop,2024
-1,1147454,1147455,2024-10-23 06:55:00+00:00,2024-10-23 07:00:00+00:00,2750.13,2751.4424999999997,0.01,1,-1.3124999999995453,0.46231215774758544,-1.7748121577471307,-1.352237834474473,1.3599999999996726,0.7700000000004366,stop,2024
-1,1148926,1148930,2024-10-30 14:35:00+00:00,2024-10-30 14:55:00+00:00,2778.915,2781.7675,0.01,4,-2.8524999999999636,0.4822735451569222,-3.334773545156886,-1.1690704803354701,2.9350000000004,1.163499999999658,stop,2024
1,1150212,1150213,2024-11-06 07:45:00+00:00,2024-11-06 07:50:00+00:00,2720.8115,2726.973,0.01,1,6.16150000000016,0.4810306355361313,5.680469364464029,1.8438592435166377,0.0,7.494000000000142,target,2024
1,1151398,1151403,2024-11-12 14:35:00+00:00,2024-11-12 15:00:00+00:00,2609.9399999999996,2606.1749999999993,0.01,5,-3.765000000000328,0.38370432286130324,-4.148704322861631,-1.1019134987679335,4.694999999999709,6.595000000000255,stop,2024
-1,1152664,1152675,2024-11-19 05:05:00+00:00,2024-11-19 06:00:00+00:00,2622.4435,2624.2107499999997,0.01,11,-1.7672499999998763,0.5011069124423974,-2.2683569124422736,-1.2835517965440273,2.291500000000269,1.508499999999458,stop,2024
-1,1155774,1155783,2024-12-04 16:00:00+00:00,2024-12-04 16:45:00+00:00,2655.0735,2649.1205000000004,0.01,9,5.95299999999952,0.46556310953127894,5.487436890468241,1.8435870621430148,0.27100000000018554,8.004999999999654,target,2024
-1,1157050,1157051,2024-12-11 07:20:00+00:00,2024-12-11 07:25:00+00:00,2694.105,2688.1384999999996,0.01,1,5.966500000000451,1.1178756783013195,4.848624321699131,1.6252826017594117,0.0,6.298499999999876,target,2024
1,1158241,1158244,2024-12-17 14:35:00+00:00,2024-12-17 14:50:00+00:00,2639.0254999999997,2637.30775,0.01,3,-1.7177499999997963,0.6083063303826826,-2.326056330382479,-1.3541297222429078,3.5399999999999636,1.7965000000003783,stop,2024
-1,1159216,1159221,2024-12-23 05:05:00+00:00,2024-12-23 05:30:00+00:00,2625.73,2628.0629999999996,0.01,5,-2.332999999999629,0.622705233703094,-2.955705233702723,-1.2669118018444891,3.599999999999909,0.2300000000000182,stop,2024
1,1160336,1160350,2024-12-30 09:45:00+00:00,2024-12-30 10:55:00+00:00,2613.0985,2611.1992499999997,0.01,14,-1.899250000000393,0.6239485087790932,-2.523198508779486,-1.328523632370127,2.4600000000000364,2.251499999999851,stop,2024
-1,1161108,1161117,2025-01-03 05:05:00+00:00,2025-01-03 05:50:00+00:00,2662.085,2656.651499999999,0.01,9,5.433500000001004,0.5759332847822083,4.857566715218796,1.788006520739081,0.0,5.974999999999909,target,2025
1,1161498,1161500,2025-01-06 14:35:00+00:00,2025-01-06 14:45:00+00:00,2625.1515,2630.1730000000007,0.01,2,5.021500000000742,0.6478016895150542,4.373698310485688,1.7419887724723853,2.486499999999978,5.0715000000000146,target,2025
-1,1161784,1161984,2025-01-07 15:25:00+00:00,2025-01-08 09:05:00+00:00,2652.09,2652.6895000000004,0.01,200,-0.5995000000002619,0.5762310899816887,-1.1757310899819506,-0.17915902323534486,4.014999999999873,7.210000000000036,time_stop,2025
1,1162764,1162765,2025-01-13 05:05:00+00:00,2025-01-13 05:10:00+00:00,2686.325,2684.9824999999996,0.01,1,-1.3425000000002,0.648017770133815,-1.990517770134015,-1.482694800844483,1.4184999999997672,0.1500000000005457,stop,2025
-1,1163618,1163623,2025-01-16 07:15:00+00:00,2025-01-16 07:40:00+00:00,2697.8765000000003,2699.0607500000006,0.01,5,-1.1842500000002474,0.583141837326546,-1.7673918373267934,-1.4924144710377236,1.2214999999996508,1.8765000000003056,stop,2025
-1,1166631,1166636,2025-01-31 07:55:00+00:00,2025-01-31 08:20:00+00:00,2798.0699999999997,2794.4049999999997,0.01,5,3.6649999999999636,0.5949798605414269,3.0700201394585367,1.6753179478627924,1.425000000000182,3.880000000000109,target,2025
-1,1168564,1168576,2025-02-11 08:00:00+00:00,2025-02-11 09:00:00+00:00,2913.475,2907.0449999999996,0.01,12,6.430000000000291,0.5720087315552558,5.857991268445035,1.8220812654571603,1.1300000000001091,8.531499999999596,target,2025
-1,1169471,1169479,2025-02-14 14:35:00+00:00,2025-02-14 15:15:00+00:00,2924.55,2914.0229999999992,0.01,8,10.527000000000953,0.5453585885001455,9.981641411500808,1.8963886029257917,1.8649999999997817,15.638500000000022,target,2025
-1,1170269,1170270,2025-02-19 14:35:00+00:00,2025-02-19 14:40:00+00:00,2934.4365,2936.6689999999994,0.01,1,-2.232499999999618,0.6142382589399515,-2.8467382589395696,-1.2751347184501933,3.5335000000004584,0.0,stop,2025
-1,1170568,1170605,2025-02-20 16:30:00+00:00,2025-02-20 19:35:00+00:00,2942.96,2933.9879999999994,0.01,37,8.972000000000662,0.6068252325030508,8.365174767497612,1.864729105549932,4.170000000000073,9.434999999999945,target,2025
1,1170757,1170761,2025-02-21 09:15:00+00:00,2025-02-21 09:35:00+00:00,2924.755,2928.9900000000007,0.01,4,4.235000000000582,0.550725466021839,3.6842745339787433,1.7399171352907847,1.0264999999999418,4.510000000000218,target,2025
-1,1171106,1171110,2025-02-24 15:20:00+00:00,2025-02-24 15:40:00+00:00,2936.902,2939.2070000000003,0.01,4,-2.305000000000291,0.5187346756621758,-2.823734675662467,-1.225047581632152,3.712999999999738,3.6469999999999345,stop,2025
-1,1173758,1173767,2025-03-10 05:20:00+00:00,2025-03-10 06:05:00+00:00,2909.61,2911.7207500000004,0.01,9,-2.11075000000028,0.6358421850859386,-2.746592185086219,-1.3012399313447136,3.3099999999999454,2.6080000000001746,stop,2025
-1,1174622,1174624,2025-03-13 08:20:00+00:00,2025-03-13 08:30:00+00:00,2942.0299999999997,2943.8957499999997,0.01,2,-1.8657499999999345,0.6191291972600288,-2.4848791972599633,-1.331839312480263,2.0585000000000946,0.8949999999995271,stop,2025
-1,1174896,1174898,2025-03-14 08:10:00+00:00,2025-03-14 08:20:00+00:00,2989.4885,2991.1609999999996,0.01,2,-1.6724999999996726,0.6030432242453247,-2.2755432242449976,-1.3605639606848687,2.3089999999997417,0.2935000000002219,stop,2025
-1,1178289,1178291,2025-04-01 14:55:00+00:00,2025-04-01 15:05:00+00:00,3129.195,3132.1425000000004,0.01,2,-2.9475000000002183,0.6068519301315956,-3.554351930131814,-1.205886999196455,3.8849999999997635,0.974999999999909,stop,2025
1,1182311,1182317,2025-04-23 05:05:00+00:00,2025-04-23 05:35:00+00:00,3343.9930000000004,3333.088,0.01,6,-10.9050000000002,0.9051134340662559,-11.810113434066455,-1.0829998564022227,16.13300000000072,5.456999999999425,stop,2025
1,1183803,1183806,2025-04-30 14:35:00+00:00,2025-04-30 14:50:00+00:00,3295.5699999999997,3302.625,0.01,3,7.055000000000292,1.1713591311915208,5.883640868808771,1.6679350443114183,2.5299999999997453,10.075000000000273,target,2025
1,1185459,1185469,2025-05-08 14:35:00+00:00,2025-05-08 15:25:00+00:00,3354.665,3350.51,0.01,10,-4.154999999999745,0.9074355942615424,-5.062435594261288,-1.2183960515671717,14.029999999999745,7.595000000000255,stop,2025
1,1185914,1185917,2025-05-12 06:30:00+00:00,2025-05-12 06:45:00+00:00,3277.49,3273.85,0.01,3,-3.6399999999998727,0.8083354222972969,-4.44833542229717,-1.2220701709608037,3.819999999999709,3.050000000000182,stop,2025
-1,1188495,1188499,2025-05-23 14:35:00+00:00,2025-05-23 14:55:00+00:00,3350.8415,3358.3255000000004,0.01,4,-7.4840000000003775,0.7198756059478626,-8.203875605948241,-1.0961886165082613,8.9050000000002,0.15650000000005093,stop,2025
1,1193063,1193091,2025-06-17 06:45:00+00:00,2025-06-17 09:05:00+00:00,3382.015,3376.347,0.01,28,-5.667999999999665,0.6654309944989056,-6.3334309944985705,-1.1174013751762428,6.2664999999997235,10.014999999999873,stop,2025
-1,1194231,1194234,2025-06-23 14:35:00+00:00,2025-06-23 14:50:00+00:00,3381.6215,3385.1975,0.01,3,-3.5760000000000223,0.6466020903473781,-4.222602090347401,-1.1808171393588855,4.4399999999996,0.41150000000016007,stop,2025
1,1195059,1195080,2025-06-26 14:35:00+00:00,2025-06-26 16:20:00+00:00,3314.0699999999997,3329.2164999999995,0.01,21,15.146499999999833,0.7035101124563323,14.4429898875435,1.9071059172143612,1.2114999999994325,15.860000000000582,target,2025
-1,1197771,1197773,2025-07-10 14:35:00+00:00,2025-07-10 14:45:00+00:00,3315.4415,3318.9072499999993,0.01,2,-3.465749999999389,0.6169844464708816,-4.082734446470271,-1.178023356119452,3.473500000000058,1.163000000000011,stop,2025
-1,1198891,1198892,2025-07-16 15:55:00+00:00,2025-07-16 16:00:00+00:00,3357.885,3342.1640000000007,0.01,1,15.720999999999549,1.0671797954044173,14.653820204595132,1.8642351255766876,0.0,18.710000000000036,target,2025
-1,1199375,1199388,2025-07-18 10:15:00+00:00,2025-07-18 11:20:00+00:00,3351.3815,3353.68075,0.01,13,-2.299250000000029,0.6032697605241433,-2.9025197605241724,-1.2623767578663196,2.4834999999998217,2.0300000000002,stop,2025
1,1200283,1200299,2025-07-23 16:55:00+00:00,2025-07-23 18:15:00+00:00,3386.655,3395.9234999999994,0.01,16,9.268499999999221,0.6491698717948893,8.619330128204332,1.859919108422087,0.8865000000000691,9.318499999999858,target,2025
1,1203729,1203730,2025-08-11 05:05:00+00:00,2025-08-11 05:10:00+00:00,3374.758,3379.4539999999997,0.01,1,4.695999999999913,0.5798310107495661,4.116168989250347,1.75305323221909,0.0,4.735000000000127,target,2025
-1,1204315,1204323,2025-08-13 07:55:00+00:00,2025-08-13 08:35:00+00:00,3355.51,3358.0025,0.01,8,-2.4924999999998363,0.5803923512139497,-3.072892351213786,-1.232855507006615,4.018000000000029,2.67850000000044,stop,2025
1,1204673,1204676,2025-08-14 14:45:00+00:00,2025-08-14 15:00:00+00:00,3340.8,3336.73075,0.01,3,-4.069250000000011,0.6167366499442881,-4.685986649944299,-1.1515602752213028,4.119999999999891,1.6784999999999854,stop,2025
-1,1206765,1206790,2025-08-26 05:05:00+00:00,2025-08-26 07:10:00+00:00,3378.0,3371.6865000000007,0.01,25,6.313499999999294,0.6027025135245592,5.7107974864747355,1.8090749937357642,0.13500000000021828,7.690000000000055,target,2025
-1,1207383,1207391,2025-08-28 10:35:00+00:00,2025-08-28 11:15:00+00:00,3396.693,3398.6055,0.01,8,-1.912499999999909,0.5801945242656636,-2.4926945242655725,-1.3033696858905575,2.4420000000000073,1.1880000000001019,stop,2025
-1,1208133,1208142,2025-09-02 06:35:00+00:00,2025-09-02 07:20:00+00:00,3488.26,3482.215,0.01,9,6.045000000000074,0.6938220424961679,5.351177957503905,1.7704476286199637,1.019999999999527,8.080000000000382,target,2025
-1,1209515,1209528,2025-09-09 06:45:00+00:00,2025-09-09 07:50:00+00:00,3649.893,3642.7530000000006,0.01,13,7.139999999999418,0.7606855809403799,6.379314419059038,1.78692280645926,1.1534999999998945,7.201500000000124,target,2025
1,1210163,1210363,2025-09-11 14:45:00+00:00,2025-09-12 08:25:00+00:00,3627.055,3645.3815,0.01,200,18.326500000000124,0.6477720347878386,17.678727965212286,0.9817833848535593,0.0,29.65000000000009,time_stop,2025
-1,1210383,1210385,2025-09-12 10:05:00+00:00,2025-09-12 10:15:00+00:00,3647.465,3649.9000000000005,0.01,2,-2.4350000000004,0.6141754649817723,-3.0491754649821727,-1.252228117035594,2.524999999999636,0.6900000000000546,stop,2025
-1,1210875,1210895,2025-09-16 05:05:00+00:00,2025-09-16 06:45:00+00:00,3683.3450000000003,3690.0830000000005,0.01,20,-6.738000000000284,0.6158270185846839,-7.353827018584967,-1.0913961143640039,9.394999999999527,3.018500000000131,stop,2025
1,1211175,1211177,2025-09-17 07:05:00+00:00,2025-09-17 07:15:00+00:00,3673.085,3670.1717500000004,0.01,2,-2.913249999999607,0.6019207699266873,-3.5151707699262946,-1.206614869965423,3.630000000000109,2.175000000000182,stop,2025
-1,1212260,1212261,2025-09-23 05:30:00+00:00,2025-09-23 05:35:00+00:00,3750.058,3753.3295000000003,0.01,1,-3.2715000000002874,0.6638041669689747,-3.935304166969262,-1.2029051404459472,6.617000000000189,0.0,stop,2025
-1,1213197,1213198,2025-09-26 14:35:00+00:00,2025-09-26 14:40:00+00:00,3781.1634999999997,3774.781499999999,0.01,1,6.382000000000517,0.5979524958371838,5.784047504163333,1.8126128186032167,0.0,6.5034999999998035,target,2025
-1,1213359,1213369,2025-09-29 05:05:00+00:00,2025-09-29 05:55:00+00:00,3808.205,3813.88425,0.01,10,-5.679250000000138,0.69773496195583,-6.376984961955968,-1.1228568846160696,6.400000000000091,6.989999999999782,stop,2025
-1,1215147,1215148,2025-10-07 16:05:00+00:00,2025-10-07 16:10:00+00:00,3971.7535,3964.9055,0.01,1,6.847999999999957,0.6520500415023067,6.195949958497651,1.8095648243275961,3.3515000000002146,8.628499999999804,target,2025
-1,1215291,1215292,2025-10-08 05:05:00+00:00,2025-10-08 05:10:00+00:00,4026.61,4029.80575,0.01,1,-3.1957499999998618,0.6828183221617219,-3.8785683221615836,-1.2136644988380667,3.231499999999869,0.0,stop,2025
-1,1216671,1216672,2025-10-15 05:05:00+00:00,2025-10-15 05:10:00+00:00,4179.2485,4182.166,0.01,1,-2.917500000000473,0.8354222773659155,-3.7529222773663884,-1.2863486811879281,11.616500000000087,0.0,stop,2025
-1,1217223,1217228,2025-10-17 05:05:00+00:00,2025-10-17 05:30:00+00:00,4368.615,4349.5414999999975,0.01,5,19.07350000000224,0.9327781502922652,18.140721849709976,1.902191191937279,2.9950000000008004,26.449999999999818,target,2025
1,1218668,1218669,2025-10-24 10:30:00+00:00,2025-10-24 10:35:00+00:00,4059.21,4054.939,0.01,1,-4.2710000000001855,0.6716670210127229,-4.942667021012909,-1.1572622385887834,4.414999999999964,2.755000000000109,stop,2025
-1,1221198,1221201,2025-11-06 15:20:00+00:00,2025-11-06 15:35:00+00:00,3988.135,3978.071500000001,0.01,3,10.063499999999294,0.794640425185992,9.268859574813302,1.8420747403614948,2.0034999999998035,12.860000000000127,target,2025
-1,1222037,1222048,2025-11-11 16:15:00+00:00,2025-11-11 17:10:00+00:00,4113.4985,4117.72225,0.01,11,-4.223750000000109,0.59935019147439,-4.823100191474499,-1.141900015738236,4.4265000000004875,8.27099999999973,stop,2025
-1,1223059,1223060,2025-11-17 09:25:00+00:00,2025-11-17 09:30:00+00:00,4083.2349999999997,4086.5417500000003,0.01,1,-3.3067500000006476,0.60161666377035,-3.9083666637709973,-1.1819359382385217,5.470000000000255,1.1099999999996726,stop,2025
-1,1224501,1224504,2025-11-24 14:35:00+00:00,2025-11-24 14:50:00+00:00,4076.835,4082.5965,0.01,3,-5.761500000000069,0.7925357485725659,-6.554035748572635,-1.1375571897201346,7.769999999999982,8.385000000000218,stop,2025
-1,1224723,1224754,2025-11-25 10:05:00+00:00,2025-11-25 12:40:00+00:00,4134.82,4125.889999999999,0.01,31,8.930000000000291,0.7072048538501812,8.22279514615011,1.84161145490478,4.050000000000182,17.43499999999949,target,2025
-1,1225499,1225521,2025-11-28 08:20:00+00:00,2025-11-28 10:10:00+00:00,4165.22,4172.45625,0.01,22,-7.236249999999927,4.676184396296367,-11.912434396296295,-1.6462165342955832,10.335000000000036,10.585000000000036,stop,2025
-1,1226375,1226377,2025-12-03 14:35:00+00:00,2025-12-03 14:45:00+00:00,4239.16,4224.26,0.01,2,14.899999999999636,0.6764009749832771,14.223599025016359,1.9092079228210344,0.0,20.769999999999527,target,2025
1,1226544,1226545,2025-12-04 05:40:00+00:00,2025-12-04 05:45:00+00:00,4185.245000000001,4184.140000000001,0.01,1,-1.1049999999995634,0.7197055411255506,-1.824705541125114,-1.651317231788086,5.681000000000495,0.5099999999993088,stop,2025
-1,1226950,1227007,2025-12-05 16:30:00+00:00,2025-12-05 21:15:00+00:00,4216.715,4196.968000000001,0.01,57,19.74699999999939,0.6533351546172148,19.093664845382175,1.9338294267871339,3.0799999999999272,23.095000000000255,target,2025
-1,1227086,1227091,2025-12-08 05:05:00+00:00,2025-12-08 05:30:00+00:00,4208.0650000000005,4212.737500000001,0.01,5,-4.672500000000582,0.6908798763641442,-5.363379876364727,-1.1478608617151542,7.295000000000073,3.3250000000007276,stop,2025
-1,1228035,1228037,2025-12-11 15:10:00+00:00,2025-12-11 15:20:00+00:00,4235.93,4244.4925,0.01,2,-8.5625,0.6469566477902047,-9.209456647790205,-1.0755569807638194,8.613499999999476,0.0,stop,2025
1,1228775,1228778,2025-12-16 07:50:00+00:00,2025-12-16 08:05:00+00:00,4285.49,4281.2325,0.01,3,-4.257499999999709,0.6395938292010492,-4.897093829200758,-1.1502275582386594,4.375,4.010000000000218,stop,2025
-1,1229132,1229143,2025-12-17 14:35:00+00:00,2025-12-17 15:30:00+00:00,4337.46,4345.749999999999,0.01,11,-8.289999999999054,0.643127466898042,-8.933127466897096,-1.0775787052953094,11.8100000000004,7.930000000000291,stop,2025
-1,1230398,1230513,2025-12-24 05:05:00+00:00,2025-12-24 14:40:00+00:00,4494.57,4469.566499999999,0.01,115,25.003500000000713,0.9067726312357296,24.096727368764984,1.9274683439329932,5.380000000000109,25.234999999999673,target,2025
1,1231603,1231636,2025-12-31 16:45:00+00:00,2025-12-31 19:30:00+00:00,4319.8735,4312.27275,0.01,33,-7.600749999999608,1.0912534443169153,-8.692003444316523,-1.1435718112445445,8.510000000000218,11.914999999999964,stop,2025
-1,1232353,1232357,2026-01-06 10:15:00+00:00,2026-01-06 10:35:00+00:00,4450.293,4454.846,0.01,4,-4.552999999999884,1.0263147922255185,-5.579314792225402,-1.225415065281253,5.732500000000073,1.727999999999156,stop,2026
1,1232957,1232958,2026-01-08 14:35:00+00:00,2026-01-08 14:40:00+00:00,4430.9935000000005,4425.9885,0.01,1,-5.005000000000109,0.7550843754633705,-5.76008437546348,-1.1508660090835872,5.853500000000167,1.3964999999998327,stop,2026
-1,1233961,1233975,2026-01-14 06:15:00+00:00,2026-01-14 07:25:00+00:00,4633.525,4638.928499999999,0.01,14,-5.40349999999944,0.6859966635104451,-6.089496663509885,-1.1269541340817093,6.268500000000131,7.260000000000218,stop,2026
-1,1235914,1235941,2026-01-23 10:30:00+00:00,2026-01-23 12:45:00+00:00,4929.4065,4939.514,0.01,27,-10.107500000000073,0.8009243045347854,-10.908424304534858,-1.079240594067255,10.322000000000116,17.41650000000027,stop,2026
-1,1238174,1238179,2026-02-04 14:55:00+00:00,2026-02-04 15:20:00+00:00,5011.603499999999,4967.096999999998,0.01,5,44.506500000001324,1.3676761620836477,43.13882383791768,1.9385403856927141,0.0,60.13499999999931,target,2026
1,1238446,1238471,2026-02-05 14:35:00+00:00,2026-02-05 16:40:00+00:00,4824.075,4876.366999999999,0.01,25,52.29199999999946,1.1115726254100164,51.18042737458944,1.9574859395161772,23.486499999999978,56.340000000001055,target,2026
-1,1241101,1241105,2026-02-19 08:20:00+00:00,2026-02-19 08:40:00+00:00,5013.495,5015.9325,0.01,4,-2.4375,0.7724917890741019,-3.2099917890741017,-1.316919708338093,6.6599999999998545,2.983499999999367,stop,2026
-1,1243128,1243130,2026-03-02 16:15:00+00:00,2026-03-02 16:25:00+00:00,5300.595,5314.6407500000005,0.01,2,-14.045750000000226,1.167650554968147,-15.213400554968374,-1.0831319477399306,14.048499999999876,18.520000000000437,stop,2026
1,1245618,1245619,2026-03-13 15:45:00+00:00,2026-03-13 15:50:00+00:00,5046.75,5039.920499999999,0.01,1,-6.829500000000735,0.7154506757591828,-7.544950675759917,-1.104758866060342,10.260000000000218,7.565000000000509,stop,2026
1,1245787,1245792,2026-03-16 06:50:00+00:00,2026-03-16 07:15:00+00:00,5012.799999999999,5004.85,0.01,5,-7.9499999999989095,0.7563818917119276,-8.706381891710837,-1.0951423763159789,11.779999999998836,3.8000000000010914,stop,2026
-1,1248653,1248671,2026-03-30 15:40:00+00:00,2026-03-30 17:10:00+00:00,4549.0,4525.549999999999,0.01,18,23.450000000000728,0.7083637333274928,22.741636266673236,1.9395851826586379,7.864999999999782,29.36499999999978,target,2026
-1,1248916,1248918,2026-03-31 14:35:00+00:00,2026-03-31 14:45:00+00:00,4620.83,4601.849,0.01,2,18.980999999999767,0.8480700110689476,18.13292998893082,1.9106401126316888,0.0,20.020000000000437,target,2026
-1,1249092,1249093,2026-04-01 06:15:00+00:00,2026-04-01 06:20:00+00:00,4697.8085,4702.07525,0.01,1,-4.2667499999997744,0.9455965083769273,-5.212346508376702,-1.2216198531380975,12.021499999999833,2.1184999999995853,stop,2026
1,1251036,1251037,2026-04-13 07:15:00+00:00,2026-04-13 07:20:00+00:00,4728.245,4730.320000000001,0.01,1,2.0750000000007276,0.7002798262800509,1.3747201737206767,1.3250314927423563,0.0,3.9049999999997453,target,2026
1,1251952,1251953,2026-04-16 14:35:00+00:00,2026-04-16 14:40:00+00:00,4796.51,4782.4575,0.01,1,-14.052499999999782,0.7061121103448205,-14.758612110344602,-1.050248148752523,23.503500000000713,0.0,stop,2026
1,1254460,1254465,2026-04-29 16:35:00+00:00,2026-04-29 17:00:00+00:00,4550.58,4543.15,0.01,5,-7.43000000000029,0.5671265925708644,-7.9971265925711545,-1.0763292856757527,7.793499999999767,1.449999999999818,stop,2026
1,1255268,1255269,2026-05-04 14:55:00+00:00,2026-05-04 15:00:00+00:00,4570.42,4561.92,0.01,1,-8.5,0.6813054444271525,-9.181305444427153,-1.080153581697312,15.5,0.0,stop,2026
1,1256530,1256537,2026-05-11 05:05:00+00:00,2026-05-11 05:40:00+00:00,4675.88,4662.932500000001,0.01,7,-12.947499999999309,0.751745211955829,-13.699245211955137,-1.0580610320104937,13.580000000000837,5.118499999999585,stop,2026
1,1258300,1258322,2026-05-19 14:35:00+00:00,2026-05-19 16:25:00+00:00,4490.3,4511.453999999999,0.01,22,21.153999999998632,0.6287149040964022,20.52528509590223,1.9405582959160024,4.029999999999745,21.775000000000546,target,2026
1,1258471,1258472,2026-05-20 05:50:00+00:00,2026-05-20 05:55:00+00:00,4465.8135,4474.127,0.01,1,8.313500000000204,0.9050800107251575,7.408419989275046,1.7822625823720128,0.0,9.545000000000073,target,2026
-1,1264076,1264083,2026-06-17 15:25:00+00:00,2026-06-17 16:00:00+00:00,4359.12,4365.097499999999,0.01,7,-5.977499999999054,0.6844109994285008,-6.661910999427555,-1.1144978669056644,6.710000000000036,4.579999999999927,stop,2026
1,1265284,1265287,2026-06-24 05:05:00+00:00,2026-06-24 05:20:00+00:00,4062.1099999999997,4070.459999999999,0.01,3,8.349999999999454,0.7272550507099398,7.6227449492895145,1.8258071734826378,0.0,10.605000000000473,target,2026
-1,1267080,1267081,2026-07-02 16:45:00+00:00,2026-07-02 16:50:00+00:00,4114.8099999999995,4118.4625,0.01,1,-3.652500000000146,0.8293647666658686,-4.481864766666014,-1.2270676979235688,5.470000000000255,0.0,stop,2026
-1,1270247,1270281,2026-07-20 08:40:00+00:00,2026-07-20 11:30:00+00:00,4024.295,4031.74,0.01,34,-7.444999999999709,0.6921715315225911,-8.1371715315223,-1.09297132726966,16.51000000000022,9.345000000000255,stop,2026
-1,1274739,1274745,2026-08-11 15:00:00+00:00,2026-08-11 15:30:00+00:00,4394.325,4379.984999999998,0.01,6,14.340000000001965,0.6212420085457802,13.718757991456185,1.9133553684036688,3.1099999999996726,17.609999999999673,target,2026
-1,1275013,1275036,2026-08-12 14:50:00+00:00,2026-08-12 16:45:00+00:00,4422.25,4402.920000000002,0.01,23,19.32999999999811,0.6555570110993623,18.674442988898747,1.9321720630005768,7.854999999999563,20.06999999999971,target,2026
-1,1277147,1277148,2026-08-24 08:40:00+00:00,2026-08-24 08:45:00+00:00,4637.43,4643.030000000001,0.01,1,-5.600000000000364,0.6130244436826098,-6.213024443682974,-1.109468650657602,8.6899999999996,0.0,stop,2026
1,1278046,1278058,2026-08-27 14:35:00+00:00,2026-08-27 15:35:00+00:00,4586.0,4599.549999999999,0.01,12,13.549999999999274,0.603056990163928,12.946943009835346,1.9109878981307806,0.0,13.625,target,2026
1,1279058,1279059,2026-09-02 06:55:00+00:00,2026-09-02 07:00:00+00:00,4316.155000000001,4323.085000000001,0.01,1,6.930000000000291,0.6805803689064678,6.249419631093823,1.8035843091179107,0.0,8.289999999999054,target,2026
