side,entry_i,exit_i,entry_ts,exit_ts,entry_mid,exit_mid,size_lots,bars_held,gross_pnl,cost,net_pnl,r_multiple,mae,mfe,exit_reason,year
-1,437,443,2009-01-02 13:40:00+00:00,2009-01-02 14:10:00+00:00,871.9639999999999,874.3969999999999,0.01,6,-2.4329999999999927,0.5359750554323778,-2.9689750554323706,-1.2202938986569583,3.1030000000000655,2.3299999999999272,stop,2009
1,814,815,2009-01-05 16:15:00+00:00,2009-01-05 16:20:00+00:00,849.711,847.393,0.01,1,-2.3179999999999836,0.5414680460974346,-2.859468046097418,-1.2335927722594642,2.379000000000019,0.0,stop,2009
-1,1070,1086,2009-01-06 13:40:00+00:00,2009-01-06 15:00:00+00:00,846.532,849.342,0.01,16,-2.8099999999999454,0.5354260154738884,-3.3454260154738336,-1.190543066004946,3.2730000000000246,3.43100000000004,stop,2009
-1,1356,1361,2009-01-07 13:30:00+00:00,2009-01-07 13:55:00+00:00,863.73,866.361,0.01,5,-2.630999999999972,0.5550317073170712,-3.186031707317043,-1.2109584596416105,2.66599999999994,0.2699999999999818,stop,2009
-1,1652,1733,2009-01-08 14:15:00+00:00,2009-01-08 21:00:00+00:00,859.172,857.3489999999999,0.01,81,1.823000000000093,0.5438898117386488,1.2791101882614442,0.2841204327546552,2.3519999999999754,7.599000000000046,session_flat,2009
1,1943,1944,2009-01-09 14:35:00+00:00,2009-01-09 14:40:00+00:00,848.0840000000001,845.1780000000001,0.01,1,-2.905999999999949,0.5643266888150567,-3.470326688815006,-1.194193630012067,3.4809999999999945,0.0,stop,2009
1,2275,2286,2009-01-12 13:35:00+00:00,2009-01-12 14:30:00+00:00,828.1469999999999,832.4889999999998,0.01,11,4.341999999999871,0.5523091463414536,3.789690853658417,1.745596892518899,1.9629999999999654,5.396000000000072,target,2009
1,2853,2854,2009-01-14 13:45:00+00:00,2009-01-14 13:50:00+00:00,822.8009999999999,820.625,0.01,1,-2.175999999999931,0.5263610323312549,-2.7023610323311855,-1.2418938567698858,3.19399999999996,0.0,stop,2009
1,3152,3161,2009-01-15 14:40:00+00:00,2009-01-15 15:25:00+00:00,810.038,807.995,0.01,9,-2.0430000000000064,0.5466476190476162,-2.5896476190476223,-1.2675710323287392,4.216000000000008,3.464999999999918,stop,2009
-1,3427,3432,2009-01-16 13:35:00+00:00,2009-01-16 14:00:00+00:00,831.0840000000001,833.734,0.01,5,-2.6499999999999773,0.5605476107429339,-3.2105476107429114,-1.2115274002803542,2.95799999999997,1.4210000000000491,stop,2009
1,3783,3808,2009-01-19 14:50:00+00:00,2009-01-19 16:55:00+00:00,833.799,837.969,0.01,25,4.170000000000073,0.50912106537531,3.6608789346247628,1.7558172348319898,2.0389999999999873,4.435999999999922,target,2009
-1,4059,4071,2009-01-20 13:50:00+00:00,2009-01-20 14:50:00+00:00,858.0360000000001,851.8280000000002,0.01,12,6.207999999999856,0.5371679487179557,5.6708320512819,1.8269433154903452,0.12199999999984357,6.417000000000144,target,2009
1,4353,4355,2009-01-21 14:20:00+00:00,2009-01-21 14:30:00+00:00,849.384,854.932,0.01,2,5.548000000000002,0.5436190476190389,5.004380952380963,1.8040306245064748,0.0,7.34699999999998,target,2009
-1,4633,4635,2009-01-22 13:40:00+00:00,2009-01-22 13:50:00+00:00,846.76,848.793,0.01,2,-2.0330000000000155,0.5330588578088564,-2.566058857808872,-1.26220307811552,2.2060000000000173,2.479000000000042,stop,2009
-1,4930,4937,2009-01-23 14:25:00+00:00,2009-01-23 15:00:00+00:00,880.471,875.6550000000002,0.01,7,4.8159999999998035,0.5377743902438967,4.278225609755907,1.776671764848871,0.22299999999995634,4.971000000000004,target,2009
-1,5276,5351,2009-01-26 14:45:00+00:00,2009-01-26 21:00:00+00:00,910.788,904.119,0.01,75,6.668999999999984,0.567468421052636,6.101531578947347,1.2656153451456782,3.089999999999918,9.388000000000034,session_flat,2009
1,5568,5639,2009-01-27 15:05:00+00:00,2009-01-27 21:00:00+00:00,897.6569999999999,897.8230000000001,0.01,71,0.16600000000016735,0.5363954703832747,-0.3703954703831074,-0.1321425152990092,2.2649999999998727,4.805000000000064,session_flat,2009
1,5875,5899,2009-01-28 16:45:00+00:00,2009-01-28 18:45:00+00:00,885.8399999999999,890.2019999999998,0.01,24,4.361999999999853,0.5528361111111083,3.8091638888887442,1.7465217280554208,1.8259999999999081,5.324000000000069,target,2009
1,6135,6138,2009-01-29 14:35:00+00:00,2009-01-29 14:50:00+00:00,880.8050000000001,887.827,0.01,3,7.021999999999935,0.5589017112768795,6.463098288723056,1.8408140953355498,1.4650000000001455,7.078999999999951,target,2009
-1,6414,6417,2009-01-30 13:50:00+00:00,2009-01-30 14:05:00+00:00,923.473,918.9249999999997,0.01,3,4.548000000000229,0.5324887820512778,4.015511217948951,1.765836067699538,0.0,4.953999999999951,target,2009
1,6762,6765,2009-02-02 14:20:00+00:00,2009-02-02 14:35:00+00:00,910.836,916.0580000000002,0.01,3,5.222000000000207,0.526262380952382,4.695737619047826,1.7984441283215777,0.0,6.732999999999947,target,2009
1,7059,7062,2009-02-03 15:05:00+00:00,2009-02-03 15:20:00+00:00,906.278,911.0920000000001,0.01,3,4.814000000000078,0.5509976335361715,4.2630023664639065,1.7710853205084491,0.0,4.958999999999946,target,2009
-1,7346,7380,2009-02-04 15:00:00+00:00,2009-02-04 17:50:00+00:00,906.384,902.114,0.01,34,4.269999999999982,0.5390514354067013,3.7309485645932803,1.7475168920811692,1.5769999999999982,4.942000000000007,target,2009
1,7631,7640,2009-02-05 14:45:00+00:00,2009-02-05 15:30:00+00:00,919.3789999999999,917.37,0.01,9,-2.008999999999901,0.5382888888888848,-2.5472888888887857,-1.2679387202035397,2.950999999999908,2.8450000000000273,stop,2009
1,7916,7919,2009-02-06 14:30:00+00:00,2009-02-06 14:45:00+00:00,906.608,911.6519999999998,0.01,3,5.043999999999869,0.5574198606271716,4.486580139372697,1.778977057641877,0.0,5.903999999999996,target,2009
-1,8540,8571,2009-02-10 14:00:00+00:00,2009-02-10 16:35:00+00:00,911.115,914.905,0.01,31,-3.7899999999999636,0.5501943330660226,-4.340194333065986,-1.1451700087245456,6.255999999999972,4.623000000000047,stop,2009
1,8827,8833,2009-02-11 14:00:00+00:00,2009-02-11 14:30:00+00:00,920.249,924.865,0.01,6,4.6159999999999854,0.5554816017316028,4.060518398268383,1.759323396130154,0.9210000000000491,5.108999999999924,target,2009
1,9108,9110,2009-02-12 13:25:00+00:00,2009-02-12 13:35:00+00:00,941.75,939.107,0.01,2,-2.643000000000029,0.5641404958677674,-3.2071404958677965,-1.2134470283268108,3.3840000000000146,0.0,stop,2009
1,9414,9453,2009-02-13 14:55:00+00:00,2009-02-13 18:10:00+00:00,935.614,941.6940000000002,0.01,39,6.080000000000155,0.5434825026511203,5.536517497349035,1.821222860970031,2.649000000000001,6.634999999999991,target,2009
1,10316,10317,2009-02-18 13:30:00+00:00,2009-02-18 13:35:00+00:00,964.495,962.477,0.01,1,-2.018000000000029,0.5249174057649659,-2.542917405764995,-1.2601176440857078,2.725999999999999,0.0,stop,2009
1,10612,10615,2009-02-19 14:10:00+00:00,2009-02-19 14:25:00+00:00,975.962,973.451,0.01,3,-2.5109999999999673,0.541036363636354,-3.0520363636363212,-1.2154664928858467,2.6399999999999864,0.0,stop,2009
-1,10890,10894,2009-02-20 13:20:00+00:00,2009-02-20 13:40:00+00:00,994.179,996.381,0.01,4,-2.201999999999998,0.5456022844206614,-2.7476022844206596,-1.2477757876569764,2.937000000000012,2.16700000000003,stop,2009
1,11259,11269,2009-02-23 16:10:00+00:00,2009-02-23 17:00:00+00:00,988.415,993.1949999999999,0.01,10,4.779999999999973,0.5414625000000028,4.238537499999969,1.7734466527196626,0.7059999999999036,4.86200000000008,target,2009
1,11530,11538,2009-02-24 14:45:00+00:00,2009-02-24 15:25:00+00:00,982.26,978.632,0.01,8,-3.628000000000043,0.5462233924612078,-4.174223392461251,-1.150557715672878,5.631999999999948,4.009999999999991,stop,2009
-1,11804,11806,2009-02-25 13:35:00+00:00,2009-02-25 13:45:00+00:00,962.49,964.949,0.01,2,-2.4589999999999463,0.5468048780487864,-3.0058048780487328,-1.2223687995318415,3.8889999999998963,0.2899999999999636,stop,2009
1,12085,12095,2009-02-26 13:00:00+00:00,2009-02-26 13:50:00+00:00,939.4480000000001,944.0440000000001,0.01,10,4.596000000000004,0.5388500000000014,4.057150000000002,1.765513489991296,1.8770000000000664,4.628999999999905,target,2009
-1,12381,12396,2009-02-27 13:40:00+00:00,2009-02-27 14:55:00+00:00,958.798,952.644,0.01,15,6.153999999999996,0.5367142857142861,5.61728571428571,1.825572217837411,1.6079999999999472,7.991999999999962,target,2009
1,12736,12741,2009-03-02 14:55:00+00:00,2009-03-02 15:20:00+00:00,937.6469999999999,935.489,0.01,5,-2.1579999999999018,0.542393265702569,-2.7003932657024707,-1.2513407162662622,2.640999999999849,2.6840000000000828,stop,2009
1,13025,13033,2009-03-03 15:00:00+00:00,2009-03-03 15:40:00+00:00,913.596,911.425,0.01,8,-2.171000000000049,0.5417215909090964,-2.7127215909091458,-1.2495262970562342,6.843000000000075,1.5270000000000437,stop,2009
-1,13297,13300,2009-03-04 13:40:00+00:00,2009-03-04 13:55:00+00:00,918.581,920.871,0.01,3,-2.2899999999999636,0.5453333333333383,-2.8353333333333017,-1.2381368267831208,3.7299999999999045,0.7820000000000391,stop,2009
-1,13626,13637,2009-03-05 17:05:00+00:00,2009-03-05 18:00:00+00:00,924.203,926.873,0.01,11,-2.6700000000000728,0.5343666666666611,-3.2043666666667336,-1.200137328339568,3.4809999999999945,2.6119999999999663,stop,2009
1,13877,13881,2009-03-06 14:05:00+00:00,2009-03-06 14:25:00+00:00,938.4870000000001,936.472,0.01,4,-2.0150000000001,0.5368449030644147,-2.5518449030645147,-1.2664242695108625,5.869000000000142,0.8009999999999309,stop,2009
1,14229,14235,2009-03-09 14:25:00+00:00,2009-03-09 14:55:00+00:00,926.615,923.963,0.01,6,-2.6520000000000437,0.5630808785529728,-3.2150808785530165,-1.2123231065433497,2.701000000000022,1.4259999999999309,stop,2009
1,14798,14807,2009-03-11 13:55:00+00:00,2009-03-11 14:40:00+00:00,896.36,902.3919999999999,0.01,9,6.031999999999925,0.536232213438739,5.495767786561187,1.8222041732630154,0.4679999999999609,6.278999999999996,target,2009
-1,15077,15078,2009-03-12 13:15:00+00:00,2009-03-12 13:20:00+00:00,912.154,914.196,0.01,1,-2.04200000000003,0.5403665003563818,-2.582366500356412,-1.2646261020354426,3.673999999999978,0.0,stop,2009
1,15377,15385,2009-03-13 14:15:00+00:00,2009-03-13 14:55:00+00:00,926.4269999999999,930.6549999999997,0.01,8,4.227999999999838,0.5467576754385899,3.6812423245612482,1.7413634458663148,0.2829999999999018,4.841000000000122,target,2009
1,16019,16047,2009-03-17 14:20:00+00:00,2009-03-17 16:40:00+00:00,916.2339999999999,914.142,0.01,28,-2.091999999999871,0.5528605870021062,-2.6448605870019772,-1.2642737031558988,3.0579999999999927,2.3510000000001128,stop,2009
1,16312,16315,2009-03-18 14:45:00+00:00,2009-03-18 15:00:00+00:00,896.156,894.154,0.01,3,-2.0019999999999527,0.5216621276595691,-2.523662127659522,-1.2605704933364543,2.300999999999931,0.7889999999999873,stop,2009
-1,16598,16600,2009-03-19 14:40:00+00:00,2009-03-19 14:50:00+00:00,953.202,956.2909999999999,0.01,2,-3.088999999999942,0.5499222488038248,-3.6389222488037665,-1.178025978894087,3.4120000000000346,0.5209999999999582,stop,2009
1,17231,17293,2009-03-23 14:05:00+00:00,2009-03-23 19:15:00+00:00,949.117,946.885,0.01,62,-2.231999999999971,0.5613581780538295,-2.7933581780538006,-1.2515045600599628,6.163999999999987,3.9950000000001182,stop,2009
1,17505,17527,2009-03-24 13:00:00+00:00,2009-03-24 14:50:00+00:00,920.7529999999999,925.5509999999997,0.01,22,4.7979999999997744,0.542336448598133,4.255663551401641,1.7739322848694627,2.2339999999999236,4.869000000000028,target,2009
-1,17807,17808,2009-03-25 14:10:00+00:00,2009-03-25 14:15:00+00:00,933.386,925.614,0.01,1,7.7719999999999345,0.5875244467768741,7.18447555322306,1.8488099725226765,0.0,8.422000000000025,target,2009
1,18093,18094,2009-03-26 14:05:00+00:00,2009-03-26 14:10:00+00:00,936.4929999999999,934.4839999999999,0.01,1,-2.0090000000000146,0.5414944258639961,-2.5504944258640108,-1.2695343085435502,2.0419999999999163,0.19800000000009277,stop,2009
-1,18708,18729,2009-03-30 14:00:00+00:00,2009-03-30 15:45:00+00:00,926.575,920.3230000000001,0.01,21,6.251999999999954,0.5252346407497366,5.7267653592502175,1.831978681781913,2.800999999999931,9.406000000000063,target,2009
1,18993,18996,2009-03-31 13:45:00+00:00,2009-03-31 14:00:00+00:00,918.6410000000001,916.185,0.01,3,-2.456000000000131,0.5438647365923125,-2.9998647365924436,-1.221443296658096,2.47300000000007,0.0,stop,2009
1,19289,19318,2009-04-01 14:30:00+00:00,2009-04-01 16:55:00+00:00,920.893,925.9830000000002,0.01,29,5.0900000000001455,0.5201674057649694,4.5698325942351765,1.7956120213104305,1.5019999999999527,5.103999999999928,target,2009
1,19566,19567,2009-04-02 13:35:00+00:00,2009-04-02 13:40:00+00:00,905.6800000000001,903.0690000000001,0.01,1,-2.61099999999999,0.5212643478260752,-3.132264347826065,-1.199641649875939,4.819000000000074,0.0,stop,2009
-1,19854,19874,2009-04-03 13:35:00+00:00,2009-04-03 15:15:00+00:00,904.736,897.928,0.01,20,6.807999999999994,0.5542272727272686,6.253772727272725,1.8371835274009198,2.3880000000000337,6.884999999999991,target,2009
1,20201,20208,2009-04-06 14:00:00+00:00,2009-04-06 14:35:00+00:00,870.431,868.0240000000001,0.01,7,-2.4069999999999254,0.5388764534883754,-2.945876453488301,-1.223878875566428,3.68100000000004,0.8389999999999418,stop,2009
-1,24684,24765,2009-04-27 14:15:00+00:00,2009-04-27 21:00:00+00:00,909.713,905.928,0.01,81,3.784999999999968,0.5052319061073687,3.2797680938925993,1.4040103141663447,1.5690000000000737,4.662000000000035,session_flat,2009
-1,26159,26225,2009-05-04 13:45:00+00:00,2009-05-04 19:15:00+00:00,903.8389999999999,899.2389999999998,0.01,66,4.600000000000136,0.556414410058027,4.04358558994211,1.758080691279126,2.1720000000000255,4.733999999999924,target,2009
-1,26733,26755,2009-05-06 13:35:00+00:00,2009-05-06 15:25:00+00:00,909.5070000000001,905.3450000000003,0.01,22,4.161999999999807,0.5328708425720552,3.629129157427752,1.7439352029927535,1.3109999999999218,5.004000000000133,target,2009
1,27018,27025,2009-05-07 13:25:00+00:00,2009-05-07 14:00:00+00:00,916.52,914.3520000000001,0.01,7,-2.1679999999998927,0.5480193602693588,-2.7160193602692515,-1.2527764576888312,3.11200000000008,1.7709999999999582,stop,2009
1,27314,27352,2009-05-08 14:10:00+00:00,2009-05-08 17:20:00+00:00,908.636,913.8699999999999,0.01,38,5.233999999999924,0.5617953488372109,4.672204651162713,1.7853284872612842,1.5429999999998927,5.590000000000032,target,2009
-1,29737,29740,2009-05-20 13:50:00+00:00,2009-05-20 14:05:00+00:00,936.31,938.4459999999999,0.01,3,-2.1359999999999673,0.5291859943977646,-2.665185994397732,-1.2477462520588825,3.5650000000000546,0.0,stop,2009
-1,32764,32782,2009-06-03 14:20:00+00:00,2009-06-03 15:50:00+00:00,977.012,972.626,0.01,18,4.385999999999967,0.5568273809523794,3.829172619047588,1.7460887455757486,1.7350000000001273,5.7999999999999545,target,2009
-1,33046,33052,2009-06-04 13:50:00+00:00,2009-06-04 14:20:00+00:00,971.9960000000001,974.226,0.01,6,-2.2299999999999045,0.5466974756509657,-2.77669747565087,-1.2451558186775735,2.3859999999999673,2.493000000000052,stop,2009
1,33323,33324,2009-06-05 13:10:00+00:00,2009-06-05 13:15:00+00:00,962.934,960.792,0.01,1,-2.141999999999939,0.5503174603174547,-2.6923174603173936,-1.2569175818475584,2.356999999999971,0.10200000000008913,stop,2009
1,34262,34288,2009-06-10 15:10:00+00:00,2009-06-10 17:20:00+00:00,949.7,954.508,0.01,26,4.807999999999993,0.553985958485955,4.254014041514038,1.7695565896481051,0.83400000000006,5.16599999999994,target,2009
1,35178,35183,2009-06-15 15:15:00+00:00,2009-06-15 15:40:00+00:00,929.817,927.64,0.01,5,-2.177000000000021,0.5637439903846151,-2.740743990384636,-1.2589545201582957,2.3659999999999854,0.4819999999999709,stop,2009
1,35740,35756,2009-06-17 14:05:00+00:00,2009-06-17 15:25:00+00:00,930.52,935.1579999999999,0.01,16,4.63799999999992,0.5630200395843632,4.074979960415557,1.7572142994461522,2.244999999999891,6.048999999999978,target,2009
-1,37217,37229,2009-06-24 13:00:00+00:00,2009-06-24 14:00:00+00:00,937.988,933.8000000000002,0.01,12,4.1879999999998745,0.550429545454545,3.6375704545453296,1.7371396631067042,1.0429999999998927,4.51400000000001,target,2009
1,38444,38518,2009-06-30 14:50:00+00:00,2009-06-30 21:00:00+00:00,925.848,926.152,0.01,74,0.3040000000000873,0.5405793859649144,-0.23657938596482708,-0.10719500949924231,0.2939999999999827,4.386000000000081,session_flat,2009
1,44432,44440,2009-07-28 13:30:00+00:00,2009-07-28 14:10:00+00:00,944.6310000000001,942.086,0.01,8,-2.5450000000000728,0.549098214285713,-3.094098214285786,-1.2157556834128478,2.9120000000000346,0.5480000000000018,stop,2009
-1,45325,45346,2009-07-31 16:00:00+00:00,2009-07-31 17:45:00+00:00,952.802,955.133,0.01,21,-2.3310000000000173,0.5519701219512152,-2.8829701219512325,-1.2367954191124886,2.3869999999999436,3.6019999999999754,stop,2009
1,45688,45730,2009-08-03 17:30:00+00:00,2009-08-03 21:00:00+00:00,956.904,956.251,0.01,42,-0.65300000000002,0.560888888888889,-1.213888888888909,-0.5965055965056157,2.030999999999949,1.5130000000000337,session_flat,2009
-1,45970,45981,2009-08-04 17:00:00+00:00,2009-08-04 17:55:00+00:00,967.7080000000001,963.6280000000002,0.01,11,4.079999999999927,0.5302348269994352,3.549765173000492,1.740080967157135,0.7149999999999181,4.6400000000001,target,2009
1,46226,46229,2009-08-05 14:20:00+00:00,2009-08-05 14:35:00+00:00,961.1510000000001,959.117,0.01,3,-2.0340000000001055,0.5314603174603223,-2.5654603174604276,-1.2612882583383946,2.0389999999999873,0.9139999999999873,stop,2009
1,46511,46540,2009-08-06 14:05:00+00:00,2009-08-06 16:30:00+00:00,963.504,961.463,0.01,29,-2.0410000000000537,0.5344099883855897,-2.575409988385643,-1.2618373289493265,2.1830000000001064,3.965000000000032,stop,2009
1,50151,50157,2009-08-24 14:10:00+00:00,2009-08-24 14:40:00+00:00,952.4839999999999,950.3939999999999,0.01,6,-2.090000000000032,0.5688293893129819,-2.6588293893130137,-1.2721671719200829,2.535999999999831,1.0260000000000673,stop,2009
1,50442,50472,2009-08-25 14:25:00+00:00,2009-08-25 16:55:00+00:00,947.742,945.4549999999999,0.01,30,-2.2870000000000346,0.5533501400560223,-2.840350140056057,-1.2419545868194202,2.9269999999999072,1.0090000000000146,stop,2009
-1,52525,52542,2009-09-03 15:50:00+00:00,2009-09-03 17:15:00+00:00,990.066,992.3399999999999,0.01,17,-2.2739999999998872,0.5348443935926823,-2.8088443935925698,-1.2351998212808748,3.0190000000000055,3.6680000000000064,stop,2009
1,52782,52789,2009-09-04 13:15:00+00:00,2009-09-04 13:50:00+00:00,988.156,985.7979999999999,0.01,7,-2.358000000000061,0.5370029761904749,-2.895002976190536,-1.2277366311240292,2.8740000000000236,1.90300000000002,stop,2009
1,53446,53490,2009-09-08 16:10:00+00:00,2009-09-08 19:50:00+00:00,995.8,993.4000000000001,0.01,44,-2.3999999999998636,0.5489038095238135,-2.948903809523677,-1.2287099206349352,3.0319999999999254,3.604000000000042,stop,2009
-1,54283,54312,2009-09-11 14:00:00+00:00,2009-09-11 16:25:00+00:00,1008.662,1003.9440000000002,0.01,29,4.717999999999847,0.5348448275862068,4.18315517241364,1.773274765754038,1.5779999999999745,5.718000000000075,target,2009
1,54906,54917,2009-09-15 14:05:00+00:00,2009-09-15 15:00:00+00:00,996.348,1000.614,0.01,11,4.266000000000076,0.5433861111111045,3.722613888888972,1.7452479554097071,1.8579999999999472,5.850000000000136,target,2009
1,55472,55480,2009-09-17 13:15:00+00:00,2009-09-17 13:55:00+00:00,1014.116,1018.414,0.01,8,4.298000000000002,0.5355652173913059,3.762434782608696,1.750783984461933,0.67999999999995,5.293999999999983,target,2009
1,55772,55803,2009-09-18 14:15:00+00:00,2009-09-18 16:50:00+00:00,1009.62,1007.503,0.01,31,-2.116999999999962,0.5433645183645184,-2.66036451836448,-1.2566672264357714,2.12600000000009,3.2250000000000227,stop,2009
1,56998,56999,2009-09-24 14:30:00+00:00,2009-09-24 14:35:00+00:00,998.0070000000001,995.953,0.01,1,-2.0540000000000873,0.5502950191570917,-2.604295019157179,-1.2679138360063624,2.240000000000009,0.6749999999999545,stop,2009
-1,57283,57284,2009-09-25 14:15:00+00:00,2009-09-25 14:20:00+00:00,991.039,993.071,0.01,1,-2.032000000000039,0.5578224603914288,-2.589822460391468,-1.2745189273579813,2.19500000000005,0.0,stop,2009
-1,59424,59427,2009-10-06 14:30:00+00:00,2009-10-06 14:45:00+00:00,1037.846,1040.654,0.01,3,-2.8079999999999927,0.545608093126392,-3.3536080931263847,-1.1943048764695134,4.800999999999931,0.0,stop,2009
1,60309,60365,2009-10-09 16:15:00+00:00,2009-10-09 21:00:00+00:00,1045.5639999999999,1048.25,0.01,56,2.686000000000149,0.5752868686868762,2.1107131313132728,1.0041451623755526,1.1369999999997162,3.9220000000000255,session_flat,2009
1,60894,60898,2009-10-13 13:10:00+00:00,2009-10-13 13:30:00+00:00,1059.153,1056.694,0.01,4,-2.45900000000006,0.5638664596273133,-3.022866459627373,-1.2293072222965837,2.964999999999918,1.08400000000006,stop,2009
1,61518,61522,2009-10-15 17:15:00+00:00,2009-10-15 17:35:00+00:00,1050.5,1048.424,0.01,4,-2.076000000000022,0.5614791666666821,-2.637479166666704,-1.2704620263326956,2.288000000000011,0.0,stop,2009
1,63268,63275,2009-10-23 15:25:00+00:00,2009-10-23 16:00:00+00:00,1053.719,1059.373,0.01,7,5.653999999999996,0.533045276292339,5.120954723707658,1.8114448969606158,0.22600000000011278,6.588999999999942,target,2009
1,63647,63652,2009-10-26 16:55:00+00:00,2009-10-26 17:20:00+00:00,1043.465,1041.462,0.01,5,-2.002999999999929,0.549725561743815,-2.552725561743744,-1.274451104215594,2.6059999999999945,1.2999999999999545,stop,2009
1,63902,63984,2009-10-27 14:10:00+00:00,2009-10-27 21:00:00+00:00,1034.742,1039.798,0.01,82,5.05600000000004,0.5695926421404838,4.486407357859556,1.5971546307794964,0.5350000000000819,5.098000000000184,session_flat,2009
1,64190,64198,2009-10-28 14:10:00+00:00,2009-10-28 14:50:00+00:00,1036.128,1033.948,0.01,8,-2.1799999999998363,0.5595331820759961,-2.7395331820758324,-1.2566665972825863,3.800999999999931,1.4580000000000837,stop,2009
1,64787,64812,2009-10-30 16:00:00+00:00,2009-10-30 18:05:00+00:00,1037.107,1041.221,0.01,25,4.114000000000033,0.5454688888888741,3.5685311111111586,1.7348230972829997,2.036999999999807,4.36200000000008,target,2009
-1,65424,65443,2009-11-03 15:55:00+00:00,2009-11-03 17:30:00+00:00,1076.596,1080.8919999999998,0.01,19,-4.295999999999822,0.5571305173232084,-4.85313051732303,-1.1296858746096907,4.704999999999927,0.8919999999998254,stop,2009
-1,66262,66263,2009-11-06 13:45:00+00:00,2009-11-06 13:50:00+00:00,1095.769,1091.0649999999998,0.01,1,4.704000000000178,0.5543964646464727,4.149603535353705,1.7642872174122228,0.0,6.779999999999973,target,2009
1,68974,68983,2009-11-19 15:00:00+00:00,2009-11-19 15:45:00+00:00,1135.864,1133.028,0.01,9,-2.8360000000000127,0.5595357242925294,-3.395535724292542,-1.1972975050396781,3.4720000000002074,1.9169999999999163,stop,2009
1,69908,69950,2009-11-24 16:25:00+00:00,2009-11-24 19:55:00+00:00,1164.595,1168.865,0.01,42,4.269999999999982,0.5446965367965455,3.7253034632034363,1.7448728164887364,0.73700000000008,4.6159999999999854,target,2009
1,70744,70748,2009-11-27 14:10:00+00:00,2009-11-27 14:30:00+00:00,1152.923,1159.3550000000002,0.01,4,6.432000000000245,0.5489844905750287,5.883015509425216,1.8292958673585176,0.0,6.6189999999999145,target,2009
1,71129,71138,2009-11-30 17:40:00+00:00,2009-11-30 18:25:00+00:00,1174.278,1178.3,0.01,9,4.0219999999999345,0.5355415797317553,3.486458420268179,1.7336938937186652,1.4020000000000437,5.861000000000104,target,2009
1,71955,71961,2009-12-03 14:30:00+00:00,2009-12-03 15:00:00+00:00,1210.817,1208.1399999999999,0.01,6,-2.6770000000001346,0.5570816537467642,-3.234081653746899,-1.2080992356170102,3.16599999999994,4.58199999999988,stop,2009
1,72236,72237,2009-12-04 13:55:00+00:00,2009-12-04 14:00:00+00:00,1192.6390000000001,1189.859,0.01,1,-2.7800000000002,0.5648963585434277,-3.344896358543628,-1.2032001289724414,6.870000000000118,0.0,stop,2009
-1,72621,72622,2009-12-07 17:40:00+00:00,2009-12-07 17:45:00+00:00,1150.217,1153.362,0.01,1,-3.144999999999982,0.5547159471712882,-3.69971594717127,-1.1763802693708398,8.346999999999753,0.0,stop,2009
1,72859,72888,2009-12-08 13:35:00+00:00,2009-12-08 16:00:00+00:00,1145.805,1150.8210000000001,0.01,29,5.016000000000076,0.5757884615384563,4.44021153846162,1.770419273708753,0.83400000000006,5.352999999999838,target,2009
1,73184,73185,2009-12-09 16:40:00+00:00,2009-12-09 16:45:00+00:00,1141.914,1139.382,0.01,1,-2.5319999999999254,0.5555692389006275,-3.087569238900553,-1.219419130687458,2.576000000000022,0.0,stop,2009
1,73457,73464,2009-12-10 15:25:00+00:00,2009-12-10 16:00:00+00:00,1127.5529999999999,1125.485,0.01,7,-2.0679999999999836,0.5503846153846008,-2.6183846153845844,-1.2661434310370432,4.233999999999924,2.393000000000029,stop,2009
1,73745,73749,2009-12-11 15:25:00+00:00,2009-12-11 15:45:00+00:00,1118.797,1115.8600000000001,0.01,4,-2.936999999999898,0.5498236282194746,-3.4868236282193728,-1.1872058659242404,3.326000000000022,2.4320000000000164,stop,2009
1,74713,74714,2009-12-16 19:40:00+00:00,2009-12-16 19:45:00+00:00,1134.144,1131.711,0.01,1,-2.4329999999999927,0.5699018118059602,-3.0029018118059527,-1.2342383114697746,3.759999999999991,0.0,stop,2009
1,74992,75014,2009-12-17 18:55:00+00:00,2009-12-17 20:45:00+00:00,1101.558,1098.096,0.01,22,-3.4619999999999895,0.5392368563685639,-4.001236856368553,-1.1557587684484592,4.52599999999984,3.268000000000029,stop,2009
1,75243,75251,2009-12-18 15:55:00+00:00,2009-12-18 16:35:00+00:00,1099.228,1104.3120000000004,0.01,8,5.084000000000287,0.5465852534562203,4.5374147465440675,1.7849782637859208,0.0,6.4849999999999,target,2009
1,75589,75598,2009-12-21 16:35:00+00:00,2009-12-21 17:20:00+00:00,1101.098,1098.775,0.01,9,-2.3229999999998654,0.5407268248175126,-2.8637268248173777,-1.2327709103820679,3.244000000000142,2.3230000000000928,stop,2009
1,75851,75854,2009-12-22 14:25:00+00:00,2009-12-22 14:40:00+00:00,1089.819,1087.6480000000001,0.01,3,-2.1709999999998217,0.5448887195121965,-2.7158887195120185,-1.2509851310512397,2.813999999999851,1.8020000000001346,stop,2009
-1,79112,79118,2010-01-06 15:30:00+00:00,2010-01-06 16:00:00+00:00,1135.0140000000001,1137.1680000000001,0.01,6,-2.1539999999999964,0.5536161804790299,-2.707616180479026,-1.2570177253848795,2.63799999999992,1.143000000000029,stop,2010
-1,80035,80055,2010-01-11 15:55:00+00:00,2010-01-11 17:35:00+00:00,1156.174,1151.534,0.01,20,4.639999999999873,0.5959424747474742,4.0440575252523985,1.743128243643323,1.211999999999989,4.663000000000011,target,2010
1,80607,80625,2010-01-13 15:35:00+00:00,2010-01-13 17:05:00+00:00,1122.578,1128.688,0.01,18,6.110000000000127,0.5894367146239254,5.520563285376202,1.8070583585519107,1.1210000000000946,6.227000000000089,target,2010
-1,80876,80897,2010-01-14 14:00:00+00:00,2010-01-14 15:45:00+00:00,1139.9969999999998,1135.8989999999994,0.01,21,4.098000000000411,0.5546283555816303,3.543371644418781,1.7293175424199247,0.03300000000012915,4.668999999999869,target,2010
1,82092,82093,2010-01-20 15:15:00+00:00,2010-01-20 15:20:00+00:00,1116.848,1114.713,0.01,1,-2.134999999999991,0.5591027397260284,-2.694102739726019,-1.2618748195438083,4.036999999999807,0.0,stop,2010
-1,82399,82400,2010-01-21 16:55:00+00:00,2010-01-21 17:00:00+00:00,1095.84,1098.464,0.01,1,-2.6240000000000236,0.5952462887989203,-3.219246288798944,-1.2268469088410499,3.130000000000109,0.0,stop,2010
1,82667,82676,2010-01-22 15:15:00+00:00,2010-01-22 16:00:00+00:00,1084.983,1090.635,0.01,9,5.652000000000044,0.5565034942304609,5.0954965057695825,1.803077319805217,0.8089999999999691,8.263999999999896,target,2010
-1,83294,83297,2010-01-26 14:50:00+00:00,2010-01-26 15:05:00+00:00,1093.604,1096.531,0.01,3,-2.9269999999999072,0.554271002529618,-3.4812710025295255,-1.18936487957965,3.6389999999998963,0.6299999999998818,stop,2010
1,83621,83631,2010-01-27 18:05:00+00:00,2010-01-27 18:55:00+00:00,1087.222,1084.87,0.01,10,-2.352000000000089,0.5934535256410323,-2.9454535256411214,-1.2523186758677762,2.4579999999998563,1.1320000000000618,stop,2010
1,83893,83902,2010-01-28 16:45:00+00:00,2010-01-28 17:30:00+00:00,1084.211,1082.113,0.01,9,-2.0979999999999563,0.5691285714285814,-2.6671285714285378,-1.2712719596895106,4.944000000000187,2.6800000000000637,stop,2010
-1,84145,84151,2010-01-29 13:50:00+00:00,2010-01-29 14:20:00+00:00,1086.346,1080.022,0.01,6,6.32400000000007,0.5933060671722608,5.730693932827809,1.8123636726210455,0.0,8.228000000000065,target,2010
1,84783,84796,2010-02-02 13:15:00+00:00,2010-02-02 14:20:00+00:00,1111.399,1115.4569999999999,0.01,13,4.057999999999993,0.5947011121408599,3.463298887859133,1.7068994025919857,1.5049999999998818,4.413000000000011,target,2010
1,85385,85395,2010-02-04 15:25:00+00:00,2010-02-04 16:15:00+00:00,1073.857,1068.171,0.01,10,-5.685999999999922,0.5721675824175787,-6.2581675824175,-1.100627432715017,6.541999999999916,2.5599999999999454,stop,2010
-1,85652,85655,2010-02-05 13:40:00+00:00,2010-02-05 13:55:00+00:00,1059.4250000000002,1063.179,0.01,3,-3.7539999999999054,0.557256058055486,-4.311256058055392,-1.1484432759870806,4.359999999999673,0.31300000000010186,stop,2010
-1,86313,86318,2010-02-09 16:10:00+00:00,2010-02-09 16:35:00+00:00,1074.404,1077.453,0.01,5,-3.048999999999978,0.5589762845849797,-3.607976284584958,-1.183331021510326,3.3840000000000146,3.130000000000109,stop,2010
-1,86618,86654,2010-02-10 17:35:00+00:00,2010-02-10 20:35:00+00:00,1074.184,1069.8480000000002,0.01,36,4.335999999999785,0.6117021396396278,3.7242978603601573,1.7178495665868734,1.8289999999999509,4.3559999999999945,target,2010
1,86873,86882,2010-02-11 14:50:00+00:00,2010-02-11 15:35:00+00:00,1076.827,1080.977,0.01,9,4.150000000000091,0.5572749210249177,3.5927250789751732,1.7314337730000455,1.3299999999999272,4.990000000000009,target,2010
1,87160,87170,2010-02-12 14:45:00+00:00,2010-02-12 15:35:00+00:00,1081.163,1087.5569999999998,0.01,10,6.393999999999778,0.5335594391383758,5.860440560861402,1.8331062123433237,0.0,7.2309999999999945,target,2010
1,88062,88076,2010-02-17 16:10:00+00:00,2010-02-17 17:20:00+00:00,1114.548,1119.0960000000002,0.01,14,4.548000000000229,0.5528430449723674,3.995156955027862,1.756885204497652,2.102000000000089,4.969000000000051,target,2010
-1,88318,88324,2010-02-18 13:30:00+00:00,2010-02-18 14:00:00+00:00,1109.2649999999999,1112.051,0.01,6,-2.786000000000058,0.6020968409968446,-3.388096840996903,-1.2161151618796957,4.18100000000004,2.27599999999984,stop,2010
-1,88654,88671,2010-02-19 17:30:00+00:00,2010-02-19 18:55:00+00:00,1123.9270000000001,1119.7850000000003,0.01,17,4.141999999999825,0.591422619047616,3.5505773809522094,1.7144265480214191,1.9029999999997926,4.149000000000115,target,2010
1,89256,89257,2010-02-23 15:10:00+00:00,2010-02-23 15:15:00+00:00,1108.938,1106.881,0.01,1,-2.0570000000000164,0.5400820512820519,-2.5970820512820683,-1.2625581192426094,4.229000000000269,0.0,stop,2010
-1,89542,89543,2010-02-24 15:00:00+00:00,2010-02-24 15:05:00+00:00,1098.644,1100.9379999999999,0.01,1,-2.293999999999869,0.6091164213746947,-2.9031164213745635,-1.2655259029532386,4.464999999999918,0.0,stop,2010
1,89820,89823,2010-02-25 14:10:00+00:00,2010-02-25 14:25:00+00:00,1091.9160000000002,1089.5819999999999,0.01,3,-2.3340000000002874,0.5527439248895505,-2.8867439248898377,-1.2368225899269418,3.272000000000162,0.4479999999998654,stop,2010
1,90120,90123,2010-02-26 15:10:00+00:00,2010-02-26 15:25:00+00:00,1109.508,1113.7300000000002,0.01,3,4.222000000000207,0.5669834777898091,3.6550165222103983,1.7314147428755182,0.0,4.801999999999907,target,2010
1,91334,91359,2010-03-04 15:50:00+00:00,2010-03-04 17:55:00+00:00,1129.394,1133.5359999999998,0.01,25,4.141999999999825,0.6097165104542233,3.532283489545602,1.70559318664691,1.9839999999999236,4.607999999999947,target,2010
1,91596,91614,2010-03-05 13:40:00+00:00,2010-03-05 15:10:00+00:00,1131.028,1137.4399999999998,0.01,18,6.411999999999807,0.5396634538152532,5.872336546184554,1.8316707879553122,0.0,6.658000000000129,target,2010
1,91971,92024,2010-03-08 16:35:00+00:00,2010-03-08 21:00:00+00:00,1120.818,1121.7579999999998,0.01,53,0.9399999999998273,0.65334222919937,0.2866577708004573,0.12044444151280316,0.7679999999998017,4.350000000000136,session_flat,2010
1,92556,92600,2010-03-10 17:20:00+00:00,2010-03-10 21:00:00+00:00,1106.1680000000001,1107.299,0.01,44,1.1309999999998581,0.6650554295792297,0.4659445704206284,0.1778414390918349,1.887000000000171,4.907999999999902,session_flat,2010
-1,92799,92800,2010-03-11 13:35:00+00:00,2010-03-11 13:40:00+00:00,1107.621,1102.5310000000004,0.01,1,5.089999999999691,0.5534418851878091,4.536558114811882,1.7825375696707888,0.0,6.875,target,2010
1,93089,93096,2010-03-12 13:45:00+00:00,2010-03-12 14:20:00+00:00,1113.183,1110.892,0.01,7,-2.29099999999994,0.5930570361397134,-2.8840570361396534,-1.2588638307026316,5.54099999999994,1.79099999999994,stop,2010
1,94603,94605,2010-03-19 14:50:00+00:00,2010-03-19 15:00:00+00:00,1108.213,1106.0810000000001,0.01,2,-2.1319999999998345,0.5514264429530265,-2.683426442952861,-1.2586427968823026,2.5570000000000164,0.2300000000000182,stop,2010
-1,95224,95244,2010-03-23 14:25:00+00:00,2010-03-23 16:05:00+00:00,1104.167,1106.461,0.01,20,-2.2940000000000964,0.5432211168164243,-2.8372211168165204,-1.2368008355782045,2.4300000000000637,3.3489999999999327,stop,2010
1,99715,99717,2010-04-13 14:10:00+00:00,2010-04-13 14:20:00+00:00,1149.65,1147.374,0.01,2,-2.2760000000000673,0.5967651195499257,-2.8727651195499933,-1.2621990859182375,2.9500000000000455,0.34999999999990905,stop,2010
-1,100303,100308,2010-04-15 15:10:00+00:00,2010-04-15 15:35:00+00:00,1159.3,1161.35,0.01,5,-2.0499999999999545,0.5746666666666647,-2.624666666666619,-1.2803252032520378,2.2500000000002274,1.0,stop,2010
1,100569,100580,2010-04-16 13:20:00+00:00,2010-04-16 14:15:00+00:00,1148.701,1154.2030000000004,0.01,11,5.5020000000004075,0.5562714025952604,4.945728597405147,1.7977930197763652,1.7010000000000218,6.048999999999978,target,2010
-1,103004,103035,2010-04-28 15:35:00+00:00,2010-04-28 18:10:00+00:00,1171.8200000000002,1167.6500000000005,0.01,31,4.169999999999618,0.5553694761403409,3.614630523859277,1.7336357428583251,1.9169999999999163,4.4220000000000255,target,2010
1,104206,104207,2010-05-04 14:55:00+00:00,2010-05-04 15:00:00+00:00,1176.217,1173.8880000000004,0.01,1,-2.3289999999997235,0.5502813854996504,-2.879281385499374,-1.2362736734648845,7.742999999999938,0.0,stop,2010
-1,104493,104499,2010-05-05 14:50:00+00:00,2010-05-05 15:20:00+00:00,1171.83,1174.383,0.01,6,-2.553000000000111,0.5320457172884899,-3.085045717288601,-1.208400202619846,3.0149999999998727,1.83199999999988,stop,2010
1,104826,104827,2010-05-06 18:35:00+00:00,2010-05-06 18:40:00+00:00,1192.1399999999999,1198.0259999999994,0.01,1,5.8859999999995125,0.5628730158730113,5.323126984126501,1.808741754715237,0.0,6.04300000000012,target,2010
-1,105095,105143,2010-05-07 17:00:00+00:00,2010-05-07 21:00:00+00:00,1209.777,1207.884,0.01,48,1.893000000000029,0.6260323544051707,1.2669676455948584,0.4248717792068648,2.66599999999994,4.376999999999953,session_flat,2010
1,105411,105415,2010-05-10 14:00:00+00:00,2010-05-10 14:20:00+00:00,1195.629,1199.7369999999996,0.01,4,4.10799999999972,0.4580961446930024,3.6499038553067176,1.7769736393899545,0.3449999999997999,6.219000000000051,target,2010
1,106003,106015,2010-05-12 15:20:00+00:00,2010-05-12 16:20:00+00:00,1236.524,1241.8539999999998,0.01,12,5.329999999999927,0.5584708150511901,4.771529184948737,1.7904424709001134,0.46099999999978536,7.707000000000107,target,2010
1,106564,106567,2010-05-14 14:05:00+00:00,2010-05-14 14:20:00+00:00,1237.7240000000002,1234.568,0.01,3,-3.156000000000177,0.5513316722037664,-3.707331672203943,-1.1746931787717791,5.511000000000195,1.0149999999998727,stop,2010
1,106934,106940,2010-05-17 16:00:00+00:00,2010-05-17 16:30:00+00:00,1226.228,1223.53,0.01,6,-2.6980000000000928,0.6073465643307996,-3.3053465643308924,-1.2251099200632982,3.8760000000002037,3.3609999999998763,stop,2010
1,107237,107241,2010-05-18 17:15:00+00:00,2010-05-18 17:35:00+00:00,1213.6599999999999,1211.2469999999998,0.01,4,-2.413000000000011,0.5707090909091006,-2.9837090909091115,-1.2365143352296304,2.70699999999988,1.0420000000001437,stop,2010
-1,107479,107483,2010-05-19 13:25:00+00:00,2010-05-19 13:45:00+00:00,1208.32,1203.0939999999998,0.01,4,5.226000000000113,0.4718637632607478,4.754136236739365,1.819416852942695,0.7850000000000819,5.3940000000000055,target,2010
1,107778,107779,2010-05-20 14:20:00+00:00,2010-05-20 14:25:00+00:00,1189.475,1186.65,0.01,1,-2.824999999999818,0.5506359836580748,-3.375635983657893,-1.1949153924453488,10.198999999999842,0.0,stop,2010
1,108058,108060,2010-05-21 13:40:00+00:00,2010-05-21 13:50:00+00:00,1174.248,1180.0500000000006,0.01,2,5.802000000000589,0.605899342105259,5.196100657895331,1.7911412126490185,0.0,9.368999999999915,target,2010
1,111069,111072,2010-06-04 14:05:00+00:00,2010-06-04 14:20:00+00:00,1199.8899999999999,1204.6860000000001,0.01,3,4.7960000000002765,0.6000674019607732,4.195932598039503,1.7497633853374734,0.0,5.526000000000067,target,2010
-1,111444,111446,2010-06-07 16:05:00+00:00,2010-06-07 16:15:00+00:00,1236.691,1238.97,0.01,2,-2.2789999999999964,0.5574820933165178,-2.8364820933165142,-1.2446169781994378,2.298000000000002,0.5470000000000255,stop,2010
-1,111993,112006,2010-06-09 13:50:00+00:00,2010-06-09 14:55:00+00:00,1234.0149999999999,1229.8369999999995,0.01,13,4.178000000000338,0.45678132348001815,3.72121867652032,1.781339720689334,0.415000000000191,5.439999999999827,target,2010
1,112284,112310,2010-06-10 14:05:00+00:00,2010-06-10 16:15:00+00:00,1218.475,1224.725,0.01,26,6.25,0.5816317350469553,5.6683682649530445,1.8138778447849742,2.369999999999891,7.664999999999964,target,2010
1,112572,112584,2010-06-11 14:05:00+00:00,2010-06-11 15:05:00+00:00,1221.874,1226.3,0.01,12,4.425999999999931,0.5523193760391509,3.87368062396078,1.7504205259651335,0.15399999999999636,4.699000000000069,target,2010
-1,112955,113000,2010-06-14 17:15:00+00:00,2010-06-14 21:00:00+00:00,1222.618,1221.0,0.01,45,1.6179999999999382,0.6249200112528184,0.9930799887471198,0.4181389426303662,2.3290000000001783,4.1749999999999545,session_flat,2010
1,114453,114457,2010-06-21 17:10:00+00:00,2010-06-21 17:30:00+00:00,1240.535,1238.0700000000002,0.01,4,-2.464999999999918,0.5535803267079551,-3.0185803267078732,-1.2245761974474538,2.533000000000129,1.7749999999998636,stop,2010
1,114987,114989,2010-06-23 13:40:00+00:00,2010-06-23 13:50:00+00:00,1232.253,1230.224,0.01,2,-2.0289999999999964,0.455936702984235,-2.4849367029842315,-1.22471005568469,7.54099999999994,0.0,stop,2010
1,116195,116198,2010-06-29 13:55:00+00:00,2010-06-29 14:10:00+00:00,1230.363,1236.265,0.01,3,5.902000000000044,0.5586961157363196,5.343303884263724,1.8106756639321195,0.8179999999999836,5.991999999999962,target,2010
1,116475,116481,2010-06-30 13:20:00+00:00,2010-06-30 13:50:00+00:00,1236.965,1241.4169999999997,0.01,6,4.451999999999771,0.4692830998706461,3.982716900129125,1.789180997362682,0.9700000000000273,5.279999999999973,target,2010
1,116763,116774,2010-07-01 13:20:00+00:00,2010-07-01 14:15:00+00:00,1234.217,1232.01,0.01,11,-2.2070000000001073,0.5564553918399779,-2.7634553918400853,-1.2521320307385368,2.880000000000109,2.480000000000018,stop,2010
-1,117052,117082,2010-07-02 13:30:00+00:00,2010-07-02 16:00:00+00:00,1206.263,1208.8110000000001,0.01,30,-2.548000000000229,0.5940386984057764,-3.1420386984060054,-1.2331392065956526,4.385000000000218,5.076000000000022,stop,2010
1,117679,117685,2010-07-06 13:05:00+00:00,2010-07-06 13:35:00+00:00,1201.32,1199.185,0.01,6,-2.134999999999991,0.6057396639664019,-2.7407396639663926,-1.2837188121622503,3.438999999999851,1.9850000000001273,stop,2010
1,118266,118272,2010-07-08 14:05:00+00:00,2010-07-08 14:35:00+00:00,1193.345,1190.739,0.01,6,-2.6059999999999945,0.6003680942345309,-3.2063680942345254,-1.2303791612565358,3.1200000000001182,0.8279999999999745,stop,2010
-1,118543,118557,2010-07-09 13:10:00+00:00,2010-07-09 14:20:00+00:00,1208.0900000000001,1210.1100000000001,0.01,14,-2.019999999999982,0.5513379359813521,-2.571337935981334,-1.2729395722679986,5.3409999999998945,1.9860000000001037,stop,2010
1,118895,118964,2010-07-12 15:15:00+00:00,2010-07-12 21:00:00+00:00,1198.6399999999999,1197.2379999999998,0.01,69,-1.4020000000000437,0.6245051495016569,-2.0265051495017006,-0.8892080515584484,2.140999999999849,2.5590000000001965,session_flat,2010
1,119745,119746,2010-07-15 14:10:00+00:00,2010-07-15 14:15:00+00:00,1208.075,1205.688,0.01,1,-2.3869999999999436,0.5555871207430318,-2.9425871207429752,-1.2327553920163572,4.136999999999944,0.0,stop,2010
1,120028,120030,2010-07-16 13:45:00+00:00,2010-07-16 13:55:00+00:00,1190.305,1187.674,0.01,2,-2.6310000000000855,0.604784719432162,-3.2357847194322478,-1.229868764512407,3.272999999999911,0.5099999999999909,stop,2010
1,121877,121881,2010-07-26 13:40:00+00:00,2010-07-26 14:00:00+00:00,1189.068,1186.996,0.01,4,-2.071999999999889,0.45989529705658533,-2.5318952970564745,-1.2219571896991361,4.106999999999971,0.7019999999999982,stop,2010
1,122179,122192,2010-07-27 14:50:00+00:00,2010-07-27 15:55:00+00:00,1162.775,1160.695,0.01,13,-2.0800000000001546,0.5551420448162316,-2.6351420448163863,-1.2668952138539378,2.244000000000142,1.8289999999999509,stop,2010
-1,123375,123402,2010-08-02 13:25:00+00:00,2010-08-02 15:40:00+00:00,1187.27,1182.074,0.01,27,5.195999999999913,0.5087330508474581,4.687266949152455,1.8041828133766487,2.4480000000000928,7.351999999999862,target,2010
1,124241,124245,2010-08-05 13:40:00+00:00,2010-08-05 14:00:00+00:00,1194.871,1192.5510000000002,0.01,4,-2.3199999999999363,0.6062661040787687,-2.926266104078705,-1.2613215965856832,3.1770000000001346,0.0,stop,2010
1,125474,125485,2010-08-11 15:25:00+00:00,2010-08-11 16:20:00+00:00,1194.836,1192.651,0.01,11,-2.1849999999999454,0.6094841544555991,-2.7944841544555445,-1.2789401164556586,2.48700000000008,1.9919999999999618,stop,2010
1,127859,127869,2010-08-23 13:35:00+00:00,2010-08-23 14:25:00+00:00,1226.586,1224.488,0.01,10,-2.0979999999999563,0.45610551872158106,-2.5541055187215376,-1.2174001519168687,3.3999999999998636,1.3530000000000655,stop,2010
-1,128158,128236,2010-08-24 14:30:00+00:00,2010-08-24 21:00:00+00:00,1231.815,1230.225,0.01,78,1.5900000000001455,0.5700715357913508,1.0199284642087947,0.29666331128818046,2.20699999999988,2.9859999999998763,session_flat,2010
1,129018,129023,2010-08-27 14:15:00+00:00,2010-08-27 14:40:00+00:00,1235.039,1239.519,0.01,5,4.480000000000018,0.5428846117289237,3.9371153882710948,1.757640798335303,0.6259999999999764,5.2439999999999145,target,2010
1,129918,129923,2010-09-01 14:15:00+00:00,2010-09-01 14:40:00+00:00,1246.262,1244.186,0.01,5,-2.076000000000022,0.4554209236947752,-2.531420923694797,-1.2193742407007564,2.7159999999998945,0.8920000000000528,stop,2010
-1,131411,131443,2010-09-08 13:45:00+00:00,2010-09-08 16:25:00+00:00,1259.101,1254.6950000000002,0.01,32,4.405999999999949,0.5428973209712133,3.863102679028736,1.7535645388237768,1.0529999999998836,4.501000000000204,target,2010
-1,134160,134172,2010-09-21 18:45:00+00:00,2010-09-21 19:45:00+00:00,1285.12,1287.451,0.01,12,-2.331000000000131,0.6372649122806988,-2.96826491228083,-1.2733869207553252,4.247000000000071,3.9710000000000036,stop,2010
-1,135611,135619,2010-09-28 14:40:00+00:00,2010-09-28 15:20:00+00:00,1304.774,1306.852,0.01,8,-2.078000000000202,0.5229380503788572,-2.6009380503790593,-1.251654499701062,2.1710000000002765,1.20699999999988,stop,2010
1,136178,136188,2010-09-30 14:00:00+00:00,2010-09-30 14:50:00+00:00,1307.844,1304.897,0.01,10,-2.9470000000001164,0.5351283088602508,-3.482128308860367,-1.181584088517214,3.33400000000006,0.1610000000000582,stop,2010
1,137668,137674,2010-10-07 13:55:00+00:00,2010-10-07 14:25:00+00:00,1345.616,1340.812,0.01,6,-4.804000000000087,0.5559997337787488,-5.359999733778836,-1.1157368305118107,5.563999999999851,3.849999999999909,stop,2010
1,137947,137953,2010-10-08 13:10:00+00:00,2010-10-08 13:40:00+00:00,1333.715,1340.215,0.01,6,6.5,0.6093026122838683,5.8906973877161315,1.8125222731434252,0.0,7.720000000000027,target,2010
1,138298,138314,2010-10-11 14:55:00+00:00,2010-10-11 16:15:00+00:00,1346.656,1351.9519999999998,0.01,16,5.295999999999822,0.5076222848014726,4.788377715198349,1.8082997413891655,0.7919999999999163,5.6030000000000655,target,2010
-1,138874,138946,2010-10-13 15:00:00+00:00,2010-10-13 21:00:00+00:00,1371.682,1372.085,0.01,72,-0.40300000000002,0.6017432432432366,-1.0047432432432566,-0.4875027866294492,1.3360000000000127,3.484000000000151,session_flat,2010
1,139428,139441,2010-10-15 13:10:00+00:00,2010-10-15 14:15:00+00:00,1369.249,1366.266,0.01,13,-2.9829999999999472,0.5529227099236635,-3.535922709923611,-1.1853579315868834,3.9139999999999873,4.90300000000002,stop,2010
1,140067,140069,2010-10-19 13:10:00+00:00,2010-10-19 13:20:00+00:00,1338.935,1336.3139999999999,0.01,2,-2.6210000000000946,0.5556968992572746,-3.176696899257369,-1.2120171305826992,5.15099999999984,0.7490000000000236,stop,2010
-1,140376,140379,2010-10-20 14:55:00+00:00,2010-10-20 15:10:00+00:00,1342.926,1345.135,0.01,3,-2.20900000000006,0.546352988034855,-2.755352988034915,-1.2473304608577818,2.2970000000000255,0.8369999999999891,stop,2010
1,140664,140667,2010-10-21 14:55:00+00:00,2010-10-21 15:10:00+00:00,1341.739,1339.433,0.01,3,-2.30600000000004,0.5552056366292148,-2.861205636629255,-1.240765670697834,2.5349999999998545,0.25900000000001455,stop,2010
-1,141589,141604,2010-10-26 14:40:00+00:00,2010-10-26 15:55:00+00:00,1336.091,1338.198,0.01,15,-2.1070000000001983,0.5210814375561625,-2.628081437556361,-1.2473096523759437,4.367999999999938,3.856999999999971,stop,2010
1,141871,141873,2010-10-27 14:10:00+00:00,2010-10-27 14:20:00+00:00,1324.722,1322.616,0.01,2,-2.1059999999999945,0.4642801172707838,-2.5702801172707783,-1.2204558961399739,2.606999999999971,1.80600000000004,stop,2010
1,143357,143373,2010-11-03 13:25:00+00:00,2010-11-03 14:45:00+00:00,1353.592,1351.453,0.01,16,-2.1390000000001237,0.4597355353822647,-2.598735535382388,-1.2149301240683674,8.313000000000102,2.836999999999989,stop,2010
-1,143973,143977,2010-11-05 16:45:00+00:00,2010-11-05 17:05:00+00:00,1392.393,1394.609,0.01,4,-2.2159999999998945,0.5940883272775592,-2.8100883272774535,-1.2680904003960232,3.558999999999969,2.1489999999998872,stop,2010
-1,144296,144313,2010-11-08 17:35:00+00:00,2010-11-08 19:00:00+00:00,1404.872,1406.946,0.01,17,-2.0739999999998417,0.5544727919438331,-2.628472791943675,-1.267344644138802,3.6219999999998436,2.2999999999999545,stop,2010
1,144600,144614,2010-11-09 18:55:00+00:00,2010-11-09 20:05:00+00:00,1404.125,1400.406,0.01,14,-3.719000000000051,0.7646481978426749,-4.483648197842726,-1.2056058612107192,3.97400000000016,3.875,stop,2010
-1,144831,144835,2010-11-10 14:10:00+00:00,2010-11-10 14:30:00+00:00,1404.925,1400.4889999999998,0.01,4,4.436000000000149,0.46069479625550175,3.9753052037446475,1.792292697810872,0.0,5.781999999999925,target,2010
1,145130,145135,2010-11-11 15:10:00+00:00,2010-11-11 15:35:00+00:00,1401.412,1398.644,0.01,5,-2.768000000000029,0.5850585607940471,-3.353058560794076,-1.2113650869920667,3.8450000000000273,2.991999999999962,stop,2010
-1,145405,145407,2010-11-12 14:05:00+00:00,2010-11-12 14:15:00+00:00,1391.221,1393.484,0.01,2,-2.26299999999992,0.5579694664336354,-2.8209694664335556,-1.2465618499485884,2.8070000000000164,0.0,stop,2010
1,145714,145721,2010-11-15 13:25:00+00:00,2010-11-15 14:00:00+00:00,1362.381,1368.0760000000002,0.01,7,5.695000000000164,0.4514122397084405,5.243587760291724,1.8414706796458553,1.6990000000000691,5.953999999999951,target,2010
1,145998,145999,2010-11-16 13:15:00+00:00,2010-11-16 13:20:00+00:00,1356.868,1354.3000000000002,0.01,1,-2.5679999999997563,0.4547994667539779,-3.0227994667537343,-1.1771025960880146,4.348999999999933,0.33100000000013097,stop,2010
-1,146313,146343,2010-11-17 15:30:00+00:00,2010-11-17 18:00:00+00:00,1342.011,1336.065,0.01,30,5.945999999999913,0.4558069424730739,5.490193057526839,1.8466845131271172,1.6770000000001346,6.388999999999896,target,2010
-1,146612,146614,2010-11-18 16:30:00+00:00,2010-11-18 16:40:00+00:00,1356.505,1359.329,0.01,2,-2.8239999999998417,0.4561764299397926,-3.2801764299396345,-1.1615355630098507,2.867999999999938,0.2720000000001619,stop,2010
1,146883,146889,2010-11-19 15:05:00+00:00,2010-11-19 15:35:00+00:00,1343.885,1348.099,0.01,6,4.213999999999942,0.45533874043919204,3.75866125956075,1.7838923870720464,0.0,9.491999999999962,target,2010
1,147206,147232,2010-11-22 15:40:00+00:00,2010-11-22 17:50:00+00:00,1351.443,1357.2410000000002,0.01,26,5.798000000000229,0.7551647959849086,5.04283520401532,1.7395085215643742,2.3559999999999945,7.435000000000173,target,2010
-1,147469,147474,2010-11-23 13:35:00+00:00,2010-11-23 14:00:00+00:00,1361.742,1363.936,0.01,5,-2.19399999999996,0.8538067283901345,-3.0478067283900945,-1.3891553000866683,4.8559999999999945,2.1829999999999927,stop,2010
1,147758,147776,2010-11-24 13:40:00+00:00,2010-11-24 15:10:00+00:00,1375.129,1371.819,0.01,18,-3.3099999999999454,0.5543953887548689,-3.864395388754814,-1.1674910540044947,5.302999999999884,3.2760000000000673,stop,2010
-1,148389,148417,2010-11-26 18:35:00+00:00,2010-11-26 21:00:00+00:00,1363.0810000000001,1362.877,0.01,28,0.20400000000017826,0.7294507246376603,-0.525450724637482,-0.2024078292132054,0.6189999999999145,0.7510000000002037,session_flat,2010
1,148658,148671,2010-11-29 15:05:00+00:00,2010-11-29 16:10:00+00:00,1357.901,1363.2250000000001,0.01,13,5.324000000000069,0.4556260624480432,4.868373937552026,1.8288406978031417,0.0,6.522999999999911,target,2010
-1,148930,148934,2010-11-30 13:45:00+00:00,2010-11-30 14:05:00+00:00,1383.116,1385.151,0.01,4,-2.035000000000082,0.4562723285134904,-2.4912723285135723,-1.2242124464439665,2.7640000000001237,0.4739999999999327,stop,2010
1,149214,149217,2010-12-01 13:25:00+00:00,2010-12-01 13:40:00+00:00,1391.865,1389.33,0.01,3,-2.535000000000082,0.45914245689655503,-2.994142456896637,-1.1811212847718109,4.643000000000029,0.0,stop,2010
1,149558,149580,2010-12-02 18:05:00+00:00,2010-12-02 19:55:00+00:00,1389.379,1384.987,0.01,22,-4.391999999999825,0.5551771057845134,-4.947177105784339,-1.1264064448507594,4.677999999999884,1.3330000000000837,stop,2010
-1,149794,149805,2010-12-03 13:45:00+00:00,2010-12-03 14:40:00+00:00,1398.665,1402.9009999999998,0.01,11,-4.235999999999876,0.5543124283882412,-4.790312428388118,-1.130857513783819,5.800999999999931,1.6859999999999218,stop,2010
1,150164,150173,2010-12-06 18:20:00+00:00,2010-12-06 19:05:00+00:00,1412.826,1417.2060000000001,0.01,9,4.380000000000109,0.4572559928443704,3.922744007155739,1.791207309203489,0.05400000000008731,4.564000000000078,target,2010
-1,150394,150397,2010-12-07 13:30:00+00:00,2010-12-07 13:45:00+00:00,1428.9560000000001,1431.056,0.01,3,-2.099999999999909,0.46133250000000386,-2.5613324999999127,-1.219682142857154,2.15099999999984,1.6350000000002183,stop,2010
1,150679,150689,2010-12-08 13:20:00+00:00,2010-12-08 14:10:00+00:00,1387.224,1393.9219999999998,0.01,10,6.697999999999865,0.45834249774285707,6.239657502257009,1.86314049037239,0.0,6.8559999999999945,target,2010
-1,150978,150985,2010-12-09 14:15:00+00:00,2010-12-09 14:50:00+00:00,1388.954,1392.023,0.01,7,-3.06899999999996,0.45780465162214273,-3.5268046516221028,-1.1491706261395076,5.472999999999956,2.5,stop,2010
1,151262,151273,2010-12-10 13:55:00+00:00,2010-12-10 14:50:00+00:00,1379.8000000000002,1377.404,0.01,11,-2.3960000000001855,0.6544014496932642,-3.0504014496934495,-1.2731224748302226,3.6000000000001364,2.949999999999818,stop,2010
-1,152172,152173,2010-12-15 14:40:00+00:00,2010-12-15 14:45:00+00:00,1388.176,1390.3400000000001,0.01,1,-2.1640000000002146,0.4440022718020722,-2.608002271802287,-1.205176650555466,3.5520000000001346,0.0,stop,2010
1,152446,152450,2010-12-16 13:30:00+00:00,2010-12-16 13:50:00+00:00,1377.5610000000001,1375.431,0.01,4,-2.130000000000109,0.44231896185424596,-2.572318961854355,-1.2076614844386024,2.2210000000000036,1.709999999999809,stop,2010
-1,152758,152760,2010-12-17 15:30:00+00:00,2010-12-17 15:40:00+00:00,1370.567,1366.5610000000001,0.01,2,4.005999999999858,0.4540739023020075,3.5519260976978506,1.7733030942076766,1.2210000000000036,4.851000000000113,target,2010
1,153099,153110,2010-12-20 15:30:00+00:00,2010-12-20 16:25:00+00:00,1378.306,1382.6840000000002,0.01,11,4.378000000000156,0.4542188790894018,3.9237811209107547,1.7924993699911442,0.0,4.6159999999999854,target,2010
1,153373,153376,2010-12-21 14:20:00+00:00,2010-12-21 14:35:00+00:00,1384.73,1382.375,0.01,3,-2.355000000000018,0.5536785738169006,-2.9086785738169185,-1.2351076746568561,3.6949999999999363,1.0899999999999181,stop,2010
-1,154843,154868,2010-12-28 13:35:00+00:00,2010-12-28 15:40:00+00:00,1403.1985,1405.2849999999999,0.01,25,-2.0864999999998872,0.6507010759710135,-2.7372010759709005,-1.3118624854881613,3.3804999999999836,3.2245000000000346,stop,2010
-1,156066,156073,2011-01-03 15:00:00+00:00,2011-01-03 15:35:00+00:00,1421.411,1416.7430000000004,0.01,7,4.667999999999665,0.6023684370373226,4.065631562962343,1.7419158367449163,0.7979999999997744,5.338999999999942,target,2011
1,156341,156350,2011-01-04 13:55:00+00:00,2011-01-04 14:40:00+00:00,1395.582,1393.502,0.01,9,-2.0800000000001546,0.5507379974171231,-2.6307379974172775,-1.2647778833735972,6.4620000000002165,1.6879999999998745,stop,2011
1,156638,156655,2011-01-05 14:45:00+00:00,2011-01-05 16:10:00+00:00,1366.673,1371.881,0.01,17,5.208000000000084,0.5492197858412455,4.658780214158838,1.7890861037476051,0.4980000000000473,5.413999999999987,target,2011
1,156926,156929,2011-01-06 14:45:00+00:00,2011-01-06 15:00:00+00:00,1369.953,1367.877,0.01,3,-2.076000000000022,0.4525026073177744,-2.528502607317796,-1.2179685006347638,2.4079999999999018,1.7280000000000655,stop,2011
1,157216,157218,2011-01-07 14:55:00+00:00,2011-01-07 15:05:00+00:00,1366.829,1371.1869999999997,0.01,2,4.35799999999972,0.6498175378905033,3.7081824621092165,1.7017817632443575,0.6789999999998599,7.371000000000095,target,2011
1,157561,157568,2011-01-10 15:05:00+00:00,2011-01-10 15:40:00+00:00,1368.288,1373.1839999999997,0.01,7,4.895999999999731,0.45202844571493295,4.443971554284798,1.8153478571425827,0.48900000000003274,5.153999999999996,target,2011
-1,158412,158418,2011-01-13 14:05:00+00:00,2011-01-13 14:35:00+00:00,1390.972,1386.474,0.01,6,4.498000000000047,0.5208104722099787,3.9771895277900686,1.7684257571320705,0.22700000000008913,6.251999999999953,target,2011
1,158725,158726,2011-01-14 16:10:00+00:00,2011-01-14 16:15:00+00:00,1359.5610000000001,1357.0839999999998,0.01,1,-2.4770000000003165,0.4715035045798474,-2.948503504580164,-1.1903526461767409,2.7120000000002165,0.0929999999998472,stop,2011
1,159370,159404,2011-01-18 17:25:00+00:00,2011-01-18 20:15:00+00:00,1367.1109999999999,1365.103,0.01,34,-2.007999999999811,0.5191054394560528,-2.5271054394558634,-1.2585186451474608,2.3659999999999854,2.576000000000022,stop,2011
1,159630,159632,2011-01-19 15:05:00+00:00,2011-01-19 15:15:00+00:00,1372.754,1370.0149999999999,0.01,2,-2.7390000000000327,0.4607847769028834,-3.199784776902916,-1.16823102479112,3.27599999999984,0.40800000000012915,stop,2011
1,159901,159911,2011-01-20 13:50:00+00:00,2011-01-20 14:40:00+00:00,1348.647,1346.2179999999998,0.01,10,-2.4290000000000873,0.40313417544436725,-2.8321341754444544,-1.1659671368646984,3.8040000000000873,1.5410000000001673,stop,2011
1,161427,161451,2011-01-27 16:35:00+00:00,2011-01-27 18:35:00+00:00,1320.962,1317.154,0.01,24,-3.8079999999999927,0.4753380688301639,-4.283338068830156,-1.124826173537333,4.097999999999956,2.1620000000000346,stop,2011
1,161680,161684,2011-01-28 13:45:00+00:00,2011-01-28 14:05:00+00:00,1315.607,1313.27,0.01,4,-2.336999999999989,0.47824645312670255,-2.815246453126692,-1.2046411866181879,2.759999999999991,0.0,stop,2011
1,162088,162105,2011-01-31 19:35:00+00:00,2011-01-31 21:00:00+00:00,1329.048,1331.0665,0.01,17,2.0184999999999036,0.4717501305255859,1.5467498694743176,0.7630734432532236,0.06899999999995998,2.713999999999942,session_flat,2011
-1,162300,162311,2011-02-01 13:25:00+00:00,2011-02-01 14:20:00+00:00,1339.127,1334.9249999999997,0.01,11,4.2020000000002256,0.4347494108405368,3.767250589159689,1.7930750067394035,1.76299999999992,4.596999999999753,target,2011
1,162632,162636,2011-02-02 17:05:00+00:00,2011-02-02 17:25:00+00:00,1329.7665,1327.693,0.01,4,-2.0734999999999673,0.5077736014794223,-2.5812736014793893,-1.2448871962765518,2.9694999999999254,0.6304999999999836,stop,2011
-1,162880,162882,2011-02-03 13:45:00+00:00,2011-02-03 13:55:00+00:00,1334.6190000000001,1336.815,0.01,2,-2.1959999999999127,0.49265556706418406,-2.688655567064097,-1.224342243654009,2.757000000000062,1.1790000000000873,stop,2011
-1,163169,163172,2011-02-04 13:50:00+00:00,2011-02-04 14:05:00+00:00,1349.8535,1351.9585,0.01,3,-2.105000000000018,0.5723942031485427,-2.6773942031485607,-1.2719212366501367,3.4179999999998927,0.5534999999999854,stop,2011
1,163512,163517,2011-02-07 14:20:00+00:00,2011-02-07 14:45:00+00:00,1350.3600000000001,1348.354,0.01,5,-2.0060000000000855,0.47763254979219333,-2.483632549792279,-1.238101968989119,3.171000000000049,0.9020000000000437,stop,2011
-1,163791,163807,2011-02-08 13:40:00+00:00,2011-02-08 15:00:00+00:00,1361.845,1365.2914999999998,0.01,16,-3.446499999999787,0.4647655346686073,-3.9112655346683947,-1.134851453552484,4.089999999999918,0.8230000000000928,stop,2011
1,164114,164132,2011-02-09 16:35:00+00:00,2011-02-09 18:05:00+00:00,1360.2730000000001,1364.6290000000004,0.01,18,4.356000000000222,0.6078877977814181,3.748112202218804,1.7208963279240648,0.0,4.698999999999842,target,2011
1,164685,164695,2011-02-11 16:10:00+00:00,2011-02-11 17:00:00+00:00,1363.328,1359.971,0.01,10,-3.356999999999971,0.47086710526316106,-3.827867105263132,-1.140264255365852,3.5549999999998363,2.4270000000001346,stop,2011
1,165587,165589,2011-02-16 14:55:00+00:00,2011-02-16 15:05:00+00:00,1372.429,1369.8785,0.01,2,-2.5505000000000564,0.464692615693808,-3.015192615693864,-1.182196673473357,3.8610000000001037,0.0,stop,2011
1,167366,167380,2011-02-24 16:25:00+00:00,2011-02-24 17:35:00+00:00,1410.6770000000001,1414.9090000000006,0.01,14,4.232000000000426,0.5061407944996226,3.725859205500803,1.7608030271741153,0.0,5.073999999999842,target,2011
-1,167619,167626,2011-02-25 13:30:00+00:00,2011-02-25 14:05:00+00:00,1405.972,1408.042,0.01,7,-2.0699999999999363,0.4938870633932344,-2.563887063393171,-1.2385927842479467,2.1000000000001364,1.7429999999999382,stop,2011
1,168830,168831,2011-03-03 13:50:00+00:00,2011-03-03 13:55:00+00:00,1421.525,1425.6850000000004,0.01,1,4.160000000000309,0.6070345012239913,3.552965498776318,1.7081564897961798,0.0,4.3409999999998945,target,2011
1,169459,169480,2011-03-07 14:45:00+00:00,2011-03-07 16:30:00+00:00,1435.259,1431.3335,0.01,21,-3.925500000000057,1.0296245573955354,-4.955124557395592,-1.2622913150924775,5.614500000000135,6.317999999999984,stop,2011
1,169751,169762,2011-03-08 15:05:00+00:00,2011-03-08 16:00:00+00:00,1426.23,1430.9540000000002,0.01,11,4.72400000000016,0.5370513206162848,4.1869486793838755,1.7726285687484054,0.0,5.307000000000016,target,2011
1,170034,170051,2011-03-09 14:45:00+00:00,2011-03-09 16:10:00+00:00,1432.292,1429.997,0.01,17,-2.2949999999998454,0.7906651048338134,-3.0856651048336587,-1.3445163855485258,4.319999999999936,2.2409999999999854,stop,2011
1,170335,170345,2011-03-10 15:50:00+00:00,2011-03-10 16:40:00+00:00,1406.872,1404.815,0.01,10,-2.0570000000000164,0.6834702721088406,-2.740470272108857,-1.3322655673839743,2.5160000000000764,2.009999999999991,stop,2011
-1,170611,170612,2011-03-11 14:50:00+00:00,2011-03-11 14:55:00+00:00,1409.569,1411.629,0.01,1,-2.0599999999999454,0.6043170452402136,-2.6643170452401588,-1.2933577889515677,2.0950000000000273,0.0,stop,2011
-1,171256,171262,2011-03-15 15:05:00+00:00,2011-03-15 15:35:00+00:00,1400.241,1393.071,0.01,6,7.170000000000074,0.6206026311869637,6.54939736881311,1.8268890847456185,0.21100000000001273,7.820999999999913,target,2011
1,171545,171559,2011-03-16 15:10:00+00:00,2011-03-16 16:20:00+00:00,1401.811,1396.785,0.01,14,-5.02599999999984,0.3896945836189412,-5.415694583618781,-1.0775357309229912,5.755999999999858,4.116999999999962,stop,2011
1,173364,173366,2011-03-24 19:05:00+00:00,2011-03-24 19:15:00+00:00,1430.6950000000002,1428.095,0.01,2,-2.6000000000001364,0.32734604540733475,-2.927346045407471,-1.1259023251566607,3.1510000000002947,0.6029999999998381,stop,2011
-1,173925,173929,2011-03-28 14:05:00+00:00,2011-03-28 14:25:00+00:00,1416.624,1418.837,0.01,4,-2.2129999999999654,0.4668415479899186,-2.6798415479898843,-1.2109541563442956,2.3019999999999072,0.13599999999996726,stop,2011
1,174508,174514,2011-03-30 14:40:00+00:00,2011-03-30 15:10:00+00:00,1417.886,1415.696,0.01,6,-2.1900000000000546,0.4844092491129657,-2.6744092491130202,-1.2211914379511204,3.63799999999992,2.3759999999999764,stop,2011
1,175067,175072,2011-04-01 13:15:00+00:00,2011-04-01 13:40:00+00:00,1420.633,1418.3780000000002,0.01,5,-2.2549999999998818,0.5384029216867467,-2.7934029216866287,-1.2387596105041132,2.576000000000022,1.8320000000001073,stop,2011
1,176952,176973,2011-04-11 16:45:00+00:00,2011-04-11 18:30:00+00:00,1466.7179999999998,1464.6419999999998,0.01,21,-2.076000000000022,0.5837163129209546,-2.6597163129209767,-1.2811735611372586,3.354999999999791,2.147000000000162,stop,2011
1,177203,177205,2011-04-12 13:40:00+00:00,2011-04-12 13:50:00+00:00,1462.609,1460.4650000000001,0.01,2,-2.143999999999778,0.5327589680394306,-2.6767589680392088,-1.2484883246452825,2.717999999999847,0.0,stop,2011
-1,178447,178451,2011-04-18 13:15:00+00:00,2011-04-18 13:35:00+00:00,1491.755,1496.911,0.01,4,-5.155999999999949,0.6363666723389751,-5.792366672338924,-1.12342255088033,5.673999999999978,3.2660000000000764,stop,2011
1,178743,178744,2011-04-19 14:00:00+00:00,2011-04-19 14:05:00+00:00,1492.07,1490.012,0.01,1,-2.0579999999999927,0.41051657959601545,-2.4685165795960082,-1.1994735566550132,3.033999999999878,0.0,stop,2011
1,179069,179070,2011-04-20 17:10:00+00:00,2011-04-20 17:15:00+00:00,1498.346,1496.047,0.01,1,-2.298999999999978,0.4792996359021311,-2.7782996359021093,-1.2084817903010594,3.16599999999994,0.0,stop,2011
1,179992,180009,2011-04-25 14:25:00+00:00,2011-04-25 15:50:00+00:00,1504.688,1509.6500000000005,0.01,17,4.962000000000444,0.6783052572074593,4.283694742792985,1.7266000575544547,1.8079999999999927,6.6720000000000255,target,2011
1,180567,180571,2011-04-27 14:25:00+00:00,2011-04-27 14:45:00+00:00,1506.909,1504.2150000000001,0.01,4,-2.69399999999996,0.5345469732524679,-3.2285469732524277,-1.1984212966787215,3.2800000000002,0.8719999999998436,stop,2011
1,180872,180873,2011-04-28 16:00:00+00:00,2011-04-28 16:05:00+00:00,1530.149,1526.9814999999999,0.01,1,-3.167500000000018,0.4919469798657677,-3.659446979865786,-1.1553108065874553,5.38799999999992,0.0,stop,2011
1,181201,181211,2011-04-29 19:25:00+00:00,2011-04-29 20:15:00+00:00,1559.8285,1564.2855000000004,0.01,10,4.457000000000335,0.6531787273399723,3.8038212726603624,1.7068975870137209,0.6795000000001892,4.85550000000012,target,2011
-1,181537,181539,2011-05-02 15:20:00+00:00,2011-05-02 15:30:00+00:00,1573.0030000000002,1568.9230000000002,0.01,2,4.079999999999927,0.5386215445707403,3.5413784554291867,1.7359698310927696,0.17799999999988358,4.6740000000002055,target,2011
1,181812,181817,2011-05-03 14:15:00+00:00,2011-05-03 14:40:00+00:00,1537.664,1533.1109999999999,0.01,5,-4.553000000000111,0.5982287126807266,-5.151228712680838,-1.1313922057282477,4.932000000000016,3.74350000000004,stop,2011
1,182103,182104,2011-05-04 14:30:00+00:00,2011-05-04 14:35:00+00:00,1534.377,1532.185,0.01,1,-2.1920000000000073,0.5705887983281077,-2.7625887983281148,-1.2603051087263255,5.974999999999909,0.08799999999996544,stop,2011
-1,182383,182384,2011-05-05 13:50:00+00:00,2011-05-05 13:55:00+00:00,1508.0520000000001,1510.5729999999999,0.01,1,-2.520999999999731,0.5613663658736654,-3.082366365873396,-1.222676067383469,5.174999999999727,0.0,stop,2011
-1,182665,182667,2011-05-06 13:20:00+00:00,2011-05-06 13:30:00+00:00,1492.9189999999999,1488.5729999999994,0.01,2,4.346000000000458,0.593289993775292,3.7527100062251666,1.7269719310744458,2.019999999999982,4.9699999999998,target,2011
-1,183071,183084,2011-05-09 15:05:00+00:00,2011-05-09 16:10:00+00:00,1507.435,1509.893,0.01,13,-2.4580000000000837,0.516936584769899,-2.9749365847699827,-1.2103078050324985,4.091000000000122,1.6369999999999436,stop,2011
-1,183350,183358,2011-05-10 14:20:00+00:00,2011-05-10 15:00:00+00:00,1515.1909999999998,1517.366,0.01,8,-2.175000000000182,0.48508218694106947,-2.6600821869412514,-1.2230262928464501,2.311000000000149,1.0459999999998217,stop,2011
-1,183646,183647,2011-05-11 15:05:00+00:00,2011-05-11 15:10:00+00:00,1508.022,1510.0390000000002,0.01,1,-2.01700000000028,0.6259203261268658,-2.642920326127146,-1.3103224224723742,2.6260000000002037,0.0,stop,2011
-1,183914,183917,2011-05-12 13:25:00+00:00,2011-05-12 13:40:00+00:00,1496.712,1488.924,0.01,3,7.788000000000012,0.46882963312786147,7.31917036687215,1.8796020459353209,0.9839999999999236,8.875999999999976,target,2011
1,184222,184225,2011-05-13 15:05:00+00:00,2011-05-13 15:20:00+00:00,1505.723,1503.6354999999999,0.01,3,-2.087500000000091,0.45376900417371197,-2.541269004173803,-1.2173743732568585,2.4629999999999654,1.9470000000001164,stop,2011
1,184629,184633,2011-05-16 17:05:00+00:00,2011-05-16 17:25:00+00:00,1494.353,1491.6370000000002,0.01,4,-2.7159999999998945,0.5019142869971335,-3.217914286997028,-1.1847990747412198,3.7180000000000746,0.12199999999984357,stop,2011
1,184868,184885,2011-05-17 13:00:00+00:00,2011-05-17 14:25:00+00:00,1479.118,1485.0519999999997,0.01,17,5.933999999999742,0.4775053083398593,5.456494691659882,1.839061237499198,1.8690000000001419,6.0470000000000255,target,2011
-1,185456,185465,2011-05-19 14:10:00+00:00,2011-05-19 14:55:00+00:00,1492.011,1487.551,0.01,9,4.460000000000036,0.4463580083644814,4.013641991635555,1.799839458132521,1.1620000000000346,5.05600000000004,target,2011
1,185743,185753,2011-05-20 14:05:00+00:00,2011-05-20 14:55:00+00:00,1491.2649999999999,1498.533,0.01,10,7.268000000000028,0.43768117540945806,6.83031882459057,1.8795593903661374,1.6849999999999454,7.644999999999982,target,2011
1,187181,187264,2011-05-26 14:05:00+00:00,2011-05-26 21:00:00+00:00,1518.295,1519.118,0.01,83,0.8229999999998653,0.5721444008979988,0.2508555991018665,0.07225103660767612,2.316000000000031,6.55600000000004,session_flat,2011
1,188493,188507,2011-06-01 19:50:00+00:00,2011-06-01 21:00:00+00:00,1538.245,1539.868,0.01,14,1.6230000000000473,0.6082201465201469,1.0147798534799004,0.398891451839604,0.3229999999998654,2.463000000000193,session_flat,2011
1,188709,188713,2011-06-02 13:50:00+00:00,2011-06-02 14:10:00+00:00,1539.362,1537.216,0.01,4,-2.1460000000001855,0.4944072740207143,-2.6404072740209,-1.2303854958157836,3.546000000000049,1.4519999999999982,stop,2011
-1,188989,188995,2011-06-03 13:15:00+00:00,2011-06-03 13:45:00+00:00,1543.02,1545.5430000000001,0.01,6,-2.5230000000001382,0.47091179705961334,-2.9939117970597517,-1.186647561260241,2.7650000000001,2.9699999999998,stop,2011
-1,189954,189968,2011-06-08 13:40:00+00:00,2011-06-08 14:50:00+00:00,1540.5749999999998,1535.3769999999995,0.01,14,5.19800000000032,0.4990246503831816,4.698975349617139,1.8079935935424583,0.19900000000006912,7.935999999999694,target,2011
-1,190544,190573,2011-06-10 14:55:00+00:00,2011-06-10 17:20:00+00:00,1534.52,1529.8029999999999,0.01,29,4.717000000000098,0.49512073377932364,4.221879266220775,1.7900696485989769,2.043500000000222,4.920000000000073,target,2011
1,190959,191003,2011-06-13 17:20:00+00:00,2011-06-13 21:00:00+00:00,1516.179,1515.993,0.01,44,-0.18600000000014916,0.45620875128998456,-0.6422087512901338,-0.24615130367579632,2.463000000000193,4.8530000000000655,session_flat,2011
1,191198,191209,2011-06-14 13:15:00+00:00,2011-06-14 14:10:00+00:00,1515.048,1520.7,0.01,11,5.652000000000044,0.4571966485507196,5.194803351449324,1.8382177464434835,0.9269999999999072,6.69399999999996,target,2011
-1,191506,191516,2011-06-15 14:55:00+00:00,2011-06-15 15:45:00+00:00,1531.2930000000001,1525.6070000000004,0.01,10,5.685999999999694,0.43513268612717726,5.250867313872517,1.8469459422697148,1.5059999999998581,5.807999999999993,target,2011
-1,191779,191781,2011-06-16 13:45:00+00:00,2011-06-16 13:55:00+00:00,1529.774,1524.962,0.01,2,4.811999999999898,0.4953195160031219,4.316680483996776,1.7941315394833197,0.0,7.505999999999858,target,2011
-1,192070,192085,2011-06-17 14:05:00+00:00,2011-06-17 15:20:00+00:00,1537.337,1540.63,0.01,15,-3.29300000000012,0.44009785763931514,-3.7330978576394354,-1.1336464796961128,4.88799999999992,2.0479999999997744,stop,2011
1,192461,192537,2011-06-20 14:40:00+00:00,2011-06-20 21:00:00+00:00,1538.787,1540.702,0.01,76,1.9149999999999636,0.45830535714285575,1.456694642857108,0.5596214532681795,1.6010000000001128,4.323999999999842,session_flat,2011
1,193085,193086,2011-06-22 18:45:00+00:00,2011-06-22 18:50:00+00:00,1550.623,1548.571,0.01,1,-2.0520000000001346,0.4361707850488527,-2.4881707850489874,-1.2125588621095633,3.8589999999999236,0.04500000000007276,stop,2011
1,193315,193320,2011-06-23 13:55:00+00:00,2011-06-23 14:20:00+00:00,1523.493,1521.0500000000002,0.01,5,-2.4429999999997563,0.41073585858585576,-2.853735858585612,-1.1681276539442884,3.6769999999999072,2.0540000000000873,stop,2011
1,193614,193638,2011-06-24 14:50:00+00:00,2011-06-24 16:50:00+00:00,1507.473,1505.1100000000001,0.01,24,-2.362999999999829,0.40568456599778474,-2.7686845659976136,-1.1716819999990749,5.3530000000000655,3.5019999999999527,stop,2011
-1,193987,193998,2011-06-27 13:55:00+00:00,2011-06-27 14:50:00+00:00,1499.096,1501.2150000000001,0.01,11,-2.119000000000142,0.3975811983858854,-2.516581198386027,-1.187626804334997,2.3379999999999654,4.141999999999825,stop,2011
1,194276,194282,2011-06-28 14:00:00+00:00,2011-06-28 14:30:00+00:00,1498.036,1502.266,0.01,6,4.230000000000018,0.40279321822129166,3.8272067817787265,1.8095540339379244,0.0,6.217000000000098,target,2011
1,194851,194853,2011-06-30 14:00:00+00:00,2011-06-30 14:10:00+00:00,1505.7930000000001,1503.5300000000002,0.01,2,-2.26299999999992,0.41249202313332634,-2.675492023133246,-1.18227663417293,4.170000000000073,1.268999999999778,stop,2011
1,195141,195146,2011-07-01 14:10:00+00:00,2011-07-01 14:35:00+00:00,1481.4555,1487.9584999999997,0.01,5,6.502999999999702,0.4095214827179889,6.093478517281713,1.8740515200006127,0.0,8.005499999999984,target,2011
1,197071,197114,2011-07-11 15:10:00+00:00,2011-07-11 18:45:00+00:00,1546.2525,1551.5295,0.01,43,5.277000000000044,0.4143679733727695,4.862632026627274,1.8429532031939488,1.6520000000000437,5.624499999999898,target,2011
1,197333,197370,2011-07-12 13:00:00+00:00,2011-07-12 16:05:00+00:00,1549.212,1554.6039999999998,0.01,37,5.391999999999825,0.41153651243998335,4.980463487559842,1.84735292565282,1.2029999999999745,5.852000000000089,target,2011
-1,197624,197631,2011-07-13 13:15:00+00:00,2011-07-13 13:50:00+00:00,1577.38,1580.534,0.01,7,-3.1539999999999964,0.40773878416231263,-3.561738784162309,-1.129276722943029,3.281999999999698,0.8200000000001637,stop,2011
1,197931,197932,2011-07-14 14:50:00+00:00,2011-07-14 14:55:00+00:00,1586.884,1584.1360000000002,0.01,1,-2.74799999999982,0.42811126666666616,-3.176111266666486,-1.155790126152363,6.461000000000013,0.0,stop,2011
1,198879,198925,2011-07-19 13:40:00+00:00,2011-07-19 17:30:00+00:00,1600.866,1597.978,0.01,46,-2.88799999999992,0.4286722196561466,-3.3166722196560667,-1.1484322090222157,4.273999999999887,3.168999999999869,stop,2011
1,199160,199176,2011-07-20 13:05:00+00:00,2011-07-20 14:25:00+00:00,1584.312,1590.112,0.01,16,5.800000000000182,0.42021027098354774,5.379789729016634,1.8550999065574019,2.119999999999891,5.869000000000142,target,2011
1,199463,199491,2011-07-21 14:20:00+00:00,2011-07-21 16:40:00+00:00,1596.83,1593.376,0.01,28,-3.453999999999951,0.4301182905105105,-3.8841182905104614,-1.1245275884512207,6.031999999999925,4.59900000000016,stop,2011
1,200718,200735,2011-07-27 14:55:00+00:00,2011-07-27 16:20:00+00:00,1616.27,1613.7060000000001,0.01,17,-2.563999999999851,0.3997991607807429,-2.9637991607805936,-1.1559279098208917,3.1769999999999072,4.961999999999989,stop,2011
1,200994,200997,2011-07-28 13:55:00+00:00,2011-07-28 14:10:00+00:00,1615.1570000000002,1611.929,0.01,3,-3.2280000000000655,0.3943745877934068,-3.6223745877934723,-1.1221730445456626,6.605000000000018,0.0,stop,2011
1,201295,201367,2011-07-29 15:00:00+00:00,2011-07-29 21:00:00+00:00,1625.094,1626.687,0.01,72,1.5929999999998472,0.4446104578838787,1.1483895421159684,0.26478891909520663,3.7220000000002074,4.393000000000029,session_flat,2011
1,201664,201665,2011-08-01 13:40:00+00:00,2011-08-01 13:45:00+00:00,1613.257,1617.2910000000002,0.01,1,4.0340000000001055,0.419791574088562,3.6142084259115435,1.7918732899908028,0.0,5.7719999999999345,target,2011
1,201950,201953,2011-08-02 13:30:00+00:00,2011-08-02 13:45:00+00:00,1636.637,1634.571,0.01,3,-2.066000000000031,0.4345154667807997,-2.5005154667808305,-1.2103172636886703,3.9829999999999472,1.6549999999999727,stop,2011
1,202257,202278,2011-08-03 15:05:00+00:00,2011-08-03 16:50:00+00:00,1667.192,1664.777,0.01,21,-2.4149999999999636,0.4296153225100451,-2.8446153225100086,-1.177894543482423,2.882999999999811,2.7739999999998872,stop,2011
-1,202527,202530,2011-08-04 13:35:00+00:00,2011-08-04 13:50:00+00:00,1677.0535,1679.987,0.01,3,-2.9335000000000946,0.4502631133671689,-3.3837631133672637,-1.1534900676213242,4.607999999999947,0.0,stop,2011
1,202841,202842,2011-08-05 15:45:00+00:00,2011-08-05 15:50:00+00:00,1658.48,1656.417,0.01,1,-2.063000000000102,0.49394385532796997,-2.556943855328072,-1.2394298862471864,4.093499999999949,1.3699999999998909,stop,2011
1,203206,203208,2011-08-08 14:00:00+00:00,2011-08-08 14:10:00+00:00,1694.862,1699.7560000000003,0.01,2,4.894000000000233,0.5644515830846941,4.3295484169155385,1.7693291446323385,0.0,6.0534999999999854,target,2011
1,203488,203490,2011-08-09 13:40:00+00:00,2011-08-09 13:50:00+00:00,1738.638,1734.505,0.01,2,-4.132999999999811,0.5718398727163692,-4.70483987271618,-1.1383595143277028,6.177999999999884,2.0190000000000055,stop,2011
-1,203772,203773,2011-08-10 13:20:00+00:00,2011-08-10 13:25:00+00:00,1766.593,1770.643,0.01,1,-4.0499999999999545,0.6670049768475024,-4.717004976847457,-1.1646925868759286,5.211999999999989,0.06200000000012551,stop,2011
1,204060,204062,2011-08-11 13:20:00+00:00,2011-08-11 13:30:00+00:00,1768.5965,1764.8310000000001,0.01,2,-3.7654999999999745,0.8888425459027127,-4.654342545902687,-1.236049009667433,10.2650000000001,1.3934999999999036,stop,2011
1,204345,204348,2011-08-12 13:05:00+00:00,2011-08-12 13:20:00+00:00,1746.5149999999999,1743.458,0.01,3,-3.056999999999789,0.6183442298143951,-3.675344229814184,-1.202271583190853,6.341999999999871,1.5880000000001928,stop,2011
-1,204690,204696,2011-08-15 13:30:00+00:00,2011-08-15 14:00:00+00:00,1739.257,1741.37,0.01,6,-2.112999999999829,0.6096780860305466,-2.722678086030376,-1.2885367184243237,2.8150000000000546,3.8209999999999127,stop,2011
1,204977,204982,2011-08-16 13:25:00+00:00,2011-08-16 13:50:00+00:00,1770.2930000000001,1778.0930000000003,0.01,5,7.800000000000182,0.6075446133694071,7.192455386630774,1.8442193299052838,0.0,8.809999999999945,target,2011
-1,205273,205281,2011-08-17 14:10:00+00:00,2011-08-17 14:50:00+00:00,1791.249,1787.1499999999999,0.01,8,4.09900000000016,0.490703477082035,3.608296522918125,1.7605740536316097,1.9290000000000873,5.975500000000011,target,2011
-1,205549,205558,2011-08-18 13:15:00+00:00,2011-08-18 14:00:00+00:00,1818.031,1821.223,0.01,9,-3.1920000000000073,0.4764247576939826,-3.66842475769399,-1.1492558764705456,8.384000000000015,6.18100000000004,stop,2011
-1,205839,205840,2011-08-19 13:30:00+00:00,2011-08-19 13:35:00+00:00,1862.263,1857.2429999999995,0.01,1,5.020000000000437,0.6519304720809522,4.368069527919484,1.7402667441908783,0.0,8.516000000000076,target,2011
-1,206193,206194,2011-08-22 13:30:00+00:00,2011-08-22 13:35:00+00:00,1868.6105,1870.6285,0.01,1,-2.018000000000029,0.5941736349392859,-2.6121736349393148,-1.2944368855001374,4.336500000000115,1.3454999999999018,stop,2011
1,206479,206483,2011-08-23 13:20:00+00:00,2011-08-23 13:40:00+00:00,1867.256,1874.0140000000004,0.01,4,6.758000000000266,0.6264935656069524,6.131506434393313,1.814592019648734,1.3300000000001546,8.475999999999885,target,2011
1,206781,206799,2011-08-24 14:30:00+00:00,2011-08-24 16:00:00+00:00,1776.3200000000002,1789.2960000000007,0.01,18,12.976000000000568,0.5399402776440176,12.43605972235655,1.9167786255172636,3.492000000000189,14.100999999999885,target,2011
1,207057,207067,2011-08-25 13:35:00+00:00,2011-08-25 14:25:00+00:00,1717.065,1742.005,0.01,10,24.940000000000055,0.6099398801736078,24.330060119826445,1.9510874193926537,0.0,25.520999999999958,target,2011
-1,207345,207346,2011-08-26 13:35:00+00:00,2011-08-26 13:40:00+00:00,1782.01,1785.462,0.01,1,-3.451999999999998,0.6817375401480241,-4.133737540148022,-1.1974905967983849,7.060999999999922,0.0,stop,2011
1,207735,207737,2011-08-29 13:55:00+00:00,2011-08-29 14:05:00+00:00,1789.585,1784.3899999999999,0.01,2,-5.195000000000164,0.6780813090814168,-5.873081309081581,-1.1305257572822707,6.007000000000062,0.47299999999995634,stop,2011
-1,208013,208019,2011-08-30 13:05:00+00:00,2011-08-30 13:35:00+00:00,1824.9540000000002,1819.0200000000004,0.01,6,5.933999999999742,0.5687786833366222,5.36522131666312,1.8082983878204764,0.4819999999999709,7.398000000000138,target,2011
1,208301,208303,2011-08-31 13:10:00+00:00,2011-08-31 13:20:00+00:00,1827.562,1824.865,0.01,2,-2.696999999999889,0.4858793626707164,-3.1828793626706053,-1.1801554922768767,3.4459999999999127,0.6670000000001437,stop,2011
-1,208614,208624,2011-09-01 15:15:00+00:00,2011-09-01 16:05:00+00:00,1824.5500000000002,1827.882,0.01,10,-3.3319999999998804,0.5618446471291896,-3.89384464712907,-1.1686208424757532,4.929999999999836,3.2360000000001037,stop,2011
-1,208875,208942,2011-09-02 13:10:00+00:00,2011-09-02 18:45:00+00:00,1876.3155,1880.0925000000002,0.01,67,-3.777000000000271,0.5292625149581183,-4.306262514958389,-1.1401277508493726,3.8255000000001473,5.259499999999889,stop,2011
-1,209269,209270,2011-09-05 13:50:00+00:00,2011-09-05 13:55:00+00:00,1893.2579999999998,1895.731,0.01,1,-2.4730000000001837,0.5833838611133826,-3.0563838611135665,-1.2359012782504406,3.8040000000000873,0.0,stop,2011
-1,209552,209555,2011-09-06 13:45:00+00:00,2011-09-06 14:00:00+00:00,1903.9769999999999,1895.1829999999995,0.01,3,8.794000000000324,0.7679425850022641,8.02605741499806,1.8253485137588732,3.068000000000211,9.516999999999825,target,2011
1,209833,209836,2011-09-07 13:10:00+00:00,2011-09-07 13:25:00+00:00,1821.501,1815.08,0.01,3,-6.421000000000049,0.7064986362214571,-7.127498636221507,-1.1100293780129968,14.370999999999867,0.17399999999997817,stop,2011
-1,210121,210123,2011-09-08 13:10:00+00:00,2011-09-08 13:20:00+00:00,1860.732,1856.134,0.01,2,4.597999999999956,0.6457373155335948,3.9522626844663615,1.719122524778773,0.08399999999983265,4.878999999999905,target,2011
1,210411,210413,2011-09-09 13:25:00+00:00,2011-09-09 13:35:00+00:00,1844.5125,1852.4975000000002,0.01,2,7.985000000000128,0.7430059423131947,7.2419940576869335,1.8138995761269423,3.0154999999999745,15.082499999999982,target,2011
1,210800,210801,2011-09-12 13:40:00+00:00,2011-09-12 13:45:00+00:00,1834.817,1830.008,0.01,1,-4.808999999999969,0.6486391812789132,-5.457639181278882,-1.134880262274676,9.041999999999916,0.0,stop,2011
1,211085,211086,2011-09-13 13:25:00+00:00,2011-09-13 13:30:00+00:00,1823.307,1820.5895,0.01,1,-2.7174999999999727,0.6625196200909391,-3.380019620090912,-1.2437974682947364,2.9600000000000364,0.8550000000000182,stop,2011
1,211376,211378,2011-09-14 13:40:00+00:00,2011-09-14 13:50:00+00:00,1823.263,1819.034,0.01,2,-4.2289999999998145,0.5147065355217448,-4.743706535521559,-1.1217088048053363,7.951000000000022,1.8600000000001273,stop,2011
1,211656,211658,2011-09-15 13:00:00+00:00,2011-09-15 13:10:00+00:00,1784.134,1793.929,0.01,2,9.795000000000073,0.591203490718323,9.20379650928175,1.8792846369130538,0.6150000000000091,10.456000000000131,target,2011
1,211949,211953,2011-09-16 13:25:00+00:00,2011-09-16 13:45:00+00:00,1786.5729999999999,1790.926,0.01,4,4.3530000000000655,0.5356635865297783,3.8173364134702874,1.7538876239238363,1.744499999999789,4.85550000000012,target,2011
1,212342,212343,2011-09-19 14:05:00+00:00,2011-09-19 14:10:00+00:00,1794.9389999999999,1788.92,0.01,1,-6.018999999999778,0.5950289442720373,-6.614028944271816,-1.0988584389885463,10.187999999999874,0.0,stop,2011
1,212616,212618,2011-09-20 13:15:00+00:00,2011-09-20 13:25:00+00:00,1782.266,1778.373,0.01,2,-3.893000000000029,0.5843556757181709,-4.4773556757182,-1.1501042064521363,4.4909999999999854,0.09400000000005093,stop,2011
1,212909,212914,2011-09-21 13:55:00+00:00,2011-09-21 14:20:00+00:00,1793.9879999999998,1790.175,0.01,5,-3.812999999999875,0.49518174219537064,-4.308181742195246,-1.1298667039589267,3.897499999999809,2.05800000000022,stop,2011
-1,213190,213191,2011-09-22 13:30:00+00:00,2011-09-22 13:35:00+00:00,1738.7939999999999,1741.0669999999998,0.01,1,-2.272999999999911,0.6750002347686195,-2.9480002347685303,-1.2969644675620968,3.2660000000000764,2.849999999999909,stop,2011
-1,213468,213469,2011-09-23 13:00:00+00:00,2011-09-23 13:05:00+00:00,1689.283,1692.3245000000002,0.01,1,-3.041500000000269,0.6049149628482378,-3.6464149628485067,-1.1988870500898188,7.455500000000029,0.17200000000002547,stop,2011
1,213851,213863,2011-09-26 14:20:00+00:00,2011-09-26 15:20:00+00:00,1594.19,1612.612,0.01,12,18.422000000000025,0.7150900537634437,17.706909946236582,1.9223656439297099,5.416000000000167,20.82199999999989,target,2011
1,214120,214121,2011-09-27 13:00:00+00:00,2011-09-27 13:05:00+00:00,1656.3649999999998,1652.8184999999999,0.01,1,-3.546499999999924,0.6899667471380038,-4.236466747137928,-1.1945486386967485,4.5219999999999345,2.8225000000002183,stop,2011
-1,214409,214412,2011-09-28 13:15:00+00:00,2011-09-28 13:30:00+00:00,1652.9675,1655.974,0.01,3,-3.00649999999996,0.5878511271994127,-3.5943511271993724,-1.1955267344751106,3.6075000000000728,2.9664999999999964,stop,2011
-1,214695,214696,2011-09-29 13:25:00+00:00,2011-09-29 13:30:00+00:00,1628.2199999999998,1624.1479999999992,0.01,1,4.072000000000571,0.5179037929641359,3.5540962070364355,1.7456268207445662,0.0,7.7849999999998545,target,2011
1,214975,214981,2011-09-30 13:05:00+00:00,2011-09-30 13:35:00+00:00,1613.377,1620.3870000000002,0.01,6,7.010000000000219,0.6152594761476309,6.3947405238525885,1.824462346320225,2.063999999999851,7.438000000000102,target,2011
1,215344,215359,2011-10-03 13:05:00+00:00,2011-10-03 14:20:00+00:00,1655.724,1651.5725,0.01,15,-4.151499999999942,0.5174473610809822,-4.6689473610809245,-1.1246410601182681,4.680999999999813,3.1380000000001473,stop,2011
1,215627,215632,2011-10-04 13:05:00+00:00,2011-10-04 13:30:00+00:00,1649.825,1653.8380000000004,0.01,5,4.013000000000375,0.5395156249999983,3.4734843750003765,1.731116060304038,0.7239999999999327,4.582999999999856,target,2011
1,215920,215929,2011-10-05 13:45:00+00:00,2011-10-05 14:30:00+00:00,1618.116,1613.0,0.01,9,-5.1159999999999854,0.605124818504789,-5.721124818504775,-1.1182808480267379,7.279999999999973,4.157999999999902,stop,2011
-1,216195,216196,2011-10-06 13:00:00+00:00,2011-10-06 13:05:00+00:00,1645.101,1640.2390000000005,0.01,1,4.861999999999625,0.5257122102130349,4.33628778978659,1.7837465198629883,0.0,5.617000000000189,target,2011
1,216479,216480,2011-10-07 13:00:00+00:00,2011-10-07 13:05:00+00:00,1655.41,1650.4740000000002,0.01,1,-4.935999999999922,0.5409316275339149,-5.476931627533837,-1.1095890655457705,4.988000000000056,0.0,stop,2011
1,216860,216868,2011-10-10 13:00:00+00:00,2011-10-10 13:40:00+00:00,1664.58,1662.1170000000002,0.01,8,-2.462999999999738,0.545831574062223,-3.0088315740619613,-1.2216124945441662,3.6914999999999054,2.576000000000022,stop,2011
-1,217147,217150,2011-10-11 13:10:00+00:00,2011-10-11 13:25:00+00:00,1661.6950000000002,1664.775,0.01,3,-3.0799999999999272,0.5115970048564711,-3.591597004856398,-1.1661029236547023,5.917999999999665,0.07700000000022555,stop,2011
1,217727,217744,2011-10-13 14:05:00+00:00,2011-10-13 15:30:00+00:00,1657.713,1663.1249999999998,0.01,17,5.411999999999807,0.4962773485685514,4.915722651431256,1.8166011276538918,1.6079999999999472,5.576000000000022,target,2011
1,218007,218008,2011-10-14 13:35:00+00:00,2011-10-14 13:40:00+00:00,1678.8029999999999,1676.627,0.01,1,-2.175999999999931,0.47567539172392387,-2.6516753917238547,-1.2186008234025454,3.612999999999829,0.6970000000001164,stop,2011
1,218320,218322,2011-10-17 13:45:00+00:00,2011-10-17 13:55:00+00:00,1682.9299999999998,1680.118,0.01,2,-2.811999999999898,0.5015257741293906,-3.313525774129289,-1.1783519822650814,3.1409999999996217,0.07600000000002183,stop,2011
1,218610,218616,2011-10-18 14:10:00+00:00,2011-10-18 14:40:00+00:00,1631.318,1639.6219999999996,0.01,6,8.303999999999633,0.47998016541276595,7.824019834586867,1.8843978407001958,0.1369999999999436,9.198000000000093,target,2011
1,218895,218908,2011-10-19 14:00:00+00:00,2011-10-19 15:05:00+00:00,1652.622,1648.798,0.01,13,-3.824000000000069,0.5097158591632613,-4.3337158591633305,-1.1332938962247,4.398000000000138,5.973999999999933,stop,2011
-1,219176,219179,2011-10-20 13:55:00+00:00,2011-10-20 14:10:00+00:00,1622.771,1625.3310000000001,0.01,3,-2.560000000000173,0.46490558771211404,-3.024905587712287,-1.1816037452000323,5.067000000000007,3.4889999999998054,stop,2011
-1,219459,219469,2011-10-21 13:40:00+00:00,2011-10-21 14:30:00+00:00,1646.233,1641.423,0.01,10,4.809999999999945,0.46374590046269915,4.346254099537246,1.8071742617618691,0.33100000000013097,7.932999999999993,target,2011
1,219803,219840,2011-10-24 13:30:00+00:00,2011-10-24 16:35:00+00:00,1652.881,1650.254,0.01,37,-2.62700000000018,0.45099789476136426,-3.0779978947615443,-1.1716779195893923,4.007000000000289,4.968999999999824,stop,2011
1,220091,220096,2011-10-25 13:40:00+00:00,2011-10-25 14:05:00+00:00,1653.208,1661.1040000000003,0.01,5,7.896000000000186,0.47147315962480485,7.424526840375382,1.8805792402166177,1.11200000000008,8.915999999999713,target,2011
-1,220371,220372,2011-10-26 13:25:00+00:00,2011-10-26 13:30:00+00:00,1715.249,1717.638,0.01,1,-2.3889999999998963,0.4354194111189513,-2.8244194111188476,-1.1822601134863835,3.354999999999791,0.0,stop,2011
1,220660,220667,2011-10-27 13:40:00+00:00,2011-10-27 14:15:00+00:00,1719.452,1728.7500000000007,0.01,7,9.298000000000684,0.458282024671728,8.839717975328956,1.901423526635471,3.2920000000001437,12.739000000000033,target,2011
-1,220944,220945,2011-10-28 13:30:00+00:00,2011-10-28 13:35:00+00:00,1742.1599999999999,1744.8065,0.01,1,-2.64650000000006,0.4988284941729856,-3.1453284941730457,-1.1884861115333363,3.09900000000016,0.7519999999999527,stop,2011
1,221292,221305,2011-10-31 15:20:00+00:00,2011-10-31 16:25:00+00:00,1722.042,1719.054,0.01,13,-2.987999999999829,0.4720932117360412,-3.4600932117358703,-1.1579963894699024,3.1369999999999436,5.838000000000193,stop,2011
-1,221558,221559,2011-11-01 13:40:00+00:00,2011-11-01 13:45:00+00:00,1687.585,1691.0149999999999,0.01,1,-3.4299999999998367,0.4469387419408997,-3.8769387419407364,-1.130302840216012,5.911000000000058,0.0,stop,2011
-1,221843,221847,2011-11-02 13:35:00+00:00,2011-11-02 13:55:00+00:00,1732.1390000000001,1735.133,0.01,4,-2.9939999999999145,0.45709594888017485,-3.451095948880089,-1.1526706576086132,5.188999999999851,1.7630000000001473,stop,2011
-1,222124,222130,2011-11-03 13:05:00+00:00,2011-11-03 13:35:00+00:00,1761.493,1755.6569999999997,0.01,6,5.83600000000024,0.4900907156000273,5.3459092844002125,1.8320456766278248,0.9920000000001892,6.91800000000012,target,2011
1,222421,222429,2011-11-04 14:00:00+00:00,2011-11-04 14:40:00+00:00,1753.191,1750.337,0.01,8,-2.854000000000042,0.45066100488519956,-3.3046610048852414,-1.1579050472618055,3.8659999999999854,2.699000000000069,stop,2011
-1,222757,222760,2011-11-07 14:15:00+00:00,2011-11-07 14:30:00+00:00,1776.412,1779.016,0.01,3,-2.604000000000042,0.48317885135508515,-3.087178851355127,-1.185552554283824,3.4529999999999745,1.16599999999994,stop,2011
1,223034,223047,2011-11-08 13:35:00+00:00,2011-11-08 14:40:00+00:00,1788.297,1793.7590000000005,0.01,13,5.462000000000444,0.451357065217392,5.010642934783052,1.8347282807699175,0.0,6.255999999999858,target,2011
-1,223325,223326,2011-11-09 13:55:00+00:00,2011-11-09 14:00:00+00:00,1796.1680000000001,1798.995,0.01,1,-2.826999999999771,0.4437163305139881,-3.2707163305137588,-1.1569566078931814,3.4909999999999854,0.0,stop,2011
1,223601,223602,2011-11-10 13:10:00+00:00,2011-11-10 13:15:00+00:00,1769.944,1767.7930000000001,0.01,1,-2.15099999999984,0.42946307977736725,-2.580463079777207,-1.1996574057542533,2.4890000000000327,0.0,stop,2011
1,224243,224244,2011-11-14 15:10:00+00:00,2011-11-14 15:15:00+00:00,1779.3739999999998,1777.319,0.01,1,-2.0549999999998363,0.4243211215489498,-2.4793211215487863,-1.2064822975907463,3.5659999999998035,0.0,stop,2011
-1,224537,224538,2011-11-15 15:50:00+00:00,2011-11-15 15:55:00+00:00,1783.692,1779.498,0.01,1,4.19399999999996,0.5033554485294076,3.6906445514705526,1.759964020729894,0.0,5.2849999999998545,target,2011
1,224809,224811,2011-11-16 14:50:00+00:00,2011-11-16 15:00:00+00:00,1759.984,1755.0639999999999,0.01,2,-4.920000000000073,0.42262843671653577,-5.342628436716608,-1.0859000887635222,5.280999999999949,0.0,stop,2011
-1,225071,225072,2011-11-17 13:05:00+00:00,2011-11-17 13:10:00+00:00,1751.231,1746.8929999999998,0.01,1,4.338000000000193,0.4344616550116481,3.9035383449885446,1.7996949492800236,0.0,5.714999999999918,target,2011
1,225373,225374,2011-11-18 14:40:00+00:00,2011-11-18 14:45:00+00:00,1719.6860000000001,1717.298,0.01,1,-2.3880000000001473,0.4469619214899067,-2.834961921490054,-1.1871699838734837,3.1080000000001746,0.04999999999972715,stop,2011
1,225673,225680,2011-11-21 15:00:00+00:00,2011-11-21 15:35:00+00:00,1703.1260000000002,1699.888,0.01,7,-3.2380000000002838,0.45280477869568414,-3.690804778695968,-1.139840882858445,4.334000000000287,3.576999999999771,stop,2011
1,225940,225948,2011-11-22 13:35:00+00:00,2011-11-22 14:15:00+00:00,1688.8690000000001,1693.2690000000007,0.01,8,4.400000000000546,0.4110083831898445,3.988991616810701,1.813178007641003,1.8540000000002692,4.7590000000000146,target,2011
1,226230,226236,2011-11-23 14:15:00+00:00,2011-11-23 14:45:00+00:00,1691.6100000000001,1689.3980000000001,0.01,6,-2.211999999999989,0.4465192981772912,-2.6585192981772803,-1.2018622505322303,3.1770000000001346,3.217999999999847,stop,2011
1,226758,226768,2011-11-25 13:40:00+00:00,2011-11-25 14:30:00+00:00,1675.798,1680.7499999999998,0.01,10,4.951999999999771,0.4872361725430718,4.464763827456699,1.8032164085044047,0.3430000000000746,10.173000000000002,target,2011
-1,227017,227023,2011-11-28 13:00:00+00:00,2011-11-28 13:30:00+00:00,1712.7649999999999,1714.9569999999999,0.01,6,-2.1920000000000073,0.4379082062045928,-2.6299082062046,-1.1997756415166931,4.802000000000135,0.40649999999982356,stop,2011
1,227303,227305,2011-11-29 13:05:00+00:00,2011-11-29 13:15:00+00:00,1711.86,1709.7055,0.01,2,-2.154499999999871,0.44071928784387837,-2.595219287843749,-1.2045575715218866,3.0709999999999127,0.0,stop,2011
-1,227585,227587,2011-11-30 13:10:00+00:00,2011-11-30 13:20:00+00:00,1732.5990000000002,1737.0020000000004,0.01,2,-4.403000000000247,0.5001435403563941,-4.903143540356641,-1.1135915376689451,4.698999999999842,2.5550000000000637,stop,2011
-1,227893,227899,2011-12-01 15:15:00+00:00,2011-12-01 15:45:00+00:00,1750.9,1745.7640000000006,0.01,6,5.1359999999995125,0.4442436426581839,4.691756357341329,1.827007927313775,1.1739999999999782,5.2029999999999745,target,2011
-1,228179,228185,2011-12-02 15:35:00+00:00,2011-12-02 16:05:00+00:00,1750.7,1746.1339999999998,0.01,6,4.566000000000258,0.4754591647308743,4.090540835269384,1.7917393058559583,2.2200000000000273,5.22199999999998,target,2011
-1,228475,228491,2011-12-05 15:00:00+00:00,2011-12-05 16:20:00+00:00,1744.3465,1738.2735000000002,0.01,16,6.072999999999865,0.43436241418007576,5.638637585819789,1.8569529345693774,1.2224999999998545,6.190500000000156,target,2011
1,228744,228745,2011-12-06 13:55:00+00:00,2011-12-06 14:00:00+00:00,1707.678,1705.574,0.01,1,-2.104000000000042,0.46658866922804304,-2.570588669228085,-1.2217626754886093,2.116999999999962,0.7654999999999745,stop,2011
-1,229029,229036,2011-12-07 13:55:00+00:00,2011-12-07 14:30:00+00:00,1734.426,1736.745,0.01,7,-2.31899999999996,0.48594526434051594,-2.8049452643404758,-1.2095494887195015,4.33400000000006,1.6489999999998872,stop,2011
-1,229310,229311,2011-12-08 13:45:00+00:00,2011-12-08 13:50:00+00:00,1749.804,1744.062,0.01,1,5.742000000000189,0.45012551829268416,5.291874481707505,1.8432164687242532,0.0,6.874000000000251,target,2011
1,229591,229593,2011-12-09 13:40:00+00:00,2011-12-09 13:50:00+00:00,1710.857,1708.5349999999999,0.01,2,-2.3220000000001164,0.5320841376182897,-2.854084137618406,-1.2291490687417153,3.2660000000000764,2.0650000000000546,stop,2011
1,229888,229890,2011-12-12 13:30:00+00:00,2011-12-12 13:40:00+00:00,1675.9560000000001,1673.846,0.01,2,-2.1100000000001273,0.4705338800726022,-2.5805338800727293,-1.2230018388969544,5.614000000000033,0.0,stop,2011
-1,230188,230196,2011-12-13 14:55:00+00:00,2011-12-13 15:35:00+00:00,1672.851,1663.1670000000004,0.01,8,9.683999999999742,0.49580795016674595,9.188192049832995,1.8976026538276003,1.3049999999998363,10.451000000000022,target,2011
-1,230453,230454,2011-12-14 13:10:00+00:00,2011-12-14 13:15:00+00:00,1628.838,1631.7525,0.01,1,-2.914500000000089,0.5085190730163807,-3.42301907301647,-1.1744790094411959,3.254000000000133,0.0,stop,2011
1,230739,230741,2011-12-15 13:20:00+00:00,2011-12-15 13:30:00+00:00,1589.063,1586.6905,0.01,2,-2.372500000000173,0.5437781833080374,-2.91627818330821,-1.229200498759957,3.594000000000051,2.4249999999999545,stop,2011
1,231021,231022,2011-12-16 13:10:00+00:00,2011-12-16 13:15:00+00:00,1596.675,1594.608,0.01,1,-2.0670000000000073,0.46280753336683894,-2.529807533366846,-1.2239030156588473,2.7450000000001182,0.5620000000001255,stop,2011
-1,231319,231349,2011-12-19 13:15:00+00:00,2011-12-19 15:45:00+00:00,1603.815,1595.141,0.01,30,8.673999999999978,0.43024296220104874,8.243757037798929,1.9007971034814273,3.2100000000000364,10.95699999999988,target,2011
-1,231616,231619,2011-12-20 14:25:00+00:00,2011-12-20 14:40:00+00:00,1612.76,1615.599,0.01,3,-2.838999999999942,0.41801773049645957,-3.2570177304964014,-1.1472411872125636,3.2259999999998854,0.15699999999992542,stop,2011
1,231887,231889,2011-12-21 13:00:00+00:00,2011-12-21 13:10:00+00:00,1617.5549999999998,1614.444,0.01,2,-3.1109999999998763,0.45059456609976506,-3.5615945660996413,-1.1448391405013767,3.630999999999858,0.0,stop,2011
1,232186,232195,2011-12-22 13:55:00+00:00,2011-12-22 14:40:00+00:00,1606.8890000000001,1611.6570000000002,0.01,9,4.768000000000029,0.4657030699101306,4.3022969300898986,1.8046547525544767,1.5090000000000146,5.475999999999885,target,2011
-1,232782,232808,2011-12-27 15:10:00+00:00,2011-12-27 17:20:00+00:00,1597.388,1592.6799999999998,0.01,26,4.708000000000084,0.46074398094585883,4.247256019054225,1.8042718857494262,0.5930000000000746,5.2719999999999345,target,2011
-1,233052,233057,2011-12-28 14:00:00+00:00,2011-12-28 14:25:00+00:00,1590.813,1586.2620000000002,0.01,5,4.550999999999931,0.48286351281141576,4.068136487188515,1.787798939656593,0.5929999999998472,6.927000000000135,target,2011
1,233349,233354,2011-12-29 15:05:00+00:00,2011-12-29 15:30:00+00:00,1531.2069999999999,1537.4050000000002,0.01,5,6.198000000000321,0.5275624783279751,5.670437521672346,1.8297636404233792,0.07999999999992724,6.593000000000302,target,2011
-1,233651,233669,2011-12-30 16:45:00+00:00,2011-12-30 18:15:00+00:00,1578.886,1573.562,0.01,18,5.324000000000069,0.6207199583985061,4.7032800416015625,1.7668219540200982,0.009999999999990905,8.41599999999994,target,2011
-1,233931,233933,2012-01-03 15:25:00+00:00,2012-01-03 15:35:00+00:00,1598.4845,1600.517,0.01,2,-2.0325000000000273,0.46365601456011696,-2.4961560145601442,-1.2281210403739782,2.4565000000000055,0.3450000000000273,stop,2012
1,234195,234200,2012-01-04 14:05:00+00:00,2012-01-04 14:30:00+00:00,1596.835,1601.5349999999999,0.01,5,4.699999999999818,0.48951959361392416,4.210480406385894,1.7916937899515137,0.43000000000006366,7.657999999999902,target,2012
1,234468,234469,2012-01-05 13:25:00+00:00,2012-01-05 13:30:00+00:00,1610.2105,1607.865,0.01,1,-2.3454999999999018,0.5073549784735869,-2.8528549784734887,-1.2163099460556845,3.3244999999999436,1.7205000000001291,stop,2012
-1,234764,234766,2012-01-06 14:15:00+00:00,2012-01-06 14:25:00+00:00,1625.2845000000002,1629.08,0.01,2,-3.79549999999972,0.5105143119868591,-4.306014311986579,-1.1345051539947033,5.661999999999807,0.7410000000002128,stop,2012
1,235060,235071,2012-01-09 14:50:00+00:00,2012-01-09 15:45:00+00:00,1616.7375,1614.3535000000002,0.01,11,-2.383999999999787,0.4483684467310769,-2.832368446730864,-1.1880740128905691,2.8724999999999454,4.117500000000064,stop,2012
-1,235325,235327,2012-01-10 13:05:00+00:00,2012-01-10 13:15:00+00:00,1637.1295,1639.225,0.01,2,-2.0954999999999018,0.5024498170862104,-2.5979498170861124,-1.2397756225656091,2.248499999999922,1.949500000000171,stop,2012
-1,235606,235609,2012-01-11 13:05:00+00:00,2012-01-11 13:20:00+00:00,1639.429,1635.0320000000002,0.01,3,4.3969999999999345,0.4634639571035407,3.9335360428963937,1.7891908314289071,0.44000000000005457,5.39449999999988,target,2012
-1,235905,235909,2012-01-12 14:15:00+00:00,2012-01-12 14:35:00+00:00,1656.1895,1658.5735,0.01,4,-2.3840000000000146,0.4593991398332804,-2.843399139833295,-1.1927009814736902,3.872000000000071,2.2124999999998636,stop,2012
1,236173,236182,2012-01-13 13:00:00+00:00,2012-01-13 13:45:00+00:00,1640.7115,1638.71,0.01,9,-2.001499999999851,0.4465898749832855,-2.448089874983136,-1.2231275917978108,2.80600000000004,1.9080000000001291,stop,2012
1,237013,237014,2012-01-18 14:05:00+00:00,2012-01-18 14:10:00+00:00,1647.824,1644.7125,0.01,1,-3.111499999999978,0.48220691565251395,-3.593706915652492,-1.154975708067658,4.668500000000222,0.0,stop,2012
1,237325,237326,2012-01-19 16:15:00+00:00,2012-01-19 16:20:00+00:00,1656.4699999999998,1654.1785,0.01,1,-2.2914999999998145,0.4714682993968239,-2.7629682993966385,-1.2057465849429903,4.525499999999738,0.0,stop,2012
-1,237603,237620,2012-01-20 15:35:00+00:00,2012-01-20 17:00:00+00:00,1659.8674999999998,1662.6019999999999,0.01,17,-2.7345000000000255,0.44503819132568107,-3.1795381913257064,-1.1627493842843946,3.867000000000189,2.843499999999949,stop,2012
-1,237858,237862,2012-01-23 13:05:00+00:00,2012-01-23 13:25:00+00:00,1674.5895,1670.1215000000002,0.01,4,4.467999999999847,0.4830490347080673,3.98495096529178,1.7837739325389061,0.8654999999998836,5.309499999999844,target,2012
1,238160,238172,2012-01-24 14:45:00+00:00,2012-01-24 15:45:00+00:00,1663.9944999999998,1668.4714999999992,0.01,12,4.476999999999407,0.4329281609938359,4.044071839005571,1.8065989899513546,1.578499999999849,5.765500000000202,target,2012
-1,238460,238471,2012-01-25 16:15:00+00:00,2012-01-25 17:10:00+00:00,1660.702,1656.6390000000004,0.01,11,4.062999999999647,0.44027657050434826,3.622723429495299,1.7832751314278188,0.41599999999994,4.247000000000071,target,2012
-1,238708,238711,2012-01-26 13:40:00+00:00,2012-01-26 13:55:00+00:00,1722.7615,1725.6165,0.01,3,-2.855000000000018,0.4523578030375845,-3.3073578030376027,-1.158444064111237,7.326499999999896,0.5085000000001401,stop,2012
-1,239008,239018,2012-01-27 15:00:00+00:00,2012-01-27 15:50:00+00:00,1726.7869999999998,1729.9995,0.01,10,-3.212500000000091,0.3918014157973128,-3.6043014157974036,-1.1219615302092767,3.4130000000002383,2.77599999999984,stop,2012
-1,239287,239301,2012-01-30 14:40:00+00:00,2012-01-30 15:50:00+00:00,1730.5659999999998,1733.2535,0.01,14,-2.6875000000002274,0.4088779219858067,-3.096377921986034,-1.1521406221342407,3.0970000000002074,4.440499999999702,stop,2012
-1,239562,239567,2012-01-31 13:40:00+00:00,2012-01-31 14:05:00+00:00,1743.8584999999998,1745.9524999999999,0.01,5,-2.094000000000051,0.42566456099681366,-2.5196645609968646,-1.2032782048695336,2.5450000000000728,0.18849999999974898,stop,2012
-1,239869,239877,2012-02-01 15:20:00+00:00,2012-02-01 16:00:00+00:00,1745.804,1748.44,0.01,8,-2.6359999999999673,0.43201095201238,-3.0680109520123473,-1.1638888285327713,3.2984999999998763,2.7070000000001073,stop,2012
1,240174,240178,2012-02-02 16:50:00+00:00,2012-02-02 17:10:00+00:00,1756.813,1754.7669999999998,0.01,4,-2.0460000000002765,0.40830774446779694,-2.4543077444680734,-1.199563902476902,2.1579999999999018,2.431999999999789,stop,2012
1,240424,240426,2012-02-03 13:50:00+00:00,2012-02-03 14:00:00+00:00,1749.915,1755.3029999999999,0.01,2,5.38799999999992,0.4314603385557386,4.9565396614441815,1.8398439723252618,1.0,5.852000000000089,target,2012
-1,240722,240724,2012-02-06 14:55:00+00:00,2012-02-06 15:05:00+00:00,1719.1435000000001,1721.727,0.01,2,-2.583499999999958,0.3861336752593069,-2.969633675259265,-1.1494614574257067,3.83849999999984,0.0,stop,2012
-1,240992,240997,2012-02-07 13:45:00+00:00,2012-02-07 14:10:00+00:00,1718.923,1721.8195,0.01,5,-2.89650000000006,0.420613668723307,-3.317113668723367,-1.1452144549364054,4.332999999999856,2.0809999999999036,stop,2012
1,241298,241302,2012-02-08 15:45:00+00:00,2012-02-08 16:05:00+00:00,1738.7845,1735.8885,0.01,4,-2.895999999999958,0.4211516915458649,-3.3171516915458232,-1.1454253078542374,4.2569999999998345,3.091000000000122,stop,2012
-1,241567,241607,2012-02-09 14:35:00+00:00,2012-02-09 17:55:00+00:00,1747.397,1738.4919999999997,0.01,40,8.9050000000002,0.43461230468749545,8.470387695312704,1.9023891511089306,2.3960000000001855,9.82699999999977,target,2012
1,241840,241856,2012-02-10 13:30:00+00:00,2012-02-10 14:50:00+00:00,1709.5175,1717.7105000000001,0.01,16,8.193000000000211,0.4271657148783496,7.765834285121861,1.8957242243675483,2.8584999999998217,8.643500000000131,target,2012
1,242138,242139,2012-02-13 14:40:00+00:00,2012-02-13 14:45:00+00:00,1720.3985,1717.672,0.01,1,-2.7264999999999873,0.4150253129403488,-3.141525312940336,-1.1522190768165599,4.138999999999896,0.0,stop,2012
1,242437,242459,2012-02-14 16:00:00+00:00,2012-02-14 17:50:00+00:00,1720.9895000000001,1718.7465,0.01,22,-2.2430000000001655,0.4292328436911457,-2.672232843691311,-1.1913655121226545,4.191500000000133,2.8599999999996726,stop,2012
1,242761,242765,2012-02-15 19:20:00+00:00,2012-02-15 19:40:00+00:00,1722.7885,1726.9645000000005,0.01,4,4.176000000000386,0.4315190438886089,3.7444809561117767,1.7933337912411067,0.0,4.419499999999971,target,2012
1,242978,242994,2012-02-16 13:40:00+00:00,2012-02-16 15:00:00+00:00,1709.0655000000002,1716.2925000000005,0.01,16,7.2270000000003165,0.4361718416691048,6.790828158331212,1.8792938033294353,3.1600000000003092,7.856999999999971,target,2012
1,243274,243275,2012-02-17 14:30:00+00:00,2012-02-17 14:35:00+00:00,1731.8474999999999,1728.959,0.01,1,-2.8884999999997945,0.42748884914463514,-3.3159888491444294,-1.1479968319697647,4.647499999999809,0.0,stop,2012
-1,243903,243915,2012-02-21 13:40:00+00:00,2012-02-21 14:40:00+00:00,1745.526,1747.897,0.01,12,-2.370999999999867,0.4975052029767148,-2.868505202976582,-1.2098292716055432,3.2985000000001037,1.0485000000001037,stop,2012
-1,244246,244251,2012-02-22 18:25:00+00:00,2012-02-22 18:50:00+00:00,1769.257,1772.541,0.01,5,-3.283999999999878,0.43424333850790203,-3.71824333850778,-1.132230005635785,4.744999999999891,0.0,stop,2012
1,244487,244489,2012-02-23 14:30:00+00:00,2012-02-23 14:40:00+00:00,1777.5974999999999,1775.4265,0.01,2,-2.1709999999998217,0.41240586160038395,-2.583405861600206,-1.189961244403693,4.830500000000029,0.018000000000029104,stop,2012
1,244787,244788,2012-02-24 15:30:00+00:00,2012-02-24 15:35:00+00:00,1775.6365,1773.0095000000001,0.01,1,-2.6269999999999527,0.4191779294127999,-3.0461779294127527,-1.159565256723566,2.8695000000002437,0.0,stop,2012
1,245428,245429,2012-02-28 15:15:00+00:00,2012-02-28 15:20:00+00:00,1778.7604999999999,1783.3694999999993,0.01,1,4.608999999999469,0.41010264844804406,4.198897351551425,1.8220426780437877,0.0,5.135500000000093,target,2012
1,245702,245703,2012-02-29 14:05:00+00:00,2012-02-29 14:10:00+00:00,1782.2240000000002,1779.735,0.01,1,-2.48900000000026,0.39957274662508696,-2.8885727466253472,-1.1605354546504802,3.5575000000003456,0.0,stop,2012
1,245985,245998,2012-03-01 13:55:00+00:00,2012-03-01 15:00:00+00:00,1706.095,1713.9110000000003,0.01,13,7.816000000000259,0.4553885683370613,7.360611431663198,1.8834727307223527,0.25549999999998363,8.78599999999983,target,2012
1,246282,246283,2012-03-02 14:40:00+00:00,2012-03-02 14:45:00+00:00,1710.522,1708.3980000000001,0.01,1,-2.1239999999997963,0.4238415243902521,-2.5478415243900483,-1.199548740296748,3.923999999999978,0.0,stop,2012
1,246634,246635,2012-03-05 14:40:00+00:00,2012-03-05 14:45:00+00:00,1705.545,1703.333,0.01,1,-2.211999999999989,0.4202802896566637,-2.6322802896566526,-1.1900001309478596,2.5730000000000928,0.0,stop,2012
1,246905,246906,2012-03-06 13:40:00+00:00,2012-03-06 13:45:00+00:00,1683.454,1680.174,0.01,1,-3.2799999999999727,0.43636431344061893,-3.7163643134405917,-1.1330379004392142,4.580500000000029,0.0,stop,2012
1,247200,247216,2012-03-07 14:40:00+00:00,2012-03-07 16:00:00+00:00,1675.0885,1679.2925000000002,0.01,16,4.204000000000178,0.42249408109499803,3.78150591890518,1.7990037673192292,2.0820000000001073,7.259499999999889,target,2012
1,247494,247525,2012-03-08 15:10:00+00:00,2012-03-08 17:45:00+00:00,1691.6835,1696.9345000000003,0.01,31,5.251000000000204,0.3947724255779259,4.856227574422277,1.8496391447046616,1.499000000000251,6.283999999999878,target,2012
1,247770,247784,2012-03-09 14:10:00+00:00,2012-03-09 15:20:00+00:00,1682.2825,1693.2005000000001,0.01,14,10.91800000000012,0.42891580551139524,10.489084194488726,1.9214296014817018,1.77150000000006,13.686500000000024,target,2012
1,248133,248135,2012-03-12 13:55:00+00:00,2012-03-12 14:05:00+00:00,1698.089,1695.961,0.01,2,-2.127999999999929,0.4207299675095891,-2.548729967509518,-1.1977114508973699,3.2145000000000437,0.5995000000000346,stop,2012
1,248412,248417,2012-03-13 13:10:00+00:00,2012-03-13 13:35:00+00:00,1686.2415,1691.7285000000002,0.01,5,5.48700000000008,0.438169524343264,5.048830475656816,1.8402881267201538,1.30600000000004,6.330999999999904,target,2012
-1,248709,248714,2012-03-14 14:00:00+00:00,2012-03-14 14:25:00+00:00,1648.6835,1650.953,0.01,5,-2.26949999999988,0.4344528054914273,-2.703952805491307,-1.1914310665307117,3.58199999999988,2.588999999999942,stop,2012
-1,249037,249038,2012-03-15 17:20:00+00:00,2012-03-15 17:25:00+00:00,1657.202,1659.3020000000001,0.01,1,-2.1000000000001364,0.4166947915550353,-2.516694791555172,-1.1984260912166707,3.2450000000001182,0.0,stop,2012
-1,249285,249286,2012-03-16 14:00:00+00:00,2012-03-16 14:05:00+00:00,1651.8384999999998,1654.2385,0.01,1,-2.400000000000091,0.40541436718495866,-2.8054143671850498,-1.1689226529937264,3.9555000000002565,0.0,stop,2012
-1,249659,249662,2012-03-19 15:10:00+00:00,2012-03-19 15:25:00+00:00,1663.001,1667.002,0.01,3,-4.000999999999976,0.4010800791669307,-4.4020800791669075,-1.1002449585520953,5.919499999999971,0.25749999999993634,stop,2012
-1,250224,250231,2012-03-21 14:20:00+00:00,2012-03-21 14:55:00+00:00,1658.8575,1652.5675,0.01,7,6.289999999999964,0.42912825104653024,5.860871748953433,1.863552225422406,0.0,9.17100000000005,target,2012
1,250502,250515,2012-03-22 13:30:00+00:00,2012-03-22 14:35:00+00:00,1630.981,1636.3529999999998,0.01,13,5.371999999999844,0.4112500377323219,4.9607499622675215,1.846891274113055,1.8099999999999454,8.162500000000136,target,2012
-1,250786,250795,2012-03-23 13:10:00+00:00,2012-03-23 13:55:00+00:00,1656.6105,1658.8465,0.01,9,-2.2360000000001037,0.41678093915344,-2.6527809391535437,-1.186395768852156,2.390999999999849,4.094000000000051,stop,2012
-1,251441,251449,2012-03-27 14:00:00+00:00,2012-03-27 14:40:00+00:00,1694.598,1690.2479999999996,0.01,8,4.350000000000364,0.4286121342017665,3.9213878657985974,1.8029369497923078,0.3040000000000873,7.511999999999944,target,2012
1,251756,251757,2012-03-28 16:20:00+00:00,2012-03-28 16:25:00+00:00,1667.664,1664.429,0.01,1,-3.2349999999999,0.42047005633195994,-3.65547005633186,-1.1299752878924183,4.9370000000001255,0.0,stop,2012
1,252027,252032,2012-03-29 14:55:00+00:00,2012-03-29 15:20:00+00:00,1652.643,1649.4209999999998,0.01,5,-3.2220000000002074,0.40600018360352214,-3.6280001836037297,-1.1260087472388256,5.398000000000138,1.2705000000000837,stop,2012
1,252305,252338,2012-03-30 14:05:00+00:00,2012-03-30 16:50:00+00:00,1662.923,1668.4150000000002,0.01,33,5.492000000000189,0.4012633500788538,5.090736649921335,1.8538735068904442,2.5464999999999236,6.399999999999864,target,2012
1,252971,252972,2012-04-03 18:20:00+00:00,2012-04-03 18:25:00+00:00,1651.997,1646.748,0.01,1,-5.249000000000024,0.42595055135511406,-5.6749505513551375,-1.08114889528579,5.29950000000008,1.1614999999999327,stop,2012
1,253220,253229,2012-04-04 15:05:00+00:00,2012-04-04 15:50:00+00:00,1615.467,1620.0050000000006,0.01,9,4.538000000000466,0.43453491983074033,4.103465080169725,1.8084905597925536,1.2810000000001764,4.911999999999807,target,2012
-1,254042,254050,2012-04-09 13:10:00+00:00,2012-04-09 13:50:00+00:00,1646.7395000000001,1642.5145000000007,0.01,8,4.224999999999454,0.4577216406321411,3.7672783593673134,1.7833270340202603,0.0,5.042000000000144,target,2012
-1,254373,254376,2012-04-10 16:45:00+00:00,2012-04-10 17:00:00+00:00,1654.4775,1657.848,0.01,3,-3.3704999999999927,0.5074017595308018,-3.8779017595307943,-1.1505419847295069,3.4135000000001128,1.1359999999999673,stop,2012
-1,254916,254918,2012-04-12 14:00:00+00:00,2012-04-12 14:10:00+00:00,1669.051,1671.2024999999999,0.01,2,-2.151499999999942,0.40689250510878666,-2.5583925051087286,-1.189120383503973,2.8640000000000327,0.85349999999994,stop,2012
1,255203,255204,2012-04-13 13:55:00+00:00,2012-04-13 14:00:00+00:00,1668.342,1666.1225,0.01,1,-2.219500000000153,0.4238483969830419,-2.643348396983195,-1.1909657116391137,3.144000000000233,0.0,stop,2012
1,255571,255596,2012-04-16 14:30:00+00:00,2012-04-16 16:35:00+00:00,1649.382,1646.114,0.01,25,-3.268000000000029,0.41423277310924383,-3.682232773109273,-1.1267542145377112,3.6000000000001364,3.2639999999998963,stop,2012
-1,255871,255937,2012-04-17 15:30:00+00:00,2012-04-17 21:00:00+00:00,1653.882,1649.3495,0.01,66,4.532500000000027,0.41107007493275133,4.121429925067276,1.334659949827599,0.650000000000091,4.838000000000193,session_flat,2012
-1,256150,256157,2012-04-18 14:45:00+00:00,2012-04-18 15:20:00+00:00,1646.2865000000002,1641.2955000000002,0.01,7,4.9909999999999854,0.4196117263037417,4.571388273696244,1.8318526442381315,0.26549999999997453,5.707000000000107,target,2012
-1,256423,256426,2012-04-19 13:30:00+00:00,2012-04-19 13:45:00+00:00,1646.2215,1649.442,0.01,3,-3.2204999999999018,0.41424690680578624,-3.634746906805688,-1.1286281343908706,7.080999999999904,1.3585000000000491,stop,2012
-1,256714,256719,2012-04-20 13:45:00+00:00,2012-04-20 14:10:00+00:00,1641.658,1643.836,0.01,5,-2.178000000000111,0.43247460322091497,-2.610474603221026,-1.1985650152529352,4.483000000000175,1.4304999999999382,stop,2012
-1,257067,257116,2012-04-23 13:45:00+00:00,2012-04-23 17:50:00+00:00,1630.248,1633.1425,0.01,49,-2.89449999999988,0.41072439050244464,-3.3052243905023246,-1.1418982174822807,4.261999999999944,4.34900000000016,stop,2012
-1,257691,257694,2012-04-25 17:45:00+00:00,2012-04-25 18:00:00+00:00,1643.6295,1638.0834999999997,0.01,3,5.5460000000002765,0.48973085497912217,5.0562691450211545,1.8233931283883529,0.0,8.929499999999962,target,2012
-1,257938,257939,2012-04-26 14:40:00+00:00,2012-04-26 14:45:00+00:00,1656.101,1658.196,0.01,1,-2.0949999999998,0.39228766503812335,-2.487287665037923,-1.1872494821184538,3.000999999999749,0.0,stop,2012
1,258572,258581,2012-04-30 14:05:00+00:00,2012-04-30 14:50:00+00:00,1653.6664999999998,1658.9954999999995,0.01,9,5.3289999999997235,0.4077074915044818,4.921292508495242,1.8469853662959268,0.0,6.895500000000084,target,2012
1,258862,258863,2012-05-01 14:15:00+00:00,2012-05-01 14:20:00+00:00,1662.758,1660.15,0.01,1,-2.6079999999999472,0.43189586551345177,-3.039895865513399,-1.165604242911603,4.3599999999999,0.0,stop,2012
1,259430,259434,2012-05-03 13:50:00+00:00,2012-05-03 14:10:00+00:00,1637.3195,1635.181,0.01,4,-2.138500000000022,0.4403426912739255,-2.5788426912739473,-1.205911943546374,3.02150000000006,3.0004999999998745,stop,2012
-1,259720,259723,2012-05-04 14:00:00+00:00,2012-05-04 14:15:00+00:00,1643.5795,1646.3020000000001,0.01,3,-2.722500000000082,0.40992145844000233,-3.132421458440084,-1.1505680288117501,3.5319999999999254,1.3175000000001091,stop,2012
1,260292,260299,2012-05-08 13:15:00+00:00,2012-05-08 13:50:00+00:00,1611.9025000000001,1609.6625,0.01,7,-2.2400000000002365,0.41765391968818183,-2.657653919688418,-1.1864526427179185,4.881000000000313,2.0694999999998345,stop,2012
-1,260597,260598,2012-05-09 14:40:00+00:00,2012-05-09 14:45:00+00:00,1588.019,1590.1025,0.01,1,-2.083499999999958,0.40175259615384407,-2.4852525961538023,-1.192825820088242,2.6829999999999927,0.15200000000004366,stop,2012
-1,260877,260890,2012-05-10 14:00:00+00:00,2012-05-10 15:05:00+00:00,1598.981,1593.075,0.01,13,5.905999999999949,0.40945353603100326,5.496546463968945,1.8613431980931232,1.5809999999999036,6.3810000000000855,target,2012
1,261158,261163,2012-05-11 13:35:00+00:00,2012-05-11 14:00:00+00:00,1580.864,1585.46,0.01,5,4.596000000000004,0.4270733415277806,4.168926658472223,1.814154333538825,0.20700000000010732,5.608499999999822,target,2012
1,261803,261807,2012-05-15 13:15:00+00:00,2012-05-15 13:35:00+00:00,1557.251,1554.906,0.01,4,-2.3450000000000273,0.43652459158064777,-2.781524591580675,-1.186151211761468,3.341000000000122,1.2200000000000273,stop,2012
-1,262100,262103,2012-05-16 14:05:00+00:00,2012-05-16 14:20:00+00:00,1547.633,1550.1945,0.01,3,-2.5615000000000236,0.41095651583991527,-2.972456515839939,-1.1604358835994188,4.759499999999889,0.03999999999996362,stop,2012
1,262386,262387,2012-05-17 13:55:00+00:00,2012-05-17 14:00:00+00:00,1551.453,1555.7729999999997,0.01,1,4.319999999999709,0.422231838158542,3.897768161841167,1.80452229714881,0.0,8.430000000000064,target,2012
-1,262677,262681,2012-05-18 14:10:00+00:00,2012-05-18 14:30:00+00:00,1593.4834999999998,1595.925,0.01,4,-2.441500000000133,0.4107109672699602,-2.852210967270093,-1.1682207525168697,4.324000000000069,1.3544999999999163,stop,2012
-1,263040,263042,2012-05-21 14:20:00+00:00,2012-05-21 14:30:00+00:00,1593.189,1595.383,0.01,2,-2.19399999999996,0.4148115000270052,-2.608811500026965,-1.1890663172411178,2.8029999999998836,0.7309999999999945,stop,2012
-1,263329,263330,2012-05-22 14:25:00+00:00,2012-05-22 14:30:00+00:00,1585.1225,1587.3474999999999,0.01,1,-2.224999999999909,0.40034631650542024,-2.6253463165053295,-1.1799309287664885,4.043500000000222,0.0,stop,2012
1,263607,263609,2012-05-23 13:35:00+00:00,2012-05-23 13:45:00+00:00,1561.3525,1558.536,0.01,2,-2.8164999999999054,0.4058402367703868,-3.2223402367702922,-1.1440938174224748,5.11850000000004,0.38850000000002183,stop,2012
-1,263889,263899,2012-05-24 13:05:00+00:00,2012-05-24 13:55:00+00:00,1574.5545000000002,1567.5965000000006,0.01,10,6.95799999999963,0.4275222575971696,6.53047774240246,1.877113464329637,0.9539999999997235,7.556500000000142,target,2012
-1,264179,264183,2012-05-25 13:15:00+00:00,2012-05-25 13:35:00+00:00,1564.2685000000001,1566.2955000000002,0.01,4,-2.0270000000000437,0.43095896039892306,-2.4579589603989667,-1.2126092552535341,4.4699999999998,1.7805000000000746,stop,2012
-1,264823,264824,2012-05-29 13:25:00+00:00,2012-05-29 13:30:00+00:00,1580.587,1576.1550000000002,0.01,1,4.431999999999789,0.42936940164659715,4.002630598353192,1.8062412447443061,0.7015000000001237,4.56899999999996,target,2012
1,265116,265119,2012-05-30 13:50:00+00:00,2012-05-30 14:05:00+00:00,1537.5315,1544.0704999999998,0.01,3,6.53899999999976,0.4148775083455833,6.124122491654177,1.8731067415979206,1.22199999999998,6.73700000000008,target,2012
-1,265394,265396,2012-05-31 13:00:00+00:00,2012-05-31 13:10:00+00:00,1564.992,1567.0335,0.01,2,-2.041500000000042,0.42672863173983805,-2.46822863173988,-1.209027005505672,2.2574999999999363,1.384499999999889,stop,2012
-1,265690,265694,2012-06-01 13:40:00+00:00,2012-06-01 14:00:00+00:00,1599.275,1602.3025,0.01,4,-3.027499999999918,0.4448774208786009,-3.472377420878519,-1.146945473452886,7.934999999999945,3.856000000000222,stop,2012
1,266052,266061,2012-06-04 13:45:00+00:00,2012-06-04 14:30:00+00:00,1618.745,1616.4975,0.01,9,-2.2474999999999454,0.41953270750205174,-2.6670327075019973,-1.1866663882100388,5.226999999999862,3.165000000000191,stop,2012
-1,266339,266343,2012-06-05 13:40:00+00:00,2012-06-05 14:00:00+00:00,1617.344,1613.1230000000005,0.01,4,4.220999999999549,0.4183897933659573,3.8026102066335916,1.8017579751878692,2.0954999999999018,4.918500000000222,target,2012
-1,266624,266629,2012-06-06 13:45:00+00:00,2012-06-06 14:10:00+00:00,1636.3719999999998,1638.4924999999998,0.01,5,-2.1204999999999927,0.4083630953403247,-2.5288630953403173,-1.192578682075136,2.5915000000002237,2.599999999999909,stop,2012
1,266914,266915,2012-06-07 13:55:00+00:00,2012-06-07 14:00:00+00:00,1619.7505,1615.959,0.01,1,-3.791500000000042,0.46846238036157417,-4.259962380361616,-1.1235559489282787,18.06750000000011,1.1140000000000327,stop,2012
1,267191,267215,2012-06-08 13:00:00+00:00,2012-06-08 15:00:00+00:00,1577.0610000000001,1584.6750000000006,0.01,24,7.6140000000004875,0.4166045262964953,7.197395473703992,1.890568813686244,1.07100000000014,11.492499999999836,target,2012
1,267560,267563,2012-06-11 13:45:00+00:00,2012-06-11 14:00:00+00:00,1587.28,1584.4070000000002,0.01,3,-2.87299999999982,0.4167277182954697,-3.2897277182952895,-1.1450496757032704,5.3875000000000455,0.19850000000019463,stop,2012
-1,267837,267846,2012-06-12 13:15:00+00:00,2012-06-12 14:00:00+00:00,1603.0455000000002,1606.1825,0.01,9,-3.1369999999997162,0.41144005463602423,-3.5484400546357406,-1.131157173935627,4.637499999999818,1.423500000000331,stop,2012
1,268124,268125,2012-06-13 13:20:00+00:00,2012-06-13 13:25:00+00:00,1619.6064999999999,1624.7824999999993,0.01,1,5.175999999999476,0.4326565215722416,4.743343478427234,1.8328220550338927,0.0,5.231999999999971,target,2012
1,268417,268434,2012-06-14 13:45:00+00:00,2012-06-14 15:10:00+00:00,1614.0095000000001,1620.9845000000005,0.01,17,6.975000000000364,0.4307949781016807,6.544205021898683,1.8764745582504205,1.1855000000000473,8.486499999999978,target,2012
1,269071,269072,2012-06-18 14:10:00+00:00,2012-06-18 14:15:00+00:00,1617.964,1621.9659999999994,0.01,1,4.001999999999498,0.46200269960924895,3.539997300390249,1.7691140931487723,0.0,4.701500000000124,target,2012
1,269366,269383,2012-06-19 14:45:00+00:00,2012-06-19 16:10:00+00:00,1623.768,1621.6965,0.01,17,-2.0715000000000146,0.41539106486847815,-2.4868910648684928,-1.2005267028088222,3.436999999999898,3.3199999999999363,stop,2012
1,269647,269659,2012-06-20 14:10:00+00:00,2012-06-20 15:10:00+00:00,1598.664,1604.597,0.01,12,5.932999999999993,0.4166989900676606,5.516301009932332,1.8595317747960016,0.6779999999998836,8.333000000000084,target,2012
1,269924,269925,2012-06-21 13:15:00+00:00,2012-06-21 13:20:00+00:00,1585.3764999999999,1583.1705,0.01,1,-2.2059999999999036,0.41616451527924153,-2.6221645152791453,-1.1886511855300361,3.2824999999998,0.2905000000000655,stop,2012
-1,270577,270578,2012-06-25 15:50:00+00:00,2012-06-25 15:55:00+00:00,1576.337,1578.663,0.01,1,-2.326000000000022,0.42202436281859,-2.7480243628186116,-1.181437817204895,6.6534999999998945,0.3849999999999909,stop,2012
1,270854,270927,2012-06-26 14:55:00+00:00,2012-06-26 21:00:00+00:00,1570.806,1572.827,0.01,73,2.020999999999958,0.4294756347962387,1.5915243652037194,0.5553120604339593,2.6714999999999236,4.267499999999927,session_flat,2012
1,271119,271123,2012-06-27 13:00:00+00:00,2012-06-27 13:20:00+00:00,1565.8815,1571.9904999999999,0.01,4,6.108999999999924,0.43383398993256167,5.675166010067362,1.8579689016426364,1.03449999999998,9.98350000000005,target,2012
1,271410,271419,2012-06-28 13:15:00+00:00,2012-06-28 14:00:00+00:00,1563.6985,1561.6515,0.01,9,-2.0470000000000255,0.4136567469844149,-2.4606567469844403,-1.2020795051218416,8.274499999999989,2.8810000000000855,stop,2012
-1,271712,271740,2012-06-29 14:25:00+00:00,2012-06-29 16:45:00+00:00,1598.0525,1593.4875,0.01,28,4.565000000000055,0.41536866846603515,4.149631331534019,1.8180202985910052,1.4764999999999873,4.803000000000111,target,2012
-1,272070,272077,2012-07-02 14:10:00+00:00,2012-07-02 14:45:00+00:00,1596.057,1599.9015,0.01,7,-3.844499999999926,0.4209380471588992,-4.265438047158825,-1.1094909733798692,6.182999999999765,3.408999999999878,stop,2012
-1,272344,272348,2012-07-03 13:05:00+00:00,2012-07-03 13:25:00+00:00,1615.5825,1618.0025,0.01,4,-2.4200000000000728,0.4165768898230184,-2.836576889823091,-1.1721392106706636,2.7705000000000837,0.0,stop,2012
1,272926,272940,2012-07-05 13:35:00+00:00,2012-07-05 14:45:00+00:00,1602.6565,1609.9935000000005,0.01,14,7.337000000000445,0.4495871749933108,6.887412825007134,1.8774465926146153,0.0,8.545999999999822,target,2012
1,273208,273245,2012-07-06 13:05:00+00:00,2012-07-06 16:10:00+00:00,1589.3755,1584.6435000000001,0.01,37,-4.731999999999971,0.43761288198489534,-5.169612881984866,-1.0924794763281696,9.997499999999945,3.7784999999998945,stop,2012
1,273876,273879,2012-07-10 14:45:00+00:00,2012-07-10 15:00:00+00:00,1589.2130000000002,1586.6975,0.01,3,-2.515500000000202,0.40962315397721866,-2.9251231539774207,-1.162839655725377,4.297000000000253,1.1104999999997744,stop,2012
1,274205,274206,2012-07-11 18:10:00+00:00,2012-07-11 18:15:00+00:00,1570.9515000000001,1567.4495000000002,0.01,1,-3.501999999999953,0.5115725212109246,-4.013572521210878,-1.1460801031441838,3.5935000000001764,0.06149999999979627,stop,2012
-1,274445,274459,2012-07-12 14:35:00+00:00,2012-07-12 15:45:00+00:00,1559.1525000000001,1561.683,0.01,14,-2.530499999999847,0.411698649609095,-2.942198649608942,-1.16269458589572,8.067999999999756,4.055000000000291,stop,2012
-1,274728,274796,2012-07-13 14:10:00+00:00,2012-07-13 19:50:00+00:00,1594.2069999999999,1588.8159999999993,0.01,68,5.391000000000531,0.4569746133128705,4.934025386687661,1.8304675891994713,0.49000000000023647,6.009499999999889,target,2012
-1,275077,275094,2012-07-16 13:10:00+00:00,2012-07-16 14:35:00+00:00,1590.544,1593.446,0.01,17,-2.9019999999998163,0.4174984562459917,-3.319498456245808,-1.1438657671419774,3.4264999999998054,3.183999999999969,stop,2012
1,275385,275395,2012-07-17 14:50:00+00:00,2012-07-17 15:40:00+00:00,1574.517,1580.0539999999999,0.01,10,5.536999999999807,0.40247709258603864,5.134522907413769,1.8546226864417366,0.07500000000004547,6.576499999999896,target,2012
-1,275661,275663,2012-07-18 13:50:00+00:00,2012-07-18 14:00:00+00:00,1576.005,1578.2775000000001,0.01,2,-2.2725000000000364,0.41068728074717326,-2.6831872807472097,-1.180720475576311,3.0405000000000655,0.8145000000001801,stop,2012
1,275994,275997,2012-07-19 17:35:00+00:00,2012-07-19 17:50:00+00:00,1581.452,1578.9975,0.01,3,-2.4545000000000528,0.43102959753231557,-2.8855295975323685,-1.175607902844696,2.62299999999982,0.4619999999999891,stop,2012
-1,276610,276622,2012-07-23 14:50:00+00:00,2012-07-23 15:50:00+00:00,1575.2665000000002,1577.313,0.01,12,-2.0464999999999236,0.4116100184658689,-2.4581100184657925,-1.2011287654365426,2.9359999999996944,1.5095000000001164,stop,2012
-1,276883,276891,2012-07-24 13:35:00+00:00,2012-07-24 14:15:00+00:00,1582.2669999999998,1577.7749999999996,0.01,8,4.492000000000189,0.41003327040632626,4.081966729593863,1.8174384370408243,2.0225000000000364,4.682999999999993,target,2012
1,277746,277761,2012-07-27 13:45:00+00:00,2012-07-27 15:00:00+00:00,1620.4805000000001,1616.5805,0.01,15,-3.900000000000091,0.41295478108751477,-4.312954781087606,-1.1058858413044885,4.212500000000091,2.149499999999989,stop,2012
1,278366,278379,2012-07-31 16:15:00+00:00,2012-07-31 17:20:00+00:00,1614.8200000000002,1612.683,0.01,13,-2.137000000000171,0.42875361739601964,-2.5657536173961906,-1.2006334194646633,3.0325000000002547,1.3589999999999236,stop,2012
-1,278643,278649,2012-08-01 15:20:00+00:00,2012-08-01 15:50:00+00:00,1602.6365,1604.8025,0.01,6,-2.16599999999994,0.4032918544879332,-2.569291854487873,-1.186191991915025,2.9459999999999127,0.85550000000012,stop,2012
1,278904,278908,2012-08-02 13:05:00+00:00,2012-08-02 13:25:00+00:00,1598.2620000000002,1594.085,0.01,4,-4.177000000000135,0.4247960906109515,-4.601796090611086,-1.1016988486020918,4.186000000000149,2.740999999999758,stop,2012
-1,279202,279203,2012-08-03 13:55:00+00:00,2012-08-03 14:00:00+00:00,1597.5369999999998,1600.3,0.01,1,-2.7630000000001473,0.4157546956490617,-3.178754695649209,-1.1504722025512268,6.206000000000131,0.0,stop,2012
1,279831,279835,2012-08-07 13:35:00+00:00,2012-08-07 13:55:00+00:00,1613.4175,1610.9975,0.01,4,-2.4200000000000728,0.41729928352890694,-2.8372992835289796,-1.1724377204664853,3.800499999999829,1.356999999999971,stop,2012
-1,280121,280208,2012-08-08 13:45:00+00:00,2012-08-08 21:00:00+00:00,1614.5155,1612.5034999999998,0.01,87,2.012000000000171,0.415788126361653,1.596211873638518,0.6601372512979482,1.9549999999999272,3.4075000000000273,session_flat,2012
-1,280692,280702,2012-08-10 13:20:00+00:00,2012-08-10 14:10:00+00:00,1616.517,1620.893,0.01,10,-4.375999999999976,0.40590553022478154,-4.7819055302247575,-1.092757205261605,5.68549999999982,1.509999999999991,stop,2012
1,281328,281363,2012-08-14 13:05:00+00:00,2012-08-14 16:00:00+00:00,1598.2185,1603.8104999999996,0.01,35,5.5919999999996435,0.4294385747354494,5.162561425264194,1.8464096656883129,1.6204999999999927,5.7710000000001855,target,2012
-1,281624,281685,2012-08-15 13:45:00+00:00,2012-08-15 18:50:00+00:00,1603.664,1606.2269999999999,0.01,61,-2.5629999999998745,0.3877184367167834,-2.9507184367166577,-1.1512752386721818,2.638500000000022,2.042499999999791,stop,2012
-1,281928,281999,2012-08-16 15:05:00+00:00,2012-08-16 21:00:00+00:00,1616.3519999999999,1615.164,0.01,71,1.1879999999998745,0.5013084631911005,0.686691536808774,0.31939141246918373,1.0910000000001219,2.41599999999994,session_flat,2012
1,282203,282209,2012-08-17 14:00:00+00:00,2012-08-17 14:30:00+00:00,1615.025,1612.3575,0.01,6,-2.667500000000018,0.42453415149529516,-3.092034151495313,-1.1591505722569042,2.9980000000000473,0.8395000000000437,stop,2012
-1,283192,283194,2012-08-22 18:15:00+00:00,2012-08-22 18:25:00+00:00,1644.757,1646.8085,0.01,2,-2.0515000000000327,0.4131466288382254,-2.464646628838258,-1.201387584127818,4.294999999999845,0.40000000000009095,stop,2012
-1,283426,283432,2012-08-23 13:45:00+00:00,2012-08-23 14:15:00+00:00,1665.1105,1667.8829999999998,0.01,6,-2.772499999999809,0.426745657090509,-3.199245657090318,-1.1539208862364432,4.791500000000042,2.485500000000002,stop,2012
1,283736,283738,2012-08-24 15:35:00+00:00,2012-08-24 15:45:00+00:00,1667.0635,1671.1105,0.01,2,4.0470000000000255,0.41140692731991885,3.6355930726801065,1.796685481927395,0.0,4.307000000000016,target,2012
1,284655,284660,2012-08-29 14:05:00+00:00,2012-08-29 14:30:00+00:00,1661.252,1659.1705,0.01,5,-2.0815000000000055,0.43033172199255254,-2.511831721992558,-1.2067411587761478,5.054999999999836,1.7129999999999654,stop,2012
1,285230,285231,2012-08-31 14:00:00+00:00,2012-08-31 14:05:00+00:00,1658.88,1656.7975000000001,0.01,1,-2.082499999999982,0.5066647184400739,-2.5891647184400557,-1.2432963834045994,11.77350000000024,0.0,stop,2012
1,285886,285888,2012-09-04 14:45:00+00:00,2012-09-04 14:55:00+00:00,1693.4555,1691.37,0.01,2,-2.0855000000001382,0.4691680775120247,-2.554668077512163,-1.2249667118254584,2.2020000000002256,1.2925000000000182,stop,2012
-1,286729,286731,2012-09-07 13:00:00+00:00,2012-09-07 13:10:00+00:00,1724.3874999999998,1726.702,0.01,2,-2.31450000000018,0.4264878838278197,-2.7409878838279997,-1.1842678262379722,3.5455000000001746,0.41099999999983083,stop,2012
1,287626,287700,2012-09-12 14:50:00+00:00,2012-09-12 21:00:00+00:00,1729.631,1730.679,0.01,74,1.0480000000000018,0.44266849144985604,0.6053315085501458,0.24218103962797177,0.9645000000000437,4.378999999999905,session_flat,2012
1,287934,287935,2012-09-13 16:30:00+00:00,2012-09-13 16:35:00+00:00,1726.6415000000002,1731.8335000000002,0.01,1,5.192000000000007,1.0751902280279724,4.116809771972035,1.5858281093883009,0.0,17.452499999999873,target,2012
1,288547,288590,2012-09-17 14:10:00+00:00,2012-09-17 17:45:00+00:00,1769.629,1767.0880000000002,0.01,43,-2.5409999999997126,0.4293787491367608,-2.9703787491364735,-1.1689802239814284,3.2824999999998,2.0230000000001382,stop,2012
-1,288835,288856,2012-09-18 14:10:00+00:00,2012-09-18 15:55:00+00:00,1770.5025,1764.5065,0.01,21,5.996000000000095,0.4139800380082477,5.582019961991847,1.8619145970619608,2.5,6.838500000000067,target,2012
1,289120,289205,2012-09-19 13:55:00+00:00,2012-09-19 21:00:00+00:00,1769.17,1769.9855,0.01,85,0.8154999999999292,0.5158177835691247,0.2996822164308045,0.08762637907333279,2.3350000000000364,5.154999999999973,session_flat,2012
1,289710,289711,2012-09-21 15:05:00+00:00,2012-09-21 15:10:00+00:00,1775.5105,1773.065,0.01,1,-2.445500000000038,0.4210781463191418,-2.86657814631918,-1.1721848891102578,6.053500000000213,0.0,stop,2012
1,290366,290370,2012-09-25 16:00:00+00:00,2012-09-25 16:20:00+00:00,1768.4425,1765.7465,0.01,4,-2.69600000000014,0.4188867263877956,-3.114886726387936,-1.1553734148322603,6.545000000000073,0.0,stop,2012
-1,290930,290938,2012-09-27 15:00:00+00:00,2012-09-27 15:40:00+00:00,1766.4555,1768.6905,0.01,8,-2.2349999999999,0.4741349385252362,-2.709134938525136,-1.2121409120918376,5.114500000000135,3.455500000000029,stop,2012
1,291204,291207,2012-09-28 13:50:00+00:00,2012-09-28 14:05:00+00:00,1773.365,1778.6990000000003,0.01,3,5.334000000000287,0.48211414898009924,4.851885851020188,1.8192297904086714,2.475500000000011,5.644500000000107,target,2012
-1,291557,291560,2012-10-01 13:10:00+00:00,2012-10-01 13:25:00+00:00,1788.417,1782.9299999999998,0.01,3,5.48700000000008,0.43949714221611524,5.0475028577839645,1.8398042127880048,1.5455000000001746,6.425999999999931,target,2012
1,291867,291896,2012-10-02 15:00:00+00:00,2012-10-02 17:25:00+00:00,1776.9535,1774.625,0.01,29,-2.3285000000000764,0.4388463262282294,-2.7673463262283056,-1.18846739369904,3.955500000000029,4.018499999999904,stop,2012
1,292145,292227,2012-10-03 14:10:00+00:00,2012-10-03 21:00:00+00:00,1776.2275,1777.853,0.01,82,1.6255000000001019,0.4332424982307137,1.1922575017693882,0.42129240345209146,0.6455000000000837,4.07549999999992,session_flat,2012
-1,292432,292440,2012-10-04 14:15:00+00:00,2012-10-04 14:55:00+00:00,1790.3985,1792.6325000000002,0.01,8,-2.234000000000151,0.42981067697734326,-2.6638106769774943,-1.192395110553856,2.660000000000082,1.8940000000000055,stop,2012
1,292739,292758,2012-10-05 15:50:00+00:00,2012-10-05 17:25:00+00:00,1781.549,1779.487,0.01,19,-2.061999999999898,0.43342218132057136,-2.4954221813204693,-1.2101950442873872,3.050999999999931,2.09699999999998,stop,2012
1,293383,293393,2012-10-09 15:25:00+00:00,2012-10-09 16:15:00+00:00,1763.0030000000002,1767.9600000000005,0.01,10,4.957000000000335,0.4147666585935991,4.542233341406735,1.8326541623588577,0.7050000000001546,5.147500000000036,target,2012
-1,293662,293674,2012-10-10 14:40:00+00:00,2012-10-10 15:40:00+00:00,1765.307,1761.2570000000003,0.01,12,4.049999999999727,0.41996731386249725,3.63003268613723,1.7926087338950492,0.23099999999999454,4.609000000000151,target,2012
1,294234,294246,2012-10-12 14:30:00+00:00,2012-10-12 15:30:00+00:00,1763.982,1761.9734999999998,0.01,12,-2.00850000000014,0.4383432569974544,-2.4468432569975946,-1.2182440911114882,3.1914999999999054,2.2754999999999654,stop,2012
1,294583,294585,2012-10-15 14:05:00+00:00,2012-10-15 14:15:00+00:00,1736.4065,1733.752,0.01,2,-2.6545000000000982,0.48179023363767604,-3.1362902336377743,-1.1814994287578293,4.116999999999962,0.543999999999869,stop,2012
1,295456,295469,2012-10-18 14:50:00+00:00,2012-10-18 15:55:00+00:00,1741.8425,1746.3084999999999,0.01,13,4.4659999999998945,0.45358256369588584,4.012417436304009,1.7968730122275431,0.0,4.507000000000062,target,2012
1,296391,296438,2012-10-23 14:40:00+00:00,2012-10-23 18:35:00+00:00,1707.5755,1704.911,0.01,47,-2.6644999999998618,0.46483150324569,-3.1293315032455515,-1.174453557232394,3.5779999999999745,4.259500000000116,stop,2012
-1,297236,297238,2012-10-26 13:15:00+00:00,2012-10-26 13:25:00+00:00,1714.0075000000002,1716.3025,0.01,2,-2.2949999999998454,0.44720950240073115,-2.7422095024005766,-1.194862528279199,2.717999999999847,0.0,stop,2012
1,298467,298480,2012-11-01 13:45:00+00:00,2012-11-01 14:50:00+00:00,1720.083,1717.876,0.01,13,-2.2070000000001073,0.4585591107069808,-2.665559110707088,-1.2077748575926408,3.287499999999909,1.3274999999998727,stop,2012
1,298765,298766,2012-11-02 14:35:00+00:00,2012-11-02 14:40:00+00:00,1687.275,1684.1979999999999,0.01,1,-3.0770000000002256,0.4433131810488296,-3.520313181049055,-1.1440731820113088,3.1770000000001346,0.0,stop,2012
-1,299400,299437,2012-11-06 17:55:00+00:00,2012-11-06 21:00:00+00:00,1718.037,1716.4445,0.01,37,1.5924999999999727,0.4603690465697934,1.1321309534301793,0.3807401894838553,0.42399999999997817,5.575500000000147,session_flat,2012
1,299650,299652,2012-11-07 14:45:00+00:00,2012-11-07 14:55:00+00:00,1720.4234999999999,1716.8405,0.01,2,-3.5829999999998563,0.41533775006438517,-3.9983377500642416,-1.1159189924823896,4.350999999999885,1.1720000000000255,stop,2012
-1,300223,300225,2012-11-09 14:30:00+00:00,2012-11-09 14:40:00+00:00,1735.2534999999998,1737.5395,0.01,2,-2.2860000000002856,0.4388060781078163,-2.724806078108102,-1.1919536649640252,3.249000000000251,1.4584999999997308,stop,2012
1,300800,300803,2012-11-13 14:30:00+00:00,2012-11-13 14:45:00+00:00,1720.35,1724.699,0.01,3,4.34900000000016,0.4268415487624358,3.922158451237724,1.8037058869798022,0.0,4.352499999999964,target,2012
1,301104,301112,2012-11-14 15:50:00+00:00,2012-11-14 16:30:00+00:00,1724.2605,1728.8995000000002,0.01,8,4.639000000000124,0.4906696969696956,4.148330303030428,1.7884588501962997,1.2410000000002128,5.089499999999816,target,2012
-1,301368,301378,2012-11-15 13:50:00+00:00,2012-11-15 14:40:00+00:00,1722.5645,1716.8245000000002,0.01,10,5.739999999999782,0.44745092152902444,5.292549078470757,1.8440937555647938,2.4505000000001473,8.43100000000004,target,2012
1,301676,301704,2012-11-16 15:30:00+00:00,2012-11-16 17:50:00+00:00,1710.9855,1716.2395000000004,0.01,28,5.25400000000036,0.46089795229522973,4.793102047705131,1.8245535012199474,0.6000000000001364,5.6245000000001255,target,2012
1,303971,303972,2012-11-28 13:35:00+00:00,2012-11-28 13:40:00+00:00,1718.9085,1716.368,0.01,1,-2.5405000000000655,0.4781345052427584,-3.018634505242824,-1.1882048829926182,4.697999999999865,0.29349999999999454,stop,2012
1,304279,304348,2012-11-29 15:15:00+00:00,2012-11-29 21:00:00+00:00,1724.58,1725.8325,0.01,69,1.2525000000000546,0.43935538349193215,0.8131446165081224,0.3977229721243013,1.7649999999998727,3.8645000000001346,session_flat,2012
1,304575,304577,2012-11-30 16:00:00+00:00,2012-11-30 16:10:00+00:00,1718.8020000000001,1716.0500000000002,0.01,2,-2.7519999999999527,0.4592534474988841,-3.211253447498837,-1.1668798864458183,2.7519999999999527,0.4624999999998636,stop,2012
-1,304855,304868,2012-12-03 13:00:00+00:00,2012-12-03 14:05:00+00:00,1718.326,1713.835,0.01,13,4.4909999999999854,0.40971906646123996,4.081280933538745,1.817537712553444,1.1669999999999163,5.425999999999931,target,2012
1,305150,305152,2012-12-04 13:55:00+00:00,2012-12-04 14:05:00+00:00,1695.833,1692.8020000000001,0.01,2,-3.030999999999949,0.4145439602524695,-3.4455439602524187,-1.136768050231764,3.8230000000000928,0.0,stop,2012
1,305441,305450,2012-12-05 14:25:00+00:00,2012-12-05 15:10:00+00:00,1694.353,1692.26,0.01,9,-2.0930000000000746,0.41512738476534844,-2.508127384765423,-1.198340843175028,6.557499999999891,3.6635000000001128,stop,2012
1,305719,305732,2012-12-06 13:45:00+00:00,2012-12-06 14:50:00+00:00,1688.143,1692.4440000000004,0.01,13,4.301000000000386,0.419441261945048,3.881558738055338,1.804956399932569,1.753500000000031,7.271499999999833,target,2012
1,306007,306008,2012-12-07 13:55:00+00:00,2012-12-07 14:00:00+00:00,1690.441,1695.9640000000002,0.01,1,5.523000000000138,0.4498319129930127,5.073168087007126,1.8371059522024258,0.0,8.610500000000002,target,2012
-1,306949,306957,2012-12-12 18:05:00+00:00,2012-12-12 18:45:00+00:00,1719.2065,1713.8455000000001,0.01,8,5.360999999999876,0.4518850244072473,4.909114975592629,1.8314176368560873,0.9100000000000819,6.538000000000011,target,2012
1,307194,307202,2012-12-13 14:30:00+00:00,2012-12-13 15:10:00+00:00,1692.353,1696.4860000000003,0.01,8,4.133000000000266,0.462033523820839,3.6709664761794265,1.7764173608416116,0.22649999999998727,5.529999999999745,target,2012
1,307580,307597,2012-12-16 18:10:00+00:00,2012-12-16 21:00:00+00:00,1695.6,1695.2005,0.01,17,-0.3994999999999891,0.4657410256410139,-0.865241025641003,-0.2933020425901886,0.40000000000009095,0.0,session_flat,2012
1,308096,308109,2012-12-18 15:15:00+00:00,2012-12-18 16:20:00+00:00,1693.6825,1691.6100000000001,0.01,13,-2.0724999999997635,0.4382056808237261,-2.5107056808234898,-1.2114382054638244,8.926499999999805,0.17250000000012733,stop,2012
1,308653,308655,2012-12-20 13:40:00+00:00,2012-12-20 13:50:00+00:00,1659.034,1656.1405,0.01,2,-2.893500000000131,0.4786286597139938,-3.3721286597141247,-1.165415123453939,6.309500000000298,0.0,stop,2012
-1,309924,309979,2012-12-27 16:05:00+00:00,2012-12-27 20:40:00+00:00,1662.8295,1665.402,0.01,55,-2.572499999999991,0.46127531336367417,-3.033775313363665,-1.1793101315310692,2.6204999999997654,1.7050000000001546,stop,2012
-1,310518,310555,2012-12-31 17:55:00+00:00,2012-12-31 21:00:00+00:00,1675.1965,1673.35,0.01,37,1.8465000000001057,0.5614157946370131,1.2850842053630926,0.26502045893236753,4.528999999999996,2.763500000000022,session_flat,2012
-1,310757,310772,2013-01-02 13:40:00+00:00,2013-01-02 14:55:00+00:00,1689.5245,1691.7415,0.01,15,-2.2170000000000982,0.4557204525022491,-2.672720452502347,-1.20555726319451,3.661000000000058,3.7739999999998872,stop,2013
-1,311316,311317,2013-01-04 14:05:00+00:00,2013-01-04 14:10:00+00:00,1644.3595,1646.6245,0.01,1,-2.2649999999998727,0.47441219678269747,-2.73941219678257,-1.209453508513344,3.400000000000091,0.0,stop,2013
1,311585,311587,2013-01-07 13:30:00+00:00,2013-01-07 13:40:00+00:00,1649.9499999999998,1647.13,0.01,2,-2.819999999999709,0.4736240603983336,-3.2936240603980425,-1.1679517944675115,3.7649999999998727,0.0,stop,2013
-1,312421,312431,2013-01-10 13:55:00+00:00,2013-01-10 14:45:00+00:00,1670.3245000000002,1672.38,0.01,10,-2.055499999999938,0.45823574691012375,-2.513735746910062,-1.222931523673139,4.260999999999967,2.374500000000353,stop,2013
-1,312694,312706,2013-01-11 13:35:00+00:00,2013-01-11 14:35:00+00:00,1674.1970000000001,1668.5860000000002,0.01,12,5.610999999999876,0.45933115199855196,5.151668848001324,1.836274763144337,1.2529999999997017,8.639500000000226,target,2013
1,312986,313059,2013-01-14 14:55:00+00:00,2013-01-14 21:00:00+00:00,1666.3229999999999,1668.35,0.01,73,2.0270000000000437,0.49094552098067284,1.5360544790193709,0.7409814177614427,2.00649999999996,3.7975000000001273,session_flat,2013
1,313802,313804,2013-01-17 13:45:00+00:00,2013-01-17 13:55:00+00:00,1674.657,1672.3685,0.01,2,-2.2884999999998854,0.4130621301573962,-2.7015621301572814,-1.1804947040233413,5.086000000000013,0.20849999999995816,stop,2013
-1,314081,314089,2013-01-18 13:55:00+00:00,2013-01-18 14:35:00+00:00,1693.2945,1689.1644999999999,0.01,8,4.130000000000109,0.42597581212899743,3.7040241878711115,1.7937163137389898,1.38799999999992,4.179999999999836,target,2013
1,314580,314598,2013-01-22 14:25:00+00:00,2013-01-22 15:55:00+00:00,1689.0225,1693.2465000000002,0.01,18,4.22400000000016,0.4006866202016199,3.8233133797985404,1.8102809563439373,1.524499999999989,4.279500000000098,target,2013
1,314873,314936,2013-01-23 15:45:00+00:00,2013-01-23 21:00:00+00:00,1687.623,1686.0684999999999,0.01,63,-1.5545000000001892,0.39721352301616913,-1.9517135230163583,-0.6406412351933062,2.8769999999999527,1.5914999999999964,session_flat,2013
1,315141,315213,2013-01-24 15:00:00+00:00,2013-01-24 21:00:00+00:00,1670.397,1667.772,0.01,72,-2.625,0.4031168675834376,-3.028116867583438,-0.5771139446509488,4.436999999999898,4.861499999999978,session_flat,2013
1,315399,315407,2013-01-25 13:25:00+00:00,2013-01-25 14:05:00+00:00,1662.5955,1660.3375,0.01,8,-2.257999999999811,0.41535003348616517,-2.673350033485976,-1.1839459847148803,2.6354999999998654,1.5329999999999018,stop,2013
-1,315697,315766,2013-01-28 15:15:00+00:00,2013-01-28 21:00:00+00:00,1657.6480000000001,1655.6354999999999,0.01,69,2.012500000000273,0.3978297526997431,1.6146702473005297,0.6373279049933007,1.0654999999997017,4.624000000000251,session_flat,2013
-1,316233,316235,2013-01-30 13:50:00+00:00,2013-01-30 14:00:00+00:00,1675.9195,1678.3204999999998,0.01,2,-2.40099999999984,0.4120971082568368,-2.813097108256677,-1.1716356136013597,5.050999999999931,1.0354999999999563,stop,2013
-1,316508,316515,2013-01-31 13:40:00+00:00,2013-01-31 14:15:00+00:00,1673.798,1669.405,0.01,7,4.393000000000029,0.4175453297948686,3.9754546702051607,1.8099042432074366,0.0,4.551500000000033,target,2013
-1,316785,316793,2013-02-01 13:40:00+00:00,2013-02-01 14:20:00+00:00,1671.8319999999999,1675.0835,0.01,8,-3.2515000000000778,0.4129933228593878,-3.6644933228594656,-1.1270162456894903,10.394500000000107,1.1340000000000146,stop,2013
-1,317335,317344,2013-02-05 13:55:00+00:00,2013-02-05 14:40:00+00:00,1682.8519999999999,1678.4809999999998,0.01,9,4.371000000000095,0.394547342192687,3.9764526578074078,1.8194704451188843,1.050000000000182,5.365499999999884,target,2013
-1,317887,317893,2013-02-07 13:45:00+00:00,2013-02-07 14:15:00+00:00,1677.3184999999999,1671.1234999999997,0.01,6,6.195000000000164,0.4007396795659142,5.794260320434249,1.8706248007858262,1.8840000000000146,14.21349999999984,target,2013
-1,318183,318213,2013-02-08 15:20:00+00:00,2013-02-08 17:50:00+00:00,1670.5465,1666.1784999999995,0.01,30,4.368000000000393,0.40653897014428547,3.9614610298561073,1.813855782900985,2.076000000000022,4.936999999999898,target,2013
1,318438,318526,2013-02-11 13:40:00+00:00,2013-02-11 21:00:00+00:00,1647.1135,1649.911,0.01,88,2.7975000000001273,0.40816782685134867,2.3893321731487784,0.7359717151236619,1.9110000000000582,5.660000000000082,session_flat,2013
1,319010,319051,2013-02-13 15:10:00+00:00,2013-02-13 18:35:00+00:00,1645.0994999999998,1642.7910000000002,0.01,41,-2.30849999999964,0.4260795202481896,-2.7345795202478294,-1.184569859323481,2.9074999999998,2.9835000000002765,stop,2013
1,319269,319271,2013-02-14 13:40:00+00:00,2013-02-14 13:50:00+00:00,1643.2725,1647.7844999999998,0.01,2,4.511999999999716,0.40314822421855495,4.108851775781162,1.8212995460024024,0.0,5.127500000000055,target,2013
1,319552,319558,2013-02-15 14:10:00+00:00,2013-02-15 14:40:00+00:00,1613.302,1610.9859999999999,0.01,6,-2.316000000000031,0.42325908109882937,-2.73925908109886,-1.1827543528060551,3.7045000000000528,4.408500000000231,stop,2013
1,320344,320348,2013-02-20 14:55:00+00:00,2013-02-20 15:15:00+00:00,1587.0315,1585.0169999999998,0.01,4,-2.0145000000002256,0.4147360532040244,-2.42923605320425,-1.2058754297364,5.178000000000111,2.0160000000000764,stop,2013
-1,320619,320621,2013-02-21 14:45:00+00:00,2013-02-21 14:55:00+00:00,1572.171,1574.33,0.01,2,-2.158999999999878,0.3882480911028449,-2.547248091102723,-1.1798277402051258,5.048999999999751,0.9780000000000655,stop,2013
-1,320896,320901,2013-02-22 14:45:00+00:00,2013-02-22 15:10:00+00:00,1574.7855,1577.4250000000002,0.01,5,-2.6395000000002256,0.418311384281207,-3.0578113842814325,-1.158481297321906,4.02150000000006,0.9135000000001128,stop,2013
1,321447,321451,2013-02-26 14:40:00+00:00,2013-02-26 15:00:00+00:00,1594.5700000000002,1592.286,0.01,4,-2.2840000000001055,0.4218083920281386,-2.705808392028244,-1.184679681273257,5.67450000000008,1.731999999999971,stop,2013
-1,321996,322001,2013-02-28 14:15:00+00:00,2013-02-28 14:40:00+00:00,1594.175,1589.3749999999998,0.01,5,4.800000000000182,0.4015115168597964,4.398488483140386,1.832703534641758,0.0,5.108500000000049,target,2013
-1,322266,322271,2013-03-01 13:40:00+00:00,2013-03-01 14:05:00+00:00,1583.5645,1587.3220000000001,0.01,5,-3.7575000000001637,0.39085329647224143,-4.148353296472405,-1.1040195067125014,3.837500000000091,1.2094999999999345,stop,2013
1,322824,322841,2013-03-05 14:00:00+00:00,2013-03-05 15:25:00+00:00,1582.5430000000001,1579.9505,0.01,17,-2.5925000000002,0.38731098159509386,-2.979810981595294,-1.149396714212175,5.156500000000051,2.6169999999997344,stop,2013
1,323094,323095,2013-03-06 13:25:00+00:00,2013-03-06 13:30:00+00:00,1574.9025000000001,1579.0175000000004,0.01,1,4.1150000000002365,0.384360906407783,3.7306390935924534,1.8131903249537007,0.0,4.154499999999871,target,2013
-1,323380,323389,2013-03-07 14:10:00+00:00,2013-03-07 14:55:00+00:00,1582.5395,1578.4495000000004,0.01,9,4.089999999999691,0.39067410417208975,3.699325895827601,1.8089613182532425,0.7464999999999691,5.942000000000235,target,2013
1,323651,323667,2013-03-08 13:40:00+00:00,2013-03-08 15:00:00+00:00,1567.433,1578.4099999999999,0.01,16,10.976999999999862,0.40833055108393274,10.568669448915928,1.925602523260647,5.43100000000004,15.521999999999935,target,2013
1,324226,324291,2013-03-12 15:35:00+00:00,2013-03-12 21:00:00+00:00,1592.5545000000002,1592.775,0.01,65,0.22049999999990177,0.5051638418078848,-0.284663841807983,-0.14109731935956832,0.6655000000000655,1.5784999999996217,session_flat,2013
-1,324476,324488,2013-03-13 13:20:00+00:00,2013-03-13 14:20:00+00:00,1596.4070000000002,1590.7010000000005,0.01,12,5.705999999999676,0.3947270486484367,5.311272951351239,1.8616449181042904,1.3294999999998254,6.972000000000207,target,2013
-1,325601,325612,2013-03-19 14:45:00+00:00,2013-03-19 15:40:00+00:00,1610.0210000000002,1613.519,0.01,11,-3.49799999999982,0.38371336438923404,-3.881713364389054,-1.1096950727242005,3.6429999999998017,0.5440000000003238,stop,2013
-1,326716,326737,2013-03-25 15:25:00+00:00,2013-03-25 17:10:00+00:00,1604.3835,1606.902,0.01,21,-2.518500000000131,0.4000145145793029,-2.918514514579434,-1.158830460424571,3.52150000000006,4.239499999999907,stop,2013
-1,327251,327253,2013-03-27 13:55:00+00:00,2013-03-27 14:05:00+00:00,1601.7235,1603.8020000000001,0.01,2,-2.0785000000000764,0.39263713929136784,-2.4711371392914443,-1.188904084335508,3.3899999999998727,0.0,stop,2013
1,328389,328396,2013-04-03 16:30:00+00:00,2013-04-03 17:05:00+00:00,1559.4635,1556.6770000000001,0.01,7,-2.7864999999999327,0.39015257352941307,-3.1766525735293456,-1.1400152784961142,8.929499999999962,2.559500000000071,stop,2013
-1,328899,328941,2013-04-05 13:00:00+00:00,2013-04-05 16:30:00+00:00,1566.621,1570.781,0.01,42,-4.1599999999998545,0.4112410391357237,-4.571241039135578,-1.0988560190230139,4.1814999999999145,4.316000000000258,stop,2013
1,329198,329202,2013-04-08 14:55:00+00:00,2013-04-08 15:15:00+00:00,1571.3629999999998,1569.2745,0.01,4,-2.08849999999984,0.40753346203346646,-2.4960334620333064,-1.1951321340835517,2.249499999999898,0.7780000000002474,stop,2013
-1,329471,329472,2013-04-09 14:35:00+00:00,2013-04-09 14:40:00+00:00,1584.745,1586.8020000000001,0.01,1,-2.0570000000002437,0.4291047026057096,-2.4861047026059535,-1.2086070503673596,3.3150000000000546,0.0,stop,2013
1,329775,329791,2013-04-10 16:55:00+00:00,2013-04-10 18:15:00+00:00,1558.969,1563.1109999999999,0.01,16,4.141999999999825,0.3964326624248372,3.7455673375749883,1.8085791103694573,1.6714999999999236,4.2840000000001055,target,2013
-1,330018,330019,2013-04-11 14:05:00+00:00,2013-04-11 14:10:00+00:00,1565.0855000000001,1567.7345,0.01,1,-2.6489999999998872,0.40116080636062174,-3.050160806360509,-1.1514385829975986,3.2474999999999454,0.0,stop,2013
1,330308,330357,2013-04-12 15:10:00+00:00,2013-04-12 19:15:00+00:00,1500.254,1494.3785,0.01,49,-5.8754999999998745,0.4017269484775206,-6.277226948477395,-1.0683732360611913,5.9099999999998545,8.44900000000007,stop,2013
1,330572,330574,2013-04-15 14:10:00+00:00,2013-04-15 14:20:00+00:00,1398.73,1391.7,0.01,2,-7.029999999999973,0.4942791319785051,-7.524279131978478,-1.0703099760993608,9.97849999999994,2.5305000000000746,stop,2013
-1,330837,330841,2013-04-16 13:10:00+00:00,2013-04-16 13:30:00+00:00,1395.7,1390.479,0.01,4,5.221000000000004,0.5135965623278382,4.707403437672165,1.8032573980739943,2.1625000000001364,5.439499999999953,target,2013
1,331119,331120,2013-04-17 13:45:00+00:00,2013-04-17 13:50:00+00:00,1383.703,1387.8089999999997,0.01,1,4.105999999999767,0.47006390643263324,3.635936093567134,1.7710356032963177,0.0,6.566499999999905,target,2013
-1,331401,331404,2013-04-18 14:10:00+00:00,2013-04-18 14:25:00+00:00,1390.8645000000001,1385.2765000000004,0.01,3,5.587999999999738,0.46315322727972275,5.124846772720016,1.834232917938531,0.07649999999989632,6.375500000000102,target,2013
1,331672,331695,2013-04-19 13:40:00+00:00,2013-04-19 15:35:00+00:00,1402.047,1398.85,0.01,23,-3.1970000000001164,0.4359721442006282,-3.6329721442007448,-1.1363691411325032,3.249499999999898,4.150499999999965,stop,2013
1,332229,332250,2013-04-23 14:00:00+00:00,2013-04-23 15:45:00+00:00,1407.989,1413.4280000000003,0.01,21,5.439000000000306,0.42777450279419565,5.01122549720611,1.8427010469593044,2.1240000000000236,7.476000000000113,target,2013
-1,332504,332510,2013-04-24 13:50:00+00:00,2013-04-24 14:20:00+00:00,1429.8020000000001,1425.4060000000004,0.01,6,4.395999999999731,0.41502320373546714,3.9809767962642635,1.8111814359711134,1.400499999999738,4.5525000000002365,target,2013
1,332775,332777,2013-04-25 13:20:00+00:00,2013-04-25 13:30:00+00:00,1449.214,1447.138,0.01,2,-2.076000000000022,0.4295027233115511,-2.5055027233115728,-1.2068895584352344,3.1434999999999036,0.3005000000000564,stop,2013
-1,333065,333068,2013-04-26 14:25:00+00:00,2013-04-26 14:40:00+00:00,1476.7805,1479.01,0.01,3,-2.2294999999999163,0.39717218892352124,-2.6266721889234375,-1.1781440632085831,3.378500000000031,0.4804999999998927,stop,2013
-1,333348,333361,2013-04-29 15:00:00+00:00,2013-04-29 16:05:00+00:00,1472.684,1467.9889999999998,0.01,13,4.695000000000164,0.42235629779933154,4.272643702200832,1.8200825142494923,1.8824999999999363,5.133999999999787,target,2013
1,333614,333616,2013-04-30 14:05:00+00:00,2013-04-30 14:15:00+00:00,1468.3165,1475.0095000000001,0.01,2,6.693000000000211,0.42193041961518407,6.271069580385027,1.8739188944822438,0.0,8.333500000000186,target,2013
1,333882,333883,2013-05-01 13:25:00+00:00,2013-05-01 13:30:00+00:00,1454.2275,1452.0500000000002,0.01,1,-2.1774999999997817,0.5271406116131592,-2.704640611612941,-1.242085240694931,3.9774999999999636,0.0,stop,2013
-1,334159,334250,2013-05-02 13:25:00+00:00,2013-05-02 21:00:00+00:00,1470.493,1467.1779999999999,0.01,91,3.3150000000000546,0.6311616161615312,2.6838383838385234,0.8075337396836316,2.4545000000000528,5.844499999999925,session_flat,2013
1,334456,334464,2013-05-03 15:05:00+00:00,2013-05-03 15:45:00+00:00,1466.8025,1464.4825,0.01,8,-2.3199999999999363,0.4794146794735876,-2.799414679473524,-1.2066442583937935,3.964000000000169,2.747500000000173,stop,2013
1,334735,334737,2013-05-06 15:20:00+00:00,2013-05-06 15:30:00+00:00,1468.65,1466.35,0.01,2,-2.300000000000182,0.493472791226981,-2.793472791227163,-1.2145533874899748,2.8500000000001364,0.5744999999997162,stop,2013
1,334982,334992,2013-05-07 13:00:00+00:00,2013-05-07 13:50:00+00:00,1450.83,1447.63,0.01,10,-3.199999999999818,0.4017036191943328,-3.6017036191941507,-1.125532380998236,4.279999999999973,3.2265000000002146,stop,2013
1,335607,335630,2013-05-09 19:05:00+00:00,2013-05-09 21:00:00+00:00,1456.955,1458.175,0.01,23,1.2200000000000273,0.5963079178885942,0.6236920821114331,0.17421566539425862,1.509999999999991,2.4169999999999163,session_flat,2013
1,335820,335827,2013-05-10 13:45:00+00:00,2013-05-10 14:20:00+00:00,1428.4655,1425.325,0.01,7,-3.1404999999999745,0.40900018496251067,-3.5495001849624854,-1.130234098061619,7.968000000000075,3.2295000000001437,stop,2013
1,336098,336103,2013-05-13 14:00:00+00:00,2013-05-13 14:25:00+00:00,1431.1284999999998,1435.2954999999993,0.01,5,4.166999999999462,0.38595385608509175,3.7810461439143697,1.8147569685216502,0.09649999999965075,4.6215000000001965,target,2013
1,336654,336656,2013-05-15 14:10:00+00:00,2013-05-15 14:20:00+00:00,1412.496,1410.2975000000001,0.01,2,-2.1984999999999673,0.4206190535174691,-2.6191190535174362,-1.1913209249567775,9.187000000000126,1.1340000000000146,stop,2013
-1,336928,336929,2013-05-16 13:55:00+00:00,2013-05-16 14:00:00+00:00,1380.526,1382.9475,0.01,1,-2.4214999999999236,0.4280858939873425,-2.8495858939872662,-1.176785419775906,4.923999999999751,0.0,stop,2013
-1,337194,337196,2013-05-17 13:00:00+00:00,2013-05-17 13:10:00+00:00,1377.0974999999999,1380.48,0.01,2,-3.3825000000001637,0.44882753773528555,-3.8313275377354494,-1.132691068066597,4.252500000000055,2.1534999999998945,stop,2013
1,337469,337483,2013-05-20 13:10:00+00:00,2013-05-20 14:20:00+00:00,1354.6844999999998,1359.6214999999997,0.01,14,4.936999999999898,0.4469457802191434,4.490054219780755,1.8189403361478014,0.9914999999998599,5.018000000000029,target,2013
1,337748,337753,2013-05-21 13:25:00+00:00,2013-05-21 13:50:00+00:00,1367.973,1365.34,0.01,5,-2.633000000000038,0.4156480708452281,-3.048648070845266,-1.1578610219693208,3.560999999999922,4.795500000000175,stop,2013
1,338025,338027,2013-05-22 13:30:00+00:00,2013-05-22 13:40:00+00:00,1389.7905,1387.7105,0.01,2,-2.0800000000001546,0.3961358302082005,-2.476135830208355,-1.1904499183693131,6.740499999999884,1.4239999999999782,stop,2013
1,338296,338297,2013-05-23 13:00:00+00:00,2013-05-23 13:05:00+00:00,1387.65,1394.315,0.01,1,6.664999999999964,0.4412305925382239,6.22376940746174,1.8675977216689494,0.0,7.051999999999907,target,2013
-1,339082,339091,2013-05-28 13:15:00+00:00,2013-05-28 14:00:00+00:00,1383.31,1379.1649999999995,0.01,9,4.145000000000437,0.39141861449439935,3.7535813855060374,1.8111369773247972,0.7100000000000364,4.365000000000009,target,2013
-1,339421,339451,2013-05-29 18:30:00+00:00,2013-05-29 22:00:00+00:00,1393.1395,1393.0,0.01,30,0.13949999999999818,0.6020192410048975,-0.4625192410048993,-0.20352881892406519,1.8949999999999818,1.2774999999999181,session_flat,2013
-1,339637,339643,2013-05-30 13:30:00+00:00,2013-05-30 14:00:00+00:00,1412.2125,1415.0025,0.01,6,-2.7899999999999636,0.43842868246529826,-3.2284286824652617,-1.1571428969409692,2.9894999999999072,2.653500000000122,stop,2013
1,339914,339916,2013-05-31 13:30:00+00:00,2013-05-31 13:40:00+00:00,1405.4885,1403.3515,0.01,2,-2.1369999999999436,0.4362528727299341,-2.573252872729878,-1.2041426638886035,5.593999999999824,1.8614999999999782,stop,2013
-1,340192,340204,2013-06-03 14:10:00+00:00,2013-06-03 15:10:00+00:00,1403.417,1406.9535,0.01,12,-3.5365000000001605,0.46987584716413777,-4.006375847164298,-1.1328646535173523,5.995000000000118,1.4169999999999163,stop,2013
1,340476,340549,2013-06-04 14:55:00+00:00,2013-06-04 21:00:00+00:00,1394.268,1399.46,0.01,73,5.192000000000007,0.758540765391043,4.433459234608964,0.8662483850349781,1.3580000000001746,5.632000000000062,session_flat,2013
-1,340745,340757,2013-06-05 14:15:00+00:00,2013-06-05 15:15:00+00:00,1406.097,1408.902,0.01,12,-2.8050000000000637,0.41717456916372814,-3.222174569163792,-1.1487253366002563,3.9265000000000327,4.201999999999998,stop,2013
1,341007,341029,2013-06-06 13:00:00+00:00,2013-06-06 14:50:00+00:00,1398.7305000000001,1405.0715000000005,0.01,22,6.341000000000349,0.436801681465763,5.904198318534586,1.8622294018401706,2.0765000000001237,6.854499999999916,target,2013
1,341285,341305,2013-06-07 13:30:00+00:00,2013-06-07 15:10:00+00:00,1387.5900000000001,1382.641,0.01,20,-4.949000000000069,0.488397804563655,-5.437397804563724,-1.098686159742099,7.235500000000229,5.139999999999873,stop,2013
1,341556,341558,2013-06-10 13:05:00+00:00,2013-06-10 13:15:00+00:00,1381.5475000000001,1378.7555,0.01,2,-2.7920000000001437,0.2911458873172232,-3.0831458873173667,-1.1042786129359627,3.724500000000262,0.21649999999999636,stop,2013
1,341838,341848,2013-06-11 13:30:00+00:00,2013-06-11 14:20:00+00:00,1369.43,1377.1660000000004,0.01,10,7.736000000000331,0.2741604524507725,7.461839547549559,1.9291208757883247,0.0,9.631999999999834,target,2013
-1,342123,342130,2013-06-12 14:10:00+00:00,2013-06-12 14:45:00+00:00,1383.1625,1386.676,0.01,7,-3.5135000000000223,0.26336204787234696,-3.776862047872369,-1.0749571788451247,6.144500000000107,0.0,stop,2013
-1,342399,342413,2013-06-13 14:10:00+00:00,2013-06-13 15:20:00+00:00,1384.3115,1377.6715000000002,0.01,14,6.639999999999873,0.27510398635897615,6.364896013640896,1.9171373535063307,1.1085000000000491,7.852000000000089,target,2013
-1,342676,342758,2013-06-14 14:10:00+00:00,2013-06-16 22:00:00+00:00,1389.595,1391.155,0.01,82,-1.5599999999999454,0.47792408007332243,-2.037924080073268,-0.9406527025493785,1.8734999999999218,3.167500000000018,session_flat,2013
1,343229,343236,2013-06-18 14:15:00+00:00,2013-06-18 14:50:00+00:00,1366.5529999999999,1363.891,0.01,7,-2.661999999999807,0.27299205816946126,-2.9349920581692683,-1.1025514869156579,3.5625,0.3920000000002801,stop,2013
1,343553,343557,2013-06-19 18:10:00+00:00,2013-06-19 18:30:00+00:00,1369.7215,1363.929,0.01,4,-5.792500000000018,0.6202988004980035,-6.412798800498022,-1.107086543029435,6.8745000000001255,1.3234999999999673,stop,2013
1,343770,343773,2013-06-20 13:10:00+00:00,2013-06-20 13:25:00+00:00,1296.2134999999998,1293.5525,0.01,3,-2.660999999999831,0.40833030012436006,-3.0693303001241907,-1.1534499436769583,3.150499999999738,1.0725000000002183,stop,2013
-1,344058,344065,2013-06-21 14:05:00+00:00,2013-06-21 14:40:00+00:00,1295.833,1291.3560000000002,0.01,7,4.476999999999862,0.2788818225043478,4.198118177495514,1.875415759435177,0.6399999999998727,4.655999999999949,target,2013
-1,344321,344336,2013-06-24 13:00:00+00:00,2013-06-24 14:15:00+00:00,1288.511,1283.3309999999997,0.01,15,5.180000000000291,0.342613638037468,4.837386361962823,1.867716742070483,0.9290000000000873,5.64449999999988,target,2013
-1,344620,344631,2013-06-25 15:00:00+00:00,2013-06-25 15:55:00+00:00,1275.833,1277.9855,0.01,11,-2.152499999999918,0.35086412935940176,-2.50336412935932,-1.1630030798417725,3.3029999999998836,1.7330000000001746,stop,2013
-1,344873,344879,2013-06-26 13:05:00+00:00,2013-06-26 13:35:00+00:00,1244.091,1234.9149999999995,0.01,6,9.176000000000386,0.36844298840397394,8.807557011596412,1.919694204794255,0.3045000000001892,9.358499999999822,target,2013
1,345165,345172,2013-06-27 14:20:00+00:00,2013-06-27 14:55:00+00:00,1231.495,1228.9569999999999,0.01,7,-2.538000000000011,0.40264882868694213,-2.940648828686953,-1.1586480806489128,3.949999999999818,2.793500000000222,stop,2013
1,345425,345434,2013-06-28 13:10:00+00:00,2013-06-28 13:55:00+00:00,1193.1025,1190.0355,0.01,9,-3.0670000000000073,0.36799044204028614,-3.4349904420402932,-1.1199838415520982,5.940499999999929,5.833499999999958,stop,2013
-1,345703,345707,2013-07-01 13:30:00+00:00,2013-07-01 13:50:00+00:00,1240.482,1236.3459999999995,0.01,4,4.136000000000422,0.3149120407139408,3.8210879592864813,1.8477214503317656,1.6420000000000528,4.968499999999949,target,2013
1,345985,345986,2013-07-02 14:05:00+00:00,2013-07-02 14:10:00+00:00,1252.8445000000002,1250.292,0.01,1,-2.5525000000002365,0.3606463081890641,-2.9131463081893005,-1.1412914037958983,5.936500000000251,0.0,stop,2013
-1,346262,346293,2013-07-03 14:15:00+00:00,2013-07-03 16:50:00+00:00,1255.9755,1247.6195000000002,0.01,31,8.355999999999767,0.6727683845618653,7.683231615437902,1.8389735795687208,3.4144999999998618,8.394999999999982,target,2013
1,346728,346730,2013-07-05 13:05:00+00:00,2013-07-05 13:15:00+00:00,1225.24,1222.4145,0.01,2,-2.82549999999992,0.7931564102826709,-3.6186564102825907,-1.2807136472421494,4.365000000000009,0.0,stop,2013
1,347301,347312,2013-07-09 14:50:00+00:00,2013-07-09 15:45:00+00:00,1249.0985,1246.1019999999999,0.01,11,-2.9965000000001965,0.5119055123450469,-3.5084055123452433,-1.1708344776722888,3.3450000000000273,1.9249999999999545,stop,2013
1,347564,347571,2013-07-10 13:45:00+00:00,2013-07-10 14:20:00+00:00,1254.0085,1258.0484999999999,0.01,7,4.039999999999964,0.589627929717335,3.4503720702826284,1.7081049852884453,1.1884999999999764,4.548000000000229,target,2013
1,348696,348757,2013-07-16 15:55:00+00:00,2013-07-16 22:00:00+00:00,1289.5235,1291.9850000000001,0.01,61,2.4615000000001146,0.7423821164056175,1.7191178835944971,0.7503788230443222,0.6385000000000218,3.800999999999931,session_flat,2013
-1,348940,348949,2013-07-17 13:15:00+00:00,2013-07-17 14:00:00+00:00,1294.5790000000002,1296.8595,0.01,9,-2.280499999999847,0.5115319962779774,-2.7920319962778244,-1.2243069485981195,3.7324999999998454,0.7315000000003238,stop,2013
1,349228,349230,2013-07-18 14:10:00+00:00,2013-07-18 14:20:00+00:00,1284.696,1282.5375,0.01,2,-2.1585000000000036,0.49964185928556526,-2.658141859285569,-1.2314764231112183,2.425999999999931,0.630500000000211,stop,2013
-1,349781,349783,2013-07-22 14:10:00+00:00,2013-07-22 14:20:00+00:00,1326.713,1328.7134999999998,0.01,2,-2.0004999999998745,0.47581467506976755,-2.476314675069642,-1.2378478755660072,2.259999999999991,0.0,stop,2013
1,350321,350333,2013-07-24 13:05:00+00:00,2013-07-24 14:05:00+00:00,1336.09,1333.676,0.01,12,-2.4139999999999873,0.5241932885627825,-2.9381932885627697,-1.217147178360723,3.9759999999998854,3.033500000000231,stop,2013
-1,350675,350682,2013-07-25 19:30:00+00:00,2013-07-25 20:05:00+00:00,1331.05,1333.4825,0.01,7,-2.4325000000001182,0.702898485874623,-3.1353984858747412,-1.2889613508220303,2.8925000000001546,1.0499999999999545,stop,2013
1,350899,350946,2013-07-26 15:05:00+00:00,2013-07-26 19:00:00+00:00,1316.7415,1323.6465000000007,0.01,47,6.905000000000655,0.6708913650075345,6.23410863499312,1.8056795467031221,0.4800000000000182,7.8034999999999854,target,2013
1,351715,351723,2013-07-31 14:05:00+00:00,2013-07-31 14:45:00+00:00,1314.83,1312.4250000000002,0.01,8,-2.4049999999997453,0.5542303947662607,-2.959230394766006,-1.2304492285930642,6.224999999999909,3.233500000000049,stop,2013
1,351980,351989,2013-08-01 13:10:00+00:00,2013-08-01 13:55:00+00:00,1323.2385,1319.895,0.01,9,-3.343499999999949,0.6333001423395377,-3.9768001423394868,-1.1894123350798707,3.8834999999999127,0.9065000000000509,stop,2013
-1,352255,352267,2013-08-02 13:00:00+00:00,2013-08-02 14:00:00+00:00,1313.6125,1308.2214999999999,0.01,12,5.391000000000076,0.7660524531468469,4.62494754685323,1.7158032078846834,0.9300000000000637,5.403500000000122,target,2013
-1,352828,352831,2013-08-06 14:50:00+00:00,2013-08-06 15:05:00+00:00,1286.1125000000002,1288.3184999999999,0.01,3,-2.205999999999676,0.5261779066219157,-2.732177906621592,-1.238521263201266,3.043999999999869,0.6660000000001673,stop,2013
-1,353089,353110,2013-08-07 13:35:00+00:00,2013-08-07 15:20:00+00:00,1283.9175,1286.796,0.01,21,-2.878500000000031,0.5524288450783013,-3.4309288450783324,-1.1919155272114974,4.514999999999873,1.5760000000000218,stop,2013
-1,353387,353393,2013-08-08 15:20:00+00:00,2013-08-08 15:50:00+00:00,1308.662,1311.1779999999999,0.01,6,-2.515999999999849,0.4292569302313227,-2.9452569302311717,-1.1706108625720781,3.5744999999999436,0.6605000000001837,stop,2013
-1,353664,353731,2013-08-09 15:25:00+00:00,2013-08-11 22:00:00+00:00,1314.694,1317.3745,0.01,67,-2.680499999999938,0.7196615859030806,-3.4001615859030188,-1.2684803528830804,3.5105000000000928,4.810500000000047,stop,2013
-1,353914,353949,2013-08-12 13:25:00+00:00,2013-08-12 16:20:00+00:00,1341.374,1335.997,0.01,35,5.376999999999953,0.43375122762261303,4.9432487723773395,1.8386642262887793,1.2160000000001219,6.058999999999969,target,2013
1,354195,354211,2013-08-13 13:45:00+00:00,2013-08-13 15:05:00+00:00,1328.289,1325.3045,0.01,16,-2.9845000000000255,0.3597609523809558,-3.3442609523809814,-1.120543123598912,3.4309999999998126,3.373499999999922,stop,2013
-1,354474,354476,2013-08-14 14:10:00+00:00,2013-08-14 14:20:00+00:00,1326.481,1328.4904999999999,0.01,2,-2.009499999999889,0.3555203767683759,-2.365020376768265,-1.1769198192427945,5.134499999999889,0.30700000000001637,stop,2013
-1,354777,354781,2013-08-15 16:25:00+00:00,2013-08-15 16:45:00+00:00,1339.065,1341.3310000000001,0.01,4,-2.2660000000000764,0.44085185769271734,-2.7068518576927936,-1.1945506874195508,6.155999999999949,0.47199999999998,stop,2013
-1,355019,355021,2013-08-16 13:30:00+00:00,2013-08-16 13:40:00+00:00,1369.8090000000002,1360.3610000000008,0.01,2,9.44799999999941,0.34241549879658867,9.105584501202822,1.9275157707881858,0.0,9.490999999999985,target,2013
-1,355581,355661,2013-08-20 14:20:00+00:00,2013-08-20 22:00:00+00:00,1375.0025,1369.7285000000002,0.01,80,5.273999999999887,0.5089637830623654,4.7650362169375216,1.8069913602342145,1.6920000000000073,7.874000000000024,target,2013
-1,355864,355866,2013-08-21 14:55:00+00:00,2013-08-21 15:05:00+00:00,1367.8719999999998,1370.1595,0.01,2,-2.2875000000001364,0.3313021136812014,-2.6188021136813378,-1.1448315251065275,3.95900000000006,0.0,stop,2013
-1,356131,356144,2013-08-22 14:15:00+00:00,2013-08-22 15:20:00+00:00,1378.866,1373.6130000000003,0.01,13,5.252999999999702,0.3342211847001912,4.91877881529951,1.8727503580048694,0.0,8.349999999999909,target,2013
-1,356414,356415,2013-08-23 14:45:00+00:00,2013-08-23 14:50:00+00:00,1394.0745000000002,1396.997,0.01,1,-2.9224999999999,0.4637767802710147,-3.3862767802709146,-1.158691798210789,4.040499999999611,0.0,stop,2013
-1,356671,356695,2013-08-26 13:10:00+00:00,2013-08-26 15:10:00+00:00,1397.0610000000001,1399.2890000000002,0.01,24,-2.2280000000000655,0.3353142114295938,-2.563314211429659,-1.1505000948965816,2.7409999999999854,3.3745000000001255,stop,2013
-1,356964,357007,2013-08-27 14:30:00+00:00,2013-08-27 18:05:00+00:00,1420.536,1413.8630000000003,0.01,43,6.672999999999775,0.37764569952423876,6.295354300475537,1.886813817016559,0.6914999999999054,6.74350000000004,target,2013
1,357228,357231,2013-08-28 13:30:00+00:00,2013-08-28 13:45:00+00:00,1421.103,1416.6064999999999,0.01,3,-4.4965000000001965,0.3491429774925407,-4.845642977492737,-1.077647721003564,5.608500000000049,1.9650000000001455,stop,2013
1,357503,357505,2013-08-29 13:20:00+00:00,2013-08-29 13:30:00+00:00,1411.3200000000002,1408.971,0.01,2,-2.34900000000016,0.33532520669489996,-2.68432520669506,-1.1427523229863248,7.114000000000033,0.0,stop,2013
1,357815,357829,2013-08-30 16:15:00+00:00,2013-08-30 17:25:00+00:00,1398.94,1396.7375,0.01,14,-2.2025000000001,0.3437410895970207,-2.5462410895971206,-1.156068599135984,2.8495000000000346,4.247499999999945,stop,2013
-1,358286,358292,2013-09-03 13:25:00+00:00,2013-09-03 13:55:00+00:00,1402.1799999999998,1404.5755,0.01,6,-2.3955000000000837,0.3989543637820479,-2.7944543637821315,-1.166543253509511,2.826000000000249,0.8159999999998035,stop,2013
1,358571,358599,2013-09-04 14:10:00+00:00,2013-09-04 16:30:00+00:00,1389.1680000000001,1386.2265,0.01,28,-2.941500000000133,0.34677920685959535,-3.288279206859728,-1.1178919622164134,3.2710000000001855,3.288000000000011,stop,2013
1,358835,358844,2013-09-05 13:10:00+00:00,2013-09-05 13:55:00+00:00,1389.44,1387.4189999999999,0.01,9,-2.0210000000001855,0.3984182963773643,-2.41941829637755,-1.1971391867280197,2.6400000000001,1.6649999999999636,stop,2013
-1,359119,359201,2013-09-06 13:50:00+00:00,2013-09-06 20:40:00+00:00,1386.462,1391.6194999999998,0.01,82,-5.1574999999998,0.5021023915847462,-5.659602391584546,-1.097353832590357,5.288999999999987,3.7840000000001055,stop,2013
1,360216,360224,2013-09-12 13:05:00+00:00,2013-09-12 13:45:00+00:00,1330.1075,1326.3215,0.01,8,-3.786000000000058,0.36660825084385934,-4.152608250843918,-1.0968326071959467,3.8904999999999745,1.9909999999999854,stop,2013
-1,360492,360498,2013-09-13 13:05:00+00:00,2013-09-13 13:35:00+00:00,1319.058,1314.5159999999996,0.01,6,4.542000000000371,0.363918209036074,4.178081790964297,1.8397542012170656,0.7570000000000618,5.360000000000127,target,2013
1,361060,361081,2013-09-17 14:25:00+00:00,2013-09-17 16:10:00+00:00,1309.245,1307.02,0.01,21,-2.224999999999909,0.32545068114787895,-2.550450681147788,-1.1462699690552325,2.968499999999949,3.9190000000000964,stop,2013
-1,361334,361343,2013-09-18 14:10:00+00:00,2013-09-18 14:55:00+00:00,1301.852,1297.4959999999999,0.01,9,4.356000000000222,0.33380621391020504,4.022193786090017,1.8467372755233296,0.04800000000000182,4.411499999999933,target,2013
1,361607,361609,2013-09-19 13:50:00+00:00,2013-09-19 14:00:00+00:00,1362.9195,1359.88,0.01,2,-3.0394999999998618,0.40259708780842945,-3.4420970878082913,-1.13245503793665,3.699500000000171,2.93100000000004,stop,2013
1,361888,361891,2013-09-20 14:15:00+00:00,2013-09-20 14:30:00+00:00,1348.0255,1345.8705,0.01,3,-2.1549999999999727,0.40692889107370306,-2.5619288910736757,-1.18883011186715,6.492999999999938,1.3250000000000455,stop,2013
1,362427,362449,2013-09-24 13:05:00+00:00,2013-09-24 14:55:00+00:00,1309.905,1317.791,0.01,22,7.885999999999968,0.38104929586405883,7.50495070413591,1.903360564072011,1.2250000000001364,8.035000000000082,target,2013
-1,362704,362710,2013-09-25 13:05:00+00:00,2013-09-25 13:35:00+00:00,1321.318,1323.458,0.01,6,-2.1400000000001,0.40863354174766575,-2.548633541747766,-1.190950253153106,2.4670000000000982,0.6209999999998672,stop,2013
-1,362994,362995,2013-09-26 14:10:00+00:00,2013-09-26 14:15:00+00:00,1333.842,1329.3719999999998,0.01,1,4.470000000000255,0.33511934739617955,4.134880652604075,1.8500584575408676,0.0,11.040500000000065,target,2013
-1,363270,363318,2013-09-27 14:05:00+00:00,2013-09-27 18:05:00+00:00,1340.108,1335.8840000000002,0.01,48,4.223999999999705,0.36918841409514797,3.8548115859045575,1.8251948796897852,0.5364999999999327,4.2879999999997835,target,2013
-1,363556,363575,2013-09-30 14:55:00+00:00,2013-09-30 16:30:00+00:00,1334.02,1327.339,0.01,19,6.68100000000004,0.3497323268651263,6.331267673134914,1.8953053953404806,0.8699999999998909,6.862500000000182,target,2013
1,363809,363816,2013-10-01 13:00:00+00:00,2013-10-01 13:35:00+00:00,1296.0749999999998,1291.703,0.01,7,-4.371999999999844,0.5003463644286283,-4.872346364428472,-1.1144433587439722,7.375,1.8400000000001455,stop,2013
-1,364086,364094,2013-10-02 13:00:00+00:00,2013-10-02 13:40:00+00:00,1300.9255,1303.7475,0.01,8,-2.821999999999889,0.36545054850491576,-3.187450548504805,-1.129500548726056,3.0239999999998872,2.643000000000029,stop,2013
-1,364377,364390,2013-10-03 14:10:00+00:00,2013-10-03 15:15:00+00:00,1315.3874999999998,1318.02,0.01,13,-2.6325000000001637,0.34101447217661146,-2.9735144721767752,-1.1295401603709745,4.664999999999964,4.189499999999725,stop,2013
-1,364662,364736,2013-10-04 14:50:00+00:00,2013-10-06 22:00:00+00:00,1311.0,1313.0425,0.01,74,-2.042500000000018,0.584516277457753,-2.627016277457771,-1.2861768800282731,3.7999999999999545,4.007500000000164,stop,2013
-1,364926,365012,2013-10-07 13:50:00+00:00,2013-10-07 22:00:00+00:00,1324.6775,1322.9,0.01,86,1.7774999999999181,0.49191556000957404,1.2855844399903442,0.3020995041688049,1.9325000000001182,4.56899999999996,session_flat,2013
-1,365203,365204,2013-10-08 13:55:00+00:00,2013-10-08 14:00:00+00:00,1325.808,1328.087,0.01,1,-2.2789999999999964,0.30335587085494065,-2.5823558708549372,-1.1331092017792634,4.3400000000001455,0.0,stop,2013
1,365484,365522,2013-10-09 14:15:00+00:00,2013-10-09 17:25:00+00:00,1297.781,1303.6599999999999,0.01,38,5.878999999999905,0.34697255091992324,5.532027449079982,1.8819620510563264,1.1385000000000218,9.887000000000171,target,2013
1,365750,365751,2013-10-10 13:25:00+00:00,2013-10-10 13:30:00+00:00,1298.1425,1295.65,0.01,1,-2.4924999999998363,0.365470594693339,-2.8579705946931755,-1.1466281222440775,2.5154999999999745,0.07999999999992724,stop,2013
1,366022,366024,2013-10-11 13:00:00+00:00,2013-10-11 13:10:00+00:00,1269.12,1266.4720000000002,0.01,2,-2.6479999999996835,0.3422121750388705,-2.990212175038554,-1.1292342050751176,4.839500000000044,2.5450000000000728,stop,2013
-1,366523,366525,2013-10-15 13:30:00+00:00,2013-10-15 13:40:00+00:00,1266.5005,1269.156,0.01,2,-2.655499999999847,0.338217546141929,-2.9937175461417764,-1.127364920407437,9.998000000000047,0.14600000000018554,stop,2013
-1,366795,366802,2013-10-16 13:05:00+00:00,2013-10-16 13:40:00+00:00,1280.0325,1274.7635000000002,0.01,7,5.268999999999778,0.33171243275347645,4.937287567246302,1.8740890367229113,0.0,6.5625,target,2013
1,367070,367082,2013-10-17 13:00:00+00:00,2013-10-17 14:00:00+00:00,1315.692,1319.8360000000002,0.01,12,4.144000000000233,0.4279563923428102,3.7160436076574226,1.7934573396029023,1.6130000000000564,4.358000000000175,target,2013
-1,367918,367919,2013-10-22 14:30:00+00:00,2013-10-22 14:35:00+00:00,1336.5500000000002,1338.585,0.01,1,-2.0349999999998545,0.36368236742730325,-2.3986823674271576,-1.1787136940674836,2.524499999999989,0.0,stop,2013
1,368191,368210,2013-10-23 14:10:00+00:00,2013-10-23 15:45:00+00:00,1332.4699999999998,1337.4249999999993,0.01,19,4.9549999999994725,0.3544080309149507,4.600591969084522,1.8569493316185717,0.7524999999998272,5.001500000000306,target,2013
-1,368739,368740,2013-10-25 14:00:00+00:00,2013-10-25 14:05:00+00:00,1345.75,1347.8025,0.01,1,-2.052500000000009,0.35806850052930356,-2.4105685005293127,-1.174454811463728,2.1649999999999636,0.0,stop,2013
1,369012,369015,2013-10-28 13:45:00+00:00,2013-10-28 14:00:00+00:00,1350.1595,1354.2085,0.01,3,4.048999999999978,0.3726448123768968,3.6763551876230816,1.8159324216463826,0.3914999999999509,5.490500000000111,target,2013
-1,369282,369292,2013-10-29 13:10:00+00:00,2013-10-29 14:00:00+00:00,1348.1979999999999,1350.3295,0.01,10,-2.1315000000001874,0.3914262413966751,-2.5229262413968625,-1.1836388653045464,3.4220000000000255,0.4954999999999927,stop,2013
-1,369616,369617,2013-10-30 18:00:00+00:00,2013-10-30 18:05:00+00:00,1352.785,1346.4890000000003,0.01,1,6.295999999999821,0.8578175768784466,5.438182423121374,1.7275039463537256,0.0,9.185000000000173,target,2013
1,369844,369874,2013-10-31 13:55:00+00:00,2013-10-31 16:25:00+00:00,1324.8600000000001,1321.3925,0.01,30,-3.4675000000002,0.374205680524993,-3.8417056805251932,-1.107918004477281,3.950000000000273,1.8474999999998545,stop,2013
-1,370375,370437,2013-11-04 13:05:00+00:00,2013-11-04 18:15:00+00:00,1320.0585,1314.8705,0.01,62,5.188000000000102,0.37924063126361096,4.8087593687364905,1.8538008360587495,1.1140000000000327,6.52350000000024,target,2013
-1,371206,371207,2013-11-07 13:05:00+00:00,2013-11-07 13:10:00+00:00,1321.969,1316.6620000000003,0.01,1,5.306999999999789,0.39743009041561256,4.909569909584176,1.8502241980721204,0.0,5.936500000000024,target,2013
1,371492,371498,2013-11-08 13:50:00+00:00,2013-11-08 14:20:00+00:00,1293.783,1291.272,0.01,6,-2.5109999999999673,0.4735415567121154,-2.9845415567120828,-1.1885868405862692,4.402999999999793,2.977000000000089,stop,2013
1,372102,372107,2013-11-12 18:35:00+00:00,2013-11-12 19:00:00+00:00,1273.76,1271.5265,0.01,5,-2.233500000000049,0.37909284965951423,-2.6125928496595634,-1.1697304005639158,3.560000000000173,0.0,stop,2013
-1,372876,372913,2013-11-15 13:50:00+00:00,2013-11-15 16:55:00+00:00,1287.2855,1289.7330000000002,0.01,37,-2.4475000000002183,0.3342626191185169,-2.781762619118735,-1.1365730823773184,3.0145000000002256,1.3834999999999127,stop,2013
1,373697,373700,2013-11-20 13:05:00+00:00,2013-11-20 13:20:00+00:00,1263.3719999999998,1260.7314999999999,0.01,3,-2.6404999999999745,0.3929666548646366,-3.033466654864611,-1.1488228194904906,3.7909999999997126,1.4520000000002256,stop,2013
1,373985,373992,2013-11-21 14:05:00+00:00,2013-11-21 14:40:00+00:00,1241.958,1239.5795,0.01,7,-2.378500000000031,0.4023572424738877,-2.7808572424739184,-1.1691642810485106,3.5615000000000236,1.3079999999999927,stop,2013
-1,374547,374549,2013-11-25 14:50:00+00:00,2013-11-25 15:00:00+00:00,1241.4205,1243.7095,0.01,2,-2.2889999999999873,0.39695374464937594,-2.685953744649363,-1.1734179749451192,3.7325000000000728,0.0,stop,2013
1,376114,376121,2013-12-03 15:10:00+00:00,2013-12-03 15:45:00+00:00,1218.2015000000001,1223.8435000000004,0.01,7,5.64200000000028,0.3983552347377664,5.2436447652625136,1.8587893531592532,0.0,7.066499999999905,target,2013
-1,376372,376378,2013-12-04 13:35:00+00:00,2013-12-04 14:05:00+00:00,1224.3899999999999,1227.229,0.01,6,-2.839000000000169,0.39708866335929477,-3.236088663359464,-1.1398692016059426,3.150000000000091,0.7599999999997635,stop,2013
1,376650,376654,2013-12-05 13:40:00+00:00,2013-12-05 14:00:00+00:00,1225.0075,1222.487,0.01,4,-2.5204999999998563,0.3745142630471027,-2.895014263046959,-1.1485872894453975,2.658999999999878,0.9365000000000236,stop,2013
-1,376922,376925,2013-12-06 13:15:00+00:00,2013-12-06 13:30:00+00:00,1231.9499999999998,1226.4109999999991,0.01,3,5.539000000000669,0.45547661934025346,5.083523380660416,1.8355383212348082,0.0,19.28399999999965,target,2013
-1,377490,377505,2013-12-10 14:35:00+00:00,2013-12-10 15:50:00+00:00,1265.8925,1261.7424999999998,0.01,15,4.150000000000091,0.37761965373370027,3.7723803462663907,1.8180146247066544,0.6604999999999563,4.261999999999944,target,2013
-1,377765,377775,2013-12-11 14:25:00+00:00,2013-12-11 15:15:00+00:00,1261.0005,1256.0625000000005,0.01,10,4.937999999999647,0.386212764378475,4.551787235621172,1.8435752270641952,1.7864999999999327,5.854500000000144,target,2013
1,378047,378092,2013-12-12 14:50:00+00:00,2013-12-12 18:35:00+00:00,1227.645,1224.9904999999999,0.01,45,-2.6545000000000982,0.38341364711831966,-3.037913647118418,-1.1444391211596556,3.65099999999984,4.1215000000001965,stop,2013
-1,378333,378398,2013-12-13 15:35:00+00:00,2013-12-13 21:00:00+00:00,1236.254,1237.702,0.01,65,-1.4480000000000928,0.4729687785388024,-1.9209687785388951,-0.7791396384257564,2.23700000000008,3.217999999999847,session_flat,2013
-1,378631,378640,2013-12-16 17:20:00+00:00,2013-12-16 18:05:00+00:00,1249.624,1244.7490000000005,0.01,9,4.874999999999545,0.35088953800086337,4.524110461998682,1.8560453177432223,0.0,5.442000000000007,target,2013
1,378861,378874,2013-12-17 13:25:00+00:00,2013-12-17 14:30:00+00:00,1232.5575,1237.2055,0.01,13,4.648000000000138,0.40138581570435716,4.246614184295781,1.8272866541719686,0.47100000000000364,10.019999999999982,target,2013
1,379209,379213,2013-12-18 19:20:00+00:00,2013-12-18 19:40:00+00:00,1234.8515,1231.7605,0.01,4,-3.0909999999998945,0.46646091602977086,-3.5574609160296653,-1.1509093872629528,5.280500000000075,4.447499999999991,stop,2013
1,379420,379434,2013-12-19 13:50:00+00:00,2013-12-19 15:00:00+00:00,1202.655,1198.0275000000001,0.01,14,-4.627499999999827,0.41128880281786456,-5.038788802817692,-1.0888792658709627,6.475999999999885,2.55399999999986,stop,2013
1,379690,379699,2013-12-20 13:15:00+00:00,2013-12-20 14:00:00+00:00,1193.4335,1197.4935000000005,0.01,9,4.0600000000004,0.394386328422843,3.665613671577557,1.8057210204813772,1.9465000000000146,6.141999999999825,target,2013
1,381282,381283,2013-12-31 14:05:00+00:00,2013-12-31 14:10:00+00:00,1189.8405,1186.8405,0.01,1,-3.0,0.4969995078922816,-3.4969995078922818,-1.1656665026307607,3.6099999999999,0.0,stop,2013
-1,381551,381556,2014-01-02 13:30:00+00:00,2014-01-02 13:55:00+00:00,1220.9685,1223.7775000000001,0.01,5,-2.8090000000001965,0.45083947229529864,-3.259839472295495,-1.1604982101442745,3.27800000000002,0.6579999999999018,stop,2014
-1,382124,382125,2014-01-06 15:10:00+00:00,2014-01-06 15:15:00+00:00,1246.2195,1241.6294999999998,0.01,1,4.5900000000001455,0.6243499675417405,3.965650032458405,1.7279520838598166,0.0,12.884499999999889,target,2014
1,382662,382672,2014-01-08 13:50:00+00:00,2014-01-08 14:40:00+00:00,1223.1275,1220.2375000000002,0.01,10,-2.8899999999998727,0.40123397109992115,-3.291233971099794,-1.138835284117626,3.8115000000000236,0.7354999999997744,stop,2014
-1,383233,383268,2014-01-10 15:15:00+00:00,2014-01-10 18:10:00+00:00,1244.5955,1247.9724999999999,0.01,35,-3.376999999999953,0.4128956636097297,-3.7898956636096828,-1.1222670013650387,4.143500000000131,1.2989999999999782,stop,2014
-1,383790,383798,2014-01-14 15:35:00+00:00,2014-01-14 16:15:00+00:00,1253.363,1249.3280000000002,0.01,8,4.0349999999998545,0.3999549104859304,3.635045089513924,1.8017571695236954,0.7599999999999909,7.198000000000093,target,2014
-1,384600,384604,2014-01-17 13:50:00+00:00,2014-01-17 14:10:00+00:00,1247.9825,1250.069,0.01,4,-2.0864999999998872,0.37768990800865193,-2.464189908008539,-1.1810160115066726,3.054499999999962,0.0,stop,2014
-1,385935,385956,2014-01-24 14:50:00+00:00,2014-01-24 16:35:00+00:00,1268.2545,1263.9144999999999,0.01,21,4.3400000000001455,0.3663547743055496,3.9736452256945958,1.8311729150665725,1.34900000000016,6.514000000000124,target,2014
1,386195,386209,2014-01-27 13:30:00+00:00,2014-01-27 14:40:00+00:00,1260.8674999999998,1258.7445,0.01,14,-2.12299999999982,0.3737331139581613,-2.496733113957981,-1.17604009136043,2.9474999999997635,2.419000000000324,stop,2014
-1,386754,386791,2014-01-29 13:55:00+00:00,2014-01-29 17:00:00+00:00,1266.837,1262.105,0.01,37,4.731999999999971,0.3552249669433374,4.376775033056633,1.8498626513341758,1.84050000000002,5.574000000000069,target,2014
1,387026,387027,2014-01-30 13:30:00+00:00,2014-01-30 13:35:00+00:00,1246.4009999999998,1243.4035,0.01,1,-2.9974999999999454,0.4177161621905841,-3.4152161621905295,-1.1393548497716737,3.1709999999998217,0.05850000000009459,stop,2014
1,387326,387331,2014-01-31 15:25:00+00:00,2014-01-31 15:50:00+00:00,1246.4025000000001,1242.972,0.01,5,-3.4305000000001655,0.38347711043938215,-3.8139771104395477,-1.1117846117007328,4.3425000000002,0.8969999999999345,stop,2014
-1,387587,387588,2014-02-03 14:05:00+00:00,2014-02-03 14:10:00+00:00,1247.2995,1249.4189999999999,0.01,1,-2.119499999999789,0.40685461433173664,-2.5263546143315256,-1.1919578270024898,2.3264999999998963,0.0,stop,2014
-1,388135,388142,2014-02-05 13:35:00+00:00,2014-02-05 14:10:00+00:00,1270.0285,1264.9074999999998,0.01,7,5.121000000000095,0.3649336615324728,4.756066338467622,1.8574756252558227,0.0,7.3599999999999,target,2014
-1,388416,388424,2014-02-06 13:55:00+00:00,2014-02-06 14:35:00+00:00,1263.603,1257.1000000000004,0.01,8,6.502999999999702,0.4085199241703659,6.094480075829336,1.874359549693869,0.0,6.7784999999998945,target,2014
-1,388690,388691,2014-02-07 13:40:00+00:00,2014-02-07 13:45:00+00:00,1266.5845,1259.9924999999998,0.01,1,6.592000000000098,0.40860499491872876,6.183395005081369,1.8760300379494166,0.0,8.074499999999944,target,2014
1,389245,389248,2014-02-11 13:50:00+00:00,2014-02-11 14:05:00+00:00,1280.158,1277.8110000000001,0.01,3,-2.3469999999997526,0.399529162370074,-2.7465291623698267,-1.1702297240605524,2.730999999999767,0.4350000000001728,stop,2014
1,390922,390932,2014-02-19 19:10:00+00:00,2014-02-19 20:00:00+00:00,1318.199,1314.2289999999998,0.01,10,-3.9700000000002547,0.3919883121553496,-4.361988312155605,-1.0987376101146915,6.329999999999927,0.0,stop,2014
1,392229,392231,2014-02-26 13:05:00+00:00,2014-02-26 13:15:00+00:00,1332.0835000000002,1329.9495000000002,0.01,2,-2.1340000000000146,0.3267325656211139,-2.4607325656211283,-1.1531080438711863,2.463000000000193,0.3454999999999018,stop,2014
-1,393897,393903,2014-03-06 14:35:00+00:00,2014-03-06 15:05:00+00:00,1344.257,1346.6570000000002,0.01,6,-2.400000000000091,0.32877368422823505,-2.728773684228326,-1.1369890350950926,2.905499999999847,0.9149999999999636,stop,2014
1,394164,394172,2014-03-07 13:45:00+00:00,2014-03-07 14:25:00+00:00,1336.2905,1331.7800000000002,0.01,8,-4.510499999999865,0.3447093869731826,-4.855209386973048,-1.0764237638783267,8.360500000000002,0.7789999999999964,stop,2014
1,394733,394750,2014-03-11 16:00:00+00:00,2014-03-11 17:25:00+00:00,1341.179,1347.5210000000002,0.01,17,6.342000000000099,0.4197863847900049,5.922213615210095,1.8676170341248823,1.5579999999999927,6.520999999999731,target,2014
-1,394975,395007,2014-03-12 13:50:00+00:00,2014-03-12 16:30:00+00:00,1366.443,1368.79,0.01,32,-2.34699999999998,0.35953325564298905,-2.706533255642969,-1.1531884344452459,3.6490000000001146,2.910000000000082,stop,2014
-1,395501,395502,2014-03-14 13:05:00+00:00,2014-03-14 13:10:00+00:00,1381.958,1384.085,0.01,1,-2.1269999999999527,0.37053117414465714,-2.49753117414461,-1.1742036549810368,2.2534999999998035,0.0,stop,2014
-1,396367,396369,2014-03-19 18:45:00+00:00,2014-03-19 18:55:00+00:00,1334.949,1330.6470000000004,0.01,2,4.30199999999968,0.36243843307329665,3.939561566926383,1.8315023556144474,0.0,4.436999999999898,target,2014
1,396565,396579,2014-03-20 13:00:00+00:00,2014-03-20 14:10:00+00:00,1323.4450000000002,1329.1610000000005,0.01,14,5.716000000000349,0.3671641984209632,5.348835801579386,1.8715310712313014,0.0,5.838999999999942,target,2014
1,397656,397707,2014-03-26 15:00:00+00:00,2014-03-26 19:15:00+00:00,1303.595,1301.055,0.01,51,-2.5399999999999636,0.39079482144099015,-2.9307948214409536,-1.1538562289137777,4.730000000000018,1.5314999999998236,stop,2014
-1,397902,397912,2014-03-27 13:10:00+00:00,2014-03-27 14:00:00+00:00,1297.8290000000002,1300.045,0.01,10,-2.2159999999998945,0.32008265334554387,-2.5360826533454386,-1.1444416305711007,2.2929999999996653,1.9220000000000255,stop,2014
-1,399499,399524,2014-04-04 13:00:00+00:00,2014-04-04 15:05:00+00:00,1298.8505,1302.2269999999999,0.01,25,-3.3764999999998513,0.3256399745759477,-3.702139974575799,-1.0964430548129607,6.20049999999992,2.717999999999847,stop,2014
-1,400361,400363,2014-04-09 18:10:00+00:00,2014-04-09 18:20:00+00:00,1308.634,1310.9720000000002,0.01,2,-2.338000000000193,0.3284384821785823,-2.666438482178775,-1.1404783927196558,3.63799999999992,0.0,stop,2014
1,400567,400663,2014-04-10 13:00:00+00:00,2014-04-10 21:00:00+00:00,1318.38,1318.9140000000002,0.01,96,0.5340000000001055,0.5221592405772701,0.011840759422835356,0.0055278988902118615,1.9729999999999563,3.68100000000004,session_flat,2014
-1,401381,401383,2014-04-15 14:20:00+00:00,2014-04-15 14:30:00+00:00,1298.7395000000001,1300.911,0.01,2,-2.1714999999999236,0.29520398512111706,-2.4667039851210406,-1.1359447318080256,3.356999999999971,0.0,stop,2014
-1,403013,403014,2014-04-24 13:55:00+00:00,2014-04-24 14:00:00+00:00,1290.25,1293.8495,0.01,1,-3.5995000000000346,0.3293998960485088,-3.9288998960485433,-1.0915126812191986,3.7454999999999927,0.0,stop,2014
1,404114,404117,2014-04-30 13:25:00+00:00,2014-04-30 13:40:00+00:00,1288.7730000000001,1286.2285000000002,0.01,3,-2.544499999999971,0.3302174406931891,-2.87471744069316,-1.129776946627311,3.13799999999992,2.181999999999789,stop,2014
-1,404685,404688,2014-05-02 14:50:00+00:00,2014-05-02 15:05:00+00:00,1294.674,1297.056,0.01,3,-2.382000000000062,0.32238436468025145,-2.704384364680313,-1.1353418827372976,4.869500000000016,0.9919999999999618,stop,2014
1,405507,405526,2014-05-07 14:10:00+00:00,2014-05-07 15:45:00+00:00,1297.406,1295.208,0.01,19,-2.1979999999998654,0.32935331145197644,-2.527353311451842,-1.149842270906277,3.4049999999997453,1.5835000000001855,stop,2014
-1,407170,407185,2014-05-15 14:20:00+00:00,2014-05-15 15:35:00+00:00,1300.7820000000002,1296.1370000000006,0.01,15,4.644999999999527,0.3272558883209185,4.317744111678609,1.8590932666002362,0.7774999999996908,5.94399999999996,target,2014
-1,409898,409968,2014-05-29 15:10:00+00:00,2014-05-29 21:00:00+00:00,1258.186,1255.766,0.01,70,2.4199999999998454,0.4300534420289998,1.9899465579708455,0.8424837247971118,0.7549999999998818,3.134999999999991,session_flat,2014
1,410168,410174,2014-05-30 14:35:00+00:00,2014-05-30 15:05:00+00:00,1246.5645,1244.4209999999998,0.01,6,-2.143500000000131,0.33226909094471796,-2.475769090944849,-1.1550124053859099,2.794499999999971,1.0525000000002365,stop,2014
-1,410439,410472,2014-06-02 14:10:00+00:00,2014-06-02 16:55:00+00:00,1248.4715,1243.6885000000007,0.01,33,4.782999999999447,0.32657623061593466,4.4564237693835125,1.8634429309571514,0.0,4.9585000000001855,target,2014
-1,414031,414043,2014-06-19 13:40:00+00:00,2014-06-19 14:40:00+00:00,1293.231,1295.4279999999999,0.01,12,-2.196999999999889,0.32858762249790907,-2.525587622497798,-1.1495619583513543,2.45900000000006,0.9284999999999854,stop,2014
-1,415417,415418,2014-06-26 13:55:00+00:00,2014-06-26 14:00:00+00:00,1316.5900000000001,1312.5400000000009,0.01,1,4.049999999999272,0.3157764465609638,3.7342235534383086,1.8440610140439404,0.0,5.326000000000022,target,2014
-1,416020,416022,2014-06-30 18:05:00+00:00,2014-06-30 18:15:00+00:00,1326.0700000000002,1328.3029999999999,0.01,2,-2.23299999999972,0.33521651515151457,-2.5682165151512346,-1.1501193529563623,2.3640000000000327,0.0,stop,2014
-1,416806,416886,2014-07-03 14:20:00+00:00,2014-07-03 21:00:00+00:00,1320.3505,1319.536,0.01,80,0.8144999999999527,0.4263598130841258,0.3881401869158269,0.18938286748758806,1.0410000000001673,4.08849999999984,session_flat,2014
1,418686,418776,2014-07-14 13:30:00+00:00,2014-07-14 21:00:00+00:00,1305.403,1307.278,0.01,90,1.875,0.40702618453867334,1.4679738154613267,0.7162594854654463,1.558999999999969,3.8940000000000055,session_flat,2014
-1,418971,418974,2014-07-15 14:10:00+00:00,2014-07-15 14:25:00+00:00,1310.35,1305.9999999999995,0.01,3,4.350000000000364,0.33002573884983466,4.019974261150529,1.8482640281150313,0.9700000000002547,5.121999999999844,target,2014
-1,419547,419574,2014-07-17 16:05:00+00:00,2014-07-17 18:20:00+00:00,1320.859,1314.8759999999997,0.01,27,5.983000000000175,0.32309006830316656,5.659909931697008,1.8919973029238988,1.456000000000131,6.0219999999999345,target,2014
1,420354,420435,2014-07-22 14:15:00+00:00,2014-07-22 21:00:00+00:00,1306.0745000000002,1306.46,0.01,81,0.3854999999998654,0.4317165021156717,-0.0462165021158063,-0.020346247904820803,1.8575000000000728,4.342499999999745,session_flat,2014
-1,422561,422648,2014-08-01 13:45:00+00:00,2014-08-03 22:00:00+00:00,1294.6325,1294.3,0.01,87,0.3324999999999818,0.4307868812866784,-0.0982868812866966,-0.04418380817563276,1.7135000000000673,3.5305000000000746,session_flat,2014
-1,423695,423698,2014-08-07 16:00:00+00:00,2014-08-07 16:15:00+00:00,1311.351,1313.522,0.01,3,-2.1709999999998217,0.3562503371420937,-2.5272503371419153,-1.1640950424422492,2.2229999999999563,0.3670000000001892,stop,2014
-1,425352,425411,2014-08-15 16:05:00+00:00,2014-08-17 22:00:00+00:00,1307.3404999999998,1303.1,0.01,59,4.240499999999884,0.41099211722171153,3.829507882778172,1.3034403957719671,0.7170000000000982,5.77599999999984,session_flat,2014
1,425869,425877,2014-08-19 13:05:00+00:00,2014-08-19 13:45:00+00:00,1298.655,1296.632,0.01,8,-2.022999999999911,0.3753421188249982,-2.398342118824909,-1.1855373795477087,2.2829999999999018,1.27800000000002,stop,2014
-1,426438,426471,2014-08-21 14:20:00+00:00,2014-08-21 17:05:00+00:00,1278.737,1274.3980000000001,0.01,33,4.338999999999942,0.3319384323795587,4.007061567620383,1.846997726490176,1.1124999999999545,5.137000000000171,target,2014
-1,428052,428086,2014-08-29 14:30:00+00:00,2014-08-29 17:20:00+00:00,1289.408,1285.3159999999998,0.01,34,4.092000000000098,0.4164550032267306,3.6755449967733678,1.796454055118905,0.6050000000000182,4.111999999999853,target,2014
1,428556,428634,2014-09-02 14:30:00+00:00,2014-09-02 22:00:00+00:00,1264.588,1265.8585,0.01,78,1.2705000000000837,0.4172756700866886,0.853224329913395,0.41499237836253816,1.3259999999997945,1.8220000000001164,session_flat,2014
1,429925,429954,2014-09-09 13:20:00+00:00,2014-09-09 15:45:00+00:00,1254.364,1252.2640000000001,0.01,29,-2.099999999999909,0.41364179219941194,-2.513641792199321,-1.1969722819997286,2.4629999999999654,2.740000000000009,stop,2014
-1,431340,431399,2014-09-16 16:05:00+00:00,2014-09-16 21:00:00+00:00,1239.1105,1235.654,0.01,59,3.4565000000000055,0.51885923423421,2.9376407657657957,1.0415319148256537,1.1330000000000382,3.9710000000000036,session_flat,2014
-1,431880,431952,2014-09-18 15:00:00+00:00,2014-09-18 22:00:00+00:00,1225.7565,1225.33,0.01,72,0.42650000000003274,0.5413354952830152,-0.11483549528298242,-0.05087970548648243,1.4079999999999018,1.1704999999999472,session_flat,2014
1,432702,432781,2014-09-23 14:25:00+00:00,2014-09-23 21:00:00+00:00,1222.0495,1223.479,0.01,79,1.4294999999999618,0.4159480946123339,1.0135519053876278,0.5058906440666894,1.4529999999999745,2.6729999999997744,session_flat,2014
-1,432982,432990,2014-09-24 14:40:00+00:00,2014-09-24 15:20:00+00:00,1221.4325,1216.4074999999998,0.01,8,5.025000000000091,0.39556814802849033,4.6294318519716,1.8425599410831905,0.0,5.2280000000000655,target,2014
-1,433261,433301,2014-09-25 14:50:00+00:00,2014-09-25 18:10:00+00:00,1221.8985,1224.258,0.01,40,-2.3595000000000255,0.3934638311104735,-2.752963831110499,-1.1667572922697476,2.6924999999998818,4.3129999999998745,stop,2014
1,433516,433526,2014-09-26 13:00:00+00:00,2014-09-26 13:50:00+00:00,1217.091,1214.6689999999999,0.01,10,-2.4220000000000255,0.4409373421136928,-2.8629373421137183,-1.1820550545473527,2.736499999999978,1.3205000000002656,stop,2014
-1,434073,434077,2014-09-30 13:20:00+00:00,2014-09-30 13:40:00+00:00,1211.3029999999999,1214.827,0.01,4,-3.5240000000001146,0.4215317734822116,-3.945531773482326,-1.1196174158576044,3.5835000000001855,0.0,stop,2014
1,434904,434911,2014-10-03 13:25:00+00:00,2014-10-03 14:00:00+00:00,1198.8519999999999,1195.2775000000001,0.01,7,-3.5744999999997162,0.41311142498612413,-3.9876114249858405,-1.1155718072418959,4.696999999999889,2.3430000000000746,stop,2014
-1,435792,435794,2014-10-08 18:20:00+00:00,2014-10-08 18:30:00+00:00,1214.812,1216.9885,0.01,2,-2.1765000000000327,0.46091387505505943,-2.637413875055092,-1.2117683781553192,2.5800000000001546,0.36149999999997817,stop,2014
-1,437073,437160,2014-10-15 13:45:00+00:00,2014-10-15 21:00:00+00:00,1244.6965,1241.955,0.01,87,2.7415000000000873,0.6171776785714722,2.124322321428615,0.4158000237675958,3.3414999999999964,9.513500000000022,session_flat,2014
1,437342,437344,2014-10-16 13:05:00+00:00,2014-10-16 13:15:00+00:00,1238.2285,1236.1725000000001,0.01,2,-2.0559999999998126,0.39236689083274384,-2.4483668908325567,-1.19083992744785,2.7879999999997835,0.27650000000016917,stop,2014
1,439893,439895,2014-10-29 18:20:00+00:00,2014-10-29 18:30:00+00:00,1217.6,1215.478,0.01,2,-2.1219999999998436,0.4101324442013247,-2.532132444201168,-1.1932763639026178,4.932499999999891,0.09050000000002001,stop,2014
-1,440107,440131,2014-10-30 13:05:00+00:00,2014-10-30 15:05:00+00:00,1205.527,1200.9530000000004,0.01,24,4.573999999999614,0.37993034607631765,4.194069653923297,1.8338739195118716,1.2699999999999818,5.250500000000102,target,2014
1,441464,441552,2014-11-06 13:40:00+00:00,2014-11-06 21:00:00+00:00,1144.6689999999999,1143.531,0.01,88,-1.13799999999992,0.40227240881508614,-1.5402724088150062,-0.4659021200287639,2.6585000000000036,5.030999999999949,session_flat,2014
-1,441741,441762,2014-11-07 13:40:00+00:00,2014-11-07 15:25:00+00:00,1151.149,1157.5034999999998,0.01,21,-6.354499999999915,0.3866518340855553,-6.74115183408547,-1.0608469327383052,7.69600000000014,4.246499999999969,stop,2014
1,442034,442050,2014-11-10 15:05:00+00:00,2014-11-10 16:25:00+00:00,1163.725,1161.7235,0.01,16,-2.001499999999851,0.36830164732699017,-2.369801647326841,-1.184012814052969,2.473499999999831,1.4400000000000546,stop,2014
-1,442330,442334,2014-11-11 16:45:00+00:00,2014-11-11 17:05:00+00:00,1163.2404999999999,1166.4745,0.01,4,-3.2340000000001514,0.37707438388335957,-3.611074383883511,-1.116596902870545,3.3840000000000146,0.6439999999997781,stop,2014
1,443124,443137,2014-11-14 13:40:00+00:00,2014-11-14 14:45:00+00:00,1149.6480000000001,1154.9230000000002,0.01,13,5.275000000000091,0.3900314307825489,4.884968569217542,1.8521207845374248,0.7510000000002037,8.285499999999956,target,2014
1,443419,443489,2014-11-17 15:10:00+00:00,2014-11-17 21:00:00+00:00,1184.133,1186.464,0.01,70,2.3309999999999036,0.3818663452299201,1.9491336547699836,0.7736192318991468,2.279499999999871,4.738499999999931,session_flat,2014
1,443982,443986,2014-11-19 15:55:00+00:00,2014-11-19 16:15:00+00:00,1179.8719999999998,1176.5345,0.01,4,-3.3374999999998636,0.34208688212773947,-3.679586882127603,-1.1024979422105627,3.7599999999997635,2.3715000000001965,stop,2014
1,444227,444232,2014-11-20 13:20:00+00:00,2014-11-20 13:45:00+00:00,1189.38,1193.7990000000004,0.01,5,4.419000000000324,0.3956958912203366,4.023304108779987,1.8209115676758056,1.8645000000001346,4.707999999999856,target,2014
-1,444503,444546,2014-11-21 13:15:00+00:00,2014-11-21 16:50:00+00:00,1205.0520000000001,1199.1980000000003,0.01,43,5.8539999999998145,0.4082959565117396,5.445704043488075,1.8605070186157318,1.5599999999999454,6.409500000000207,target,2014
1,445057,445059,2014-11-25 13:15:00+00:00,2014-11-25 13:25:00+00:00,1197.815,1202.9250000000002,0.01,2,5.110000000000127,0.39579305479937216,4.714206945200755,1.845090780900445,0.0,5.121999999999844,target,2014
1,445897,445906,2014-11-28 18:00:00+00:00,2014-11-30 23:15:00+00:00,1168.1619999999998,1165.3525,0.01,9,-2.8094999999998436,0.5246467232726435,-3.334146723272487,-1.186740246760161,17.008499999999913,1.4030000000002474,stop,2014
-1,446078,446084,2014-12-01 13:35:00+00:00,2014-12-01 14:05:00+00:00,1181.6835,1184.04,0.01,6,-2.356499999999869,0.3713686693459371,-2.7278686693458063,-1.157593324568622,2.3599999999999,2.4885000000001583,stop,2014
-1,446353,446356,2014-12-02 13:25:00+00:00,2014-12-02 13:40:00+00:00,1199.62,1202.1605,0.01,3,-2.5405000000000655,0.3702455304518663,-2.9107455304519316,-1.1457372684321419,3.5979999999999563,0.8624999999999545,stop,2014
-1,446908,446909,2014-12-04 13:30:00+00:00,2014-12-04 13:35:00+00:00,1207.8965,1209.938,0.01,1,-2.041500000000042,0.4070308488334014,-2.4485308488334434,-1.199378324189759,2.0664999999999054,2.2855000000001837,stop,2014
-1,447182,447185,2014-12-05 13:15:00+00:00,2014-12-05 13:30:00+00:00,1205.253,1200.488,0.01,3,4.764999999999873,0.46660543699186874,4.298394563008004,1.8041530170023583,1.1610000000000582,12.620999999999867,target,2014
-1,447531,447551,2014-12-08 19:20:00+00:00,2014-12-08 21:00:00+00:00,1205.4569999999999,1205.05,0.01,20,0.40699999999992537,0.4188951984812587,-0.011895198481333358,-0.00335170427763692,0.7000000000002728,2.875999999999749,session_flat,2014
-1,447738,447751,2014-12-09 13:30:00+00:00,2014-12-09 14:35:00+00:00,1217.703,1221.04,0.01,13,-3.336999999999989,0.388355083814464,-3.725355083814453,-1.1163785087846765,4.627500000000055,2.6950000000001637,stop,2014
1,448023,448031,2014-12-10 14:10:00+00:00,2014-12-10 14:50:00+00:00,1227.8645000000001,1232.8375,0.01,8,4.972999999999956,0.3680596346131491,4.604940365386807,1.8519768209880747,0.6204999999999927,5.195499999999811,target,2014
-1,448364,448382,2014-12-11 19:30:00+00:00,2014-12-11 21:00:00+00:00,1227.541,1225.076,0.01,18,2.464999999999918,0.4390278155149748,2.025972184484943,0.8539398037870582,1.4795000000001437,4.295499999999947,session_flat,2014
1,448579,448587,2014-12-12 14:20:00+00:00,2014-12-12 15:00:00+00:00,1221.1185,1218.899,0.01,8,-2.219500000000153,0.3778874205989085,-2.5973874205990612,-1.1702579052033713,6.579000000000178,1.9989999999997963,stop,2014
1,449123,449139,2014-12-16 13:30:00+00:00,2014-12-16 14:50:00+00:00,1209.5685,1206.921,0.01,16,-2.6475000000000364,0.37458350889865494,-3.0220835088986915,-1.1414857446264968,7.476499999999987,3.2135000000000673,stop,2014
1,449427,449428,2014-12-17 15:45:00+00:00,2014-12-17 15:50:00+00:00,1193.071,1197.531,0.01,1,4.460000000000036,0.38129009126831614,4.07870990873172,1.829017896292236,0.0,5.745000000000118,target,2014
1,449672,449695,2014-12-18 13:05:00+00:00,2014-12-18 15:00:00+00:00,1203.8690000000001,1201.0465,0.01,23,-2.8225000000002183,0.3910426622163418,-3.21354266221656,-1.1385447873219883,5.279500000000098,3.2409999999999854,stop,2014
1,450259,450261,2014-12-22 15:50:00+00:00,2014-12-22 16:00:00+00:00,1189.8235,1187.608,0.01,2,-2.21550000000002,0.37590400698765797,-2.591404006987678,-1.169670055061004,2.8134999999999764,0.015000000000100044,stop,2014
-1,451574,451588,2014-12-30 13:40:00+00:00,2014-12-30 14:50:00+00:00,1198.65,1201.2060000000001,0.01,14,-2.55600000000004,0.385506493431003,-2.941506493431043,-1.1508241367100926,9.14149999999995,2.7955000000001746,stop,2014
1,451878,451908,2014-12-31 16:00:00+00:00,2014-12-31 18:30:00+00:00,1185.786,1182.9455,0.01,30,-2.84050000000002,0.48404885645634294,-3.3245488564563628,-1.1704097364746837,3.8299999999999272,4.614499999999907,stop,2014
1,452126,452148,2015-01-02 13:40:00+00:00,2015-01-02 15:30:00+00:00,1172.1464999999998,1178.0604999999996,0.01,22,5.91399999999976,0.3539616997334634,5.560038300266297,1.8802970241009545,2.8154999999997017,6.420500000000175,target,2015
-1,452415,452419,2015-01-05 14:40:00+00:00,2015-01-05 15:00:00+00:00,1197.9975,1200.6944999999998,0.01,4,-2.696999999999889,0.3737132335309895,-3.0707132335308787,-1.1385662712387856,4.258499999999913,0.9284999999999854,stop,2015
-1,452720,452768,2015-01-06 17:00:00+00:00,2015-01-06 21:00:00+00:00,1219.242,1219.0245,0.01,48,0.21749999999997272,0.4094333027549602,-0.1919333027549875,-0.048358100971273625,2.2180000000000746,4.675999999999931,session_flat,2015
-1,452982,452986,2015-01-07 15:45:00+00:00,2015-01-07 16:05:00+00:00,1213.893,1215.974,0.01,4,-2.0809999999999036,0.38097438833659836,-2.461974388336502,-1.1830727478792005,2.363499999999931,0.0,stop,2015
-1,453530,453531,2015-01-09 15:15:00+00:00,2015-01-09 15:20:00+00:00,1217.2735,1219.7350000000001,0.01,1,-2.4615000000001146,0.38011435617338424,-2.841614356173499,-1.1544238700684,2.875,0.31349999999997635,stop,2015
1,454077,454079,2015-01-13 14:50:00+00:00,2015-01-13 15:00:00+00:00,1235.705,1233.3015,0.01,2,-2.4034999999998945,0.38024055412271146,-2.783740554122606,-1.1582028517257035,3.2164999999999964,1.5090000000000146,stop,2015
-1,454333,454334,2015-01-14 13:05:00+00:00,2015-01-14 13:10:00+00:00,1231.7115,1233.97,0.01,1,-2.25850000000014,0.38017510051169373,-2.6386751005118336,-1.1683307950018464,2.5225000000000364,0.0,stop,2015
1,454625,454629,2015-01-15 14:20:00+00:00,2015-01-15 14:40:00+00:00,1252.5819999999999,1257.4389999999999,0.01,4,4.856999999999971,0.393954241332202,4.463045758667769,1.8377787764742828,0.024999999999863576,6.64650000000006,target,2015
-1,454892,454907,2015-01-16 13:30:00+00:00,2015-01-16 14:45:00+00:00,1266.9075,1269.913,0.01,15,-3.0054999999999836,0.40356122793397214,-3.4090612279339556,-1.1342742398715602,4.821499999999787,2.0515000000000327,stop,2015
-1,455414,455422,2015-01-20 14:55:00+00:00,2015-01-20 15:35:00+00:00,1290.337,1292.45,0.01,8,-2.1130000000000564,0.37043438312125465,-2.483434383121311,-1.1753120601614977,2.1354999999998654,1.6860000000001492,stop,2015
-1,455671,455690,2015-01-21 13:15:00+00:00,2015-01-21 14:50:00+00:00,1302.763,1297.359,0.01,19,5.403999999999996,0.3673999342079715,5.036600065792025,1.8640266712775828,2.5,12.89449999999988,target,2015
-1,455986,456040,2015-01-22 16:30:00+00:00,2015-01-22 21:00:00+00:00,1302.9345,1303.663,0.01,54,-0.72849999999994,0.38616618132151653,-1.1146661813214565,-0.23508724693061042,3.4704999999999018,3.8514999999999873,session_flat,2015
1,456249,456317,2015-01-23 15:20:00+00:00,2015-01-23 21:00:00+00:00,1288.425,1293.744,0.01,68,5.31899999999996,0.4490773982774004,4.86992260172256,1.2371199293084034,0.9700000000000273,6.94399999999996,session_flat,2015
-1,456498,456501,2015-01-26 13:05:00+00:00,2015-01-26 13:20:00+00:00,1283.745,1285.783,0.01,3,-2.038000000000011,0.3846746417769537,-2.4226746417769647,-1.1887510509209773,3.8785000000002583,2.3094999999998436,stop,2015
1,457063,457065,2015-01-28 14:05:00+00:00,2015-01-28 14:15:00+00:00,1287.0345,1284.958,0.01,2,-2.0764999999998963,0.3364377168570766,-2.412937716856973,-1.1620215347253038,3.6065000000000964,0.0,stop,2015
1,457337,457345,2015-01-29 13:50:00+00:00,2015-01-29 14:30:00+00:00,1270.638,1268.525,0.01,8,-2.112999999999829,0.3889405721380683,-2.5019405721378973,-1.1840703133639847,2.4349999999999454,2.175999999999931,stop,2015
-1,457613,457624,2015-01-30 13:45:00+00:00,2015-01-30 14:40:00+00:00,1263.939,1259.439,0.01,11,4.5,0.39615843309232907,4.103841566907671,1.8239295852922983,2.1649999999999636,4.527000000000044,target,2015
1,458158,458163,2015-02-03 13:05:00+00:00,2015-02-03 13:30:00+00:00,1271.5215,1266.95,0.01,5,-4.5715000000000146,0.40981538086266195,-4.981315380862677,-1.0896457138494282,7.500500000000102,1.4375,stop,2015
1,458466,458530,2015-02-04 15:40:00+00:00,2015-02-04 21:00:00+00:00,1262.8809999999999,1265.7404999999999,0.01,64,2.8595000000000255,0.4349555485098276,2.4245444514901977,0.7480852982074078,1.6769999999999072,4.62900000000036,session_flat,2015
1,458730,458750,2015-02-05 14:40:00+00:00,2015-02-05 16:20:00+00:00,1260.0165000000002,1257.799,0.01,20,-2.2175000000002,0.3917659637659667,-2.6092659637661666,-1.1766701076734751,3.6950000000001637,3.2944999999997435,stop,2015
1,459004,459012,2015-02-06 14:30:00+00:00,2015-02-06 15:10:00+00:00,1240.875,1238.3385,0.01,8,-2.5364999999999327,0.42292733658617515,-2.9594273365861077,-1.166736580558323,4.29099999999994,3.308999999999969,stop,2015
-1,459572,459594,2015-02-10 15:50:00+00:00,2015-02-10 17:40:00+00:00,1237.817,1233.4430000000002,0.01,22,4.373999999999796,0.37564890380381116,3.998351096195985,1.8282355263814225,1.1549999999999727,4.405999999999949,target,2015
1,460883,460888,2015-02-17 14:30:00+00:00,2015-02-17 14:55:00+00:00,1212.9285,1210.1245,0.01,5,-2.8040000000000873,0.42710517112664537,-3.2311051711267327,-1.1523199611721227,2.888500000000022,0.9055000000000746,stop,2015
1,461182,461183,2015-02-18 16:20:00+00:00,2015-02-18 16:25:00+00:00,1200.9585,1198.654,0.01,1,-2.304499999999962,0.3743355988984927,-2.6788355988984547,-1.1624367970919935,3.248499999999922,0.0,stop,2015
1,461442,461449,2015-02-19 14:55:00+00:00,2015-02-19 15:30:00+00:00,1211.0034999999998,1208.8274999999999,0.01,7,-2.175999999999931,0.42416223338752407,-2.600162233387455,-1.1949274969611845,2.208499999999731,1.2350000000001273,stop,2015
-1,461997,461998,2015-02-23 15:00:00+00:00,2015-02-23 15:05:00+00:00,1204.6005,1207.1569999999997,0.01,1,-2.556499999999687,0.43320049689362544,-2.9897004968933127,-1.1694506148615993,3.0974999999998545,0.0,stop,2015
1,462276,462277,2015-02-24 15:10:00+00:00,2015-02-24 15:15:00+00:00,1194.283,1199.2279999999996,0.01,1,4.944999999999709,0.4186727182457886,4.52632728175392,1.8306682636012888,0.0,8.333500000000186,target,2015
1,463936,464006,2015-03-04 15:10:00+00:00,2015-03-04 21:00:00+00:00,1200.9045,1199.4189999999999,0.01,70,-1.4855000000002292,0.4216517232690392,-1.9071517232692683,-0.7572569875994318,2.219000000000051,3.0960000000000036,session_flat,2015
-1,464219,464229,2015-03-05 15:45:00+00:00,2015-03-05 16:35:00+00:00,1207.4285,1203.2145,0.01,10,4.213999999999942,0.3505132582114566,3.8634867417884853,1.8336434465061882,0.0,4.3034999999999854,target,2015
1,464471,464472,2015-03-06 13:45:00+00:00,2015-03-06 13:50:00+00:00,1186.0495,1183.716,0.01,1,-2.3335000000001855,0.39563586345728013,-2.729135863457466,-1.1695461167590524,2.963999999999942,0.0,stop,2015
1,465292,465293,2015-03-11 13:55:00+00:00,2015-03-11 14:00:00+00:00,1157.601,1155.2849999999999,0.01,1,-2.3160000000002583,0.42792629091651585,-2.7439262909167743,-1.1847695556634146,4.026000000000067,0.0,stop,2015
-1,466398,466409,2015-03-17 14:00:00+00:00,2015-03-17 14:55:00+00:00,1156.466,1152.2309999999993,0.01,11,4.235000000000582,0.37628262170390825,3.858717378296674,1.8222986438234445,1.249000000000251,4.974999999999909,target,2015
-1,466728,466737,2015-03-18 18:25:00+00:00,2015-03-18 19:10:00+00:00,1168.366,1173.5,0.01,9,-5.1340000000000146,0.46234806222102287,-5.596348062221037,-1.090056108730234,7.440500000000156,5.585000000000036,stop,2015
1,468609,468694,2015-03-27 13:55:00+00:00,2015-03-29 22:00:00+00:00,1196.2995,1198.8249999999998,0.01,85,2.525499999999738,0.42936685786124085,2.0961331421384974,0.5883882504248413,1.3565000000000964,5.858499999999822,session_flat,2015
1,468898,468970,2015-03-30 15:00:00+00:00,2015-03-30 22:00:00+00:00,1185.58,1185.882,0.01,72,0.3020000000001346,0.4172706494165405,-0.11527064941640591,-0.0463959144360655,2.179499999999962,1.22400000000016,session_flat,2015
-1,469444,469445,2015-04-01 14:25:00+00:00,2015-04-01 14:30:00+00:00,1201.425,1203.628,0.01,1,-2.2029999999999745,0.34542679571101387,-2.5484267957109883,-1.1567983639178474,2.316500000000133,0.0,stop,2015
1,470597,470630,2015-04-08 18:15:00+00:00,2015-04-08 22:00:00+00:00,1199.9455,1202.9250000000002,0.01,33,2.9795000000001437,0.5120395386493932,2.4674604613507505,1.051997638606103,1.2174999999999727,3.8864999999998417,session_flat,2015
-1,471661,471664,2015-04-14 14:45:00+00:00,2015-04-14 15:00:00+00:00,1196.7475,1198.9605000000001,0.01,3,-2.213000000000193,0.3451183725328875,-2.5581183725330803,-1.1559504620573238,2.3855000000000928,0.775000000000091,stop,2015
1,473323,473396,2015-04-22 14:55:00+00:00,2015-04-22 21:00:00+00:00,1188.0815,1187.245,0.01,73,-0.8365000000001146,0.5857929345925554,-1.42229293459267,-0.6291939546970191,1.7169999999998709,3.278500000000122,session_flat,2015
-1,474149,474151,2015-04-27 14:35:00+00:00,2015-04-27 14:45:00+00:00,1199.2085000000002,1201.524,0.01,2,-2.3154999999997017,0.3248305345935011,-2.6403305345932027,-1.140285266505525,3.109499999999798,0.019500000000334694,stop,2015
1,474973,474974,2015-04-30 14:00:00+00:00,2015-04-30 14:05:00+00:00,1182.866,1179.8825000000002,0.01,1,-2.9834999999998217,0.36180475996864786,-3.3453047599684695,-1.121268563756886,5.600500000000011,0.0,stop,2015
1,476070,476071,2015-05-06 14:10:00+00:00,2015-05-06 14:15:00+00:00,1194.6329999999998,1192.624,0.01,1,-2.008999999999787,0.36485680260021613,-2.3738568026000033,-1.181611151120087,2.1204999999997654,0.0,stop,2015
-1,478007,478008,2015-05-15 14:05:00+00:00,2015-05-15 14:10:00+00:00,1219.641,1222.3115,0.01,1,-2.6704999999999472,0.37880091104034247,-3.0493009110402896,-1.1418464373863881,3.0,0.0,stop,2015
1,481588,481638,2015-06-03 16:50:00+00:00,2015-06-03 21:00:00+00:00,1182.8015,1185.135,0.01,50,2.333499999999958,0.7665929411764747,1.5669070588234835,0.48511054452739155,0.18499999999994543,4.398500000000013,session_flat,2015
1,481825,481829,2015-06-04 13:30:00+00:00,2015-06-04 13:50:00+00:00,1177.8435,1175.6385,0.01,4,-2.2049999999999272,0.3757375476171298,-2.580737547617057,-1.1704025159261415,2.474999999999909,0.20650000000023283,stop,2015
-1,486550,486578,2015-06-29 15:15:00+00:00,2015-06-29 17:35:00+00:00,1178.563,1180.676,0.01,28,-2.112999999999829,0.3757994581362169,-2.4887994581360458,-1.1778511396764066,2.277499999999918,1.0895000000000437,stop,2015
1,488104,488112,2015-07-07 13:15:00+00:00,2015-07-07 13:55:00+00:00,1158.095,1154.77,0.01,8,-3.3250000000000455,0.35867196820101177,-3.6836719682010575,-1.107871268631882,3.684500000000071,1.4735000000000582,stop,2015
1,490326,490329,2015-07-17 14:15:00+00:00,2015-07-17 14:30:00+00:00,1133.33,1131.3145,0.01,3,-2.0154999999999745,0.34848598815113174,-2.3639859881511063,-1.172902995857671,2.0405000000000655,0.12950000000000728,stop,2015
1,490601,490613,2015-07-20 14:10:00+00:00,2015-07-20 15:10:00+00:00,1105.04,1111.17,0.01,12,6.130000000000109,0.3732183167486109,5.756781683251498,1.8782321968193787,0.6804999999999382,6.920499999999947,target,2015
1,491153,491162,2015-07-22 14:10:00+00:00,2015-07-22 14:55:00+00:00,1089.2694999999999,1093.3604999999998,0.01,9,4.0909999999998945,0.345544684144116,3.7454553158557786,1.8310707972895992,1.14449999999988,5.679500000000189,target,2015
-1,491722,491750,2015-07-24 15:30:00+00:00,2015-07-24 17:50:00+00:00,1086.905,1089.08,0.01,28,-2.1749999999999545,0.35793383162609105,-2.5329338316260457,-1.164567278908551,3.7650000000001,2.4809999999999945,stop,2015
-1,493079,493091,2015-07-31 13:35:00+00:00,2015-07-31 14:35:00+00:00,1100.201,1093.5230000000001,0.01,12,6.677999999999884,0.365600818141801,6.3123991818580825,1.8905058945367452,0.0,7.395999999999958,target,2015
-1,494463,494470,2015-08-07 13:50:00+00:00,2015-08-07 14:25:00+00:00,1094.62,1096.826,0.01,7,-2.206000000000131,0.3628879992360316,-2.5688879992361624,-1.164500452962833,2.505000000000109,1.35149999999976,stop,2015
1,494783,494790,2015-08-10 17:30:00+00:00,2015-08-10 18:05:00+00:00,1105.51,1103.0349999999999,0.01,7,-2.4750000000001364,0.4018686151999706,-2.876868615200107,-1.1623711576565448,3.580500000000029,0.2884999999998854,stop,2015
1,495007,495010,2015-08-11 13:10:00+00:00,2015-08-11 13:25:00+00:00,1107.5055,1111.9174999999998,0.01,3,4.411999999999807,0.3692013063802561,4.0427986936195515,1.8326376670986981,0.5944999999999254,4.449000000000069,target,2015
-1,496721,496740,2015-08-19 17:55:00+00:00,2015-08-19 19:30:00+00:00,1129.944,1132.0,0.01,19,-2.05600000000004,0.4096692184063572,-2.465669218406397,-1.1992554564233215,3.2530000000001564,2.1639999999999873,stop,2015
-1,496959,496982,2015-08-20 14:40:00+00:00,2015-08-20 16:35:00+00:00,1149.4655,1151.8155000000002,0.01,23,-2.3500000000001364,0.35600641848525166,-2.706006418485388,-1.1514920929724386,4.545000000000073,0.8365000000001146,stop,2015
-1,497496,497498,2015-08-24 13:20:00+00:00,2015-08-24 13:30:00+00:00,1164.2715,1166.9615,0.01,2,-2.689999999999827,0.43070829214493855,-3.1207082921447657,-1.1601146067453405,5.902499999999918,1.8115000000000236,stop,2015
1,497782,497783,2015-08-25 14:10:00+00:00,2015-08-25 14:15:00+00:00,1139.4105,1136.9,0.01,1,-2.5104999999998654,0.3911570585136735,-2.901657058513539,-1.155808428007845,2.5850000000000364,0.0,stop,2015
-1,498067,498099,2015-08-26 14:55:00+00:00,2015-08-26 17:35:00+00:00,1124.1285,1126.828,0.01,32,-2.6994999999999436,0.3693288737426578,-3.0688288737426013,-1.1368138076468477,3.2864999999999327,2.8385000000000673,stop,2015
1,498327,498330,2015-08-27 13:35:00+00:00,2015-08-27 13:50:00+00:00,1120.9450000000002,1118.724,0.01,3,-2.221000000000231,0.38087974718387035,-2.6018797471841015,-1.171490205845939,2.5670000000000073,0.0489999999997508,stop,2015
1,498617,498626,2015-08-28 14:45:00+00:00,2015-08-28 15:30:00+00:00,1137.0505,1134.8645000000001,0.01,9,-2.185999999999922,0.3635420611042151,-2.549542061104137,-1.1663046940092536,4.005499999999984,0.8495000000000346,stop,2015
-1,499711,499714,2015-09-03 13:55:00+00:00,2015-09-03 14:10:00+00:00,1127.306,1129.506,0.01,3,-2.2000000000000455,0.3786270095012511,-2.5786270095012966,-1.1721031861369289,2.3840000000000146,0.7789999999999964,stop,2015
1,501318,501319,2015-09-11 13:45:00+00:00,2015-09-11 13:50:00+00:00,1101.37,1099.21,0.01,1,-2.1599999999998545,0.3658196179629523,-2.525819617962807,-1.169360934242119,2.549999999999727,0.0,stop,2015
-1,502690,502702,2015-09-18 13:00:00+00:00,2015-09-18 14:00:00+00:00,1139.5445,1141.77,0.01,12,-2.225500000000011,0.35939001571928764,-2.5848900157192984,-1.1614873132865808,2.236499999999978,1.6424999999999272,stop,2015
-1,503808,503810,2015-09-24 14:10:00+00:00,2015-09-24 14:20:00+00:00,1152.7345,1155.1309999999999,0.01,2,-2.3964999999998327,0.4005420718704921,-2.7970420718703246,-1.1671362703402963,2.8105000000000473,0.0,stop,2015
-1,505454,505456,2015-10-02 13:20:00+00:00,2015-10-02 13:30:00+00:00,1133.465,1135.5135,0.01,2,-2.0485000000001037,0.33766252566186755,-2.3861625256619714,-1.1648340374234076,3.143500000000131,0.15099999999983993,stop,2015
1,506285,506290,2015-10-07 13:35:00+00:00,2015-10-07 14:00:00+00:00,1146.62,1143.84,0.01,5,-2.7799999999999727,0.3660633687817585,-3.146063368781731,-1.1316774707848065,3.334999999999809,1.6365000000000691,stop,2015
-1,506618,506619,2015-10-08 18:20:00+00:00,2015-10-08 18:25:00+00:00,1149.225,1144.8269999999998,0.01,1,4.398000000000138,0.39277741129055826,4.00522258870958,1.8213836237878371,0.0,5.261500000000069,target,2015
-1,507659,507664,2015-10-14 13:05:00+00:00,2015-10-14 13:30:00+00:00,1174.7195000000002,1177.1455,0.01,5,-2.425999999999931,0.3595665694046981,-2.785566569404629,-1.1482137549071345,3.8984999999997854,0.7790000000002237,stop,2015
1,508214,508222,2015-10-16 13:20:00+00:00,2015-10-16 14:00:00+00:00,1182.6709999999998,1180.539,0.01,8,-2.1319999999998345,0.36799284806685745,-2.4999928480666918,-1.1726045253597026,3.1139999999998054,1.8335000000001855,stop,2015
-1,508771,508782,2015-10-20 13:45:00+00:00,2015-10-20 14:40:00+00:00,1177.6100000000001,1180.406,0.01,11,-2.7959999999998217,0.3532236525563275,-3.1492236525561492,-1.1263317784536302,3.3289999999997235,0.9500000000002728,stop,2015
1,509315,509329,2015-10-22 13:05:00+00:00,2015-10-22 14:15:00+00:00,1165.0585,1169.6825000000003,0.01,14,4.624000000000251,0.3777410059572481,4.246258994043003,1.8366172119562163,2.0390000000002146,5.686999999999898,target,2015
1,509602,509686,2015-10-23 14:00:00+00:00,2015-10-25 22:00:00+00:00,1161.9005,1163.975,0.01,84,2.0744999999999436,0.5829103797468427,1.491589620253101,0.528744991227631,0.7355000000000018,4.864000000000033,session_flat,2015
1,510482,510484,2015-10-28 18:20:00+00:00,2015-10-28 18:30:00+00:00,1164.085,1161.8405,0.01,2,-2.2445000000000164,0.4488096754592449,-2.693309675459261,-1.1999597573888356,8.530499999999847,0.0,stop,2015
1,511570,511571,2015-11-03 18:00:00+00:00,2015-11-03 18:05:00+00:00,1117.3400000000001,1114.905,0.01,1,-2.435000000000173,0.3764415144384808,-2.8114415144386538,-1.1545961044921784,2.7940000000000964,0.0,stop,2015
1,513458,513461,2015-11-12 14:20:00+00:00,2015-11-12 14:35:00+00:00,1076.984,1082.373,0.01,3,5.389000000000124,0.3677537535690278,5.021246246431096,1.8635168849252108,0.46450000000004366,8.856500000000096,target,2015
1,513719,513724,2015-11-13 13:05:00+00:00,2015-11-13 13:30:00+00:00,1083.3455,1088.5044999999996,0.01,5,5.158999999999651,0.4082515040374193,4.750748495962231,1.8417323108984502,1.9949999999998909,5.399000000000115,target,2015
-1,514274,514296,2015-11-17 13:20:00+00:00,2015-11-17 15:10:00+00:00,1081.3205,1076.9495,0.01,22,4.371000000000095,0.3677594633485694,4.003240536651525,1.8317275390763845,0.9145000000000891,5.810999999999922,target,2015
-1,514621,514642,2015-11-18 19:15:00+00:00,2015-11-18 21:00:00+00:00,1070.3595,1070.0855000000001,0.01,21,0.2739999999998872,0.4345135291292315,-0.1605135291293443,-0.047064515211654105,2.2705000000000837,1.650000000000091,session_flat,2015
-1,514843,514850,2015-11-19 14:45:00+00:00,2015-11-19 15:20:00+00:00,1081.46,1083.9915,0.01,7,-2.531500000000051,0.35289153206892354,-2.8843915320689746,-1.139400170677036,2.9899999999997817,1.0115000000000691,stop,2015
-1,515388,515470,2015-11-23 14:10:00+00:00,2015-11-23 21:00:00+00:00,1072.3000000000002,1068.3755,0.01,82,3.92450000000008,0.3812793302818312,3.5432206697182487,1.3495412948841814,1.319999999999709,4.930000000000291,session_flat,2015
-1,515652,515656,2015-11-24 13:10:00+00:00,2015-11-24 13:30:00+00:00,1078.9355,1081.2155,0.01,4,-2.2799999999999727,0.3728688920054764,-2.6528688920054493,-1.1635389877217022,2.3015000000000327,1.1300000000001091,stop,2015
1,516436,516443,2015-11-27 13:25:00+00:00,2015-11-27 14:00:00+00:00,1057.399,1054.6635,0.01,7,-2.7354999999997744,0.34335235066311554,-3.07885235066289,-1.1255172183012774,4.528999999999996,0.73700000000008,stop,2015
-1,517499,517501,2015-12-03 13:10:00+00:00,2015-12-03 13:20:00+00:00,1059.725,1055.0839999999998,0.01,2,4.641000000000076,0.3552783601267547,4.285721639873322,1.84689577240821,0.0,5.365499999999884,target,2015
-1,517778,517786,2015-12-04 13:25:00+00:00,2015-12-04 14:05:00+00:00,1067.746,1071.7455,0.01,8,-3.999499999999898,0.4404443877207079,-4.439944387720606,-1.1101248625379971,7.528999999999996,6.655999999999949,stop,2015
-1,518344,518421,2015-12-08 14:35:00+00:00,2015-12-08 21:00:00+00:00,1076.33,1074.6345000000001,0.01,77,1.6954999999998106,0.40718162215308046,1.2883183778467302,0.43531622836518286,0.5500000000001819,4.905499999999847,session_flat,2015
-1,519176,519228,2015-12-11 14:55:00+00:00,2015-12-11 19:15:00+00:00,1074.592,1079.103,0.01,52,-4.510999999999967,0.40919764216446125,-4.920197642164428,-1.0907110711958465,4.668999999999869,2.494000000000142,stop,2015
-1,519433,519434,2015-12-14 13:20:00+00:00,2015-12-14 13:25:00+00:00,1070.5,1072.6855,0.01,1,-2.1855000000000473,0.3554474599059126,-2.54094745990596,-1.1626389658686365,2.4329999999999927,0.0,stop,2015
-1,520005,520041,2015-12-16 15:00:00+00:00,2015-12-16 18:00:00+00:00,1075.1444999999999,1077.1915,0.01,36,-2.0470000000000255,0.39666153641681207,-2.4436615364168377,-1.193777008508455,3.2855000000001837,1.352999999999838,stop,2015
1,520267,520273,2015-12-17 13:50:00+00:00,2015-12-17 14:20:00+00:00,1060.7295,1057.9395,0.01,6,-2.7899999999999636,0.3909207119466051,-3.180920711946569,-1.1401149505184982,6.195999999999913,0.6960000000001401,stop,2015
1,521095,521133,2015-12-22 13:50:00+00:00,2015-12-22 17:00:00+00:00,1076.374,1074.346,0.01,38,-2.02800000000002,0.3907354122806925,-2.4187354122807125,-1.1926703216374204,2.9995000000001255,2.1124999999999545,stop,2015
1,523265,523348,2016-01-05 14:05:00+00:00,2016-01-05 21:00:00+00:00,1077.556,1078.636,0.01,83,1.0799999999999272,0.37531725392884085,0.7046827460710864,0.3172103290889277,2.2105000000001382,3.826999999999998,session_flat,2016
1,523532,523624,2016-01-06 13:20:00+00:00,2016-01-06 21:00:00+00:00,1086.916,1093.8405,0.01,92,6.924500000000081,0.42936791195169727,6.495132088048384,1.2795768494973694,3.3754999999998745,8.404500000000098,session_flat,2016
-1,523808,523809,2016-01-07 13:20:00+00:00,2016-01-07 13:25:00+00:00,1102.665,1104.81,0.01,1,-2.144999999999982,0.349304198091945,-2.494304198091927,-1.1628457799962462,2.219500000000153,0.09449999999992542,stop,2016
-1,524092,524093,2016-01-08 14:00:00+00:00,2016-01-08 14:05:00+00:00,1099.3,1101.4355,0.01,1,-2.1355000000000928,0.3737859232300123,-2.509285923230105,-1.1750343822196188,5.375,0.0,stop,2016
-1,525471,525477,2016-01-15 13:55:00+00:00,2016-01-15 14:25:00+00:00,1094.2939999999999,1097.402,0.01,6,-3.108000000000175,0.3539580601887597,-3.461958060188935,-1.1138861197518468,3.130500000000211,1.744499999999789,stop,2016
-1,526825,526856,2016-01-22 15:40:00+00:00,2016-01-22 18:15:00+00:00,1100.94,1096.931,0.01,31,4.0090000000000146,0.37898712507885246,3.630012874921162,1.8109318408187323,0.61200000000008,4.774000000000115,target,2016
-1,527697,527700,2016-01-27 19:20:00+00:00,2016-01-27 19:35:00+00:00,1120.8400000000001,1122.871,0.01,3,-2.030999999999949,0.4688070298488799,-2.499807029848829,-1.230825716321463,2.9199999999998454,0.9039999999999964,stop,2016
1,527913,527993,2016-01-28 14:20:00+00:00,2016-01-28 21:00:00+00:00,1113.7775000000001,1114.09,0.01,80,0.3124999999997726,0.3979218591381652,-0.08542185913839256,-0.040057143792912545,0.6375000000002728,3.2174999999997453,session_flat,2016
-1,529032,529038,2016-02-03 15:35:00+00:00,2016-02-03 16:05:00+00:00,1135.788,1139.1485,0.01,6,-3.360500000000002,0.37423522523552627,-3.734735225235528,-1.1113629594511312,4.218499999999949,0.4580000000000837,stop,2016
1,529567,529568,2016-02-05 14:10:00+00:00,2016-02-05 14:15:00+00:00,1148.1135,1145.5900000000001,0.01,1,-2.5234999999997854,0.39581172194305453,-2.9193117219428397,-1.1568502959948832,2.5734999999999673,0.016000000000076398,stop,2016
-1,529849,529852,2016-02-08 14:40:00+00:00,2016-02-08 14:55:00+00:00,1187.815,1192.245,0.01,3,-4.429999999999836,0.3542786996732366,-4.784278699673073,-1.0799726184363996,5.000500000000102,1.1200000000001182,stop,2016
1,530180,530185,2016-02-09 19:15:00+00:00,2016-02-09 19:40:00+00:00,1193.769,1191.3645000000001,0.01,5,-2.404499999999871,0.4265163955090177,-2.8310163955088887,-1.1773825724720486,2.6724999999999,1.9565000000000055,stop,2016
-1,530387,530388,2016-02-10 13:30:00+00:00,2016-02-10 13:35:00+00:00,1186.6145000000001,1189.455,0.01,1,-2.8404999999997926,0.4079559399947095,-3.248455939994502,-1.1436211723269634,4.485999999999876,0.0,stop,2016
-1,530660,530665,2016-02-11 13:15:00+00:00,2016-02-11 13:40:00+00:00,1237.926,1230.9469999999997,0.01,5,6.97900000000027,0.3644703039984391,6.614529696001831,1.895552284281867,2.6829999999999927,7.184999999999945,target,2016
-1,530938,530939,2016-02-12 13:25:00+00:00,2016-02-12 13:30:00+00:00,1239.88,1234.7700000000004,0.01,1,5.109999999999673,0.38304141550420573,4.726958584495467,1.8500816377674245,0.0,5.907000000000153,target,2016
1,531460,531467,2016-02-16 14:50:00+00:00,2016-02-16 15:25:00+00:00,1208.175,1214.146,0.01,7,5.971000000000004,0.3546273802060002,5.616372619794004,1.8812167542435105,0.0,5.979500000000144,target,2016
-1,531736,531752,2016-02-17 14:50:00+00:00,2016-02-17 16:10:00+00:00,1209.9904999999999,1212.0495,0.01,16,-2.0590000000001965,0.3685172685523422,-2.427517268552539,-1.1789787608316207,2.5335000000000036,1.6054999999998927,stop,2016
-1,532029,532030,2016-02-18 16:15:00+00:00,2016-02-18 16:20:00+00:00,1216.991,1218.9995,0.01,1,-2.0084999999999127,0.3513651809802118,-2.3598651809801243,-1.174939099318012,2.1929999999999836,0.0,stop,2016
1,532271,532272,2016-02-19 13:25:00+00:00,2016-02-19 13:30:00+00:00,1229.3555000000001,1227.1945,0.01,1,-2.161000000000058,0.3918548302586779,-2.552854830258736,-1.1813303240438071,4.510500000000093,0.2639999999998963,stop,2016
-1,533119,533121,2016-02-24 15:05:00+00:00,2016-02-24 15:15:00+00:00,1249.0149999999999,1251.5430000000001,0.01,2,-2.5280000000002474,0.30537419668991583,-2.8333741966901633,-1.1207967550197333,3.376500000000078,0.49949999999989814,stop,2016
1,533377,533383,2016-02-25 13:35:00+00:00,2016-02-25 14:05:00+00:00,1235.8335000000002,1232.8345,0.01,6,-2.999000000000251,0.35537486394050055,-3.354374863940752,-1.1184977872425712,10.139000000000124,1.000999999999749,stop,2016
1,533655,533656,2016-02-26 13:45:00+00:00,2016-02-26 13:50:00+00:00,1230.1444999999999,1227.7945,0.01,1,-2.349999999999909,0.34358450913556887,-2.6935845091354778,-1.1462061741002476,3.6299999999998818,0.0,stop,2016
1,534230,534285,2016-03-01 15:40:00+00:00,2016-03-01 20:15:00+00:00,1230.365,1236.5449999999998,0.01,55,6.179999999999836,0.3278347291313149,5.852165270868522,1.8939046184041024,2.0944999999999254,6.2650000000001,target,2016
1,534479,534491,2016-03-02 13:25:00+00:00,2016-03-02 14:25:00+00:00,1230.621,1236.7430000000004,0.01,12,6.122000000000298,0.35181803947188167,5.770181960528417,1.885064345157836,0.0,7.708999999999833,target,2016
-1,534772,534774,2016-03-03 14:50:00+00:00,2016-03-03 15:00:00+00:00,1246.217,1248.5700000000002,0.01,2,-2.3530000000000655,0.3658651402337301,-2.7188651402337958,-1.1554887973793966,4.940499999999702,1.3580000000001746,stop,2016
1,535031,535032,2016-03-04 13:25:00+00:00,2016-03-04 13:30:00+00:00,1261.2035,1258.7065,0.01,1,-2.497000000000071,0.4050678273023231,-2.902067827302394,-1.1622217970774176,8.788500000000113,0.0,stop,2016
-1,535331,535339,2016-03-07 15:25:00+00:00,2016-03-07 16:05:00+00:00,1269.705,1265.4779999999996,0.01,8,4.2270000000003165,0.37973180239213106,3.8472681976081855,1.8203303513640394,0.5750000000000455,4.649499999999989,target,2016
1,535602,535603,2016-03-08 15:00:00+00:00,2016-03-08 15:05:00+00:00,1267.573,1265.0115,0.01,1,-2.5615000000000236,0.3592913885045697,-2.9207913885045933,-1.1402660115184722,3.2480000000000473,0.0009999999999763531,stop,2016
-1,535889,535891,2016-03-09 15:55:00+00:00,2016-03-09 16:05:00+00:00,1253.317,1255.6705,0.01,2,-2.35349999999994,0.3882346645957089,-2.741734664595649,-1.1649605543215291,4.688000000000102,0.23700000000008004,stop,2016
1,536131,536141,2016-03-10 13:05:00+00:00,2016-03-10 13:55:00+00:00,1243.6165,1256.4065,0.01,10,12.789999999999962,0.3745680722389807,12.41543192776098,1.941427979321504,0.0,14.80749999999989,target,2016
1,536431,536433,2016-03-11 15:05:00+00:00,2016-03-11 15:15:00+00:00,1265.755,1262.8985,0.01,2,-2.8565000000000964,0.3920804997642508,-3.2485804997643473,-1.1372590582055795,4.745000000000118,0.20349999999984902,stop,2016
1,536707,536716,2016-03-14 14:05:00+00:00,2016-03-14 14:50:00+00:00,1246.688,1244.5279999999998,0.01,9,-2.1600000000003092,0.3650105587775983,-2.5250105587779075,-1.1689863698044194,3.8330000000000837,3.386500000000069,stop,2016
-1,537312,537314,2016-03-16 18:30:00+00:00,2016-03-16 18:40:00+00:00,1251.565,1255.196,0.01,2,-3.630999999999858,0.45066795970679374,-4.081667959706651,-1.1241167611420575,6.114999999999782,1.6705000000001746,stop,2016
-1,539498,539522,2016-03-29 16:40:00+00:00,2016-03-29 18:40:00+00:00,1236.5855000000001,1240.15,0.01,24,-3.564499999999953,0.3974837427985613,-3.9619837427985143,-1.1115117808384252,5.323999999999842,2.205500000000029,stop,2016
1,540283,540285,2016-04-01 13:05:00+00:00,2016-04-01 13:15:00+00:00,1219.838,1217.6795000000002,0.01,2,-2.1584999999997763,0.42059646068216544,-2.5790964606819418,-1.1948559002465644,4.843000000000075,0.011000000000194632,stop,2016
1,542777,542789,2016-04-14 13:55:00+00:00,2016-04-14 14:55:00+00:00,1233.4795,1230.7350000000001,0.01,12,-2.744499999999789,0.38834592013203845,-3.1328459201318273,-1.141499697625093,3.1030000000000655,1.2705000000000837,stop,2016
1,544159,544164,2016-04-21 14:05:00+00:00,2016-04-21 14:30:00+00:00,1251.6,1248.72,0.01,5,-2.8799999999998818,0.3972308789954442,-3.2772308789953257,-1.1379273885400905,4.596000000000004,2.850500000000011,stop,2016
1,544428,544429,2016-04-22 13:30:00+00:00,2016-04-22 13:35:00+00:00,1243.0625,1240.925,0.01,1,-2.1375000000000455,0.3835833832645602,-2.521083383264606,-1.1794542143927729,2.7424999999998363,0.0,stop,2016
-1,544982,545068,2016-04-26 13:40:00+00:00,2016-04-26 20:50:00+00:00,1242.1399999999999,1244.245,0.01,86,-2.105000000000018,0.41737052174395484,-2.522370521743973,-1.1982757823011645,2.1649999999999636,2.5904999999997926,stop,2016
1,545314,545325,2016-04-27 18:20:00+00:00,2016-04-27 19:15:00+00:00,1246.2305000000001,1242.675,0.01,11,-3.5555000000001655,0.4577966648903108,-4.013296664890476,-1.1287573238335789,3.834500000000162,3.5344999999997526,stop,2016
-1,545805,545808,2016-04-29 13:15:00+00:00,2016-04-29 13:30:00+00:00,1279.3865,1281.7845,0.01,3,-2.397999999999911,0.37699364307405875,-2.7749936430739695,-1.1572116943594966,3.5139999999998963,0.0,stop,2016
1,546080,546085,2016-05-02 13:10:00+00:00,2016-05-02 13:35:00+00:00,1295.945,1292.8944999999999,0.01,5,-3.0505000000000564,0.36149404034860827,-3.411994040348665,-1.1185032094242262,4.604999999999791,1.0555000000001655,stop,2016
1,546356,546360,2016-05-03 13:10:00+00:00,2016-05-03 13:30:00+00:00,1295.795,1293.3600000000001,0.01,4,-2.4349999999999454,0.38386766726913707,-2.8188676672690827,-1.1576458592481091,4.177000000000135,0.7355000000000018,stop,2016
-1,546638,546639,2016-05-04 13:40:00+00:00,2016-05-04 13:45:00+00:00,1286.6515,1288.841,0.01,1,-2.1894999999999527,0.3875879470475368,-2.5770879470474894,-1.1770212135407834,2.3034999999999854,0.8064999999999145,stop,2016
1,546961,546981,2016-05-05 17:35:00+00:00,2016-05-05 19:15:00+00:00,1271.655,1277.0449999999998,0.01,20,5.389999999999873,0.41069432107219456,4.979305678927678,1.84760878624408,0.4995000000001255,5.4500000000000455,target,2016
-1,547182,547186,2016-05-06 13:00:00+00:00,2016-05-06 13:20:00+00:00,1291.3899999999999,1285.8299999999995,0.01,4,5.5600000000004,0.3791587605397457,5.180841239460655,1.8636119566403893,0.3710000000000946,7.608999999999924,target,2016
1,547468,547496,2016-05-09 13:50:00+00:00,2016-05-09 16:10:00+00:00,1265.059,1262.9989999999998,0.01,28,-2.060000000000173,0.38698596677849867,-2.4469859667786715,-1.1878572654264399,2.789500000000089,2.8350000000000364,stop,2016
-1,548298,548308,2016-05-12 14:00:00+00:00,2016-05-12 14:50:00+00:00,1278.455,1273.3249999999998,0.01,10,5.130000000000109,0.3871116207651284,4.742888379234981,1.8490792901500508,0.12049999999999272,5.629999999999882,target,2016
-1,548565,548575,2016-05-13 13:15:00+00:00,2016-05-13 14:05:00+00:00,1268.399,1263.5889999999995,0.01,10,4.8100000000004,0.32384939228685117,4.486150607713549,1.8653432880304266,0.2480000000000473,5.373999999999796,target,2016
-1,549399,549403,2016-05-18 13:45:00+00:00,2016-05-18 14:05:00+00:00,1273.996,1269.5770000000002,0.01,4,4.418999999999869,0.38340011601198015,4.035599883987889,1.826476525905412,0.46499999999991815,5.226000000000113,target,2016
-1,549685,549693,2016-05-19 14:35:00+00:00,2016-05-19 15:15:00+00:00,1249.494,1251.517,0.01,8,-2.0230000000001382,0.3762318549304346,-2.399231854930573,-1.1859771897827034,2.3510000000001128,2.147999999999911,stop,2016
1,551379,551385,2016-05-27 17:45:00+00:00,2016-05-27 18:15:00+00:00,1212.7795,1210.2604999999999,0.01,6,-2.519000000000233,0.43702722631785673,-2.9560272263180893,-1.1734923486771798,3.554500000000189,0.3505000000000109,stop,2016
-1,552656,552658,2016-06-03 13:05:00+00:00,2016-06-03 13:15:00+00:00,1236.9455,1239.63,0.01,2,-2.684500000000071,0.42905767543167966,-3.1135576754317507,-1.1598277800080716,3.809500000000071,0.8195000000000618,stop,2016
1,552974,553027,2016-06-06 16:35:00+00:00,2016-06-06 22:00:00+00:00,1243.96,1245.36,0.01,53,1.3999999999998636,0.5140364365667127,0.8859635634331509,0.23736465195797282,3.289500000000089,3.6434999999999036,session_flat,2016
-1,555153,555155,2016-06-16 14:10:00+00:00,2016-06-16 14:20:00+00:00,1310.455,1312.6405,0.01,2,-2.1855000000000473,0.38015739603012905,-2.5656573960301765,-1.1739452738641596,4.035000000000082,1.1945000000000618,stop,2016
-1,555716,555744,2016-06-20 15:05:00+00:00,2016-06-20 17:25:00+00:00,1285.58,1288.445,0.01,28,-2.865000000000009,0.4097104274406315,-3.2747104274406404,-1.1430053847960315,3.9200000000000728,1.4649999999999181,stop,2016
-1,556796,556801,2016-06-24 13:05:00+00:00,2016-06-24 13:30:00+00:00,1329.3305,1324.2745,0.01,5,5.05600000000004,0.3797618825756984,4.676238117424342,1.8497777363229053,0.0,9.887000000000171,target,2016
1,557083,557095,2016-06-27 14:00:00+00:00,2016-06-27 15:00:00+00:00,1325.984,1323.8020000000001,0.01,12,-2.181999999999789,0.3185060581293324,-2.5005060581291216,-1.1459697791610282,3.324000000000069,1.6295000000000073,stop,2016
-1,557355,557357,2016-06-28 13:40:00+00:00,2016-06-28 13:50:00+00:00,1317.312,1312.643,0.01,2,4.668999999999869,0.3864841977641084,4.282515802235761,1.8344466918979998,0.0,4.888999999999896,target,2016
-1,557644,557705,2016-06-29 14:45:00+00:00,2016-06-29 19:50:00+00:00,1325.1455,1319.5745000000002,0.01,61,5.570999999999913,0.4263907174404637,5.144609282559449,1.846924890525769,1.602999999999838,7.330500000000029,target,2016
1,558191,558199,2016-07-01 14:20:00+00:00,2016-07-01 15:00:00+00:00,1337.548,1335.069,0.01,8,-2.479000000000042,0.3946586196816828,-2.8736586196817244,-1.1592007340385946,2.8615000000002055,1.477999999999838,stop,2016
1,558700,558703,2016-07-05 14:45:00+00:00,2016-07-05 15:00:00+00:00,1346.0715,1343.6295,0.01,3,-2.4420000000000073,0.39774907512722585,-2.839749075127233,-1.1628784091430078,3.781500000000051,0.35799999999994725,stop,2016
1,558962,558967,2016-07-06 13:35:00+00:00,2016-07-06 14:00:00+00:00,1368.0965,1364.8595,0.01,5,-3.23700000000008,0.39360869099939316,-3.6306086909994733,-1.1215967534752498,4.795500000000175,2.2519999999999527,stop,2016
1,559240,559244,2016-07-07 13:45:00+00:00,2016-07-07 14:05:00+00:00,1355.737,1353.6309999999999,0.01,4,-2.106000000000222,0.3807224928016942,-2.486722492801916,-1.1807799111118964,2.247000000000071,1.1544999999998709,stop,2016
-1,559512,559513,2016-07-08 13:25:00+00:00,2016-07-08 13:30:00+00:00,1359.3035,1362.567,0.01,1,-3.263500000000022,0.39488499740151456,-3.6583849974015363,-1.121000458833005,3.8330000000000837,0.14750000000003638,stop,2016
-1,559797,559810,2016-07-11 14:10:00+00:00,2016-07-11 15:15:00+00:00,1357.702,1359.7395000000001,0.01,13,-2.0375000000001364,0.35021206501682584,-2.387712065016962,-1.171883222094136,2.2025000000001,2.3624999999999545,stop,2016
1,560093,560099,2016-07-12 15:50:00+00:00,2016-07-12 16:20:00+00:00,1337.4834999999998,1334.379,0.01,6,-3.1044999999999163,0.3331795937160991,-3.4376795937160156,-1.1073214990227438,5.2039999999997235,0.5720000000001164,stop,2016
1,561996,562004,2016-07-21 13:25:00+00:00,2016-07-21 14:05:00+00:00,1316.8305,1321.0125000000003,0.01,8,4.182000000000244,0.35920486708403565,3.822795132916208,1.8282138368799548,0.98050000000012,5.160499999999956,target,2016
-1,563170,563171,2016-07-27 19:15:00+00:00,2016-07-27 19:20:00+00:00,1336.48,1338.6950000000002,0.01,1,-2.2150000000001455,0.4720102764090021,-2.6870102764091475,-1.213097190252357,3.2649999999998727,0.0,stop,2016
-1,563649,563655,2016-07-29 13:10:00+00:00,2016-07-29 13:40:00+00:00,1346.476,1341.9100000000003,0.01,6,4.5659999999998035,0.31670103424632406,4.249298965753479,1.8612785658141315,1.5659999999998035,6.988000000000056,target,2016
1,565862,565866,2016-08-10 13:35:00+00:00,2016-08-10 13:55:00+00:00,1352.7565,1350.5995,0.01,4,-2.1569999999999254,0.34832344608979554,-2.505323446089721,-1.1614851395873007,4.386999999999944,0.8800000000001091,stop,2016
1,566207,566227,2016-08-11 19:20:00+00:00,2016-08-11 22:00:00+00:00,1337.93,1339.075,0.01,20,1.1449999999999818,0.5152943243243153,0.6297056756756665,0.3071735003296002,1.6600000000000819,1.5004999999998745,session_flat,2016
-1,567299,567332,2016-08-17 18:15:00+00:00,2016-08-17 22:00:00+00:00,1348.3600000000001,1348.835,0.01,33,-0.4749999999999091,0.45284211488722204,-0.9278421148871312,-0.2728947396726966,1.7899999999999636,4.190000000000055,session_flat,2016
1,568618,568623,2016-08-24 13:10:00+00:00,2016-08-24 13:35:00+00:00,1329.876,1327.7005,0.01,5,-2.1755000000000564,0.33184218141297817,-2.5073421814130343,-1.1525360521319097,2.29099999999994,0.5380000000000109,stop,2016
-1,569168,569180,2016-08-26 13:00:00+00:00,2016-08-26 14:00:00+00:00,1330.4545,1324.5395000000005,0.01,12,5.914999999999509,0.3982430270844058,5.516756972915103,1.865344707663757,1.0175000000001546,10.966000000000122,target,2016
1,570565,570567,2016-09-02 14:25:00+00:00,2016-09-02 14:35:00+00:00,1320.641,1318.6215,0.01,2,-2.0195000000001073,0.3833508083437459,-2.402850808343853,-1.1898246141835729,3.230000000000018,0.013999999999896318,stop,2016
1,571608,571635,2016-09-08 13:15:00+00:00,2016-09-08 15:30:00+00:00,1343.8345,1341.4945,0.01,27,-2.339999999999918,0.36438559534790155,-2.7043855953478197,-1.155720339892271,3.7294999999999163,3.3654999999998836,stop,2016
-1,572219,572253,2016-09-12 18:10:00+00:00,2016-09-12 22:00:00+00:00,1328.2545,1328.345,0.01,34,-0.09050000000002001,0.49513481237322604,-0.585634812373246,-0.2814875329840124,1.5,1.4745000000000346,session_flat,2016
1,572483,572487,2016-09-13 17:10:00+00:00,2016-09-13 17:30:00+00:00,1322.3805,1319.885,0.01,4,-2.4954999999999927,0.3336366124742342,-2.829136612474227,-1.1336952965234364,2.5004999999998745,1.3435000000001764,stop,2016
1,573267,573275,2016-09-16 13:25:00+00:00,2016-09-16 14:05:00+00:00,1308.902,1306.85,0.01,8,-2.0520000000001346,0.36298440933546516,-2.4149844093355997,-1.1768929870055758,2.1655000000000655,1.4929999999999382,stop,2016
-1,574153,574156,2016-09-21 18:15:00+00:00,2016-09-21 18:30:00+00:00,1332.8995,1328.1084999999998,0.01,3,4.791000000000167,0.36832764226112386,4.422672357739043,1.8462418525313666,0.974999999999909,5.634999999999991,target,2016
1,576574,576579,2016-10-04 13:05:00+00:00,2016-10-04 13:30:00+00:00,1292.533,1289.844,0.01,5,-2.688999999999851,0.32837583009488625,-3.0173758300947373,-1.1221181963908162,3.5625,0.7460000000000946,stop,2016
1,576864,576880,2016-10-05 14:15:00+00:00,2016-10-05 15:35:00+00:00,1268.8200000000002,1266.74,0.01,16,-2.0800000000001546,0.32238681242952066,-2.4023868124296754,-1.1549936598218735,2.6890000000003056,3.805499999999938,stop,2016
-1,577402,577415,2016-10-07 13:05:00+00:00,2016-10-07 14:10:00+00:00,1262.3285,1255.9755,0.01,13,6.3530000000000655,0.37847467100608845,5.974525328993977,1.8808516697604014,1.9764999999999873,7.160000000000082,target,2016
-1,578242,578253,2016-10-12 14:05:00+00:00,2016-10-12 15:00:00+00:00,1256.63,1252.0320000000002,0.01,11,4.597999999999956,0.3250731426555833,4.272926857344373,1.8586023737905237,0.044999999999845386,4.91150000000016,target,2016
-1,578795,578861,2016-10-14 14:10:00+00:00,2016-10-14 19:40:00+00:00,1256.7235,1251.1135000000004,0.01,66,5.609999999999673,0.32863860329182765,5.281361396707845,1.8828382875964895,0.8064999999999145,5.823499999999967,target,2016
-1,581600,581601,2016-10-28 17:55:00+00:00,2016-10-28 18:00:00+00:00,1279.7885,1282.8195,0.01,1,-3.030999999999949,0.37691526669334213,-3.407915266693291,-1.1243534367183596,3.70049999999992,0.0,stop,2016
-1,582922,583017,2016-11-04 13:05:00+00:00,2016-11-06 23:00:00+00:00,1304.17,1297.9180000000001,0.01,95,6.251999999999954,0.4481427661576637,5.80385723384229,1.8566401899687566,1.940499999999929,13.610000000000127,target,2016
-1,583494,583495,2016-11-08 15:40:00+00:00,2016-11-08 15:45:00+00:00,1287.743,1283.1709999999998,0.01,1,4.572000000000116,0.3309479985603505,4.2410520014397655,1.8552283470864643,0.5710000000001401,4.585000000000036,target,2016
1,583740,583757,2016-11-09 13:10:00+00:00,2016-11-09 14:35:00+00:00,1300.9535,1297.3400000000001,0.01,17,-3.613499999999931,0.3318666296734696,-3.9453666296734005,-1.0918407720142453,5.028999999999996,5.887499999999818,stop,2016
-1,584016,584024,2016-11-10 13:10:00+00:00,2016-11-10 13:50:00+00:00,1281.51,1276.4289999999999,0.01,8,5.081000000000131,0.3375595492140268,4.743440450786104,1.867128695448133,0.0,6.506500000000187,target,2016
1,584307,584310,2016-11-11 14:25:00+00:00,2016-11-11 14:40:00+00:00,1254.621,1251.711,0.01,3,-2.910000000000082,0.35579713858186357,-3.2657971385819455,-1.1222670579319085,6.27150000000006,0.8044999999997344,stop,2016
1,584568,584578,2016-11-14 13:10:00+00:00,2016-11-14 14:00:00+00:00,1222.2334999999998,1219.743,0.01,10,-2.4904999999998836,0.373809639693719,-2.8643096396936025,-1.1500942138902777,3.5839999999998327,3.9375,stop,2016
1,585467,585488,2016-11-17 19:05:00+00:00,2016-11-17 20:50:00+00:00,1213.1750000000002,1217.2340000000004,0.01,21,4.0590000000001965,0.3422007984923355,3.716799201507861,1.8313866477002616,1.4235000000001037,4.246999999999844,target,2016
1,585698,585701,2016-11-18 15:15:00+00:00,2016-11-18 15:30:00+00:00,1210.373,1208.165,0.01,3,-2.2080000000000837,0.33985368883837747,-2.5478536888384613,-1.1539192431333174,2.9825000000000728,0.0,stop,2016
1,586503,586507,2016-11-23 13:45:00+00:00,2016-11-23 14:05:00+00:00,1195.24,1192.5700000000002,0.01,4,-2.6699999999998454,0.34162320769697757,-3.011623207696823,-1.1279487669277144,4.190000000000055,1.6085000000000491,stop,2016
-1,587534,587536,2016-11-29 14:40:00+00:00,2016-11-29 14:50:00+00:00,1185.9955,1189.5125,0.01,2,-3.5170000000000528,0.32916444837503056,-3.846164448375083,-1.0935923936238343,3.6655000000000655,0.0,stop,2016
1,588091,588092,2016-12-01 14:55:00+00:00,2016-12-01 15:00:00+00:00,1163.0774999999999,1161.01,0.01,1,-2.0674999999998818,0.33551331540604185,-2.4030133154059237,-1.1622797172459787,2.2464999999997417,1.17450000000008,stop,2016
1,588356,588364,2016-12-02 13:55:00+00:00,2016-12-02 14:35:00+00:00,1169.7015000000001,1175.4225000000001,0.01,8,5.721000000000004,0.35249792300458765,5.368502076995416,1.8767705215855313,0.6615000000001601,5.758499999999913,target,2016
-1,589734,589752,2016-12-09 13:35:00+00:00,2016-12-09 15:05:00+00:00,1167.776,1162.9280000000006,0.01,18,4.847999999999502,0.3641269815971719,4.483873018402329,1.8497825983509861,0.5874999999998636,6.245000000000118,target,2016
1,590633,590639,2016-12-14 19:25:00+00:00,2016-12-14 19:55:00+00:00,1152.7615,1150.522,0.01,6,-2.2395000000001346,0.38069733637516984,-2.6201973363753046,-1.169992112692631,5.981999999999971,2.5284999999998945,stop,2016
1,590836,590843,2016-12-15 13:20:00+00:00,2016-12-15 13:55:00+00:00,1128.06,1132.0889999999995,0.01,7,4.028999999999542,0.34140351454196666,3.687596485457575,1.8305269225405782,0.48549999999977445,4.351499999999987,target,2016
-1,591151,591153,2016-12-16 16:35:00+00:00,2016-12-16 16:45:00+00:00,1137.436,1139.8385,0.01,2,-2.4025000000001455,0.35117707649444313,-2.7536770764945886,-1.1461715198728082,3.8740000000000236,0.0,stop,2016
-1,595572,595576,2017-01-11 16:40:00+00:00,2017-01-11 17:00:00+00:00,1186.4299999999998,1181.6059999999993,0.01,4,4.824000000000524,0.3460889106658254,4.4779110893346985,1.8565137186294411,2.3450000000002547,6.1069999999997435,target,2017
-1,597492,597503,2017-01-20 19:45:00+00:00,2017-01-20 20:40:00+00:00,1212.7255,1208.1365,0.01,11,4.588999999999942,0.32534631906750555,4.263653680932436,1.8582060060721248,0.9445000000000618,4.9659999999998945,target,2017
1,598803,598826,2017-01-27 13:50:00+00:00,2017-01-27 15:45:00+00:00,1183.256,1188.4690000000003,0.01,23,5.213000000000193,0.3272102990806838,4.885789700919509,1.8744637256548353,0.2095000000001619,5.503999999999905,target,2017
-1,599366,599369,2017-01-31 14:45:00+00:00,2017-01-31 15:00:00+00:00,1212.027,1214.118,0.01,3,-2.0909999999998945,0.3265356604107786,-2.4175356604106732,-1.156162439220849,3.2534999999998035,0.5979999999999563,stop,2017
-1,600185,600187,2017-02-03 13:50:00+00:00,2017-02-03 14:00:00+00:00,1214.4095,1216.4654999999998,0.01,2,-2.0559999999998126,0.31845039178362133,-2.374450391783434,-1.15488832285197,3.5555000000001655,0.2949999999998454,stop,2017
1,601307,601309,2017-02-09 15:10:00+00:00,2017-02-09 15:20:00+00:00,1236.7115,1234.4465,0.01,2,-2.2649999999998727,0.3440678969209599,-2.6090678969208327,-1.151906356256503,3.924999999999727,0.1485000000002401,stop,2017
-1,601577,601578,2017-02-10 14:40:00+00:00,2017-02-10 14:45:00+00:00,1226.2945,1228.3115,0.01,1,-2.0170000000000528,0.32165073907910385,-2.3386507390791564,-1.1594698755969735,2.6010000000001128,0.0,stop,2017
1,602136,602140,2017-02-14 15:10:00+00:00,2017-02-14 15:30:00+00:00,1226.9035,1224.2715,0.01,4,-2.6319999999998345,0.34792269535141856,-2.979922695351253,-1.1321894739177205,2.7014999999998963,0.5830000000000837,stop,2017
1,604890,604918,2017-02-28 18:40:00+00:00,2017-02-28 21:00:00+00:00,1251.344,1251.76,0.01,28,0.4159999999999399,0.3693377227360392,0.04666227726390071,0.012916893360249494,2.8640000000000327,0.8759999999999764,session_flat,2017
1,605430,605472,2017-03-02 17:30:00+00:00,2017-03-02 21:00:00+00:00,1233.465,1235.0700000000002,0.01,42,1.6050000000002456,0.3469465524971265,1.258053447503119,0.5230991465709495,2.2650000000001,2.1345000000001164,session_flat,2017
-1,605716,605725,2017-03-03 18:15:00+00:00,2017-03-03 19:00:00+00:00,1227.4434999999999,1229.9099999999999,0.01,9,-2.4664999999999964,0.3623357947991378,-2.8288357947991343,-1.1469028156493568,3.6020000000003165,2.7294999999999163,stop,2017
1,606789,606794,2017-03-09 15:25:00+00:00,2017-03-09 15:50:00+00:00,1205.4850000000001,1203.4485,0.01,5,-2.03650000000016,0.3283580092076512,-2.3648580092078113,-1.1612364395814512,2.400000000000091,0.0,stop,2017
-1,607047,607048,2017-03-10 13:50:00+00:00,2017-03-10 13:55:00+00:00,1201.3895,1203.5590000000002,0.01,1,-2.1695000000001983,0.341894807434702,-2.5113948074349004,-1.157591522210035,2.2690000000000055,0.0,stop,2017
-1,607916,607922,2017-03-15 18:10:00+00:00,2017-03-15 18:40:00+00:00,1210.48,1214.9465,0.01,6,-4.466499999999996,0.36580775008001015,-4.832307750080006,-1.081900313462445,6.339500000000044,0.7179999999998472,stop,2017
1,612005,612061,2017-04-05 13:55:00+00:00,2017-04-05 18:35:00+00:00,1245.9679999999998,1250.2509999999993,0.01,56,4.282999999999447,0.32820625894015915,3.9547937410592877,1.8467400145037582,1.7109999999997854,4.382000000000062,target,2017
1,612550,612593,2017-04-07 13:20:00+00:00,2017-04-07 16:55:00+00:00,1264.305,1261.7295,0.01,43,-2.5755000000001473,0.32247364661655126,-2.8979736466166988,-1.1252081718565454,3.8645000000001346,3.195500000000038,stop,2017
-1,613123,613160,2017-04-11 15:05:00+00:00,2017-04-11 18:10:00+00:00,1271.1745,1273.855,0.01,37,-2.680499999999938,0.3234045606261238,-3.003904560626062,-1.1206508340332517,3.8910000000000764,2.27150000000006,stop,2017
1,613379,613449,2017-04-12 13:25:00+00:00,2017-04-12 19:15:00+00:00,1274.4385,1279.1694999999997,0.01,70,4.730999999999767,0.3150689931352668,4.415931006864501,1.8668065977022692,1.8250000000000455,9.258000000000038,target,2017
-1,615894,615915,2017-04-26 15:55:00+00:00,2017-04-26 17:40:00+00:00,1265.0365000000002,1260.6995000000006,0.01,21,4.336999999999534,0.3199440482395855,4.017055951759949,1.8524583591239938,0.5479999999997744,4.893000000000029,target,2017
1,620283,620289,2017-05-18 13:40:00+00:00,2017-05-18 14:10:00+00:00,1257.0335,1254.978,0.01,6,-2.055499999999938,0.29122840243487047,-2.3467284024348087,-1.1416825115226852,5.545000000000073,0.43049999999993815,stop,2017
-1,621441,621464,2017-05-24 18:10:00+00:00,2017-05-24 20:05:00+00:00,1255.596,1258.415,0.01,23,-2.81899999999996,0.3191358478459821,-3.138135847845942,-1.1132088853657278,2.9055000000000746,3.2309999999999945,stop,2017
-1,623265,623269,2017-06-02 13:05:00+00:00,2017-06-02 13:25:00+00:00,1272.75,1274.9805,0.01,4,-2.2304999999998927,0.2871332326946517,-2.5176332326945445,-1.1287304338465212,2.688000000000102,0.0,stop,2017
1,623832,623912,2017-06-06 14:20:00+00:00,2017-06-06 22:00:00+00:00,1292.453,1294.82,0.01,80,2.366999999999962,0.37443906642285935,1.9925609335771024,0.9660901496131405,1.9715000000001055,3.6965000000000146,session_flat,2017
-1,625474,625523,2017-06-14 13:10:00+00:00,2017-06-14 17:15:00+00:00,1277.5565000000001,1273.5385,0.01,49,4.018000000000029,0.31577285507685,3.702227144923179,1.8428208785082887,0.7624999999998181,4.277000000000044,target,2017
1,630126,630132,2017-07-07 13:45:00+00:00,2017-07-07 14:15:00+00:00,1216.0015,1213.924,0.01,6,-2.0775000000001,0.3076674883271927,-2.385167488327293,-1.148095060566632,2.6180000000001655,0.5284999999998945,stop,2017
-1,630699,630711,2017-07-11 15:30:00+00:00,2017-07-11 16:30:00+00:00,1214.5395,1216.9589999999998,0.01,12,-2.4194999999997435,0.30890628270120635,-2.72840628270095,-1.127673603100326,2.6259999999999764,1.1730000000000018,stop,2017
-1,630946,630957,2017-07-12 13:05:00+00:00,2017-07-12 14:00:00+00:00,1223.744,1219.7119999999998,0.01,11,4.032000000000153,0.3443808903050198,3.687619109695133,1.8291761456820403,0.0,5.184999999999718,target,2017
-1,632624,632630,2017-07-20 14:55:00+00:00,2017-07-20 15:25:00+00:00,1244.7710000000002,1246.7955000000002,0.01,6,-2.024499999999989,0.31669236086515007,-2.341192360865139,-1.1564299139862444,2.3129999999998745,0.0,stop,2017
1,635652,635733,2017-08-04 14:15:00+00:00,2017-08-06 22:00:00+00:00,1256.53,1259.1599999999999,0.01,81,2.6299999999998818,0.36855703488315555,2.2614429651167263,1.0073242606310053,1.240000000000009,2.810000000000173,session_flat,2017
1,636469,636472,2017-08-09 13:20:00+00:00,2017-08-09 13:35:00+00:00,1273.085,1270.983,0.01,3,-2.102000000000089,0.3103194270443947,-2.412319427044484,-1.1476305552066515,2.602000000000089,0.40299999999979264,stop,2017
1,637019,637083,2017-08-11 13:10:00+00:00,2017-08-11 18:30:00+00:00,1283.9814999999999,1288.8744999999994,0.01,64,4.892999999999574,0.326640741421571,4.566359258578004,1.8664865148491319,0.36149999999997817,5.103500000000167,target,2017
1,638141,638145,2017-08-17 14:40:00+00:00,2017-08-17 15:00:00+00:00,1284.844,1282.1245,0.01,4,-2.719500000000153,0.3088243122007237,-3.0283243122008763,-1.113559224931313,2.733500000000049,0.6509999999998399,stop,2017
1,638408,638410,2017-08-18 13:55:00+00:00,2017-08-18 14:05:00+00:00,1297.6100000000001,1294.853,0.01,2,-2.757000000000062,0.3042278070131297,-3.0612278070131915,-1.1103474091451297,3.0450000000000728,0.044999999999845386,stop,2017
1,638962,639045,2017-08-22 14:05:00+00:00,2017-08-22 22:00:00+00:00,1285.1,1285.29,0.01,83,0.19000000000005457,0.36779274358162956,-0.17779274358157499,-0.05919518680925141,1.0114999999998417,3.050000000000182,session_flat,2017
-1,639792,639793,2017-08-25 14:15:00+00:00,2017-08-25 14:20:00+00:00,1287.695,1289.845,0.01,1,-2.150000000000091,0.3203749609590667,-2.4703749609591577,-1.149011609748397,2.3400000000001455,0.24149999999985994,stop,2017
-1,640080,640101,2017-08-28 15:15:00+00:00,2017-08-28 17:00:00+00:00,1305.686,1307.74,0.01,21,-2.0540000000000873,0.3063855069888667,-2.360385506988954,-1.149165290646959,2.33400000000006,0.0,stop,2017
1,640343,640348,2017-08-29 14:10:00+00:00,2017-08-29 14:35:00+00:00,1320.245,1318.1399999999999,0.01,5,-2.105000000000018,0.2828633047039789,-2.387863304703997,-1.134376866842744,2.305499999999938,0.42849999999998545,stop,2017
-1,640613,640701,2017-08-30 13:40:00+00:00,2017-08-30 22:00:00+00:00,1308.746,1308.92,0.01,88,-0.17399999999997817,0.3804247981209817,-0.5544247981209598,-0.22638823933074545,1.6749999999997272,2.344000000000051,session_flat,2017
1,641173,641181,2017-09-01 14:20:00+00:00,2017-09-01 15:00:00+00:00,1318.7150000000001,1323.0680000000002,0.01,8,4.3530000000000655,0.2892206067127755,4.06377939328729,1.8671166520961309,0.15000000000009095,5.0349999999998545,target,2017
1,642502,642510,2017-09-08 14:05:00+00:00,2017-09-08 14:45:00+00:00,1346.9895000000001,1344.7165,0.01,8,-2.2730000000001382,0.29993411072622406,-2.5729341107263624,-1.1319551740986387,2.973500000000058,1.9889999999998054,stop,2017
1,644766,644793,2017-09-20 18:45:00+00:00,2017-09-20 22:00:00+00:00,1299.205,1301.4,0.01,27,2.1950000000001637,0.3228417720879463,1.8721582279122173,0.6998722347335511,1.5919999999998709,3.3250000000000455,session_flat,2017
-1,645553,645563,2017-09-25 15:20:00+00:00,2017-09-25 16:10:00+00:00,1303.7885,1307.045,0.01,10,-3.25649999999996,0.2943352636289005,-3.5508352636288603,-1.0903839286439134,4.371499999999742,1.1885000000002037,stop,2017
1,645846,645892,2017-09-26 16:45:00+00:00,2017-09-26 20:35:00+00:00,1296.315,1293.5900000000001,0.01,46,-2.724999999999909,0.33225101763908554,-3.0572510176389947,-1.1219269789501272,3.990000000000009,4.009999999999991,stop,2017
1,649739,649761,2017-10-16 19:10:00+00:00,2017-10-16 22:00:00+00:00,1292.72,1295.22,0.01,22,2.5,0.3333765096710331,2.1666234903289667,1.0205480406636451,0.9550000000001546,3.6110000000001037,session_flat,2017
-1,650515,650520,2017-10-19 14:50:00+00:00,2017-10-19 15:15:00+00:00,1287.7534999999998,1289.8000000000002,0.01,5,-2.0465000000003783,0.28854153064697813,-2.3350415306473566,-1.140992685388187,2.3715000000001965,0.1334999999999127,stop,2017
1,651612,651636,2017-10-25 14:15:00+00:00,2017-10-25 16:15:00+00:00,1274.645,1279.1259999999997,0.01,24,4.480999999999767,0.29733039780835613,4.1836696021914115,1.8672928373986293,0.0,4.654999999999973,target,2017
-1,652164,652220,2017-10-27 14:15:00+00:00,2017-10-27 18:55:00+00:00,1270.4765,1272.6599999999999,0.01,56,-2.183499999999867,0.3009123408202278,-2.484412340820095,-1.137811926182847,2.85349999999994,1.6699999999998454,stop,2017
1,654098,654165,2017-11-07 15:25:00+00:00,2017-11-07 21:00:00+00:00,1274.3600000000001,1276.325,0.01,67,1.9649999999999181,0.3105046695402326,1.6544953304596857,0.6932727133708937,0.9100000000003092,3.1649999999999636,session_flat,2017
-1,654362,654385,2017-11-08 14:25:00+00:00,2017-11-08 16:20:00+00:00,1283.7485,1285.895,0.01,23,-2.14650000000006,0.30613564854483055,-2.4526356485448906,-1.1426208472139865,2.9535000000000764,0.7094999999999345,stop,2017
1,654937,654961,2017-11-10 16:20:00+00:00,2017-11-10 18:20:00+00:00,1276.4225000000001,1274.1734999999999,0.01,24,-2.249000000000251,0.2832808284967966,-2.5322808284970475,-1.1259585720305758,2.8510000000001128,0.9559999999999036,stop,2017
-1,655475,655510,2017-11-14 15:10:00+00:00,2017-11-14 18:05:00+00:00,1278.1619999999998,1282.4564999999998,0.01,35,-4.294499999999971,0.30481600200257364,-4.599316002002545,-1.0709782284323148,4.713000000000193,0.8919999999998254,stop,2017
1,656579,656588,2017-11-20 15:10:00+00:00,2017-11-20 15:55:00+00:00,1286.975,1284.8665,0.01,9,-2.1084999999998217,0.2889822511696278,-2.3974822511694494,-1.1370558459424482,2.5564999999999145,0.09500000000025466,stop,2017
1,659000,659014,2017-12-01 17:10:00+00:00,2017-12-01 18:20:00+00:00,1283.721,1280.67,0.01,14,-3.050999999999931,0.31544795878087034,-3.3664479587808014,-1.1033916613506647,4.088999999999942,2.7024999999998727,stop,2017
-1,659801,659874,2017-12-06 14:55:00+00:00,2017-12-06 21:00:00+00:00,1265.1165,1264.756,0.01,73,0.3605000000000018,0.3075727664503092,0.05292723354969264,0.014957533856067361,0.7334999999998217,2.4815000000000964,session_flat,2017
-1,661234,661240,2017-12-13 19:20:00+00:00,2017-12-13 19:50:00+00:00,1252.675,1255.524,0.01,6,-2.8489999999999327,0.30318716432830006,-3.152187164328233,-1.106418801098037,3.541500000000042,0.5099999999999909,stop,2017
1,665026,665053,2018-01-04 13:20:00+00:00,2018-01-04 15:35:00+00:00,1312.01,1317.4579999999999,0.01,27,5.447999999999865,0.28389299706394255,5.164107002935923,1.8957808380822505,0.0,6.506500000000187,target,2018
1,669189,669190,2018-01-25 19:10:00+00:00,2018-01-25 19:15:00+00:00,1356.0500000000002,1353.208,0.01,1,-2.8420000000000982,0.3007570600063636,-3.1427570600064616,-1.1058258479966057,3.57950000000028,0.4299999999998363,stop,2018
1,670296,670302,2018-01-31 19:25:00+00:00,2018-01-31 19:55:00+00:00,1336.3200000000002,1343.4420000000005,0.01,6,7.122000000000299,0.3110461971586886,6.810953802841611,1.9126520086608605,0.5520000000001346,7.468499999999949,target,2018
-1,671619,671645,2018-02-07 14:40:00+00:00,2018-02-07 16:50:00+00:00,1323.21,1318.277,0.01,26,4.932999999999993,0.29941152188161674,4.633588478118376,1.878608748476944,2.2999999999999545,5.141000000000076,target,2018
-1,672199,672200,2018-02-09 17:00:00+00:00,2018-02-09 17:05:00+00:00,1316.818,1318.9099999999999,0.01,1,-2.091999999999871,0.3132044627571667,-2.4052044627570375,-1.1497153263657676,2.23700000000008,0.15899999999987813,stop,2018
1,674082,674085,2018-02-20 16:35:00+00:00,2018-02-20 16:50:00+00:00,1332.7350000000001,1330.7314999999999,0.01,3,-2.0035000000002583,0.300460424321485,-2.303960424321743,-1.149967768565733,2.0084999999999127,0.2199999999997999,stop,2018
1,675164,675191,2018-02-26 14:45:00+00:00,2018-02-26 17:00:00+00:00,1332.7485,1330.4789999999998,0.01,27,-2.2695000000001073,0.2945407742998374,-2.5640407742999445,-1.1297822314605963,2.5470000000000255,2.1245000000001255,stop,2018
1,675426,675443,2018-02-27 13:35:00+00:00,2018-02-27 15:00:00+00:00,1327.0680000000002,1324.637,0.01,17,-2.4310000000002674,0.30722287779334806,-2.7382228777936155,-1.12637716075414,2.912000000000262,3.6139999999998054,stop,2018
-1,675984,675999,2018-03-01 14:05:00+00:00,2018-03-01 15:20:00+00:00,1309.1985,1304.4935,0.01,15,4.704999999999927,0.2972937653287025,4.407706234671225,1.873626454695555,0.0,6.318499999999858,target,2018
-1,677652,677654,2018-03-09 15:05:00+00:00,2018-03-09 15:15:00+00:00,1319.8115,1322.1950000000002,0.01,2,-2.38350000000014,0.32225862508151326,-2.7057586250816534,-1.1352039543031234,2.94399999999996,0.0,stop,2018
-1,679911,679916,2018-03-21 18:20:00+00:00,2018-03-21 18:45:00+00:00,1325.711,1328.226,0.01,5,-2.5150000000001,0.3321420830565858,-2.847142083056686,-1.132064446543369,3.5049999999998818,4.177500000000009,stop,2018
1,682335,682338,2018-04-04 13:20:00+00:00,2018-04-04 13:35:00+00:00,1344.9605000000001,1342.557,0.01,3,-2.403500000000122,0.31430291463999765,-2.7178029146401195,-1.1307688432036538,3.4770000000003165,0.07549999999991996,stop,2018
-1,682889,682979,2018-04-06 13:30:00+00:00,2018-04-08 22:00:00+00:00,1333.445,1334.1765,0.01,90,-0.7315000000000964,0.35438399627705847,-1.085883996277155,-0.5389002462913652,1.525000000000091,3.229999999999791,session_flat,2018
1,683752,683759,2018-04-11 16:25:00+00:00,2018-04-11 17:00:00+00:00,1357.555,1355.5210000000002,0.01,7,-2.033999999999878,0.30531678364461257,-2.339316783644491,-1.1501065799629455,3.3700000000001182,2.06699999999978,stop,2018
-1,686208,686211,2018-04-24 14:05:00+00:00,2018-04-24 14:20:00+00:00,1328.006,1330.288,0.01,3,-2.2819999999999254,0.30387778901247264,-2.585877789012398,-1.1331629224419293,2.7654999999999745,0.0,stop,2018
-1,687031,687042,2018-04-27 13:40:00+00:00,2018-04-27 14:35:00+00:00,1321.5215,1323.525,0.01,11,-2.003500000000031,0.30919192157436187,-2.312691921574393,-1.1543258904788407,2.378500000000031,1.0564999999999145,stop,2018
1,696143,696146,2018-06-13 18:10:00+00:00,2018-06-13 18:25:00+00:00,1295.9499999999998,1293.705,0.01,3,-2.244999999999891,0.34428238408093687,-2.589282384080828,-1.1533551822186876,2.356499999999869,0.0,stop,2018
1,696655,696664,2018-06-15 14:50:00+00:00,2018-06-15 15:35:00+00:00,1280.8000000000002,1278.517,0.01,9,-2.283000000000129,0.32495429632090816,-2.6079542963210374,-1.142336529268896,2.33600000000024,0.9989999999997963,stop,2018
-1,703262,703264,2018-07-19 17:25:00+00:00,2018-07-19 17:35:00+00:00,1225.023,1227.2915,0.01,2,-2.268500000000131,0.3282577863301865,-2.5967577863303175,-1.144702572770627,4.078500000000076,0.6279999999999291,stop,2018
-1,703487,703546,2018-07-20 13:10:00+00:00,2018-07-20 18:05:00+00:00,1230.086,1232.1855,0.01,59,-2.0995000000000346,0.3155946546029724,-2.415094654603007,-1.15031895908691,2.2259999999998854,2.696999999999889,stop,2018
1,705422,705423,2018-07-31 13:25:00+00:00,2018-07-31 13:30:00+00:00,1216.094,1220.1620000000003,0.01,1,4.068000000000211,0.3086009307574278,3.759399069242783,1.8482787951045174,0.0,6.679000000000087,target,2018
1,716754,716756,2018-09-26 18:45:00+00:00,2018-09-26 18:55:00+00:00,1192.99,1197.8,0.01,2,4.809999999999945,0.31781149264879244,4.492188507351153,1.8678538492104797,0.5200000000002092,6.125999999999976,target,2018
1,721938,721941,2018-10-23 13:55:00+00:00,2018-10-23 14:10:00+00:00,1236.904,1234.6785,0.01,3,-2.225500000000011,0.3215202003944723,-2.547020200394483,-1.1444709954592094,2.680499999999938,0.31950000000006185,stop,2018
-1,722780,722791,2018-10-26 15:05:00+00:00,2018-10-26 16:00:00+00:00,1241.4765,1237.4235,0.01,11,4.052999999999884,0.3699763695212103,3.683023630478673,1.817430856392193,1.0090000000000146,4.432999999999993,target,2018
1,725521,725546,2018-11-09 14:30:00+00:00,2018-11-09 16:35:00+00:00,1211.39,1209.3135,0.01,25,-2.0765000000001237,0.3416635434721815,-2.418163543472305,-1.1645381861171014,2.5165000000001783,1.5950000000000273,stop,2018
-1,726400,726403,2018-11-14 18:45:00+00:00,2018-11-14 19:00:00+00:00,1212.4565,1214.875,0.01,3,-2.4184999999999945,0.3798865593777066,-2.7983865593777013,-1.1570752778076112,3.394999999999982,0.0,stop,2018
1,728756,728760,2018-11-27 15:20:00+00:00,2018-11-27 15:40:00+00:00,1218.5085,1216.4135,0.01,4,-2.0949999999998,0.34914373211821564,-2.4441437321180155,-1.1666557193881857,2.7649999999998727,0.0,stop,2018
-1,729055,729100,2018-11-28 17:15:00+00:00,2018-11-28 21:00:00+00:00,1223.36,1220.2085000000002,0.01,45,3.1514999999997144,0.386623873830015,2.7648761261696992,0.7888376964820578,1.1225000000001728,4.479999999999791,session_flat,2018
-1,730665,730673,2018-12-06 13:25:00+00:00,2018-12-06 14:05:00+00:00,1237.845,1239.9685,0.01,8,-2.123499999999922,0.3799600507353869,-2.503460050735309,-1.178931034017142,2.4114999999999327,1.3414999999999964,stop,2018
-1,730944,730957,2018-12-07 13:40:00+00:00,2018-12-07 14:45:00+00:00,1242.6599999999999,1245.3765,0.01,13,-2.7165000000002237,0.36946365069678716,-3.085963650697011,-1.1360072338291025,3.526500000000169,1.5464999999999236,stop,2018
1,733220,733222,2018-12-19 19:20:00+00:00,2018-12-19 19:30:00+00:00,1245.9215,1243.0135,0.01,2,-2.9079999999999018,0.40068299043892014,-3.3086829904388217,-1.1377864478813389,3.6529999999997926,0.9369999999998981,stop,2018
1,734511,734549,2018-12-27 15:10:00+00:00,2018-12-27 18:20:00+00:00,1273.3485,1278.4085000000005,0.01,38,5.0600000000004,0.3700576729289871,4.689942327071413,1.8537321450873683,2.0550000000000637,5.482999999999947,target,2018
-1,739986,739994,2019-01-25 15:25:00+00:00,2019-01-25 16:05:00+00:00,1296.9850000000001,1298.99,0.01,8,-2.0049999999998818,0.37747647458487227,-2.382476474584754,-1.1882675683715185,2.076499999999669,0.6085000000000491,stop,2019
-1,740867,740881,2019-01-30 19:50:00+00:00,2019-01-30 21:00:00+00:00,1321.0715,1318.975,0.01,14,2.0965000000001055,0.3817413148259345,1.714758685174171,0.72352687138154,0.11850000000004002,3.7315000000000964,session_flat,2019
1,750440,750466,2019-03-20 15:50:00+00:00,2019-03-20 18:00:00+00:00,1301.3584999999998,1306.5984999999996,0.01,26,5.239999999999782,0.38506837006464695,4.854931629935135,1.853027339669976,1.5499999999997272,11.956500000000233,target,2019
1,751796,751861,2019-03-27 13:50:00+00:00,2019-03-27 19:15:00+00:00,1311.7485000000001,1308.9535,0.01,65,-2.7950000000000728,0.3640293980302169,-3.1590293980302895,-1.130243076218321,3.525000000000091,1.7764999999999418,stop,2019
1,758479,758506,2019-05-01 18:45:00+00:00,2019-05-01 22:00:00+00:00,1276.7235,1276.9,0.01,27,0.17650000000003274,0.4825798653198624,-0.30607986531982967,-0.08368554075730072,2.003500000000031,1.5014999999998508,session_flat,2019
-1,764456,764478,2019-05-31 14:50:00+00:00,2019-05-31 16:40:00+00:00,1302.2849999999999,1304.5465,0.01,22,-2.261500000000069,0.3500221426691092,-2.611522142669178,-1.1547743279544984,2.6900000000000546,2.5099999999997635,stop,2019
1,765288,765292,2019-06-05 15:10:00+00:00,2019-06-05 15:30:00+00:00,1330.7914999999998,1328.52,0.01,4,-2.2714999999998327,0.36747250274696935,-2.638972502746802,-1.1617752598489968,2.757999999999811,0.8085000000000946,stop,2019
-1,765833,765848,2019-06-07 14:35:00+00:00,2019-06-07 15:50:00+00:00,1346.1615000000002,1341.8315000000002,0.01,15,4.329999999999927,0.34196168150865486,3.9880383184912724,1.8420500316357227,1.2199999999998,4.783000000000129,target,2019
1,767759,767772,2019-06-18 14:05:00+00:00,2019-06-18 15:10:00+00:00,1342.2365,1347.9264999999996,0.01,13,5.6899999999996,0.3577856557103935,5.3322143442892065,1.8742405428082887,1.281500000000051,6.483500000000049,target,2019
-1,768084,768107,2019-06-19 18:10:00+00:00,2019-06-19 20:05:00+00:00,1352.8965,1356.201,0.01,23,-3.304499999999962,0.4164857461756018,-3.7209857461755638,-1.1260359346877309,4.513500000000022,5.001500000000078,stop,2019
-1,768352,768394,2019-06-20 17:30:00+00:00,2019-06-20 22:00:00+00:00,1391.0014999999999,1387.3600000000001,0.01,42,3.6414999999997235,0.45630509620571424,3.1851949037940095,1.3224807572323043,1.2135000000002947,4.257999999999811,session_flat,2019
1,768591,768603,2019-06-21 14:25:00+00:00,2019-06-21 15:25:00+00:00,1391.93,1396.1030000000003,0.01,12,4.173000000000229,0.37456970403615086,3.7984302959640783,1.820479413354359,1.9615000000001146,5.4465000000000146,target,2019
-1,768881,768919,2019-06-24 15:35:00+00:00,2019-06-24 18:45:00+00:00,1415.1165,1417.295,0.01,38,-2.1784999999999854,0.3663460085068402,-2.5448460085068256,-1.1681643371617363,4.3034999999999854,2.13149999999996,stop,2019
-1,769135,769139,2019-06-25 13:45:00+00:00,2019-06-25 14:05:00+00:00,1431.4365,1433.85,0.01,4,-2.4134999999998854,0.3751605302544901,-2.7886605302543757,-1.1554425234118533,4.910000000000082,0.2079999999998563,stop,2019
1,769415,769431,2019-06-26 14:05:00+00:00,2019-06-26 15:25:00+00:00,1405.9985000000001,1410.8825000000006,0.01,16,4.884000000000469,0.3554079407671184,4.528592059233351,1.854460302716182,0.0,5.456499999999778,target,2019
1,770784,770788,2019-07-03 13:10:00+00:00,2019-07-03 13:30:00+00:00,1417.1585,1414.8935000000001,0.01,4,-2.2649999999998727,0.37386458066847533,-2.638864580668348,-1.1650616250192036,3.855000000000018,1.4099999999998545,stop,2019
1,771297,771298,2019-07-05 13:10:00+00:00,2019-07-05 13:15:00+00:00,1398.6084999999998,1394.5235,0.01,1,-4.084999999999809,0.37818215241823855,-4.463182152418048,-1.0925782502859869,5.254999999999882,0.31500000000028194,stop,2019
-1,772123,772147,2019-07-10 13:00:00+00:00,2019-07-10 15:00:00+00:00,1409.2514999999999,1405.0514999999996,0.01,24,4.200000000000273,0.3677793828793892,3.8322206171208837,1.8248669605336356,2.098500000000058,6.22649999999976,target,2019
1,773230,773262,2019-07-16 13:15:00+00:00,2019-07-16 15:55:00+00:00,1409.2835,1407.2485000000001,0.01,32,-2.0349999999998545,0.37572042501518,-2.4107204250150343,-1.184629201481674,5.003500000000031,3.7829999999999018,stop,2019
-1,774065,774069,2019-07-19 13:50:00+00:00,2019-07-19 14:10:00+00:00,1439.8465,1435.7195000000006,0.01,4,4.126999999999498,0.3898043102252952,3.737195689774203,1.8110955608309462,2.0,5.521500000000287,target,2019
1,774629,774635,2019-07-23 14:50:00+00:00,2019-07-23 15:20:00+00:00,1425.4814999999999,1423.3465,0.01,6,-2.1349999999997635,0.38587430240647563,-2.520874302406239,-1.1807373781763553,3.413000000000011,0.08200000000010732,stop,2019
1,775161,775165,2019-07-25 13:10:00+00:00,2019-07-25 13:30:00+00:00,1423.6385,1421.4485,0.01,4,-2.1900000000000546,0.3955939435353537,-2.5855939435354083,-1.1806365038974174,4.664999999999964,1.1014999999999873,stop,2019
1,775452,775511,2019-07-26 14:25:00+00:00,2019-07-26 19:20:00+00:00,1419.3600000000001,1417.15,0.01,59,-2.2100000000000364,0.4098963131229841,-2.6198963131230206,-1.185473444852026,2.550000000000182,2.1599999999998545,stop,2019
1,776325,776331,2019-07-31 18:10:00+00:00,2019-07-31 18:40:00+00:00,1422.8715000000002,1417.845,0.01,6,-5.026500000000169,0.42143129928948136,-5.4479312992896505,-1.0838418977995559,5.141500000000178,7.873499999999694,stop,2019
1,776544,776549,2019-08-01 13:25:00+00:00,2019-08-01 13:50:00+00:00,1402.5835,1406.6074999999998,0.01,5,4.023999999999887,0.35733077558877613,3.666669224411111,1.8224002109399673,0.0,4.141499999999951,target,2019
-1,776825,776828,2019-08-02 13:50:00+00:00,2019-08-02 14:05:00+00:00,1439.2514999999999,1441.705,0.01,3,-2.4535000000000764,0.3807607267142929,-2.834260726714369,-1.1551908403155822,4.200000000000273,0.9929999999999382,stop,2019
1,777118,777122,2019-08-05 15:15:00+00:00,2019-08-05 15:35:00+00:00,1457.7115,1462.3614999999995,0.01,4,4.649999999999636,0.40612281988521864,4.243877180114418,1.8253235183289247,0.0,5.992000000000189,target,2019
-1,777655,777657,2019-08-07 14:00:00+00:00,2019-08-07 14:10:00+00:00,1506.1750000000002,1501.1920000000005,0.01,2,4.98299999999972,0.39666558781491584,4.586334412184804,1.8407924592354254,0.0,6.875000000000227,target,2019
1,777920,777975,2019-08-08 13:05:00+00:00,2019-08-08 17:40:00+00:00,1493.415,1500.0720000000001,0.01,55,6.657000000000153,0.38358950577606593,6.273410494224087,1.884756044531754,1.9135000000001128,8.695000000000164,target,2019
-1,778214,778224,2019-08-09 14:35:00+00:00,2019-08-09 15:25:00+00:00,1502.935,1505.0835,0.01,10,-2.1485000000000127,0.3843060557872335,-2.5328060557872463,-1.1788717969686904,3.099999999999909,3.75,stop,2019
-1,778541,778567,2019-08-12 18:50:00+00:00,2019-08-12 22:00:00+00:00,1512.73,1511.18,0.01,26,1.5499999999999545,0.48520650112831076,1.0647934988716439,0.22997699759646195,1.406500000000051,5.11850000000004,session_flat,2019
1,778751,778753,2019-08-13 13:20:00+00:00,2019-08-13 13:30:00+00:00,1519.57,1517.1635,0.01,2,-2.4064999999998236,0.36705501341009544,-2.773555013409919,-1.1525264963266661,3.4500000000000455,0.0,stop,2019
1,779039,779047,2019-08-14 14:20:00+00:00,2019-08-14 15:00:00+00:00,1510.435,1516.975,0.01,8,6.539999999999964,0.3863168592180463,6.153683140781918,1.8818602877009027,1.6664999999998145,8.125,target,2019
-1,779308,779317,2019-08-15 13:45:00+00:00,2019-08-15 14:30:00+00:00,1515.9965,1518.08,0.01,9,-2.083499999999958,0.3843803147604008,-2.467880314760359,-1.1844877920616312,3.4635000000000673,3.535000000000082,stop,2019
1,780440,780463,2019-08-21 16:05:00+00:00,2019-08-21 18:00:00+00:00,1504.02,1502.0165,0.01,23,-2.003500000000031,0.3923591543990424,-2.3958591543990733,-1.195836862689811,3.4449999999999363,2.581500000000233,stop,2019
-1,780690,780696,2019-08-22 13:55:00+00:00,2019-08-22 14:25:00+00:00,1502.3115,1497.6915000000001,0.01,6,4.619999999999891,0.3724189781145159,4.247581021885375,1.8387796631538853,0.33999999999991815,5.2065000000000055,target,2019
-1,780974,780976,2019-08-23 14:35:00+00:00,2019-08-23 14:45:00+00:00,1512.8915000000002,1515.1365,0.01,2,-2.244999999999891,0.3956034021403619,-2.6406034021402527,-1.1762153238932656,4.629999999999654,1.6100000000001273,stop,2019
-1,781532,781533,2019-08-27 15:05:00+00:00,2019-08-27 15:10:00+00:00,1536.4765,1539.0985,0.01,1,-2.622000000000071,0.37871329749248656,-3.0007132974925574,-1.1444368030100978,3.5885000000000673,0.0,stop,2019
1,781795,781839,2019-08-28 14:00:00+00:00,2019-08-28 17:40:00+00:00,1537.0985,1542.0055000000002,0.01,44,4.907000000000153,0.39766403074866435,4.509335969251488,1.8379196940091085,2.1669999999999163,5.008000000000038,target,2019
1,782069,782079,2019-08-29 13:50:00+00:00,2019-08-29 14:40:00+00:00,1539.6515,1537.4065,0.01,10,-2.244999999999891,0.3848480504187273,-2.629848050418618,-1.171424521344653,2.384999999999991,3.3769999999999527,stop,2019
-1,782348,782351,2019-08-30 14:05:00+00:00,2019-08-30 14:20:00+00:00,1527.7865,1529.8235,0.01,3,-2.0370000000000346,0.39530967924992994,-2.4323096792499643,-1.1940646437162117,2.75,0.0464999999999236,stop,2019
1,783407,783408,2019-09-05 13:55:00+00:00,2019-09-05 14:00:00+00:00,1528.8235,1526.5385,0.01,1,-2.2849999999998545,0.3933114712998903,-2.678311471299745,-1.1721275585557618,3.9549999999999272,0.0,stop,2019
-1,783682,783686,2019-09-06 13:50:00+00:00,2019-09-06 14:10:00+00:00,1525.0935,1519.3374999999996,0.01,4,5.756000000000313,0.394684321103564,5.361315678896749,1.8628615979487344,0.37150000000019645,6.933500000000095,target,2019
1,783967,783969,2019-09-09 14:35:00+00:00,2019-09-09 14:45:00+00:00,1506.1835,1504.125,0.01,2,-2.0585000000000946,0.37575950674549286,-2.4342595067455877,-1.182540445346357,5.470000000000027,0.0,stop,2019
1,784226,784230,2019-09-10 13:10:00+00:00,2019-09-10 13:30:00+00:00,1494.0285,1498.2084999999993,0.01,4,4.1799999999993815,0.37749084373981007,3.8025091562595716,1.8193823714163322,0.0,4.9529999999999745,target,2019
-1,784526,784572,2019-09-11 15:10:00+00:00,2019-09-11 19:00:00+00:00,1495.4065,1497.7065,0.01,46,-2.2999999999999545,0.35284180141931126,-2.6528418014192656,-1.1534094788779643,2.634999999999991,3.64650000000006,stop,2019
1,784795,784798,2019-09-12 14:35:00+00:00,2019-09-12 14:50:00+00:00,1507.4250000000002,1505.29,0.01,3,-2.1350000000002183,0.4035813533834534,-2.538581353383672,-1.1890310788681089,2.7250000000001364,6.559999999999945,stop,2019
1,785072,785078,2019-09-13 14:40:00+00:00,2019-09-13 15:10:00+00:00,1494.8135,1492.7835,0.01,6,-2.0299999999999727,0.36329654445865994,-2.3932965444586327,-1.1789638150042685,2.269999999999982,2.8900000000001,stop,2019
1,785613,785700,2019-09-17 13:45:00+00:00,2019-09-17 22:00:00+00:00,1501.26,1501.4099999999999,0.01,87,0.14999999999986358,0.43970136015540834,-0.28970136015554476,-0.08832358541327658,1.6850000000001728,5.891499999999951,session_flat,2019
1,785944,785946,2019-09-18 18:20:00+00:00,2019-09-18 18:30:00+00:00,1499.17,1495.9885,0.01,2,-3.181500000000142,0.4090415104597019,-3.5905415104598437,-1.1285687601633454,5.125,1.009999999999991,stop,2019
-1,786491,786495,2019-09-20 17:55:00+00:00,2019-09-20 18:15:00+00:00,1510.1815000000001,1512.4765,0.01,4,-2.2949999999998454,0.37934365803221887,-2.6743436580320643,-1.165291354262416,3.1234999999996944,0.6630000000000109,stop,2019
1,786994,786996,2019-09-24 13:50:00+00:00,2019-09-24 14:00:00+00:00,1517.6950000000002,1521.708,0.01,2,4.01299999999992,0.3833203565445169,3.629679643455403,1.8089606994545107,0.21350000000029468,4.529999999999745,target,2019
1,787284,787287,2019-09-25 15:00:00+00:00,2019-09-25 15:15:00+00:00,1518.8184999999999,1515.731,0.01,3,-3.0874999999998636,0.37811034362190926,-3.4656103436217727,-1.1224648886224862,3.354999999999791,0.015000000000100044,stop,2019
1,787819,787826,2019-09-27 13:35:00+00:00,2019-09-27 14:10:00+00:00,1489.5585,1494.8055000000004,0.01,7,5.247000000000298,0.3926586191586185,4.85434138084168,1.8503302385520883,0.415000000000191,5.60149999999976,target,2019
1,788113,788114,2019-09-30 15:05:00+00:00,2019-09-30 15:10:00+00:00,1482.2649999999999,1480.0635,0.01,1,-2.2014999999998963,0.3961503548497382,-2.5976503548496344,-1.1799456528956425,8.796499999999924,0.0,stop,2019
-1,788381,788383,2019-10-01 14:25:00+00:00,2019-10-01 14:35:00+00:00,1475.9365,1478.7115,0.01,2,-2.7749999999998636,0.3839321641544336,-3.1589321641542973,-1.1383539330286316,5.354999999999791,0.0,stop,2019
-1,788930,788935,2019-10-03 14:10:00+00:00,2019-10-03 14:35:00+00:00,1515.7115,1507.8044999999997,0.01,5,7.907000000000153,0.4027795915806904,7.504220408419463,1.8981207558920747,0.09999999999990905,8.911499999999933,target,2019
1,789192,789209,2019-10-04 13:00:00+00:00,2019-10-04 14:25:00+00:00,1499.7485000000001,1507.2465000000007,0.01,17,7.498000000000503,0.39147095146330163,7.106529048537201,1.8955799009167043,2.11850000000004,7.5349999999998545,target,2019
1,789525,789564,2019-10-07 17:45:00+00:00,2019-10-07 22:00:00+00:00,1492.1665,1493.355,0.01,39,1.1884999999999764,0.4536689889971095,0.7348310110028669,0.3570607439274967,1.8979999999999109,2.333499999999958,session_flat,2019
1,790103,790109,2019-10-09 19:55:00+00:00,2019-10-09 20:25:00+00:00,1507.55,1505.4814999999999,0.01,6,-2.0685000000000855,0.44440609978549234,-2.5129060997855777,-1.2148446216028397,2.1400000000001,0.08500000000003638,stop,2019
1,790313,790351,2019-10-10 14:25:00+00:00,2019-10-10 17:35:00+00:00,1493.9135,1498.1735000000003,0.01,38,4.260000000000218,0.36684012965042545,3.893159870349793,1.8277745870185884,1.8760000000002037,4.331499999999778,target,2019
1,790588,790589,2019-10-11 14:20:00+00:00,2019-10-11 14:25:00+00:00,1478.105,1475.8335,0.01,1,-2.27150000000006,0.36666974462221097,-2.638169744622271,-1.1614218554357039,4.041500000000042,0.0,stop,2019
1,791140,791142,2019-10-15 14:20:00+00:00,2019-10-15 14:30:00+00:00,1485.1084999999998,1482.2585,0.01,2,-2.849999999999909,0.35417210648425773,-3.2041721064841666,-1.1242709145558838,4.071999999999889,0.9225000000001273,stop,2019
-1,792788,792790,2019-10-23 13:40:00+00:00,2019-10-23 13:50:00+00:00,1493.2285000000002,1495.3565,0.01,2,-2.127999999999929,0.36243302156230434,-2.4904330215622332,-1.1703162695311637,2.8449999999998,1.0585000000000946,stop,2019
1,794222,794223,2019-10-30 18:10:00+00:00,2019-10-30 18:15:00+00:00,1492.8565,1490.83,0.01,1,-2.026500000000169,0.37696538941966434,-2.4034653894198335,-1.186017956782449,2.7730000000001382,0.0,stop,2019
1,795278,795282,2019-11-05 15:10:00+00:00,2019-11-05 15:30:00+00:00,1489.2585,1486.6935,0.01,4,-2.564999999999827,0.3564405813323025,-2.9214405813321296,-1.1389631896032462,3.375,1.6415000000001783,stop,2019
1,795840,795843,2019-11-07 16:00:00+00:00,2019-11-07 16:15:00+00:00,1470.5285,1468.0985,0.01,3,-2.4299999999998363,0.35397534053523577,-2.783975340535072,-1.1456688644178024,2.7519999999999527,1.1200000000001182,stop,2019
-1,796105,796176,2019-11-08 15:05:00+00:00,2019-11-08 21:00:00+00:00,1463.7849999999999,1458.56,0.01,71,5.224999999999909,0.3677133070474283,4.8572866929524805,1.0651944502088901,4.5300000000002,5.394999999999982,session_flat,2019
1,796392,796397,2019-11-11 16:00:00+00:00,2019-11-11 16:25:00+00:00,1450.5614999999998,1455.0974999999994,0.01,5,4.5359999999996035,0.35533283585518505,4.180667164144419,1.8433276737851783,0.0,5.475000000000136,target,2019
-1,797467,797490,2019-11-15 13:35:00+00:00,2019-11-15 15:30:00+00:00,1466.4035,1468.5815,0.01,23,-2.178000000000111,0.35207521658799984,-2.5300752165881106,-1.1616506963213873,2.281500000000051,1.6399999999998727,stop,2019
1,798320,798350,2019-11-20 15:40:00+00:00,2019-11-20 18:10:00+00:00,1468.605,1473.8449999999998,0.01,30,5.239999999999782,0.3655728134256723,4.87442718657411,1.8604683918222569,2.5615000000000236,6.4034999999998945,target,2019
1,798591,798592,2019-11-21 15:15:00+00:00,2019-11-21 15:20:00+00:00,1465.3635,1469.8134999999997,0.01,1,4.449999999999818,0.34984167700171975,4.100158322998098,1.842767785617198,0.0,4.693000000000211,target,2019
1,798874,798936,2019-11-22 15:50:00+00:00,2019-11-22 21:00:00+00:00,1463.9285,1462.1885000000002,0.01,62,-1.7399999999997817,0.37640884407920533,-2.116408844078987,-0.8533906629350692,1.9884999999999309,3.901499999999942,session_flat,2019
1,799413,799435,2019-11-26 14:45:00+00:00,2019-11-26 16:35:00+00:00,1454.0135,1461.8485,0.01,22,7.835000000000036,0.3632572103935389,7.471742789606497,1.907273207302224,0.11000000000012733,8.8599999999999,target,2019
-1,800441,800445,2019-12-02 15:10:00+00:00,2019-12-02 15:30:00+00:00,1460.8515000000002,1463.3715000000002,0.01,4,-2.519999999999982,0.37659101954221835,-2.8965910195422,-1.1494408807707226,3.314999999999827,0.9880000000002838,stop,2019
-1,800714,800787,2019-12-03 14:55:00+00:00,2019-12-03 21:00:00+00:00,1479.53,1477.23,0.01,73,2.2999999999999545,0.3422956611581774,1.9577043388417772,0.8396758905604857,1.8599999999999,2.9549999999999272,session_flat,2019
1,801250,801258,2019-12-05 13:35:00+00:00,2019-12-05 14:15:00+00:00,1475.6550000000002,1473.63,0.01,8,-2.025000000000091,0.3454291336172132,-2.370429133617304,-1.1705822882060235,2.5350000000003092,0.2464999999997417,stop,2019
1,802649,802660,2019-12-12 15:10:00+00:00,2019-12-12 16:05:00+00:00,1467.9485,1465.0035,0.01,11,-2.9449999999999363,0.34577995094466846,-3.290779950944605,-1.1174125470100769,3.193499999999858,2.2950000000000728,stop,2019
1,802925,802930,2019-12-13 15:10:00+00:00,2019-12-13 15:35:00+00:00,1467.71,1472.3000000000002,0.01,5,4.5900000000001455,0.3864907204887365,4.203509279511409,1.8315944573033882,0.0,5.251499999999851,target,2019
1,805916,805925,2019-12-31 14:40:00+00:00,2019-12-31 15:25:00+00:00,1518.8114999999998,1523.1174999999994,0.01,9,4.305999999999585,0.36058992433027354,3.9454100756693116,1.8325174527030617,1.1114999999997508,4.823500000000195,target,2019
-1,806192,806201,2020-01-02 14:40:00+00:00,2020-01-02 15:25:00+00:00,1528.5414999999998,1530.655,0.01,9,-2.1135000000001583,0.36797771704870413,-2.4814777170488624,-1.174108217198333,2.150000000000091,2.76299999999992,stop,2020
-1,806475,806476,2020-01-03 15:15:00+00:00,2020-01-03 15:20:00+00:00,1548.6865,1550.8315,0.01,1,-2.144999999999982,0.35784282942929596,-2.502842829429278,-1.1668264939064332,2.4249999999999545,0.0,stop,2020
1,806758,806759,2020-01-06 15:50:00+00:00,2020-01-06 15:55:00+00:00,1563.6535,1561.5285,0.01,1,-2.125,0.36819219350625093,-2.493192193506251,-1.173266914591177,2.6585000000000036,1.046500000000151,stop,2020
1,807025,807096,2020-01-07 15:05:00+00:00,2020-01-07 21:00:00+00:00,1568.935,1571.8485,0.01,71,2.9135000000001128,0.35356974291363913,2.5599302570864735,0.7816580937668947,1.3184999999998581,4.2800000000002,session_flat,2020
1,807281,807286,2020-01-08 13:25:00+00:00,2020-01-08 13:50:00+00:00,1570.7665,1575.9395000000002,0.01,5,5.173000000000229,0.38072802157996294,4.792271978420266,1.8528018474463768,1.6330000000000382,5.373499999999922,target,2020
-1,807552,807561,2020-01-09 13:00:00+00:00,2020-01-09 13:45:00+00:00,1554.3049999999998,1549.8269999999998,0.01,9,4.4780000000000655,0.3693824590800254,4.10861754092004,1.8350234662438498,0.0,4.71349999999984,target,2020
1,807840,807854,2020-01-10 14:00:00+00:00,2020-01-10 15:10:00+00:00,1549.6335,1555.0904999999998,0.01,14,5.45699999999988,0.3659902252846649,5.091009774715215,1.8658639452869075,0.35999999999989996,5.753000000000156,target,2020
1,809731,809739,2020-01-21 14:35:00+00:00,2020-01-21 15:15:00+00:00,1548.6885,1553.3054999999997,0.01,8,4.616999999999734,0.34698673394499063,4.270013266054744,1.8496916898657092,0.0,7.480000000000246,target,2020
-1,810288,810304,2020-01-23 15:00:00+00:00,2020-01-23 16:20:00+00:00,1562.9115000000002,1564.9665,0.01,16,-2.0549999999998363,0.35025196670324904,-2.4052519667030854,-1.1704389132376043,2.464999999999918,3.038000000000011,stop,2020
-1,810571,810591,2020-01-24 15:35:00+00:00,2020-01-24 17:15:00+00:00,1571.9965,1575.55,0.01,20,-3.553499999999986,0.346375754045112,-3.899875754045098,-1.0974745332897464,3.9320000000000164,3.0615000000000236,stop,2020
-1,811395,811448,2020-01-29 15:15:00+00:00,2020-01-29 19:40:00+00:00,1572.4365,1574.5515,0.01,53,-2.115000000000009,0.37061121700347127,-2.4856112170034805,-1.175229889836156,2.9134999999998854,3.5399999999999636,stop,2020
1,811664,811699,2020-01-30 14:40:00+00:00,2020-01-30 17:35:00+00:00,1576.835,1585.8680000000004,0.01,35,9.033000000000357,0.36584866794276044,8.667151332057596,1.9189973058911223,1.474999999999909,9.161499999999933,target,2020
-1,811956,811970,2020-01-31 16:00:00+00:00,2020-01-31 17:10:00+00:00,1586.7865,1581.9794999999997,0.01,14,4.807000000000244,0.37344146713661047,4.433558532863633,1.8446259758116947,1.8084999999998672,5.8129999999998745,target,2020
1,812221,812292,2020-02-03 15:05:00+00:00,2020-02-03 21:00:00+00:00,1575.0,1576.3,0.01,71,1.2999999999999545,0.40519559829290036,0.8948044017070542,0.1631366274762207,3.5864999999998872,4.786499999999933,session_flat,2020
1,812487,812493,2020-02-04 14:15:00+00:00,2020-02-04 14:45:00+00:00,1560.575,1558.3184999999999,0.01,6,-2.2565000000001874,0.37155777059060413,-2.6280577705907913,-1.164661099308918,3.8799999999998818,1.5350000000000819,stop,2020
-1,813045,813120,2020-02-06 14:45:00+00:00,2020-02-06 21:00:00+00:00,1565.9535,1566.1934999999999,0.01,75,-0.23999999999978172,0.38464728298932627,-0.624647282989108,-0.26229153180311504,1.518000000000029,4.295000000000073,session_flat,2020
-1,814430,814500,2020-02-13 15:10:00+00:00,2020-02-13 21:00:00+00:00,1576.129,1576.2615,0.01,70,-0.1325000000001637,0.35046736376094706,-0.48296736376111077,-0.21346623812643206,2.0025000000000546,1.7154999999997926,session_flat,2020
1,815771,815778,2020-02-20 15:55:00+00:00,2020-02-20 16:30:00+00:00,1618.02,1623.0499999999997,0.01,7,5.029999999999745,0.3633629265932305,4.666637073406515,1.8555216991676944,0.5599999999999454,5.769999999999982,target,2020
-1,816023,816027,2020-02-21 13:55:00+00:00,2020-02-21 14:15:00+00:00,1643.3249999999998,1639.0319999999992,0.01,4,4.293000000000575,0.33938861155073646,3.9536113884498385,1.8418874392962075,0.0,5.323499999999967,target,2020
1,816291,816302,2020-02-24 13:15:00+00:00,2020-02-24 14:10:00+00:00,1676.5884999999998,1681.5484999999999,0.01,11,4.960000000000036,0.36063523422316185,4.599364765776874,1.8545825668455003,2.188499999999749,5.9900000000002365,target,2020
-1,816586,816592,2020-02-25 14:50:00+00:00,2020-02-25 15:20:00+00:00,1651.9915,1654.9085,0.01,6,-2.9169999999999163,0.3809045849085188,-3.297904584908435,-1.1305809341475932,4.099999999999909,2.9715000000001055,stop,2020
1,816852,816858,2020-02-26 14:00:00+00:00,2020-02-26 14:30:00+00:00,1633.8885,1631.3,0.01,6,-2.5885000000000673,0.40051451589442405,-2.989014515894491,-1.1547284202798584,2.634999999999991,3.2999999999999545,stop,2020
1,817126,817137,2020-02-27 13:50:00+00:00,2020-02-27 14:45:00+00:00,1650.475,1655.8779999999997,0.01,11,5.402999999999793,0.3698693437441447,5.033130656255648,1.8630874167150995,0.30599999999981264,7.376500000000078,target,2020
-1,817404,817410,2020-02-28 14:00:00+00:00,2020-02-28 14:30:00+00:00,1626.605,1621.2649999999999,0.01,6,5.3400000000001455,0.37191169255302303,4.968088307447123,1.8607072312535533,1.9800000000000182,6.041500000000042,target,2020
1,817676,817679,2020-03-02 13:40:00+00:00,2020-03-02 13:55:00+00:00,1595.32,1592.9785000000002,0.01,3,-2.341499999999769,0.3663847779697131,-2.707884777969482,-1.1564743873456116,2.841499999999769,1.2850000000000819,stop,2020
-1,817977,817991,2020-03-03 15:45:00+00:00,2020-03-03 16:55:00+00:00,1635.9650000000001,1642.6765,0.01,14,-6.711499999999887,0.4188666070812689,-7.130366607081156,-1.0624102819163044,7.306499999999687,6.645000000000209,stop,2020
1,818226,818227,2020-03-04 13:30:00+00:00,2020-03-04 13:35:00+00:00,1643.4435,1640.9835,0.01,1,-2.4600000000000364,0.41390415982069956,-2.8739041598207358,-1.1682537235043469,6.152000000000271,0.0,stop,2020
-1,818503,818509,2020-03-05 13:35:00+00:00,2020-03-05 14:05:00+00:00,1654.6,1656.615,0.01,6,-2.0150000000001,0.37876167959318,-2.39376167959328,-1.1879710568700552,3.38149999999996,2.9364999999997963,stop,2020
-1,818788,818800,2020-03-06 14:20:00+00:00,2020-03-06 15:20:00+00:00,1684.0014999999999,1677.4314999999997,0.01,12,6.570000000000163,0.4011053206761616,6.168894679324001,1.8778979236906692,2.373500000000149,23.54449999999997,target,2020
-1,819060,819061,2020-03-09 13:00:00+00:00,2020-03-09 13:05:00+00:00,1677.2885,1679.3465,0.01,1,-2.0579999999999927,0.4076271361407772,-2.46562713614077,-1.1980695510888137,2.7914999999998145,0.0885000000000673,stop,2020
1,819348,819350,2020-03-10 14:00:00+00:00,2020-03-10 14:10:00+00:00,1654.67,1651.29,0.01,2,-3.380000000000109,0.38484585678514666,-3.764845856785256,-1.1138597209423475,4.606500000000096,1.453499999999849,stop,2020
1,819633,819634,2020-03-11 14:45:00+00:00,2020-03-11 14:50:00+00:00,1655.4299999999998,1652.72,0.01,1,-2.709999999999809,0.37602168052950685,-3.0860216805293157,-1.1387533876492741,2.9214999999999236,0.0,stop,2020
1,819898,819902,2020-03-12 13:50:00+00:00,2020-03-12 14:10:00+00:00,1591.7785,1586.1785,0.01,4,-5.599999999999909,0.5210224167108319,-6.1210224167107405,-1.0930397172697928,11.08999999999969,5.811500000000024,stop,2020
1,820168,820171,2020-03-13 13:20:00+00:00,2020-03-13 13:35:00+00:00,1591.1235,1585.725,0.01,3,-5.398500000000013,0.471313656436766,-5.869813656436778,-1.087304558013664,8.2650000000001,0.0,stop,2020
1,820441,820451,2020-03-16 13:05:00+00:00,2020-03-16 13:55:00+00:00,1459.08,1474.6,0.01,10,15.519999999999982,0.5655475692190317,14.95445243078095,1.9271201586057949,7.246499999999969,16.90000000000009,target,2020
-1,820719,820721,2020-03-17 13:15:00+00:00,2020-03-17 13:25:00+00:00,1485.76,1488.649,0.01,2,-2.8889999999998963,0.41233947299077217,-3.3013394729906684,-1.1427274049812346,5.240000000000009,2.0950000000000273,stop,2020
1,820993,821000,2020-03-18 13:05:00+00:00,2020-03-18 13:40:00+00:00,1500.2635,1512.3905000000004,0.01,7,12.127000000000407,0.6110404257139959,11.515959574286411,1.8992264491277355,3.8985000000000127,13.648000000000138,target,2020
-1,821271,821279,2020-03-19 13:15:00+00:00,2020-03-19 13:55:00+00:00,1474.95,1479.8535,0.01,8,-4.9034999999998945,0.46982389101033284,-5.3733238910102274,-1.0958139881738234,8.898500000000013,6.711500000000115,stop,2020
1,821547,821549,2020-03-20 13:15:00+00:00,2020-03-20 13:25:00+00:00,1493.815,1497.935,0.01,2,4.119999999999891,0.40781249020031185,3.712187509799579,1.8020327717474163,1.50649999999996,4.566499999999905,target,2020
-1,821821,821826,2020-03-23 13:05:00+00:00,2020-03-23 13:30:00+00:00,1518.43,1513.3100000000002,0.01,5,5.119999999999891,0.5694474970574628,4.550552502942428,1.7775595714619237,2.4849999999999,6.475000000000136,target,2020
-1,822101,822102,2020-03-24 13:25:00+00:00,2020-03-24 13:30:00+00:00,1607.1315,1610.8185,0.01,1,-3.6870000000001255,6.581735930171964,-10.268735930172088,-2.785119590499522,8.860000000000127,1.7664999999999509,stop,2020
-1,822380,822382,2020-03-25 13:40:00+00:00,2020-03-25 13:50:00+00:00,1617.4650000000001,1610.1950000000006,0.01,2,7.269999999999527,3.071627971089662,4.198372028909866,1.1549854274855953,1.8049999999998363,9.4050000000002,target,2020
1,822668,822671,2020-03-26 14:40:00+00:00,2020-03-26 14:55:00+00:00,1631.23,1627.8899999999999,0.01,3,-3.3400000000001455,1.5205894579505754,-4.860589457950721,-1.4552663047756016,4.6550000000002,0.9070000000001528,stop,2020
-1,822924,822927,2020-03-27 13:00:00+00:00,2020-03-27 13:15:00+00:00,1623.1190000000001,1625.2185,0.01,3,-2.099499999999807,1.4840867627063172,-3.5835867627061244,-1.7068762861188156,5.665999999999713,3.379000000000133,stop,2020
1,823262,823265,2020-03-30 18:10:00+00:00,2020-03-30 18:25:00+00:00,1614.211,1618.463,0.01,3,4.251999999999953,0.9429365768258997,3.309063423174053,1.5564738585014535,0.0,5.212500000000091,target,2020
-1,823493,823497,2020-03-31 14:25:00+00:00,2020-03-31 14:45:00+00:00,1611.895,1607.6550000000002,0.01,4,4.239999999999782,1.0885186780342062,3.1514813219655755,1.486547793380065,0.7899999999999636,6.546499999999924,target,2020
-1,823764,823767,2020-04-01 14:00:00+00:00,2020-04-01 14:15:00+00:00,1581.655,1583.795,0.01,3,-2.1400000000001,1.2483548176602133,-3.3883548176603133,-1.58334337273839,4.560000000000173,4.029999999999973,stop,2020
-1,824033,824040,2020-04-02 13:25:00+00:00,2020-04-02 14:00:00+00:00,1606.4325,1610.65,0.01,7,-4.2175000000002,1.5602115700935686,-5.777711570093769,-1.3699375388484871,7.229000000000269,4.411499999999933,stop,2020
1,824304,824379,2020-04-03 13:00:00+00:00,2020-04-03 19:15:00+00:00,1612.575,1624.8680000000002,0.01,75,12.29300000000012,1.2635797042775778,11.029420295722542,1.794422890380287,1.4835000000000491,13.544999999999845,target,2020
-1,824595,824620,2020-04-06 14:15:00+00:00,2020-04-06 16:20:00+00:00,1648.72,1651.361,0.01,25,-2.6410000000000764,1.4186705400192847,-4.059670540019361,-1.5371717304124362,3.291500000000042,4.895000000000209,stop,2020
1,824856,824857,2020-04-07 13:00:00+00:00,2020-04-07 13:05:00+00:00,1657.0955,1654.125,0.01,1,-2.9704999999999018,1.554802057428011,-4.525302057427913,-1.5234142593597249,5.9155000000000655,0.0,stop,2020
-1,825134,825228,2020-04-08 13:10:00+00:00,2020-04-08 22:00:00+00:00,1651.955,1646.636,0.01,94,5.31899999999996,1.5989104300927808,3.720089569907179,0.7515332464458878,4.730000000000018,8.558999999999969,session_flat,2020
-1,825414,825416,2020-04-09 13:30:00+00:00,2020-04-09 13:40:00+00:00,1676.95,1681.1680000000001,0.01,2,-4.218000000000075,0.9463113402677923,-5.164311340267867,-1.2243507207842048,5.779999999999973,0.46000000000026375,stop,2020
-1,825703,825704,2020-04-13 14:35:00+00:00,2020-04-13 14:40:00+00:00,1696.055,1698.2155,0.01,1,-2.1604999999999563,1.0272836034469088,-3.1877836034468654,-1.4754841950691644,2.2450000000001182,0.6349999999999909,stop,2020
-1,825971,825972,2020-04-14 13:55:00+00:00,2020-04-14 14:00:00+00:00,1734.7815,1737.2675,0.01,1,-2.4859999999998763,0.8732628585113902,-3.3592628585112667,-1.351272268105967,5.548499999999876,0.0,stop,2020
-1,826248,826262,2020-04-15 14:00:00+00:00,2020-04-15 15:10:00+00:00,1723.3049999999998,1716.4649999999997,0.01,14,6.8400000000001455,1.201071433486213,5.638928566513933,1.64880952237246,1.0150000000003274,6.903999999999769,target,2020
1,826518,826521,2020-04-16 13:30:00+00:00,2020-04-16 13:45:00+00:00,1721.0349999999999,1728.2549999999992,0.01,3,7.219999999999345,0.9578890877723314,6.262110912227014,1.7346567623899118,0.25999999999976353,9.600000000000136,target,2020
1,826789,826790,2020-04-17 13:05:00+00:00,2020-04-17 13:10:00+00:00,1695.125,1700.185,0.01,1,5.059999999999945,0.9916144799037139,4.068385520096232,1.608057517824615,0.0,5.440000000000055,target,2020
1,827079,827083,2020-04-20 14:15:00+00:00,2020-04-20 14:35:00+00:00,1685.25,1689.92,0.01,4,4.670000000000073,1.1376955287875803,3.5323044712124925,1.5127642274999733,0.25,5.0,target,2020
1,827341,827345,2020-04-21 13:05:00+00:00,2020-04-21 13:25:00+00:00,1666.225,1671.145,0.01,4,4.920000000000073,1.0440853179750105,3.875914682025062,1.5755750739939043,2.4400000000000546,7.255000000000109,target,2020
-1,827616,827630,2020-04-22 13:00:00+00:00,2020-04-22 14:10:00+00:00,1706.3035,1711.5149999999999,0.01,14,-5.211499999999887,0.7267789518559626,-5.93827895185585,-1.139456769040771,5.528999999999996,4.998499999999922,stop,2020
-1,827900,827901,2020-04-23 13:40:00+00:00,2020-04-23 13:45:00+00:00,1729.52,1732.04,0.01,1,-2.519999999999982,0.6319617116094522,-3.151961711609434,-1.2507784569878797,3.4149999999999636,0.0,stop,2020
1,828183,828194,2020-04-24 14:15:00+00:00,2020-04-24 15:10:00+00:00,1721.225,1717.145,0.01,11,-4.079999999999927,0.8014867426517118,-4.881486742651639,-1.1964428290813054,4.25,5.135000000000218,stop,2020
1,828456,828457,2020-04-27 14:00:00+00:00,2020-04-27 14:05:00+00:00,1716.1285,1713.4335,0.01,1,-2.6949999999999363,0.6838882597490539,-3.37888825974899,-1.253761877457911,8.023500000000013,0.0,stop,2020
1,828724,828726,2020-04-28 13:20:00+00:00,2020-04-28 13:30:00+00:00,1710.6275,1708.44,0.01,2,-2.1875,0.6992893474125887,-2.8867893474125887,-1.3196751302457548,2.3524999999999636,2.4424999999998818,stop,2020
1,829000,829075,2020-04-29 13:20:00+00:00,2020-04-29 19:35:00+00:00,1702.585,1711.705,0.01,75,9.11999999999989,0.7377535992195159,8.382246400780375,1.8382119299957183,3.7950000000000728,9.990000000000009,target,2020
1,829274,829282,2020-04-30 13:10:00+00:00,2020-04-30 13:50:00+00:00,1703.1399999999999,1699.555,0.01,8,-3.584999999999809,0.7333868246060331,-4.318386824605842,-1.2045709413127117,3.730000000000018,4.075000000000273,stop,2020
-1,829559,829571,2020-05-01 13:55:00+00:00,2020-05-01 14:55:00+00:00,1685.0,1688.76,0.01,12,-3.759999999999991,0.8432895887089384,-4.603289588708929,-1.2242791459332287,5.36850000000004,7.132500000000164,stop,2020
-1,829829,829830,2020-05-04 13:25:00+00:00,2020-05-04 13:30:00+00:00,1703.11,1705.655,0.01,1,-2.5450000000000728,0.6062014587303506,-3.1512014587304233,-1.238193107556123,3.9600000000000364,0.7400000000000091,stop,2020
-1,830104,830105,2020-05-05 13:20:00+00:00,2020-05-05 13:25:00+00:00,1697.525,1699.545,0.01,1,-2.019999999999982,0.5519245281076774,-2.571924528107659,-1.2732299644097436,5.8125,0.0,stop,2020
1,830378,830380,2020-05-06 13:10:00+00:00,2020-05-06 13:20:00+00:00,1690.915,1687.97,0.01,2,-2.9449999999999363,0.7303552740586954,-3.6753552740586315,-1.2479983952661158,4.865000000000009,0.04349999999999454,stop,2020
-1,830665,830679,2020-05-07 14:05:00+00:00,2020-05-07 15:15:00+00:00,1697.625,1700.85,0.01,14,-3.224999999999909,0.6919727146747017,-3.9169727146746105,-1.2145651828448747,4.026499999999942,1.9400000000000546,stop,2020
-1,830938,830945,2020-05-08 13:50:00+00:00,2020-05-08 14:25:00+00:00,1718.0935,1720.52,0.01,7,-2.4265000000000327,0.5057969600421537,-2.932296960042186,-1.2084471296279196,3.106499999999869,4.688499999999749,stop,2020
1,831230,831300,2020-05-11 15:10:00+00:00,2020-05-11 22:00:00+00:00,1694.914,1697.02,0.01,70,2.1059999999999945,0.8347913121135728,1.2712086878864217,0.4621736731090637,1.3205000000000382,4.486000000000104,session_flat,2020
-1,831487,831491,2020-05-12 13:35:00+00:00,2020-05-12 13:55:00+00:00,1704.13,1706.28,0.01,4,-2.1499999999998636,0.5764579771670624,-2.726457977166926,-1.268119989380046,5.6099999999999,1.9085000000000036,stop,2020
-1,831759,831760,2020-05-13 13:15:00+00:00,2020-05-13 13:20:00+00:00,1714.835,1710.192,0.01,1,4.643000000000029,0.7763580596532786,3.8666419403467502,1.6655791257147214,1.2899999999999636,12.16150000000016,target,2020
-1,832045,832046,2020-05-14 14:05:00+00:00,2020-05-14 14:10:00+00:00,1730.16,1732.9515000000001,0.01,1,-2.791500000000042,0.6109946208931802,-3.402494620893222,-1.2188768120699163,4.848999999999933,0.0,stop,2020
-1,832334,832336,2020-05-15 15:10:00+00:00,2020-05-15 15:20:00+00:00,1743.3415,1745.905,0.01,2,-2.5634999999999764,0.6610897175536838,-3.22458971755366,-1.2578855929602846,3.513500000000022,0.0,stop,2020
1,832585,832586,2020-05-18 13:05:00+00:00,2020-05-18 13:10:00+00:00,1750.5815,1748.365,0.01,1,-2.2164999999999964,0.6151798019342207,-2.831679801934217,-1.2775455907666238,8.300500000000056,0.7785000000001219,stop,2020
-1,832862,832865,2020-05-19 13:10:00+00:00,2020-05-19 13:25:00+00:00,1735.1015,1738.075,0.01,3,-2.973500000000058,0.581822174180173,-3.5553221741802314,-1.1956691354229567,5.25,1.7329999999999472,stop,2020
-1,833148,833157,2020-05-20 14:00:00+00:00,2020-05-20 14:45:00+00:00,1749.4565,1743.6895000000002,0.01,9,5.766999999999825,0.43797440724170206,5.329025592758123,1.8481101414108843,2.2670000000000528,6.460000000000036,target,2020
1,833426,833427,2020-05-21 14:10:00+00:00,2020-05-21 14:15:00+00:00,1728.9735,1726.3635,0.01,1,-2.6100000000001273,0.48114787361392064,-3.091147873614048,-1.1843478442965123,4.065000000000055,0.0,stop,2020
1,833973,833979,2020-05-25 13:45:00+00:00,2020-05-25 14:15:00+00:00,1725.4165,1729.8825,0.01,6,4.4659999999998945,0.6173125653106961,3.8486874346891984,1.7235501274918448,0.0,5.498499999999922,target,2020
-1,834476,834478,2020-05-27 13:40:00+00:00,2020-05-27 13:50:00+00:00,1697.6565,1701.9715,0.01,2,-4.315000000000055,0.49141782615516144,-4.806417826155216,-1.1138859388540336,5.988499999999931,2.0715000000000146,stop,2020
1,834797,834798,2020-05-28 17:25:00+00:00,2020-05-28 17:30:00+00:00,1718.9385,1716.7585,0.01,1,-2.1800000000000637,0.49414260923074194,-2.6741426092308056,-1.2266709216654714,3.6849999999999454,0.0,stop,2020
1,835022,835023,2020-05-29 13:10:00+00:00,2020-05-29 13:15:00+00:00,1729.9135,1727.7085000000002,0.01,1,-2.2049999999999272,0.6319555144514939,-2.836955514451421,-1.286601140340823,3.1950000000001637,0.0,stop,2020
1,835299,835308,2020-06-01 13:15:00+00:00,2020-06-01 14:00:00+00:00,1731.3215,1728.8935000000001,0.01,9,-2.4279999999998836,0.5522018576934087,-2.9802018576932925,-1.227430748638153,3.6590000000001055,4.643500000000131,stop,2020
1,835608,835610,2020-06-02 16:00:00+00:00,2020-06-02 16:10:00+00:00,1730.3435,1727.6835,0.01,2,-2.6599999999998545,0.5849774976548383,-3.244977497654693,-1.219916352501831,4.059999999999945,0.0,stop,2020
1,835848,835850,2020-06-03 13:00:00+00:00,2020-06-03 13:10:00+00:00,1709.6965,1706.2935,0.01,2,-3.40300000000002,0.6252450474172593,-4.028245047417279,-1.1837334844011917,6.1965000000000146,0.4270000000001346,stop,2020
-1,836124,836132,2020-06-04 13:00:00+00:00,2020-06-04 13:40:00+00:00,1716.105,1711.8920000000003,0.01,8,4.212999999999738,0.5595800930566199,3.6534199069431184,1.734355521928956,0.775000000000091,4.36850000000004,target,2020
1,836400,836401,2020-06-05 13:00:00+00:00,2020-06-05 13:05:00+00:00,1688.615,1686.0985,0.01,1,-2.516499999999951,0.5577277102233702,-3.074227710223321,-1.2216283370647252,4.691500000000133,0.0,stop,2020
1,836684,836691,2020-06-08 13:40:00+00:00,2020-06-08 14:15:00+00:00,1688.6,1693.127,0.01,7,4.527000000000044,0.44202509224834563,4.084974907751698,1.8047161068043553,1.4364999999997963,5.323499999999967,target,2020
-1,836952,836961,2020-06-09 13:00:00+00:00,2020-06-09 13:45:00+00:00,1715.7015000000001,1717.9585000000002,0.01,9,-2.257000000000062,0.46757888072248344,-2.7245788807225453,-1.2071683122385781,2.2784999999998945,2.7450000000001182,stop,2020
1,837254,837275,2020-06-10 15:10:00+00:00,2020-06-10 16:55:00+00:00,1717.6535,1714.9265,0.01,21,-2.7269999999998618,0.47298835434273684,-3.1999883543425987,-1.1734464078998024,3.6419999999998254,1.425000000000182,stop,2020
-1,837504,837505,2020-06-11 13:00:00+00:00,2020-06-11 13:05:00+00:00,1732.1,1734.17,0.01,1,-2.0700000000001637,0.4147320127007758,-2.4847320127009396,-1.2003536293240304,3.166500000000042,0.0,stop,2020
-1,837791,837792,2020-06-12 13:55:00+00:00,2020-06-12 14:00:00+00:00,1740.88,1736.5,0.01,1,4.380000000000109,0.4694160299394626,3.9105839700606464,1.7856547808495657,1.2100000000000364,5.830000000000155,target,2020
1,838056,838064,2020-06-15 13:00:00+00:00,2020-06-15 13:40:00+00:00,1707.3835,1704.8984999999998,0.01,8,-2.4850000000001273,0.4283123978622357,-2.913312397862363,-1.1723591138278526,3.2049999999999272,2.6415000000001783,stop,2020
1,838336,838347,2020-06-16 13:20:00+00:00,2020-06-16 14:15:00+00:00,1721.98,1716.955,0.01,11,-5.025000000000091,0.4730511435800755,-5.498051143580167,-1.0941395310607098,5.2215000000001055,4.889999999999873,stop,2020
-1,838611,838613,2020-06-17 13:15:00+00:00,2020-06-17 13:25:00+00:00,1721.8,1723.935,0.01,2,-2.134999999999991,0.4657633918723351,-2.600763391872326,-1.2181561554437175,2.3215000000000146,0.0,stop,2020
1,838897,838900,2020-06-18 14:05:00+00:00,2020-06-18 14:20:00+00:00,1722.925,1718.8115,0.01,3,-4.113499999999931,0.608958760036125,-4.722458760036056,-1.1480390810832952,4.285000000000082,0.6315000000001874,stop,2020
-1,839181,839185,2020-06-19 14:45:00+00:00,2020-06-19 15:05:00+00:00,1738.2765,1740.3415,0.01,4,-2.0650000000000546,0.49072025367969146,-2.555720253679746,-1.237636926721394,2.3050000000000637,0.9349999999999454,stop,2020
-1,839436,839442,2020-06-22 13:00:00+00:00,2020-06-22 13:30:00+00:00,1756.0700000000002,1758.47,0.01,6,-2.3999999999998636,0.5497069221674189,-2.9497069221672825,-1.2290445509031043,2.494999999999891,2.5100000000002183,stop,2020
-1,839717,839724,2020-06-23 13:25:00+00:00,2020-06-23 14:00:00+00:00,1763.775,1766.4935,0.01,7,-2.718499999999949,0.6102240311230143,-3.328724031122963,-1.2244708593426616,3.4314999999999145,2.605000000000018,stop,2020
1,839988,839991,2020-06-24 13:00:00+00:00,2020-06-24 13:15:00+00:00,1767.9265,1765.8685,0.01,3,-2.0579999999999927,0.61567163017702,-2.6736716301770125,-1.2991601701540436,4.031500000000051,2.1219999999998436,stop,2020
1,840278,840279,2020-06-25 14:10:00+00:00,2020-06-25 14:15:00+00:00,1760.4335,1757.715,0.01,1,-2.7185000000001764,0.5377091765897042,-3.2562091765898806,-1.1977962761043477,3.0335000000000036,0.0,stop,2020
1,840547,840548,2020-06-26 13:35:00+00:00,2020-06-26 13:40:00+00:00,1755.8735000000001,1752.9234999999999,0.01,1,-2.950000000000273,0.5449812759427154,-3.494981275942988,-1.1847394155737847,5.88350000000014,0.007999999999810825,stop,2020
-1,841108,841110,2020-06-30 14:20:00+00:00,2020-06-30 14:30:00+00:00,1772.7534999999998,1775.4585,0.01,2,-2.7050000000001546,0.5872437884560975,-3.2922437884562523,-1.2170956704088962,5.151500000000169,0.5335000000000036,stop,2020
1,841372,841374,2020-07-01 13:20:00+00:00,2020-07-01 13:30:00+00:00,1775.845,1773.0,0.01,2,-2.8450000000000273,0.4793642540960004,-3.324364254096028,-1.1684935866769757,4.225000000000136,1.3734999999999218,stop,2020
1,841645,841650,2020-07-02 13:05:00+00:00,2020-07-02 13:30:00+00:00,1761.5349999999999,1768.5609999999997,0.01,5,7.025999999999841,0.6492980729146025,6.3767019270852385,1.8151727660362604,0.0,7.760000000000218,target,2020
1,842165,842218,2020-07-06 14:25:00+00:00,2020-07-06 18:50:00+00:00,1781.51,1785.9799999999998,0.01,53,4.4699999999998,0.5180364265305226,3.9519635734692775,1.768216363968436,1.4435000000000855,4.701499999999896,target,2020
-1,842440,842441,2020-07-07 14:20:00+00:00,2020-07-07 14:25:00+00:00,1792.3135000000002,1794.3935000000001,0.01,1,-2.0799999999999272,0.5259236557511565,-2.605923655751084,-1.2528479114188342,2.1529999999997926,0.0,stop,2020
-1,842710,842716,2020-07-08 13:50:00+00:00,2020-07-08 14:20:00+00:00,1813.075,1815.39,0.01,6,-2.3150000000000546,0.5482876263526264,-2.863287626352681,-1.2368413072797466,4.35349999999994,3.9849999999999,stop,2020
1,842998,842999,2020-07-09 14:50:00+00:00,2020-07-09 14:55:00+00:00,1809.24,1806.6934999999999,0.01,1,-2.546500000000151,0.5797017014506605,-3.126201701450811,-1.2276464564895448,3.6965000000000146,1.8885000000000218,stop,2020
1,843288,843295,2020-07-10 16:00:00+00:00,2020-07-10 16:35:00+00:00,1798.7415,1795.9450000000002,0.01,7,-2.7964999999999236,0.5301539249442496,-3.326653924944173,-1.1895776595545375,3.393000000000029,1.703499999999849,stop,2020
1,843545,843546,2020-07-13 14:25:00+00:00,2020-07-13 14:30:00+00:00,1808.455,1806.3085,0.01,1,-2.1464999999998327,0.48552858129724336,-2.632028581297076,-1.2261954723024835,3.3099999999999454,0.0,stop,2020
1,843808,843816,2020-07-14 13:20:00+00:00,2020-07-14 14:00:00+00:00,1797.8,1802.6199999999997,0.01,8,4.819999999999709,0.5543854871530187,4.265614512846691,1.7699645281522607,1.8864999999998417,4.838500000000067,target,2020
1,844090,844095,2020-07-15 13:50:00+00:00,2020-07-15 14:15:00+00:00,1805.105,1809.625,0.01,5,4.519999999999982,0.5433161906905182,3.9766838093094634,1.7595946058891503,1.2200000000000273,4.726499999999987,target,2020
1,844407,844413,2020-07-16 17:15:00+00:00,2020-07-16 17:45:00+00:00,1799.3339999999998,1796.48,0.01,6,-2.8539999999998145,0.4444089413875551,-3.2984089413873696,-1.1557144153425312,2.8804999999997563,1.1760000000001583,stop,2020
1,845462,845463,2020-07-22 13:10:00+00:00,2020-07-22 13:15:00+00:00,1851.5835000000002,1849.05,0.01,1,-2.533500000000231,0.5839094546424206,-3.117409454642652,-1.230475411344925,4.093500000000176,0.0,stop,2020
1,845736,845737,2020-07-23 13:00:00+00:00,2020-07-23 13:05:00+00:00,1874.685,1871.97,0.01,1,-2.714999999999918,0.5152066401732065,-3.2302066401731246,-1.1897630350545938,3.6614999999999327,0.0,stop,2020
-1,846014,846017,2020-07-24 13:10:00+00:00,2020-07-24 13:25:00+00:00,1900.6785,1905.1465,0.01,3,-4.468000000000075,0.4851023043734795,-4.953102304373554,-1.1085725837899445,5.991500000000087,0.0,stop,2020
-1,846298,846307,2020-07-27 13:50:00+00:00,2020-07-27 14:35:00+00:00,1940.7165,1943.28,0.01,9,-2.5634999999999764,0.4584797645054618,-3.021979764505438,-1.1788491377044923,3.255000000000109,4.679999999999836,stop,2020
-1,846565,846571,2020-07-28 13:05:00+00:00,2020-07-28 13:35:00+00:00,1938.46,1931.7600000000002,0.01,6,6.699999999999819,0.6206604128034274,6.079339587196392,1.8147282349840466,2.4049999999999727,7.184999999999945,target,2020
1,846851,846854,2020-07-29 13:55:00+00:00,2020-07-29 14:10:00+00:00,1954.4650000000001,1950.4450000000002,0.01,3,-4.019999999999982,0.4571321377224879,-4.47713213772247,-1.1137144621200223,12.79150000000027,0.0,stop,2020
-1,847118,847119,2020-07-30 13:10:00+00:00,2020-07-30 13:15:00+00:00,1954.6885,1957.0665,0.01,1,-2.377999999999929,0.5468718302776445,-2.9248718302775734,-1.229971333169748,2.6014999999999873,0.8500000000001364,stop,2020
1,847394,847396,2020-07-31 13:10:00+00:00,2020-07-31 13:20:00+00:00,1971.835,1966.4625,0.01,2,-5.372499999999945,0.5100533092244526,-5.882553309224398,-1.0949377960399176,7.026499999999942,0.0,stop,2020
1,847671,847676,2020-08-03 13:15:00+00:00,2020-08-03 13:40:00+00:00,1967.84,1965.8335,0.01,5,-2.00649999999996,0.5052256756371368,-2.5117256756370967,-1.2517945056751292,5.584999999999809,3.6000000000001364,stop,2020
-1,847961,847963,2020-08-04 14:25:00+00:00,2020-08-04 14:35:00+00:00,1982.655,1985.3015,0.01,2,-2.64650000000006,0.5361620213203089,-3.182662021320369,-1.2025928665483836,7.753500000000031,2.3300000000001546,stop,2020
1,848220,848228,2020-08-05 13:00:00+00:00,2020-08-05 13:40:00+00:00,2035.5335,2045.7505,0.01,8,10.217000000000098,0.49627592863264497,9.720724071367453,1.9028529062087423,0.5834999999999582,10.841499999999996,target,2020
-1,848499,848501,2020-08-06 13:15:00+00:00,2020-08-06 13:25:00+00:00,2059.0635,2061.5635,0.01,2,-2.5,0.4754677774413248,-2.9754677774413247,-1.1901871109765298,3.1049999999995634,2.7035000000000764,stop,2020
1,848776,848777,2020-08-07 13:20:00+00:00,2020-08-07 13:25:00+00:00,2054.61,2051.4335,0.01,1,-3.1765000000000327,0.5559683251654988,-3.7324683251655317,-1.175025444723908,3.335000000000491,1.4864999999995234,stop,2020
-1,849060,849061,2020-08-10 14:00:00+00:00,2020-08-10 14:05:00+00:00,2044.525,2047.9815,0.01,1,-3.4565000000000055,0.47414462091285065,-3.9306446209128563,-1.137174778218675,4.516500000000178,0.0,stop,2020
1,849324,849325,2020-08-11 13:00:00+00:00,2020-08-11 13:05:00+00:00,1963.5635,1958.24,0.01,1,-5.323499999999967,0.6231801400779757,-5.946680140077943,-1.1170621095290654,20.218500000000176,0.0,stop,2020
-1,849605,849606,2020-08-12 13:25:00+00:00,2020-08-12 13:30:00+00:00,1940.645,1944.1685,0.01,1,-3.5235000000000127,0.5865651370219598,-4.110065137021973,-1.166472296586337,4.8465000000001055,2.5549999999998363,stop,2020
-1,849876,849879,2020-08-13 13:00:00+00:00,2020-08-13 13:15:00+00:00,1930.9465,1934.0365,0.01,3,-3.089999999999918,0.6150436618353461,-3.7050436618352642,-1.199043256257399,4.119999999999891,4.041500000000042,stop,2020
-1,850158,850167,2020-08-14 13:30:00+00:00,2020-08-14 14:15:00+00:00,1951.8735000000001,1942.5675000000006,0.01,9,9.305999999999585,0.5917316753197035,8.714268324679882,1.8728279227767612,0.6664999999998145,9.685000000000173,target,2020
-1,850439,850440,2020-08-17 13:55:00+00:00,2020-08-17 14:00:00+00:00,1970.51,1973.4065,0.01,1,-2.89650000000006,0.5087625877299518,-3.405262587730012,-1.1756473632763478,5.358500000000049,0.0,stop,2020
1,850719,850720,2020-08-18 14:15:00+00:00,2020-08-18 14:20:00+00:00,1998.0685,1992.935,0.01,1,-5.13350000000014,0.5933063742790599,-5.7268063742791995,-1.1155754113721716,5.99350000000004,0.0,stop,2020
1,850992,850999,2020-08-19 14:00:00+00:00,2020-08-19 14:35:00+00:00,1985.5335,1982.71,0.01,7,-2.8234999999999673,0.5908435677691641,-3.4143435677691314,-1.2092592767023804,4.978500000000167,4.779999999999973,stop,2020
1,851258,851264,2020-08-20 13:10:00+00:00,2020-08-20 13:40:00+00:00,1932.2385,1927.52,0.01,6,-4.718499999999949,0.6301819984996866,-5.348681998499636,-1.133555578785566,6.013500000000022,3.1200000000001182,stop,2020
-1,851532,851540,2020-08-21 13:00:00+00:00,2020-08-21 13:40:00+00:00,1937.0615,1929.7145000000003,0.01,8,7.346999999999753,0.6619956256015358,6.685004374398217,1.819791581434175,3.6119999999998527,7.776500000000169,target,2020
1,851811,851812,2020-08-24 13:15:00+00:00,2020-08-24 13:20:00+00:00,1946.295,1943.3415,0.01,1,-2.9535000000000764,0.49372062544841394,-3.4472206254484905,-1.1671645930077539,4.281500000000051,0.5884999999998399,stop,2020
1,852098,852113,2020-08-25 14:10:00+00:00,2020-08-25 15:25:00+00:00,1919.0484999999999,1915.7535,0.01,15,-3.2949999999998454,0.5231667840993577,-3.818166784099203,-1.1587759587555029,4.063499999999749,6.256500000000187,stop,2020
-1,852373,852376,2020-08-26 14:05:00+00:00,2020-08-26 14:20:00+00:00,1932.39,1935.3049999999998,0.01,3,-2.9149999999997362,0.5277812963900105,-3.4427812963897466,-1.1810570485043081,3.354999999999791,4.948500000000195,stop,2020
-1,852641,852644,2020-08-27 13:25:00+00:00,2020-08-27 13:40:00+00:00,1965.13,1941.67,0.01,3,23.460000000000036,0.6745052100846853,22.78549478991535,1.9424974245452102,6.184999999999945,23.625,target,2020
1,852914,852916,2020-08-28 13:10:00+00:00,2020-08-28 13:20:00+00:00,1953.54,1959.0699999999997,0.01,2,5.529999999999745,0.5116165726624922,5.018383427337254,1.8149668814963777,0.0,5.871499999999969,target,2020
-1,853190,853191,2020-08-31 13:10:00+00:00,2020-08-31 13:15:00+00:00,1967.6950000000002,1970.8635,0.01,1,-3.168499999999767,0.5326421034544028,-3.70114210345417,-1.1681054453067514,3.2349999999996726,0.0,stop,2020
1,853473,853474,2020-09-01 13:45:00+00:00,2020-09-01 13:50:00+00:00,1983.94,1981.4935,0.01,1,-2.4465000000000146,0.5346775421017345,-2.981177542101749,-1.2185479428169759,3.730000000000018,0.26149999999984175,stop,2020
1,853748,853750,2020-09-02 13:40:00+00:00,2020-09-02 13:50:00+00:00,1953.8985,1948.75,0.01,2,-5.148500000000013,0.5614934772661784,-5.709993477266191,-1.10905962460254,6.698500000000195,0.0,stop,2020
-1,854022,854023,2020-09-03 13:30:00+00:00,2020-09-03 13:35:00+00:00,1938.6885,1940.9415,0.01,1,-2.252999999999929,0.5351185096885127,-2.7881185096884415,-1.237513763732148,2.861499999999978,1.4435000000000855,stop,2020
1,854294,854298,2020-09-04 13:10:00+00:00,2020-09-04 13:30:00+00:00,1921.4615,1931.3944999999999,0.01,4,9.932999999999993,0.5486832131793264,9.384316786820666,1.8895231625532412,0.0,10.548500000000104,target,2020
1,854582,854616,2020-09-07 14:10:00+00:00,2020-09-07 22:00:00+00:00,1927.8415,1929.9,0.01,34,2.0585000000000946,0.8696980302608208,1.1888019697392738,0.3831137511244759,0.33799999999996544,3.5300000000002,session_flat,2020
1,854806,854810,2020-09-08 13:50:00+00:00,2020-09-08 14:10:00+00:00,1910.4785000000002,1916.1855000000005,0.01,4,5.707000000000335,0.5479663614840737,5.159033638516261,1.807966931318016,0.35350000000016735,8.297999999999774,target,2020
-1,855073,855074,2020-09-09 13:05:00+00:00,2020-09-09 13:10:00+00:00,1934.9915,1938.4185,0.01,1,-3.4269999999999072,0.49148273254073876,-3.918482732540646,-1.1434148621361984,5.318499999999858,0.0,stop,2020
-1,855354,855357,2020-09-10 13:30:00+00:00,2020-09-10 13:45:00+00:00,1960.6635,1962.8915000000002,0.01,3,-2.2280000000000655,0.5017200033066312,-2.7297200033066966,-1.2251885113584453,3.1914999999999054,2.998500000000149,stop,2020
-1,855635,855636,2020-09-11 13:55:00+00:00,2020-09-11 14:00:00+00:00,1952.495,1947.8519999999999,0.01,1,4.643000000000029,0.452561185232037,4.190438814767992,1.8050565646211354,0.0,4.7999999999999545,target,2020
1,856182,856183,2020-09-15 13:30:00+00:00,2020-09-15 13:35:00+00:00,1966.045,1963.942,0.01,1,-2.1030000000000655,0.500255244788543,-2.6032552447886084,-1.2378769590054814,3.900000000000091,0.0,stop,2020
-1,856455,856456,2020-09-16 13:15:00+00:00,2020-09-16 13:20:00+00:00,1970.6100000000001,1973.2765,0.01,1,-2.6664999999998145,0.4381571841427962,-3.1046571841426105,-1.1643192140044352,2.9849999999999,0.1835000000000946,stop,2020
1,856731,856736,2020-09-17 13:15:00+00:00,2020-09-17 13:40:00+00:00,1935.8535,1933.505,0.01,5,-2.348499999999831,0.48455435784491374,-2.8330543578447447,-1.2063250405982324,2.9049999999999727,3.5715000000000146,stop,2020
-1,857018,857019,2020-09-18 14:10:00+00:00,2020-09-18 14:15:00+00:00,1949.045,1951.3135,0.01,1,-2.2684999999999036,0.47172741148344777,-2.7402274114833514,-1.207946842179179,4.143500000000131,0.0,stop,2020
1,857286,857292,2020-09-21 13:30:00+00:00,2020-09-21 14:00:00+00:00,1916.435,1911.7415,0.01,6,-4.693499999999858,0.47162622233737583,-5.165126222337234,-1.1004849733327773,6.509999999999991,2.6415000000001783,stop,2020
1,857568,857570,2020-09-22 14:00:00+00:00,2020-09-22 14:10:00+00:00,1908.0149999999999,1912.6949999999993,0.01,2,4.6799999999993815,0.5189195778590834,4.161080422140298,1.778239496641388,0.0,6.180000000000291,target,2020
-1,857836,857839,2020-09-23 13:20:00+00:00,2020-09-23 13:35:00+00:00,1884.3049999999998,1887.9099999999999,0.01,3,-3.6050000000000186,0.4923063099623255,-4.097306309962344,-1.1365620832073018,3.6900000000000546,3.349999999999909,stop,2020
-1,858114,858116,2020-09-24 13:30:00+00:00,2020-09-24 13:40:00+00:00,1856.45,1852.43,0.01,2,4.019999999999982,0.5186637101386009,3.501336289861381,1.741958353164874,0.6699999999998454,4.935000000000173,target,2020
-1,858393,858398,2020-09-25 13:45:00+00:00,2020-09-25 14:10:00+00:00,1861.3885,1855.4955,0.01,5,5.893000000000029,0.4787718141240684,5.41422818587596,1.8375116870442674,2.60149999999976,8.958500000000186,target,2020
-1,858663,858666,2020-09-28 13:15:00+00:00,2020-09-28 13:30:00+00:00,1871.375,1873.6084999999998,0.01,3,-2.2334999999998217,0.4933121768880814,-2.7268121768879032,-1.220869566549416,3.8015000000000327,0.8299999999999272,stop,2020
-1,858943,858949,2020-09-29 13:35:00+00:00,2020-09-29 14:05:00+00:00,1886.48,1889.365,0.01,6,-2.884999999999991,0.4669434521908677,-3.3519434521908584,-1.1618521498061938,3.240000000000009,1.9700000000000273,stop,2020
-1,859212,859219,2020-09-30 13:00:00+00:00,2020-09-30 13:35:00+00:00,1895.295,1888.9320000000002,0.01,7,6.362999999999828,0.4703169126067556,5.892683087393072,1.8521713303137612,1.6849999999999454,7.615000000000009,target,2020
1,859503,859515,2020-10-01 14:15:00+00:00,2020-10-01 15:15:00+00:00,1900.5149999999999,1908.7149999999997,0.01,12,8.199999999999818,0.47954383435677844,7.720456165643039,1.8830380891812708,3.5799999999999272,8.99350000000004,target,2020
1,859773,859774,2020-10-02 13:45:00+00:00,2020-10-02 13:50:00+00:00,1901.245,1899.1215,0.01,1,-2.123499999999922,0.4940207737263079,-2.6175207737262296,-1.2326445838127271,2.974999999999909,1.2000000000002728,stop,2020
-1,860055,860056,2020-10-05 14:15:00+00:00,2020-10-05 14:20:00+00:00,1911.59,1915.38,0.01,1,-3.790000000000191,0.459080119667386,-4.249080119667577,-1.1211293191734468,6.770000000000209,0.0,stop,2020
1,860328,860336,2020-10-06 14:00:00+00:00,2020-10-06 14:40:00+00:00,1915.2714999999998,1912.02,0.01,8,-3.251499999999851,0.48261735915630083,-3.734117359156152,-1.1484291432127705,3.8964999999998327,2.89850000000024,stop,2020
1,860605,860606,2020-10-07 14:05:00+00:00,2020-10-07 14:10:00+00:00,1885.15,1882.6985,0.01,1,-2.4515000000001237,0.45723663747006554,-2.9087366374701893,-1.1865130073302232,5.275000000000091,0.0,stop,2020
1,860887,860916,2020-10-08 14:35:00+00:00,2020-10-08 17:00:00+00:00,1887.145,1883.3985,0.01,29,-3.746499999999969,0.48940379602356265,-4.235903796023532,-1.1306295998995242,4.639999999999873,3.1664999999998145,stop,2020
1,861438,861439,2020-10-12 14:30:00+00:00,2020-10-12 14:35:00+00:00,1922.9234999999999,1920.7135,0.01,1,-2.209999999999809,0.4688377413589463,-2.6788377413587554,-1.2121437743705823,3.61850000000004,0.30150000000003274,stop,2020
1,861697,861699,2020-10-13 13:05:00+00:00,2020-10-13 13:15:00+00:00,1909.6734999999999,1904.99,0.01,2,-4.683499999999867,0.4775965293342101,-5.161096529334078,-1.1019742776415553,6.758499999999913,0.0,stop,2020
1,862009,862012,2020-10-14 16:05:00+00:00,2020-10-14 16:20:00+00:00,1903.9715,1901.91,0.01,3,-2.0615000000000236,0.4360923676038965,-2.4975923676039202,-1.2115412891602675,4.050000000000182,0.0,stop,2020
1,862262,862275,2020-10-15 14:10:00+00:00,2020-10-15 15:15:00+00:00,1895.2685000000001,1901.8785000000007,0.01,13,6.610000000000582,0.45152329022470467,6.1584767097758775,1.8633817578745342,1.9720000000002074,7.6599999999998545,target,2020
1,862547,862552,2020-10-16 14:55:00+00:00,2020-10-16 15:20:00+00:00,1901.5884999999998,1898.97,0.01,5,-2.6184999999998126,0.46810516218397596,-3.0866051621837887,-1.1787684407806032,3.708499999999731,2.031500000000051,stop,2020
1,862800,862806,2020-10-19 13:00:00+00:00,2020-10-19 13:30:00+00:00,1912.4250000000002,1909.1835,0.01,6,-3.2415000000000873,0.4785433031850702,-3.7200433031851574,-1.1476302030495318,3.8450000000002547,0.0,stop,2020
-1,863100,863108,2020-10-20 15:00:00+00:00,2020-10-20 15:40:00+00:00,1908.855,1911.26,0.01,8,-2.4049999999999727,0.46781636674973276,-2.8728163667497055,-1.194518239812781,2.619999999999891,2.208499999999958,stop,2020
1,863380,863392,2020-10-21 15:20:00+00:00,2020-10-21 16:20:00+00:00,1923.165,1929.0349999999999,0.01,12,5.869999999999891,0.4563291748595497,5.413670825140342,1.8445215758570501,0.22849999999993997,5.930000000000064,target,2020
1,863908,863910,2020-10-23 13:20:00+00:00,2020-10-23 13:30:00+00:00,1909.8265000000001,1907.4299999999998,0.01,2,-2.3965000000002874,0.4208857345928077,-2.817385734593095,-1.1756251761288368,4.231500000000324,0.2484999999996944,stop,2020
1,864199,864204,2020-10-26 14:35:00+00:00,2020-10-26 15:00:00+00:00,1904.6385,1902.5,0.01,5,-2.138500000000022,0.48230398218520887,-2.6208039821852305,-1.2255337770330623,5.652000000000044,1.906500000000051,stop,2020
1,864463,864487,2020-10-27 13:35:00+00:00,2020-10-27 15:35:00+00:00,1904.6335,1909.4874999999997,0.01,24,4.8539999999998145,0.4359070045997211,4.418092995400094,1.8203926639473682,0.0,6.866500000000087,target,2020
1,864744,864754,2020-10-28 14:00:00+00:00,2020-10-28 14:50:00+00:00,1877.07,1873.2849999999999,0.01,10,-3.785000000000082,0.46993611437809585,-4.254936114378178,-1.124157493891172,6.441500000000133,1.3385000000000673,stop,2020
1,865011,865014,2020-10-29 13:15:00+00:00,2020-10-29 13:30:00+00:00,1862.41,1867.0030000000004,0.01,3,4.593000000000302,0.4655447276696248,4.127455272330677,1.7972807630439391,0.0,9.084999999999809,target,2020
1,865306,865308,2020-10-30 14:50:00+00:00,2020-10-30 15:00:00+00:00,1880.06,1884.7599999999998,0.01,2,4.699999999999818,0.4616683214404819,4.238331678559336,1.8035453951317022,0.9850000000001273,5.144999999999982,target,2020
1,865562,865585,2020-11-02 14:10:00+00:00,2020-11-02 16:05:00+00:00,1888.115,1892.5880000000004,0.01,23,4.473000000000411,0.4263069271878976,4.046693072812514,1.809386574027338,0.5000000000002274,6.916500000000042,target,2020
-1,865832,865839,2020-11-03 13:40:00+00:00,2020-11-03 14:15:00+00:00,1905.91,1908.0965,0.01,7,-2.1865000000000236,0.4371524352043015,-2.6236524352043253,-1.199932510955544,2.240000000000009,1.0700000000001637,stop,2020
1,866123,866127,2020-11-04 14:55:00+00:00,2020-11-04 15:15:00+00:00,1899.2735,1905.0535000000002,0.01,4,5.7800000000002,0.47522876274092707,5.304771237259273,1.83556098175055,0.0,6.129999999999882,target,2020
-1,866379,866380,2020-11-05 13:15:00+00:00,2020-11-05 13:20:00+00:00,1927.2465,1929.33,0.01,1,-2.083499999999958,0.4234106329067388,-2.506910632906697,-1.2032208461275484,2.928500000000213,0.8765000000000782,stop,2020
-1,866658,866659,2020-11-06 13:30:00+00:00,2020-11-06 13:35:00+00:00,1954.555,1956.6215000000002,0.01,1,-2.066500000000133,0.5357822810157189,-2.6022822810158517,-1.2592703997172439,5.105000000000018,1.3399999999999181,stop,2020
1,866933,866935,2020-11-09 13:25:00+00:00,2020-11-09 13:35:00+00:00,1893.775,1888.1100000000001,0.01,2,-5.664999999999964,0.527804317031094,-6.192804317031058,-1.0931693410469723,17.075000000000045,2.3034999999999854,stop,2020
1,867213,867218,2020-11-10 13:45:00+00:00,2020-11-10 14:10:00+00:00,1875.8135,1879.8435000000002,0.01,5,4.0300000000002,0.4572218291555403,3.5727781708446598,1.7730909036449045,0.9970000000000709,5.911499999999933,target,2020
1,867490,867491,2020-11-11 13:50:00+00:00,2020-11-11 13:55:00+00:00,1865.005,1862.3249999999998,0.01,1,-2.680000000000291,0.44980658963239023,-3.129806589632681,-1.1678382797135602,6.75,0.0,stop,2020
-1,867769,867778,2020-11-12 14:05:00+00:00,2020-11-12 14:50:00+00:00,1876.6285,1879.0635,0.01,9,-2.4349999999999454,0.4461922442119398,-2.8811922442118854,-1.1832411680541888,2.7180000000000746,1.8334999999999582,stop,2020
1,868313,868314,2020-11-16 13:25:00+00:00,2020-11-16 13:30:00+00:00,1874.1435000000001,1878.4505000000004,0.01,1,4.307000000000244,0.4521179074070805,3.8548820925931633,1.790054373156696,0.0,5.817999999999756,target,2020
-1,868595,868600,2020-11-17 13:55:00+00:00,2020-11-17 14:20:00+00:00,1891.326,1886.9180000000001,0.01,5,4.407999999999902,0.45589361026478215,3.9521063897351194,1.7931517194805842,1.0475000000001273,4.891000000000076,target,2020
-1,868873,868876,2020-11-18 14:05:00+00:00,2020-11-18 14:20:00+00:00,1875.9985000000001,1878.0085,0.01,3,-2.0099999999997635,0.4746613973049833,-2.484661397304747,-1.2361499489079797,2.8964999999998327,0.0,stop,2020
1,869145,869146,2020-11-19 13:45:00+00:00,2020-11-19 13:50:00+00:00,1855.2585,1860.2624999999998,0.01,1,5.003999999999905,0.4601479684941926,4.543852031505713,1.8160879422485208,0.0,5.511500000000069,target,2020
1,869713,869714,2020-11-23 15:05:00+00:00,2020-11-23 15:10:00+00:00,1842.1805,1838.0,0.01,1,-4.180499999999938,0.5026068970729342,-4.683106897072872,-1.1202265033065284,6.287000000000035,0.0,stop,2020
1,869977,869979,2020-11-24 14:05:00+00:00,2020-11-24 14:15:00+00:00,1806.84,1804.1635,0.01,2,-2.6764999999998054,0.4964105650482596,-3.172910565048065,-1.1854700411164938,3.0644999999997253,1.790000000000191,stop,2020
1,870759,870765,2020-11-27 14:15:00+00:00,2020-11-27 14:45:00+00:00,1777.838,1783.617,0.01,6,5.778999999999996,0.4561179175403352,5.322882082459661,1.8421464206470548,0.21249999999986358,6.261999999999944,target,2020
-1,870999,871004,2020-11-30 14:30:00+00:00,2020-11-30 14:55:00+00:00,1774.3175,1776.7649999999999,0.01,5,-2.4474999999997635,0.4500664560784084,-2.897566456078172,-1.1838882353742397,4.377500000000055,4.731000000000222,stop,2020
-1,871269,871270,2020-12-01 14:00:00+00:00,2020-12-01 14:05:00+00:00,1810.85,1813.4450000000002,0.01,1,-2.5950000000002547,0.44211040731737317,-3.037110407317628,-1.170370099158894,4.425000000000182,0.0,stop,2020
1,871544,871545,2020-12-02 13:55:00+00:00,2020-12-02 14:00:00+00:00,1815.31,1820.2999999999997,0.01,1,4.989999999999782,0.4519479122621518,4.53805208773763,1.8188585521995304,0.0,5.630000000000109,target,2020
1,871820,871825,2020-12-03 13:55:00+00:00,2020-12-03 14:20:00+00:00,1837.605,1843.025,0.01,5,5.420000000000073,0.4413624809941987,4.978637519005874,1.8371356158693015,2.5385000000001128,5.806500000000142,target,2020
-1,872102,872104,2020-12-04 14:25:00+00:00,2020-12-04 14:35:00+00:00,1843.128,1845.4645,0.01,2,-2.3365000000001146,0.44825380464612674,-2.7847538046462414,-1.191848407723563,2.435000000000173,1.5195000000001073,stop,2020
-1,872388,872394,2020-12-07 15:15:00+00:00,2020-12-07 15:45:00+00:00,1860.7150000000001,1863.772,0.01,6,-3.056999999999789,0.42395567037910015,-3.480955670378889,-1.138683568982378,3.2784999999998945,0.36500000000023647,stop,2020
-1,872642,872644,2020-12-08 13:25:00+00:00,2020-12-08 13:35:00+00:00,1865.79,1868.505,0.01,2,-2.7150000000001455,0.4616902032144993,-3.176690203214645,-1.170051640226326,4.3215000000000146,0.7664999999999509,stop,2020
-1,872916,872922,2020-12-09 13:15:00+00:00,2020-12-09 13:45:00+00:00,1859.6999999999998,1862.635,0.01,6,-2.935000000000173,0.4672511387090116,-3.4022511387091843,-1.1591997065447985,4.511500000000069,0.8249999999998181,stop,2020
-1,873199,873201,2020-12-10 13:50:00+00:00,2020-12-10 14:00:00+00:00,1844.4065,1846.5349999999999,0.01,2,-2.1284999999998035,0.47406733360151126,-2.6025673336013146,-1.2227236709427085,3.373499999999922,0.1714999999999236,stop,2020
-1,873466,873469,2020-12-11 13:05:00+00:00,2020-12-11 13:20:00+00:00,1833.9850000000001,1836.405,0.01,3,-2.4199999999998454,0.4927415182698664,-2.9127415182697116,-1.2036121976321892,3.7349999999999,1.7650000000001,stop,2020
-1,873754,873759,2020-12-14 14:05:00+00:00,2020-12-14 14:30:00+00:00,1831.608,1833.6770000000001,0.01,5,-2.0690000000001874,0.459891198587227,-2.5288911985874143,-1.22227704136645,5.980499999999893,0.6279999999999291,stop,2020
-1,874021,874022,2020-12-15 13:20:00+00:00,2020-12-15 13:25:00+00:00,1847.5065,1849.702,0.01,1,-2.195500000000038,0.4749866869282865,-2.670486686928325,-1.2163455645312131,3.3700000000001182,0.0,stop,2020
1,874298,874319,2020-12-16 13:25:00+00:00,2020-12-16 15:10:00+00:00,1854.3545,1849.4850000000001,0.01,21,-4.869499999999789,0.46830336487295804,-5.337803364872747,-1.096170729001536,4.911999999999807,4.5620000000001255,stop,2020
1,874575,874577,2020-12-17 13:30:00+00:00,2020-12-17 13:40:00+00:00,1878.5085,1886.1754999999994,0.01,2,7.666999999999462,0.49018378035575855,7.176816219643703,1.8721315298406696,0.0,8.54300000000012,target,2020
-1,874854,874862,2020-12-18 13:45:00+00:00,2020-12-18 14:25:00+00:00,1887.3,1882.41,0.01,8,4.889999999999873,0.4954667949787721,4.394533205021101,1.7973550940782066,1.0945000000001528,5.899999999999864,target,2020
1,875125,875129,2020-12-21 13:20:00+00:00,2020-12-21 13:40:00+00:00,1875.7735,1883.5585000000003,0.01,4,7.78500000000031,0.5447409977468545,7.240259002253456,1.8600536935782062,0.0,7.891499999999951,target,2020
1,875419,875422,2020-12-22 14:50:00+00:00,2020-12-22 15:05:00+00:00,1875.0935,1872.99,0.01,3,-2.10349999999994,0.45731302387878653,-2.5608130238787266,-1.217405763669503,3.356999999999971,2.3450000000000273,stop,2020
-1,875683,875686,2020-12-23 13:50:00+00:00,2020-12-23 14:05:00+00:00,1868.35,1870.6285,0.01,3,-2.278500000000122,0.4578579784596049,-2.736357978459727,-1.200947104875831,2.2800000000002,1.0399999999999636,stop,2020
1,875966,875972,2020-12-24 14:25:00+00:00,2020-12-24 14:55:00+00:00,1872.13,1877.2400000000002,0.01,6,5.110000000000127,0.49255080861996703,4.61744919138016,1.807220818544049,0.9850000000001273,5.818499999999858,target,2020
-1,876195,876197,2020-12-28 13:45:00+00:00,2020-12-28 13:55:00+00:00,1885.1399999999999,1887.5835,0.01,2,-2.4435000000000855,0.5089563739145508,-2.9524563739146363,-1.2082899013360069,2.9950000000001182,0.0,stop,2020
-1,876752,876760,2020-12-30 14:10:00+00:00,2020-12-30 14:50:00+00:00,1883.25,1885.365,0.01,8,-2.115000000000009,0.4813737768376071,-2.5963737768376163,-1.2275998944858653,3.160000000000082,4.038500000000113,stop,2020
1,877038,877044,2020-12-31 15:00:00+00:00,2020-12-31 15:30:00+00:00,1894.3435,1899.2835,0.01,6,4.940000000000055,0.4753917971485023,4.464608202851553,1.807533685364981,0.0,5.081000000000131,target,2020
-1,877295,877296,2021-01-04 13:25:00+00:00,2021-01-04 13:30:00+00:00,1935.63,1938.516,0.01,1,-2.8859999999999673,0.48151745164616583,-3.3675174516461333,-1.1668459638413622,5.4539999999997235,0.0,stop,2021
1,877587,877588,2021-01-05 14:45:00+00:00,2021-01-05 14:50:00+00:00,1946.2,1943.52,0.01,1,-2.6800000000000637,0.46858418864357737,-3.148584188643641,-1.1748448465087935,4.088500000000067,0.0,stop,2021
1,877843,877844,2021-01-06 13:05:00+00:00,2021-01-06 13:10:00+00:00,1934.0349999999999,1940.4249999999997,0.01,1,6.389999999999872,0.49869721066343997,5.891302789336432,1.8439132360990769,0.0,6.925000000000182,target,2021
1,878129,878133,2021-01-07 13:55:00+00:00,2021-01-07 14:15:00+00:00,1912.5884999999998,1916.8054999999995,0.01,4,4.2169999999996435,0.4672742438720738,3.7497257561275696,1.7783854665059933,0.0,4.218000000000075,target,2021
1,878399,878400,2021-01-08 13:25:00+00:00,2021-01-08 13:30:00+00:00,1884.3015,1889.4675000000002,0.01,1,5.166000000000167,0.5772185063559021,4.588781493644265,1.7765317435710866,2.099999999999909,5.1784999999999854,target,2021
1,878681,878685,2021-01-11 13:55:00+00:00,2021-01-11 14:15:00+00:00,1835.4215,1832.0059999999999,0.01,4,-3.4155000000000655,0.477069824345835,-3.8925698243459004,-1.1396778873798348,4.024999999999864,2.6734999999998763,stop,2021
1,878952,878954,2021-01-12 13:30:00+00:00,2021-01-12 13:40:00+00:00,1850.9485,1847.4095,0.01,2,-3.5389999999999873,0.5144259458770428,-4.05342594587703,-1.145359125706992,8.121999999999844,0.0,stop,2021
-1,879517,879522,2021-01-14 14:35:00+00:00,2021-01-14 15:00:00+00:00,1849.025,1843.7650000000003,0.01,5,5.2599999999997635,0.47590261100924064,4.7840973889905225,1.8190484368786075,0.8029999999998836,7.055000000000064,target,2021
1,879785,879799,2021-01-15 13:55:00+00:00,2021-01-15 15:05:00+00:00,1840.2714999999998,1836.722,0.01,14,-3.5494999999998527,0.45564533610098223,-4.005145336100835,-1.1283688790254969,7.036499999999933,5.283000000000129,stop,2021
1,880281,880293,2021-01-19 13:15:00+00:00,2021-01-19 14:15:00+00:00,1835.87,1841.3589999999995,0.01,12,5.488999999999578,0.5246696692804487,4.964330330719129,1.8088286867260013,0.34849999999983083,5.920000000000073,target,2021
1,880557,880561,2021-01-20 13:15:00+00:00,2021-01-20 13:35:00+00:00,1837.232,1842.9229999999998,0.01,4,5.6909999999998035,0.5013171422405918,5.189682857759212,1.8238210710804394,0.26499999999987267,6.018000000000029,target,2021
1,880831,880840,2021-01-21 13:05:00+00:00,2021-01-21 13:50:00+00:00,1868.814,1863.2379999999998,0.01,9,-5.576000000000249,0.48405285103859086,-6.06005285103884,-1.0868100521948654,8.412500000000136,1.9259999999999309,stop,2021
1,881126,881127,2021-01-22 14:40:00+00:00,2021-01-22 14:45:00+00:00,1840.374,1844.4419999999998,0.01,1,4.067999999999756,0.5219192839594712,3.546080716040285,1.743402515260815,0.0,9.783999999999878,target,2021
1,881406,881407,2021-01-25 15:00:00+00:00,2021-01-25 15:05:00+00:00,1857.2685000000001,1855.1365,0.01,1,-2.132000000000062,0.5128397724457471,-2.644839772445809,-1.2405439833235141,4.942500000000109,0.1014999999997599,stop,2021
-1,881947,881953,2021-01-27 14:05:00+00:00,2021-01-27 14:35:00+00:00,1842.8165,1838.5394999999999,0.01,6,4.277000000000044,0.49368142220243644,3.783318577797607,1.7691459330360386,1.9585000000001855,7.226999999999862,target,2021
-1,882230,882231,2021-01-28 14:40:00+00:00,2021-01-28 14:45:00+00:00,1859.9209999999998,1862.1365,0.01,1,-2.2155000000002474,0.4873312217190659,-2.7028312217193133,-1.2199644422112441,2.582499999999982,0.9974999999999454,stop,2021
-1,882499,882501,2021-01-29 14:05:00+00:00,2021-01-29 14:15:00+00:00,1871.9855,1875.1205,0.01,2,-3.1349999999999913,0.5353016318604589,-3.6703016318604504,-1.1707501218055696,3.470500000000129,0.0,stop,2021
-1,882790,882791,2021-02-01 15:20:00+00:00,2021-02-01 15:25:00+00:00,1865.863,1867.873,0.01,1,-2.009999999999991,0.507321159694401,-2.517321159694392,-1.2523985869126384,2.4320000000000164,2.4314999999999145,stop,2021
1,883048,883055,2021-02-02 13:50:00+00:00,2021-02-02 14:25:00+00:00,1832.9045,1838.9175,0.01,7,6.01299999999992,0.48243321360953145,5.530566786390389,1.8395365994979087,0.0,7.905499999999847,target,2021
-1,883320,883335,2021-02-03 13:30:00+00:00,2021-02-03 14:45:00+00:00,1839.3715,1833.2485,0.01,15,6.123000000000047,0.5018159384074441,5.621184061592603,1.83608821218114,1.4635000000000673,7.467499999999973,target,2021
1,883600,883601,2021-02-04 13:50:00+00:00,2021-02-04 13:55:00+00:00,1810.9585,1808.208,0.01,1,-2.7504999999998745,0.4786341224428485,-3.229134122442723,-1.174017132318804,4.412499999999909,0.0,stop,2021
1,883868,883869,2021-02-05 13:10:00+00:00,2021-02-05 13:15:00+00:00,1799.4789999999998,1797.079,0.01,1,-2.3999999999998636,0.4899139913597581,-2.889913991359622,-1.2041308297332443,4.241499999999633,0.0,stop,2021
-1,884176,884200,2021-02-08 15:50:00+00:00,2021-02-08 17:50:00+00:00,1837.1935,1833.1705000000004,0.01,24,4.0229999999996835,0.46215383678179667,3.560846163217887,1.7702441775879527,1.24149999999986,5.011999999999944,target,2021
1,884439,884514,2021-02-09 14:45:00+00:00,2021-02-09 21:00:00+00:00,1837.2035,1835.9385000000002,0.01,75,-1.2649999999998727,0.4794210227272556,-1.7444210227271282,-0.3490936607418658,2.7970000000000255,8.670000000000073,session_flat,2021
-1,884703,884711,2021-02-10 13:45:00+00:00,2021-02-10 14:25:00+00:00,1852.7385,1847.2684999999997,0.01,8,5.470000000000255,0.5200679121643053,4.94993208783595,1.809847198477411,1.0,6.4220000000000255,target,2021
1,884984,884989,2021-02-11 14:10:00+00:00,2021-02-11 14:35:00+00:00,1842.6765,1840.644,0.01,5,-2.0325000000000273,0.530014624846457,-2.562514624846484,-1.2607698031224845,3.8215000000000146,1.79950000000008,stop,2021
1,885254,885259,2021-02-12 13:40:00+00:00,2021-02-12 14:05:00+00:00,1813.2265000000002,1818.466500000001,0.01,5,5.240000000000691,0.4933760157791005,4.746623984221591,1.8116885435957881,0.0,5.408499999999776,target,2021
1,885751,885755,2021-02-16 13:05:00+00:00,2021-02-16 13:25:00+00:00,1807.625,1804.595,0.01,4,-3.0299999999999727,0.5062819048758297,-3.5362819048758025,-1.1670897375827836,3.9704999999999018,5.180000000000064,stop,2021
-1,886044,886045,2021-02-17 14:30:00+00:00,2021-02-17 14:35:00+00:00,1780.5305,1783.2035,0.01,1,-2.673000000000002,0.5483035280930435,-3.2213035280930455,-1.205126647247678,2.8194999999998345,1.09699999999998,stop,2021
1,886317,886318,2021-02-18 14:15:00+00:00,2021-02-18 14:20:00+00:00,1782.1385,1779.835,0.01,1,-2.3034999999999854,0.4578061031561826,-2.761306103156168,-1.1987436957482898,3.1980000000000928,0.4964999999999691,stop,2021
-1,886593,886594,2021-02-19 14:15:00+00:00,2021-02-19 14:20:00+00:00,1783.535,1779.4950000000001,0.01,1,4.039999999999964,0.5142536565156746,3.525746343484289,1.7454189819229309,0.038499999999885404,4.169500000000198,target,2021
1,886861,886868,2021-02-22 13:35:00+00:00,2021-02-22 14:10:00+00:00,1796.6385,1793.8515,0.01,7,-2.7870000000000346,0.5047136710541098,-3.2917136710541444,-1.1810956839088997,2.7964999999999236,3.836999999999989,stop,2021
1,887153,887160,2021-02-23 14:55:00+00:00,2021-02-23 15:30:00+00:00,1800.31,1809.5349999999999,0.01,7,9.224999999999909,0.5357926005308358,8.689207399469073,1.8838390025949394,1.0225000000000364,9.495000000000118,target,2021
1,887412,887413,2021-02-24 13:30:00+00:00,2021-02-24 13:35:00+00:00,1802.7835,1800.4524999999999,0.01,1,-2.331000000000131,0.4998048822436734,-2.8308048822438043,-1.2144165088990326,2.6325000000001637,0.0,stop,2021
-1,887684,887686,2021-02-25 13:10:00+00:00,2021-02-25 13:20:00+00:00,1788.245,1784.0150000000003,0.01,2,4.229999999999563,0.4844203551843033,3.74557964481526,1.7709596429388401,0.0,5.304999999999836,target,2021
-1,887960,887961,2021-02-26 13:10:00+00:00,2021-02-26 13:15:00+00:00,1761.0900000000001,1764.0700000000002,0.01,1,-2.980000000000018,0.47308772396049353,-3.4530877239605116,-1.1587542697853994,3.862499999999727,0.0,stop,2021
1,888241,888242,2021-03-01 13:35:00+00:00,2021-03-01 13:40:00+00:00,1733.2885,1738.0505000000007,0.01,1,4.762000000000626,0.4418350474925583,4.320164952508067,1.814432991393322,0.0,5.394999999999982,target,2021
1,888520,888529,2021-03-02 13:50:00+00:00,2021-03-02 14:35:00+00:00,1727.8505,1724.1235000000001,0.01,9,-3.7269999999998618,0.42294942850259687,-4.149949428502459,-1.1134825405158606,4.211000000000013,2.63149999999996,stop,2021
1,888789,888790,2021-03-03 13:15:00+00:00,2021-03-03 13:20:00+00:00,1716.6950000000002,1714.42,0.01,1,-2.275000000000091,0.4588333693922734,-2.7338333693923644,-1.2016849975350572,8.13000000000011,0.0,stop,2021
1,889068,889071,2021-03-04 13:30:00+00:00,2021-03-04 13:45:00+00:00,1716.6644999999999,1713.647,0.01,3,-3.0174999999999272,0.46739625237961546,-3.4848962523795426,-1.154895195486206,3.5045000000000073,2.116000000000213,stop,2021
-1,889348,889353,2021-03-05 13:50:00+00:00,2021-03-05 14:15:00+00:00,1697.232,1701.2105000000001,0.01,5,-3.9785000000001673,0.4448797945798935,-4.423379794580061,-1.111820986447122,8.375999999999976,4.817500000000109,stop,2021
-1,889620,889628,2021-03-08 13:30:00+00:00,2021-03-08 14:10:00+00:00,1693.81,1695.9904999999999,0.01,8,-2.180499999999938,0.45755706391352435,-2.6380570639134624,-1.2098404328885748,2.4600000000000364,3.8919999999998254,stop,2021
-1,889897,889899,2021-03-09 13:35:00+00:00,2021-03-09 13:45:00+00:00,1708.288,1710.7945,0.01,2,-2.50649999999996,0.4481254416961163,-2.954625441696076,-1.1787853348079487,4.203500000000076,0.0,stop,2021
-1,890174,890231,2021-03-10 13:40:00+00:00,2021-03-10 18:25:00+00:00,1716.8935,1723.7150000000001,0.01,57,-6.821500000000243,0.437491639143646,-7.258991639143889,-1.0641342284165698,7.177000000000135,2.433499999999867,stop,2021
-1,890442,890449,2021-03-11 13:00:00+00:00,2021-03-11 13:35:00+00:00,1734.7905,1730.0245000000004,0.01,7,4.765999999999622,0.4425838802002467,4.323416119799375,1.8142744942508258,1.5594999999998436,5.481999999999971,target,2021
1,890721,890755,2021-03-12 13:15:00+00:00,2021-03-12 16:05:00+00:00,1702.687,1708.9709999999995,0.01,34,6.283999999999651,0.4410657479409882,5.8429342520586625,1.8596226136406706,2.119499999999789,7.856500000000096,target,2021
1,891316,891378,2021-03-16 15:50:00+00:00,2021-03-16 22:00:00+00:00,1729.5230000000001,1731.81,0.01,62,2.286999999999807,0.571300102529062,1.7156998974707451,0.6346217486483066,1.6340000000000146,3.8024999999997817,session_flat,2021
-1,891622,891623,2021-03-17 18:20:00+00:00,2021-03-17 18:25:00+00:00,1740.9814999999999,1744.163,0.01,1,-3.181500000000142,0.42493622320093943,-3.606436223201081,-1.1335647409086658,3.5505000000002838,0.21349999999983993,stop,2021
-1,891848,891849,2021-03-18 14:10:00+00:00,2021-03-18 14:15:00+00:00,1724.122,1726.3094999999998,0.01,1,-2.1874999999997726,0.411158642792069,-2.5986586427918414,-1.1879582367049653,2.202999999999747,1.8044999999999618,stop,2021
1,892669,892672,2021-03-23 13:35:00+00:00,2021-03-23 13:50:00+00:00,1734.2150000000001,1732.17,0.01,3,-2.0450000000000728,0.4046893155678302,-2.449689315567903,-1.1978920858522328,2.8700000000003456,0.0,stop,2021
1,893226,893227,2021-03-25 14:00:00+00:00,2021-03-25 14:05:00+00:00,1739.495,1737.47,0.01,1,-2.0249999999998636,0.43670292554891627,-2.4617029255487797,-1.215655765703183,2.105000000000018,0.5500000000001819,stop,2021
-1,893518,893586,2021-03-26 15:20:00+00:00,2021-03-28 22:00:00+00:00,1734.1915,1731.72,0.01,68,2.471499999999878,0.5230372807713839,1.9484627192284942,0.7469667315424411,0.48700000000008004,3.9284999999999854,session_flat,2021
1,893766,893767,2021-03-29 13:00:00+00:00,2021-03-29 13:05:00+00:00,1724.0349999999999,1721.9285,0.01,1,-2.106499999999869,0.4126857213438681,-2.519185721343737,-1.195910620149012,2.244499999999789,2.31650000000036,stop,2021
-1,894335,894338,2021-03-31 14:25:00+00:00,2021-03-31 14:40:00+00:00,1696.9635,1699.345,0.01,3,-2.38149999999996,0.40888111251094,-2.7903811125109,-1.1716905784215608,2.526499999999942,0.7185000000001764,stop,2021
-1,894596,894602,2021-04-01 13:10:00+00:00,2021-04-01 13:40:00+00:00,1723.1,1725.4650000000001,0.01,6,-2.3650000000002365,0.4093386978157975,-2.774338697816034,-1.1730819018248442,2.5715000000000146,1.4334999999998672,stop,2021
-1,895437,895443,2021-04-07 14:15:00+00:00,2021-04-07 14:45:00+00:00,1739.4935,1741.6565,0.01,6,-2.163000000000011,0.40245556842478647,-2.5654555684247975,-1.1860636007511718,2.651499999999942,1.268500000000131,stop,2021
-1,895700,895704,2021-04-08 13:10:00+00:00,2021-04-08 13:30:00+00:00,1751.1799999999998,1753.2895,0.01,4,-2.109500000000253,0.4048101305360113,-2.514310130536264,-1.1918986160398022,4.141500000000178,0.5949999999997999,stop,2021
1,895977,895983,2021-04-09 13:15:00+00:00,2021-04-09 13:45:00+00:00,1734.03,1738.6199999999997,0.01,6,4.589999999999691,0.4085926261858918,4.181407373813799,1.8219639973046102,0.0,6.496499999999969,target,2021
1,896807,896818,2021-04-14 13:25:00+00:00,2021-04-14 14:20:00+00:00,1737.5259999999998,1734.165,0.01,11,-3.3609999999998768,0.40683311765677616,-3.767833117656653,-1.1210452596420086,4.872499999999945,1.8390000000001692,stop,2021
-1,897104,897108,2021-04-15 15:10:00+00:00,2021-04-15 15:30:00+00:00,1765.8384999999998,1767.8600000000001,0.01,4,-2.0215000000002874,0.3691755576755732,-2.3906755576758605,-1.1826245647665201,2.026500000000169,1.1749999999997272,stop,2021
1,897635,897726,2021-04-19 13:25:00+00:00,2021-04-19 22:00:00+00:00,1770.505,1770.875,0.01,91,0.36999999999989086,0.4890095191682873,-0.11900951916839642,-0.03225190221365709,1.4715000000001055,6.335999999999785,session_flat,2021
-1,897925,897938,2021-04-20 14:35:00+00:00,2021-04-20 15:40:00+00:00,1776.245,1778.4,0.01,13,-2.1550000000002,0.41224810208481427,-2.5672481020850144,-1.1912984232411954,3.768000000000029,3.1599999999998545,stop,2021
-1,898194,898204,2021-04-21 14:00:00+00:00,2021-04-21 14:50:00+00:00,1794.9250000000002,1789.4350000000004,0.01,10,5.489999999999782,0.4029789258518827,5.087021074147899,1.8531952911286345,1.6034999999997126,5.625000000000227,target,2021
1,898489,898494,2021-04-22 15:35:00+00:00,2021-04-22 16:00:00+00:00,1781.6945,1779.3435,0.01,5,-2.3510000000001128,0.40300558003768205,-2.754005580037795,-1.1714187920194228,4.214500000000044,1.5740000000000691,stop,2021
1,898738,898739,2021-04-23 13:20:00+00:00,2021-04-23 13:25:00+00:00,1790.78,1787.57,0.01,1,-3.2100000000000364,0.43955127665544114,-3.6495512766554774,-1.1369318618864286,4.041500000000042,0.0,stop,2021
-1,899631,899648,2021-04-28 18:45:00+00:00,2021-04-28 20:10:00+00:00,1779.5035,1782.5414999999998,0.01,17,-3.0379999999997835,0.44111323027189636,-3.47911323027168,-1.1451985616431626,3.0529999999998836,1.4135000000001128,stop,2021
1,899843,899844,2021-04-29 13:25:00+00:00,2021-04-29 13:30:00+00:00,1768.4205000000002,1764.72,0.01,1,-3.7005000000001473,0.42015662538638,-4.120656625386527,-1.1135405013880186,3.8070000000002437,0.0,stop,2021
1,900125,900127,2021-04-30 13:55:00+00:00,2021-04-30 14:05:00+00:00,1768.8049999999998,1766.08,0.01,2,-2.724999999999909,0.43867130904563906,-3.163671309045548,-1.1609802968974876,4.519999999999982,0.7730000000001382,stop,2021
-1,900680,900685,2021-05-04 14:10:00+00:00,2021-05-04 14:35:00+00:00,1796.1235,1790.2174999999995,0.01,5,5.906000000000404,0.43396462991881196,5.472035370081592,1.853042793796552,0.8795000000000073,6.267499999999927,target,2021
-1,900956,900964,2021-05-05 14:10:00+00:00,2021-05-05 14:50:00+00:00,1782.12,1784.2350000000001,0.01,8,-2.1150000000002365,0.41367647114007683,-2.5286764711403134,-1.195591712122946,2.875,2.8299999999999272,stop,2021
-1,901248,901314,2021-05-06 15:30:00+00:00,2021-05-06 22:00:00+00:00,1816.0515,1815.0055,0.01,66,1.0460000000000491,0.5701987133782664,0.47580128662178267,0.23108367490130638,0.6489999999998872,3.356499999999869,session_flat,2021
1,901497,901498,2021-05-07 13:15:00+00:00,2021-05-07 13:20:00+00:00,1833.3265000000001,1827.9305,0.01,1,-5.3960000000001855,0.4315203893490953,-5.827520389349281,-1.0799704205613565,6.565000000000055,0.3449999999997999,stop,2021
1,902047,902048,2021-05-11 13:05:00+00:00,2021-05-11 13:10:00+00:00,1828.0549999999998,1825.185,0.01,1,-2.869999999999891,0.43224169147778774,-3.3022416914776787,-1.150606861142092,3.106499999999869,0.0,stop,2021
-1,902324,902325,2021-05-12 13:10:00+00:00,2021-05-12 13:15:00+00:00,1840.8485,1835.6655,0.01,1,5.182999999999993,0.4080133753482416,4.774986624651751,1.8425570614129878,0.0,9.458500000000186,target,2021
-1,902611,902613,2021-05-13 14:05:00+00:00,2021-05-13 14:15:00+00:00,1820.774,1823.309,0.01,2,-2.535000000000082,0.4002460725065734,-2.935246072506655,-1.1578879970440081,2.546000000000049,1.1089999999999236,stop,2021
-1,902883,902938,2021-05-14 13:45:00+00:00,2021-05-14 18:20:00+00:00,1838.5385,1841.326,0.01,55,-2.787499999999909,0.3917835597843255,-3.1792835597842344,-1.1405501559764442,3.092999999999847,3.7695000000001073,stop,2021
1,903430,903437,2021-05-18 13:20:00+00:00,2021-05-18 13:55:00+00:00,1868.7215,1865.5149999999999,0.01,7,-3.206500000000233,0.43911763966982603,-3.645617639670059,-1.1369460906501774,4.964000000000169,2.5899999999996908,stop,2021
-1,903705,903709,2021-05-19 13:15:00+00:00,2021-05-19 13:35:00+00:00,1870.5085,1872.643,0.01,4,-2.1345000000001164,0.48042796697218343,-2.6149279669723,-1.2250775202493123,11.931500000000142,3.0734999999999673,stop,2021
-1,903982,903985,2021-05-20 13:20:00+00:00,2021-05-20 13:35:00+00:00,1871.6335,1873.7,0.01,3,-2.066500000000133,0.46616561224401426,-2.532665612244147,-1.2255821980372534,2.7565000000001874,1.8034999999999854,stop,2021
1,904266,904267,2021-05-21 14:00:00+00:00,2021-05-21 14:05:00+00:00,1877.6965,1875.49,0.01,1,-2.2065000000000055,0.45654908856630355,-2.663049088566309,-1.2069109850742363,2.6480000000001382,0.0,stop,2021
-1,904539,904542,2021-05-24 13:45:00+00:00,2021-05-24 14:00:00+00:00,1883.6100000000001,1879.4800000000005,0.01,3,4.129999999999654,0.4072940147765836,3.7227059852230706,1.8027631889701607,0.0,5.644999999999982,target,2021
1,904809,904810,2021-05-25 13:15:00+00:00,2021-05-25 13:20:00+00:00,1882.355,1880.275,0.01,1,-2.0799999999999272,0.39791512008028823,-2.4779151200802154,-1.191305346192453,2.401499999999942,0.0,stop,2021
1,905141,905178,2021-05-26 17:55:00+00:00,2021-05-26 22:00:00+00:00,1893.0315,1896.755,0.01,37,3.723500000000058,0.4722050204143352,3.251294979585723,1.4291406503672937,0.7415000000000873,3.91599999999994,session_flat,2021
-1,905358,905362,2021-05-27 13:00:00+00:00,2021-05-27 13:20:00+00:00,1896.8665,1892.7885000000006,0.01,4,4.07799999999952,0.4383314870372144,3.6396685129623054,1.785026244709531,0.8949999999999818,4.526499999999942,target,2021
1,906150,906151,2021-06-01 14:00:00+00:00,2021-06-01 14:05:00+00:00,1904.7835,1902.3515000000002,0.01,1,-2.431999999999789,0.43073406259774005,-2.862734062597529,-1.1771110454760598,7.5534999999999854,0.0,stop,2021
1,906700,906786,2021-06-03 13:50:00+00:00,2021-06-03 22:00:00+00:00,1868.78,1870.505,0.01,86,1.7250000000001364,0.4323317438948609,1.2926682561052756,0.40270039131005014,3.1849999999999454,5.350000000000136,session_flat,2021
1,907526,907528,2021-06-08 13:40:00+00:00,2021-06-08 13:50:00+00:00,1892.8,1889.955,0.01,2,-2.8450000000000273,0.38509690543450786,-3.230096905434535,-1.1353591934743423,6.141499999999951,1.5899999999999181,stop,2021
-1,908072,908073,2021-06-10 13:10:00+00:00,2021-06-10 13:15:00+00:00,1890.2150000000001,1892.97,0.01,1,-2.7549999999998818,0.3913659042267534,-3.146365904226635,-1.1420565895559964,3.5949999999998,0.0,stop,2021
-1,908632,908633,2021-06-14 13:50:00+00:00,2021-06-14 13:55:00+00:00,1862.07,1865.16,0.01,1,-3.090000000000146,0.4192727352844556,-3.5092727352846014,-1.1356869693477138,4.360000000000127,0.0,stop,2021
-1,909187,909233,2021-06-16 14:05:00+00:00,2021-06-16 17:55:00+00:00,1858.935,1861.6799999999998,0.01,46,-2.744999999999891,0.4705917759205048,-3.215591775920396,-1.171435983941903,4.528500000000122,3.8899999999998727,stop,2021
1,909452,909457,2021-06-17 13:10:00+00:00,2021-06-17 13:35:00+00:00,1782.845,1788.5780000000002,0.01,5,5.733000000000175,0.39209181641502905,5.340908183585146,1.8632158324036223,1.5699999999999363,7.724999999999909,target,2021
1,909730,909731,2021-06-18 13:20:00+00:00,2021-06-18 13:25:00+00:00,1776.825,1774.62,0.01,1,-2.2050000000001546,0.3928684651311636,-2.5978684651313184,-1.1781716395152546,2.990000000000009,0.0,stop,2021
-1,910023,910025,2021-06-21 14:45:00+00:00,2021-06-21 14:55:00+00:00,1781.0935,1783.59,0.01,2,-2.496499999999969,0.41389871728616007,-2.910398717286129,-1.1657915951476727,2.666500000000042,0.0,stop,2021
-1,910571,910578,2021-06-23 14:25:00+00:00,2021-06-23 15:00:00+00:00,1792.905,1788.7549999999999,0.01,7,4.150000000000091,0.40860391729308604,3.7413960827070047,1.8030824494973121,0.46499999999991815,4.169999999999845,target,2021
1,910853,910856,2021-06-24 14:55:00+00:00,2021-06-24 15:10:00+00:00,1778.04,1782.2399999999998,0.01,3,4.199999999999818,0.46694126986755274,3.7330587301322655,1.7776470143487748,0.0,4.25,target,2021
1,911658,911698,2021-06-29 13:00:00+00:00,2021-06-29 16:20:00+00:00,1755.385,1764.6499999999999,0.01,40,9.264999999999873,0.4740895696343393,8.790910430365534,1.8976601036946907,3.9249999999999545,9.939999999999827,target,2021
-1,911981,912030,2021-06-30 16:55:00+00:00,2021-06-30 22:00:00+00:00,1771.8600000000001,1770.35,0.01,49,1.5100000000002183,0.5557756005892505,0.9542243994109678,0.36213449693019106,1.0799999999999272,3.6350000000002183,session_flat,2021
1,912226,912229,2021-07-01 14:20:00+00:00,2021-07-01 14:35:00+00:00,1777.165,1775.125,0.01,3,-2.0399999999999636,0.4225399268328803,-2.462539926832844,-1.2071274151141607,2.7349999999999,0.5565000000001419,stop,2021
-1,912489,912491,2021-07-02 13:15:00+00:00,2021-07-02 13:25:00+00:00,1792.99,1788.7800000000004,0.01,2,4.209999999999582,0.43379613692126423,3.7762038630783175,1.7939210750967662,1.1049999999997908,4.745000000000118,target,2021
1,912990,912991,2021-07-06 13:00:00+00:00,2021-07-06 13:05:00+00:00,1810.165,1808.16,0.01,1,-2.0049999999998818,0.46086986258773716,-2.4658698625876188,-1.229860280592401,3.0399999999999636,0.0,stop,2021
1,913266,913267,2021-07-07 13:00:00+00:00,2021-07-07 13:05:00+00:00,1805.7085000000002,1803.665,0.01,1,-2.043500000000222,0.4737940460590458,-2.5172940460592677,-1.2318541943033983,2.1900000000000546,0.0,stop,2021
1,913553,913555,2021-07-08 13:55:00+00:00,2021-07-08 14:05:00+00:00,1809.995,1807.29,0.01,2,-2.7049999999999272,0.48045520895212984,-3.185455208952057,-1.1776174524776868,4.299999999999727,0.6350000000002183,stop,2021
1,914106,914109,2021-07-12 14:00:00+00:00,2021-07-12 14:15:00+00:00,1794.2649999999999,1798.5349999999994,0.01,3,4.269999999999527,0.4596386563222106,3.8103613436773163,1.7847125731511655,0.849999999999909,4.315000000000055,target,2021
-1,914378,914379,2021-07-13 13:40:00+00:00,2021-07-13 13:45:00+00:00,1811.915,1813.9335,0.01,1,-2.018500000000131,0.4688408553157437,-2.4873408553158747,-1.2322719124675319,2.2714999999998327,1.3150000000000546,stop,2021
1,914658,914661,2021-07-14 14:00:00+00:00,2021-07-14 14:15:00+00:00,1823.46,1820.679,0.01,3,-2.780999999999949,0.47539908180130636,-3.2563990818012556,-1.1709453728160069,3.0549999999998363,2.3049999999998363,stop,2021
1,915216,915218,2021-07-16 14:30:00+00:00,2021-07-16 14:40:00+00:00,1816.54,1814.4650000000001,0.01,2,-2.074999999999818,0.46993676008217705,-2.544936760081995,-1.226475547027575,2.6800000000000637,0.11500000000023647,stop,2021
1,915755,915768,2021-07-20 13:25:00+00:00,2021-07-20 14:30:00+00:00,1821.76,1819.65,0.01,13,-2.1099999999999,0.42933070538297763,-2.5393307053828775,-1.2034742679540276,3.4950000000001182,3.3064999999999145,stop,2021
1,916050,916122,2021-07-21 15:00:00+00:00,2021-07-21 22:00:00+00:00,1801.4250000000002,1803.5700000000002,0.01,72,2.144999999999982,0.562920916349845,1.5820790836501368,0.7587909274100416,0.0,4.139999999999873,session_flat,2021
1,916310,916311,2021-07-22 13:40:00+00:00,2021-07-22 13:45:00+00:00,1799.69,1797.165,0.01,1,-2.525000000000091,0.47028046268428536,-2.9952804626843763,-1.1862496881917894,2.5399999999999636,0.1554999999998472,stop,2021
1,916593,916598,2021-07-23 14:15:00+00:00,2021-07-23 14:40:00+00:00,1799.56,1796.8600000000001,0.01,5,-2.699999999999818,0.4428121983417934,-3.1428121983416117,-1.164004517904379,4.085000000000036,0.27500000000009095,stop,2021
1,917140,917141,2021-07-27 13:50:00+00:00,2021-07-27 13:55:00+00:00,1802.22,1800.185,0.01,1,-2.035000000000082,0.45339865409757674,-2.488398654097659,-1.2228003214238619,2.0550000000000637,0.0,stop,2021
-1,917476,917482,2021-07-28 18:50:00+00:00,2021-07-28 19:20:00+00:00,1801.618,1804.795,0.01,6,-3.1770000000001346,0.4648246760980406,-3.6418246760981754,-1.1463093094422478,3.2020000000002256,1.2644999999997708,stop,2021
1,918007,918023,2021-07-30 17:05:00+00:00,2021-07-30 18:25:00+00:00,1815.35,1812.54,0.01,16,-2.8099999999999454,0.41712550258198294,-3.2271255025819285,-1.1484432393530217,3.9699999999998,1.2400000000002365,stop,2021
1,918804,918809,2021-08-04 14:30:00+00:00,2021-08-04 14:55:00+00:00,1812.24,1810.0,0.01,5,-2.240000000000009,0.42938758048009423,-2.6693875804801035,-1.1916908841428986,2.4400000000000546,1.0699999999999363,stop,2021
1,919072,919158,2021-08-05 13:50:00+00:00,2021-08-05 22:00:00+00:00,1801.53,1804.654,0.01,86,3.1240000000000236,0.47180561683659394,2.6521943831634296,0.7246432740883525,1.0,6.748499999999922,session_flat,2021
1,919340,919341,2021-08-06 13:10:00+00:00,2021-08-06 13:15:00+00:00,1774.26,1770.9285,0.01,1,-3.3315000000000055,0.4604662528825621,-3.7919662528825677,-1.1382158946068022,3.9300000000000637,0.8550000000000182,stop,2021
1,919640,919650,2021-08-09 15:10:00+00:00,2021-08-09 16:00:00+00:00,1729.255,1726.3025,0.01,10,-2.9525000000001,0.427996540251207,-3.380496540251307,-1.1449607248945615,3.180000000000291,3.230000000000018,stop,2021
-1,920217,920232,2021-08-11 17:15:00+00:00,2021-08-11 18:30:00+00:00,1751.9065,1754.175,0.01,15,-2.2684999999999036,0.4483798447977588,-2.7168798447976625,-1.1976547695824458,2.4234999999998763,0.796500000000151,stop,2021
-1,920734,920745,2021-08-13 14:20:00+00:00,2021-08-13 15:15:00+00:00,1772.12,1774.5275000000001,0.01,11,-2.4075000000002547,0.4483616956549383,-2.855861695655193,-1.1862353876032776,2.8700000000001182,2.4224999999999,stop,2021
-1,921003,921004,2021-08-16 13:45:00+00:00,2021-08-16 13:50:00+00:00,1783.8200000000002,1785.84,0.01,1,-2.0199999999997544,0.44697824374804246,-2.4669782437477967,-1.221276358291137,2.8534999999997126,0.0,stop,2021
1,921286,921303,2021-08-17 14:20:00+00:00,2021-08-17 15:45:00+00:00,1783.395,1781.07,0.01,17,-2.3250000000000455,0.45752314210976003,-2.7825231421098056,-1.196784147143979,2.625,3.8350000000000364,stop,2021
-1,921608,921642,2021-08-18 18:10:00+00:00,2021-08-18 22:00:00+00:00,1786.59,1787.8400000000001,0.01,34,-1.2500000000002274,0.5075989413701427,-1.75759894137037,-0.45415993317062436,2.9500000000000455,3.474999999999909,session_flat,2021
-1,921825,921828,2021-08-19 13:15:00+00:00,2021-08-19 13:30:00+00:00,1790.125,1785.312,0.01,3,4.813000000000102,0.43772473345116875,4.375275266548933,1.8181073204025933,0.0,5.110000000000127,target,2021
1,922099,922114,2021-08-20 13:05:00+00:00,2021-08-20 14:20:00+00:00,1782.358,1779.3274999999999,0.01,15,-3.0305000000000746,0.4475802011593301,-3.4780802011594045,-1.1476918664112585,3.13799999999992,3.609000000000151,stop,2021
-1,922380,922388,2021-08-23 13:30:00+00:00,2021-08-23 14:10:00+00:00,1804.1735,1799.5205000000003,0.01,8,4.652999999999793,0.44186782135432817,4.211132178645465,1.8100718584335493,1.496499999999969,5.153500000000122,target,2021
-1,922926,922927,2021-08-25 13:00:00+00:00,2021-08-25 13:05:00+00:00,1795.71,1797.77,0.01,1,-2.0599999999999454,0.4405784666273113,-2.500578466627257,-1.2138730420520987,2.09699999999998,0.44849999999996726,stop,2021
-1,923212,923217,2021-08-26 13:50:00+00:00,2021-08-26 14:15:00+00:00,1786.665,1788.6845,0.01,5,-2.0195000000001073,0.4391338794423972,-2.4586338794425044,-1.2174468330984767,3.8920000000000528,1.7329999999999472,stop,2021
-1,923489,923490,2021-08-27 13:55:00+00:00,2021-08-27 14:00:00+00:00,1792.0435,1795.455,0.01,1,-3.4114999999999327,0.5004786834842343,-3.911978683484167,-1.1467034100789226,10.033500000000004,7.808499999999867,stop,2021
1,924033,924036,2021-08-31 13:15:00+00:00,2021-08-31 13:30:00+00:00,1804.81,1810.0349999999999,0.01,3,5.224999999999909,0.36990442218794656,4.855095577811962,1.8584097905500658,0.0,6.063499999999976,target,2021
1,924598,924601,2021-09-02 14:20:00+00:00,2021-09-02 14:35:00+00:00,1807.1734999999999,1811.1874999999995,0.01,3,4.013999999999669,0.37013917707739613,3.6438608229222726,1.8155758958258958,0.20699999999987995,4.489000000000033,target,2021
1,925373,925374,2021-09-07 13:55:00+00:00,2021-09-07 14:00:00+00:00,1810.8899999999999,1808.7295,0.01,1,-2.1604999999999563,0.4144989197748788,-2.5749989197748353,-1.191853237572269,10.921499999999924,0.0,stop,2021
1,925649,925734,2021-09-08 13:55:00+00:00,2021-09-08 22:00:00+00:00,1787.5845,1789.31,0.01,85,1.7255000000000111,0.42461277552234905,1.3008872244776621,0.2517927464391191,3.530999999999949,7.580500000000029,session_flat,2021
-1,925920,925923,2021-09-09 13:30:00+00:00,2021-09-09 13:45:00+00:00,1797.2849999999999,1793.272,0.01,3,4.01299999999992,0.41197673733916523,3.6010232626607546,1.7946789248247328,0.0,4.1599999999998545,target,2021
-1,926746,926748,2021-09-14 13:20:00+00:00,2021-09-14 13:30:00+00:00,1797.3285,1800.018,0.01,2,-2.6894999999999527,0.3920056440673551,-3.081505644067308,-1.1457540970691065,3.294499999999971,2.893500000000131,stop,2021
1,927305,927390,2021-09-16 13:55:00+00:00,2021-09-16 22:00:00+00:00,1751.652,1753.705,0.01,85,2.0529999999998836,0.4532360519658966,1.599763948033987,0.25364895323196174,2.8335000000001855,6.8659999999999854,session_flat,2021
1,927571,927574,2021-09-17 13:05:00+00:00,2021-09-17 13:20:00+00:00,1753.9065,1751.5165,0.01,3,-2.3900000000001,0.3757566730631959,-2.765756673063296,-1.1572203652984017,3.2280000000000655,1.3029999999998836,stop,2021
-1,927864,927865,2021-09-20 14:30:00+00:00,2021-09-20 14:35:00+00:00,1762.5565,1765.22,0.01,1,-2.6635000000001128,0.36617812959520374,-3.0296781295953163,-1.1374800561648912,3.04300000000012,0.0,stop,2021
-1,928407,928426,2021-09-22 13:45:00+00:00,2021-09-22 15:20:00+00:00,1775.7165,1778.4515000000001,0.01,19,-2.7350000000001273,0.36317062484437707,-3.0981706248445042,-1.1327863344951956,3.244999999999891,2.7065000000000055,stop,2021
1,928684,928685,2021-09-23 13:50:00+00:00,2021-09-23 13:55:00+00:00,1753.578,1751.5169999999998,0.01,1,-2.061000000000149,0.3908986019356388,-2.451898601935788,-1.1896645327198498,3.8379999999999654,0.0,stop,2021
1,928952,928954,2021-09-24 13:10:00+00:00,2021-09-24 13:20:00+00:00,1744.277,1741.9805000000001,0.01,2,-2.2964999999999236,0.3922467131448258,-2.6887467131447496,-1.17080196522745,2.957499999999982,1.0299999999997453,stop,2021
-1,929237,929248,2021-09-27 13:55:00+00:00,2021-09-27 14:50:00+00:00,1755.008,1749.0939999999998,0.01,11,5.914000000000215,0.36087455813099506,5.55312544186922,1.877959229580324,1.9199999999998454,6.163000000000011,target,2021
-1,929505,929507,2021-09-28 13:15:00+00:00,2021-09-28 13:25:00+00:00,1734.52,1736.8165,0.01,2,-2.2964999999999236,0.3884540892464374,-2.684954089246361,-1.1691504851933159,6.3400000000001455,0.02500000000009095,stop,2021
1,929795,929800,2021-09-29 14:25:00+00:00,2021-09-29 14:50:00+00:00,1728.345,1725.9215,0.01,5,-2.4235000000001037,0.3764254272685665,-2.79992542726867,-1.15532305643431,2.8050000000000637,1.1834999999998672,stop,2021
-1,930055,930057,2021-09-30 13:05:00+00:00,2021-09-30 13:15:00+00:00,1735.274,1738.91,0.01,2,-3.6360000000001946,0.38137504369002845,-4.017375043690223,-1.10488862587734,3.796000000000049,0.0,stop,2021
-1,930350,930353,2021-10-01 14:40:00+00:00,2021-10-01 14:55:00+00:00,1762.2649999999999,1758.212,0.01,3,4.052999999999884,0.3955155376126734,3.65748446238721,1.8048282567911744,0.0,4.699999999999818,target,2021
1,930896,930911,2021-10-05 14:10:00+00:00,2021-10-05 15:25:00+00:00,1751.2475,1756.4125,0.01,15,5.164999999999964,0.39564090223698195,4.769359097762981,1.8467992634125905,2.1140000000000327,6.5275000000001455,target,2021
1,931163,931179,2021-10-06 13:25:00+00:00,2021-10-06 14:45:00+00:00,1757.1399999999999,1761.4499999999994,0.01,16,4.309999999999491,0.4058071908365229,3.904192809162968,1.8116903986837258,0.8350000000000364,4.9090000000001055,target,2021
1,931437,931446,2021-10-07 13:15:00+00:00,2021-10-07 14:00:00+00:00,1754.6665,1759.9465000000002,0.01,9,5.2800000000002,0.4166623595662213,4.863337640433979,1.8421733486491647,2.52800000000002,7.480000000000018,target,2021
-1,931715,931717,2021-10-08 13:25:00+00:00,2021-10-08 13:35:00+00:00,1779.045,1774.8850000000002,0.01,2,4.1599999999998545,0.3979319439477847,3.76206805605207,1.8086865654097122,1.0014999999998508,5.178000000000111,target,2021
1,932283,932284,2021-10-12 14:45:00+00:00,2021-10-12 14:50:00+00:00,1764.9099999999999,1762.8715000000002,0.01,1,-2.038499999999658,0.4146315600769848,-2.453131560076643,-1.2034003238052755,2.439999999999827,0.0,stop,2021
1,932540,932541,2021-10-13 13:10:00+00:00,2021-10-13 13:15:00+00:00,1760.99,1767.039,0.01,1,6.048999999999978,0.38231492437449194,5.6666850756254865,1.873594007480743,0.0,6.769999999999982,target,2021
1,932833,932835,2021-10-14 14:35:00+00:00,2021-10-14 14:45:00+00:00,1797.855,1795.708,0.01,2,-2.1469999999999345,0.3834778297597807,-2.530477829759715,-1.1786110059430797,3.130000000000109,0.0,stop,2021
1,933090,933186,2021-10-15 13:00:00+00:00,2021-10-17 22:00:00+00:00,1768.912,1767.18,0.01,96,-1.7319999999999711,0.47756743058598866,-2.2095674305859596,-0.5480077952842263,2.9420000000000073,7.548000000000002,session_flat,2021
1,933377,933379,2021-10-18 13:55:00+00:00,2021-10-18 14:05:00+00:00,1765.682,1770.2400000000005,0.01,2,4.5580000000004475,0.4006977544947565,4.157302245505691,1.824178256035666,0.0,4.87299999999982,target,2021
1,933654,933657,2021-10-19 14:00:00+00:00,2021-10-19 14:15:00+00:00,1778.6680000000001,1776.183,0.01,3,-2.4850000000001273,0.3884566026962557,-2.873456602696383,-1.156320564465286,6.3680000000001655,0.9989999999997963,stop,2021
1,933925,933963,2021-10-20 13:35:00+00:00,2021-10-20 16:45:00+00:00,1778.7649999999999,1786.5549999999998,0.01,38,7.789999999999964,0.3726907004851467,7.417309299514817,1.9043156096315408,1.9229999999997744,7.885000000000218,target,2021
-1,934472,934481,2021-10-22 13:10:00+00:00,2021-10-22 13:55:00+00:00,1805.708,1807.8455,0.01,9,-2.137499999999818,0.36261416727072787,-2.500114167270546,-1.1696440548635127,4.0,2.298000000000229,stop,2021
1,935030,935033,2021-10-26 13:40:00+00:00,2021-10-26 13:55:00+00:00,1793.8429999999998,1789.348,0.01,3,-4.494999999999891,0.3975156043057347,-4.8925156043056255,-1.0884350621369843,5.119499999999789,0.0,stop,2021
1,935315,935318,2021-10-27 14:25:00+00:00,2021-10-27 14:40:00+00:00,1787.342,1792.212,0.01,3,4.869999999999891,0.39481701937490393,4.475182980624987,1.8378574869096866,0.10000000000013642,5.485999999999876,target,2021
-1,935578,935579,2021-10-28 13:20:00+00:00,2021-10-28 13:25:00+00:00,1802.092,1804.7350000000001,0.01,1,-2.643000000000029,0.3906076604167556,-3.0336076604167848,-1.1477895045087974,5.385999999999967,0.0,stop,2021
1,935850,935855,2021-10-29 13:00:00+00:00,2021-10-29 13:25:00+00:00,1780.732,1777.5770000000002,0.01,5,-3.1549999999997453,0.4002749231704132,-3.5552749231701584,-1.1268700231919002,3.5219999999999345,2.5750000000000455,stop,2021
-1,936139,936142,2021-11-01 14:05:00+00:00,2021-11-01 14:20:00+00:00,1792.065,1794.4375,0.01,3,-2.3724999999999454,0.3686123096092009,-2.7411123096091465,-1.155368729023903,3.650000000000091,1.8099999999999454,stop,2021
1,936685,936687,2021-11-03 13:35:00+00:00,2021-11-03 13:45:00+00:00,1770.4769999999999,1766.6779999999999,0.01,2,-3.798999999999978,0.3973233363089282,-4.1963233363089065,-1.104586295422198,4.079999999999927,0.0,stop,2021
-1,937232,937233,2021-11-05 13:10:00+00:00,2021-11-05 13:15:00+00:00,1793.9879999999998,1796.1,0.01,1,-2.11200000000008,0.4214283808374672,-2.533428380837547,-1.1995399530480355,3.28650000000016,0.0,stop,2021
-1,937500,937506,2021-11-08 13:30:00+00:00,2021-11-08 14:00:00+00:00,1821.0425,1824.3274999999999,0.01,6,-3.2849999999998545,0.4168335290516701,-3.7018335290515245,-1.1268899631816403,3.634999999999991,3.2775000000001455,stop,2021
1,937796,937854,2021-11-09 15:10:00+00:00,2021-11-09 20:00:00+00:00,1824.1,1831.52,0.01,58,7.420000000000073,0.3891625937510202,7.030837406249052,1.8951044221695372,2.4549999999999272,8.608000000000175,target,2021
-1,938056,938058,2021-11-10 13:50:00+00:00,2021-11-10 14:00:00+00:00,1848.0185000000001,1851.2385,0.01,2,-3.2199999999998,0.4300233455402562,-3.650023345540056,-1.1335476228385972,7.119999999999891,0.8500000000001364,stop,2021
-1,938328,938331,2021-11-11 13:30:00+00:00,2021-11-11 13:45:00+00:00,1860.4450000000002,1863.065,0.01,3,-2.619999999999891,0.4395020528812575,-3.0595020528811485,-1.1677488751455252,5.614999999999782,0.0,stop,2021
-1,938624,938625,2021-11-12 15:10:00+00:00,2021-11-12 15:15:00+00:00,1860.1329999999998,1863.1129999999998,0.01,1,-2.980000000000018,0.3939243214494111,-3.3739243214494294,-1.1321893696138956,3.6770000000001346,0.584999999999809,stop,2021
-1,938878,938970,2021-11-15 13:20:00+00:00,2021-11-15 21:00:00+00:00,1865.92,1863.255,0.01,92,2.6649999999999636,0.4204614170512334,2.24453858294873,0.4790904125824453,2.0429999999998927,7.610000000000127,session_flat,2021
-1,939154,939161,2021-11-16 13:20:00+00:00,2021-11-16 13:55:00+00:00,1874.4850000000001,1868.9750000000004,0.01,7,5.5099999999997635,0.44334788791348917,5.066652112086274,1.8390751768009044,0.0,8.965000000000146,target,2021
1,939487,939507,2021-11-17 18:05:00+00:00,2021-11-17 19:45:00+00:00,1866.21,1864.012,0.01,20,-2.1980000000000928,0.39229951071761876,-2.5902995107177116,-1.1784802141572348,3.125,1.8769999999999527,stop,2021
1,939708,939798,2021-11-18 13:30:00+00:00,2021-11-18 21:00:00+00:00,1859.895,1860.725,0.01,90,0.8299999999999274,0.42785651154818194,0.4021434884517454,0.08466178704247272,3.0599999999999454,7.0779999999999745,session_flat,2021
-1,939992,939993,2021-11-19 14:10:00+00:00,2021-11-19 14:15:00+00:00,1862.963,1857.1789999999999,0.01,1,5.7840000000001055,0.44202800968485184,5.341971990315254,1.8471549067479793,0.0,10.957999999999856,target,2021
1,940268,940269,2021-11-22 14:10:00+00:00,2021-11-22 14:15:00+00:00,1831.522,1828.8600000000001,0.01,1,-2.661999999999807,0.43886840358425866,-3.100868403584066,-1.1648641636304622,15.549999999999955,0.0,stop,2021
1,940536,940537,2021-11-23 13:30:00+00:00,2021-11-23 13:35:00+00:00,1789.257,1786.395,0.01,1,-2.86200000000008,0.45245557786245577,-3.3144555778625358,-1.1580906980651444,4.961999999999989,0.0,stop,2021
1,940812,940820,2021-11-24 13:30:00+00:00,2021-11-24 14:10:00+00:00,1784.385,1781.8765,0.01,8,-2.5084999999999127,0.4773926536893308,-2.9858926536892434,-1.1903100074504076,5.769999999999982,3.24350000000004,stop,2021
1,941331,941349,2021-11-26 15:00:00+00:00,2021-11-26 16:30:00+00:00,1798.99,1795.438,0.01,18,-3.5519999999999072,0.4647970213929859,-4.016797021392893,-1.1308550172840648,4.606999999999971,3.7250000000001364,stop,2021
1,941853,941854,2021-11-30 15:45:00+00:00,2021-11-30 15:50:00+00:00,1795.1015000000002,1791.525,0.01,1,-3.576500000000124,0.48299448235394377,-4.059494482354068,-1.1350466887610589,10.16000000000031,0.0,stop,2021
-1,942105,942114,2021-12-01 13:45:00+00:00,2021-12-01 14:30:00+00:00,1788.346,1783.9180000000001,0.01,9,4.427999999999884,0.4832706929569427,3.944729307042941,1.781720554219984,2.168999999999869,4.517000000000053,target,2021
1,942380,942382,2021-12-02 13:40:00+00:00,2021-12-02 13:50:00+00:00,1776.1,1774.0835,0.01,2,-2.016499999999951,0.47213177092370545,-2.4886317709236563,-1.2341342776710722,2.2199999999998,0.8650000000002365,stop,2021
1,942650,942652,2021-12-03 13:10:00+00:00,2021-12-03 13:20:00+00:00,1772.308,1770.0149999999999,0.01,2,-2.29300000000012,0.481495891021625,-2.774495891021745,-1.2099851247368512,2.9255000000000564,0.0,stop,2021
1,943209,943215,2021-12-07 13:45:00+00:00,2021-12-07 14:15:00+00:00,1774.98,1780.31,0.01,6,5.329999999999927,0.44655982660331645,4.883440173396611,1.8324353371094475,1.8515000000002146,6.468499999999949,target,2021
-1,944032,944034,2021-12-10 13:20:00+00:00,2021-12-10 13:30:00+00:00,1775.6535,1777.6615000000002,0.01,2,-2.0080000000002656,0.48026959542309905,-2.4882695954233647,-1.2391780853700376,7.031500000000051,3.0534999999999854,stop,2021
1,944586,944587,2021-12-14 13:30:00+00:00,2021-12-14 13:35:00+00:00,1781.115,1778.98,0.01,1,-2.134999999999991,0.42845108668512677,-2.5634510866851175,-1.2006796658946737,4.770000000000209,0.0,stop,2021
1,944876,944921,2021-12-15 14:40:00+00:00,2021-12-15 18:25:00+00:00,1767.0535,1764.3765,0.01,45,-2.6769999999999072,0.4062768257180409,-3.083276825717948,-1.1517657174890006,3.4344999999998436,3.3915000000001783,stop,2021
-1,945153,945155,2021-12-16 14:45:00+00:00,2021-12-16 14:55:00+00:00,1789.4685,1793.1084999999998,0.01,2,-3.6399999999998727,0.4329570443752067,-4.072957044375079,-1.1189442429602259,5.776499999999942,0.0,stop,2021
1,945420,945426,2021-12-17 14:00:00+00:00,2021-12-17 14:30:00+00:00,1807.1599999999999,1804.7045,0.01,6,-2.4554999999998017,0.4136596152434869,-2.8691596152432886,-1.1684624782095379,2.894999999999982,1.2345000000000255,stop,2021
-1,945961,945978,2021-12-21 13:05:00+00:00,2021-12-21 14:30:00+00:00,1798.402,1794.0460000000003,0.01,17,4.355999999999767,0.44000787752675263,3.9159921224730145,1.7979761811171826,1.6614999999999327,4.902000000000044,target,2021
1,946533,946548,2021-12-23 14:45:00+00:00,2021-12-23 16:00:00+00:00,1801.6515,1807.1314999999995,0.01,15,5.479999999999563,0.4101212272525534,5.0698787727470105,1.8503207199808083,0.27800000000002,5.548500000000104,target,2021
1,947080,947100,2021-12-28 14:20:00+00:00,2021-12-28 16:00:00+00:00,1813.348,1810.545,0.01,20,-2.8029999999998836,0.4130797239120622,-3.2160797239119456,-1.1473705757802637,2.9209999999998217,2.675000000000182,stop,2021
1,947344,947362,2021-12-29 13:20:00+00:00,2021-12-29 14:50:00+00:00,1791.71,1796.08,0.01,18,4.369999999999891,0.4321179116652598,3.9378820883346313,1.8022343653705857,2.0455000000001746,4.701500000000124,target,2021
1,947621,947634,2021-12-30 13:25:00+00:00,2021-12-30 14:30:00+00:00,1801.05,1805.4209999999996,0.01,13,4.37099999999964,0.43430727087105486,3.936692729128585,1.8012778444881763,1.3099999999999454,6.571500000000242,target,2021
1,947912,947914,2021-12-31 14:40:00+00:00,2021-12-31 14:50:00+00:00,1824.9769999999999,1822.712,0.01,2,-2.2649999999998727,0.4260035346018953,-2.691003534601768,-1.1880810307293241,2.306999999999789,2.405999999999949,stop,2021
1,948195,948196,2022-01-03 15:15:00+00:00,2022-01-03 15:20:00+00:00,1802.05,1806.05,0.01,1,4.0,0.4155048532568238,3.5844951467431763,1.7922475733715881,0.0,4.682000000000016,target,2022
-1,948457,948458,2022-01-04 14:05:00+00:00,2022-01-04 14:10:00+00:00,1806.8600000000001,1809.5715,0.01,1,-2.7114999999998872,0.4211828358806879,-3.132682835880575,-1.155332043474352,3.3599999999999,0.45650000000023283,stop,2022
-1,948730,948740,2022-01-05 13:50:00+00:00,2022-01-05 14:40:00+00:00,1825.2330000000002,1827.9830000000002,0.01,10,-2.75,0.4043341246580869,-3.154334124658087,-1.1470305907847589,3.8369999999997617,0.3079999999999927,stop,2022
-1,949282,949286,2022-01-07 13:50:00+00:00,2022-01-07 14:10:00+00:00,1790.3935000000001,1793.22,0.01,4,-2.8264999999998963,0.44294115454816557,-3.269441154548062,-1.1567101201302608,3.9980000000000473,1.95900000000006,stop,2022
1,950413,950425,2022-01-13 16:05:00+00:00,2022-01-13 17:05:00+00:00,1814.712,1819.366,0.01,12,4.653999999999996,0.3966764977241983,4.257323502275798,1.8295330907932108,0.4619999999999891,4.891000000000076,target,2022
1,950672,950693,2022-01-14 14:40:00+00:00,2022-01-14 16:25:00+00:00,1821.682,1819.2795,0.01,21,-2.402499999999918,0.39169036856745315,-2.7941903685673712,-1.1630344926399445,3.8019999999999072,4.363000000000056,stop,2022
1,951173,951176,2022-01-18 14:25:00+00:00,2022-01-18 14:40:00+00:00,1814.672,1812.392,0.01,3,-2.2799999999999727,0.40342110610820675,-2.6834211061081796,-1.1769390816264087,2.3049999999998363,2.1359999999999673,stop,2022
-1,951716,951719,2022-01-20 13:40:00+00:00,2022-01-20 13:55:00+00:00,1843.635,1846.4450000000002,0.01,3,-2.810000000000173,0.4117647391496831,-3.221764739149856,-1.146535494359309,3.040000000000191,1.106999999999971,stop,2022
-1,951987,951991,2022-01-21 13:15:00+00:00,2022-01-21 13:35:00+00:00,1837.1,1839.742,0.01,4,-2.6420000000000528,0.4159819964254908,-3.0579819964255437,-1.1574496579960192,3.0329999999999018,0.0,stop,2022
1,952272,952274,2022-01-24 14:00:00+00:00,2022-01-24 14:10:00+00:00,1836.7069999999999,1840.8309999999997,0.01,2,4.123999999999796,0.39973334665738197,3.7242666533424145,1.8061428968683795,0.696999999999889,4.2280000000000655,target,2022
-1,952559,952560,2022-01-25 14:55:00+00:00,2022-01-25 15:00:00+00:00,1850.7855,1846.5235000000002,0.01,1,4.261999999999716,0.39569623702908757,3.8663037629706287,1.8143142951529263,0.6694999999999709,7.576000000000022,target,2022
1,952830,952832,2022-01-26 14:30:00+00:00,2022-01-26 14:40:00+00:00,1836.448,1832.1779999999999,0.01,2,-4.270000000000209,0.4115742439060636,-4.681574243906272,-1.0963874107508298,5.1430000000002565,0.0,stop,2022
1,953089,953090,2022-01-27 13:05:00+00:00,2022-01-27 13:10:00+00:00,1807.52,1804.8249999999998,0.01,1,-2.6950000000001637,0.42223348378674086,-3.1172334837869045,-1.1566729067854231,2.7199999999998,0.3650000000000091,stop,2022
-1,953368,953369,2022-01-28 13:20:00+00:00,2022-01-28 13:25:00+00:00,1790.53,1786.2299999999998,0.01,1,4.300000000000182,0.41635906212042006,3.883640937879762,1.8063446222695803,0.0,5.334999999999809,target,2022
-1,953653,953658,2022-01-31 14:05:00+00:00,2022-01-31 14:30:00+00:00,1795.8715,1798.0835,0.01,5,-2.211999999999989,0.3999278907389991,-2.611927890738988,-1.1807992272780294,2.5269999999998163,0.40300000000002,stop,2022
-1,954217,954221,2022-02-02 15:05:00+00:00,2022-02-02 15:25:00+00:00,1803.545,1807.77,0.01,4,-4.224999999999909,0.40654934338264,-4.631549343382549,-1.096224696658615,7.281999999999925,0.7450000000001182,stop,2022
1,954491,954494,2022-02-03 14:55:00+00:00,2022-02-03 15:10:00+00:00,1791.53,1797.1999999999996,0.01,3,5.669999999999618,0.4136745200322545,5.256325479967363,1.8540830617170079,1.2185000000001764,7.085000000000036,target,2022
1,954753,954754,2022-02-04 13:45:00+00:00,2022-02-04 13:50:00+00:00,1800.15,1797.2350000000001,0.01,1,-2.9149999999999636,0.4440195101675078,-3.3590195101674714,-1.1523223019442583,3.994000000000142,0.0,stop,2022
1,955032,955073,2022-02-07 14:00:00+00:00,2022-02-07 17:25:00+00:00,1814.1979999999999,1819.0279999999998,0.01,41,4.829999999999927,0.3882511660836326,4.441748833916295,1.839233471600978,2.3059999999998126,5.237500000000182,target,2022
-1,955574,955576,2022-02-09 13:10:00+00:00,2022-02-09 13:20:00+00:00,1829.452,1831.487,0.01,2,-2.035000000000082,0.40910196444787866,-2.4441019644479605,-1.2010329063625858,2.0685000000000855,0.3450000000000273,stop,2022
-1,955871,955873,2022-02-10 14:55:00+00:00,2022-02-10 15:05:00+00:00,1831.635,1834.09,0.01,2,-2.4549999999999272,0.3826733241191283,-2.8376733241190557,-1.1558750811075926,4.714999999999918,1.3900000000001,stop,2022
1,956134,956145,2022-02-11 13:50:00+00:00,2022-02-11 14:45:00+00:00,1827.455,1832.4249999999997,0.01,11,4.9699999999998,0.4020580870246511,4.567941912975149,1.8382060011973171,0.7929999999998927,5.0150000000001,target,2022
-1,956474,956496,2022-02-14 19:10:00+00:00,2022-02-14 21:00:00+00:00,1871.49,1871.895,0.01,22,-0.4049999999999727,0.4137760789662935,-0.8187760789662661,-0.3063135349668034,2.115000000000009,3.8350000000000364,session_flat,2022
1,956681,956682,2022-02-15 13:25:00+00:00,2022-02-15 13:30:00+00:00,1847.435,1844.92,0.01,1,-2.5149999999998727,0.4449285795038806,-2.959928579503753,-1.1769099719697427,2.6549999999999727,3.0550000000000637,stop,2022
-1,956972,956994,2022-02-16 14:40:00+00:00,2022-02-16 16:30:00+00:00,1862.129,1864.94,0.01,22,-2.811000000000149,0.38255804574147995,-3.193558045741629,-1.136093221537339,3.3610000000001037,2.0119999999997162,stop,2022
-1,957238,957240,2022-02-17 13:50:00+00:00,2022-02-17 14:00:00+00:00,1895.795,1891.7450000000003,0.01,2,4.049999999999727,0.40918031188388243,3.6408196881158448,1.79793564845239,0.974999999999909,5.660000000000082,target,2022
-1,957543,957549,2022-02-18 16:15:00+00:00,2022-02-18 16:45:00+00:00,1894.545,1896.6750000000002,0.01,6,-2.130000000000109,0.3768356202057472,-2.506835620205856,-1.1769181315519848,2.2174999999999727,1.9574999999999818,stop,2022
-1,957802,957820,2022-02-21 14:50:00+00:00,2022-02-21 16:20:00+00:00,1894.9725,1897.13,0.01,18,-2.1575000000000273,0.4130498555100118,-2.570549855510039,-1.1914483687184272,2.2049999999999272,2.085499999999911,stop,2022
-1,958033,958045,2022-02-22 13:35:00+00:00,2022-02-22 14:35:00+00:00,1902.2649999999999,1906.03,0.01,12,-3.7650000000001,0.39693194762331935,-4.16193194762342,-1.1054268121177449,4.908500000000004,1.5549999999998363,stop,2022
1,958589,958592,2022-02-24 13:55:00+00:00,2022-02-24 14:10:00+00:00,1959.0,1955.83,0.01,3,-3.1700000000000728,0.42403265310608756,-3.59403265310616,-1.1337642438820434,3.4700000000000273,4.157500000000027,stop,2022
1,958865,958866,2022-02-25 13:55:00+00:00,2022-02-25 14:00:00+00:00,1888.9,1886.24,0.01,1,-2.660000000000082,0.4334077498171525,-3.0934077498172345,-1.1629352442921577,3.7590000000000146,0.0,stop,2022
-1,959151,959154,2022-02-28 14:45:00+00:00,2022-02-28 15:00:00+00:00,1914.45,1909.76,0.01,3,4.690000000000055,0.41954480345437295,4.270455196545681,1.8210896360535742,0.14850000000001273,7.180000000000064,target,2022
1,959407,959413,2022-03-01 13:05:00+00:00,2022-03-01 13:35:00+00:00,1919.0704999999998,1914.7125,0.01,6,-4.35799999999972,0.4078217575722061,-4.765821757571926,-1.0935800269784837,5.550999999999931,2.969500000000153,stop,2022
-1,959692,959694,2022-03-02 13:50:00+00:00,2022-03-02 14:00:00+00:00,1931.1695,1934.054,0.01,2,-2.8845000000001164,0.4359107803538812,-3.3204107803539977,-1.1511217820606219,3.6555000000000746,0.03999999999996362,stop,2022
1,959967,959968,2022-03-03 13:45:00+00:00,2022-03-03 13:50:00+00:00,1929.3049999999998,1927.0305,0.01,1,-2.2744999999997617,0.42540417269852726,-2.699904172698289,-1.1870319510655405,2.6629999999997835,1.2450000000003456,stop,2022
1,960236,960244,2022-03-04 13:10:00+00:00,2022-03-04 13:50:00+00:00,1942.472,1947.5559999999998,0.01,8,5.083999999999833,0.4211091743737144,4.662890825626119,1.83433942786242,0.07849999999984902,5.888000000000147,target,2022
1,960519,960521,2022-03-07 13:45:00+00:00,2022-03-07 13:55:00+00:00,1966.5505,1977.5125,0.01,2,10.961999999999989,0.42029026495132643,10.541709735048663,1.9233186891167073,0.0,14.510500000000093,target,2022
1,960787,960788,2022-03-08 13:05:00+00:00,2022-03-08 13:10:00+00:00,2007.94,2016.4740000000002,0.01,1,8.534000000000106,0.4307743840858796,8.103225615914226,1.899045140828246,0.974999999999909,9.069999999999936,target,2022
1,961070,961072,2022-03-09 13:40:00+00:00,2022-03-09 13:50:00+00:00,1998.006,1991.95,0.01,2,-6.05600000000004,0.4294031203098181,-6.485403120309858,-1.070905402957367,11.735000000000127,0.0,stop,2022
1,961344,961346,2022-03-10 13:30:00+00:00,2022-03-10 13:40:00+00:00,2003.5,2008.4940000000001,0.01,2,4.994000000000142,0.5060195121951183,4.487980487805023,1.7973490139386847,1.1950000000001637,5.59699999999998,target,2022
-1,961616,961617,2022-03-11 13:10:00+00:00,2022-03-11 13:15:00+00:00,1972.12,1975.0169999999998,0.01,1,-2.8969999999999345,0.5948636493320316,-3.4918636493319664,-1.2053378147504472,2.9349999999999454,0.0,stop,2022
1,961913,961914,2022-03-14 13:55:00+00:00,2022-03-14 14:00:00+00:00,1956.8025,1960.9485000000002,0.01,1,4.1460000000001855,0.45949054957822166,3.6865094504219638,1.7783451280375295,0.9175000000000182,4.448999999999842,target,2022
1,962183,962185,2022-03-15 13:25:00+00:00,2022-03-15 13:35:00+00:00,1917.3375,1924.4225000000001,0.01,2,7.085000000000037,0.41662103615817986,6.668378963841858,1.8823934972030552,0.9860000000001037,7.622499999999945,target,2022
1,962465,962468,2022-03-16 13:55:00+00:00,2022-03-16 14:10:00+00:00,1915.575,1913.162,0.01,3,-2.413000000000011,0.4414009596030723,-2.8544009596030833,-1.1829262161637257,5.464999999999918,4.324499999999944,stop,2022
1,962730,962737,2022-03-17 13:00:00+00:00,2022-03-17 13:35:00+00:00,1939.243,1943.8389999999995,0.01,7,4.595999999999549,0.4228824727296426,4.173117527269906,1.8159780362359947,2.0234999999997854,6.260000000000218,target,2022
1,963007,963008,2022-03-18 13:05:00+00:00,2022-03-18 13:10:00+00:00,1936.4375,1934.2295,0.01,1,-2.2080000000000837,0.46739326093404937,-2.675393260934133,-1.2116817304954854,5.045499999999947,0.0,stop,2022
-1,963296,963297,2022-03-21 14:10:00+00:00,2022-03-21 14:15:00+00:00,1933.475,1935.5835,0.01,1,-2.108500000000049,0.4619429739776851,-2.5704429739777344,-1.2190860678101374,2.3900000000001,0.0,stop,2022
1,963561,963564,2022-03-22 13:15:00+00:00,2022-03-22 13:30:00+00:00,1926.495,1924.25,0.01,3,-2.244999999999891,0.45497007658039224,-2.699970076580283,-1.2026592768732358,5.5,0.0,stop,2022
1,963868,963874,2022-03-23 15:50:00+00:00,2022-03-23 16:20:00+00:00,1928.05,1932.2649999999996,0.01,6,4.214999999999691,0.4369583282587715,3.7780416717409193,1.7926650874216827,0.2725000000000364,4.347500000000082,target,2022
-1,964130,964140,2022-03-24 14:40:00+00:00,2022-03-24 15:30:00+00:00,1963.7600000000002,1959.6600000000008,0.01,10,4.099999999999454,0.42592701014831696,3.6740729898511373,1.7922307267568909,1.8749999999997726,5.045000000000073,target,2022
1,964392,964393,2022-03-25 13:30:00+00:00,2022-03-25 13:35:00+00:00,1949.3654999999999,1946.335,0.01,1,-3.030499999999847,0.4260560644019076,-3.456556064401755,-1.1405893629440453,5.855499999999893,0.0,stop,2022
1,964669,964678,2022-03-28 13:35:00+00:00,2022-03-28 14:20:00+00:00,1933.19,1939.145,0.01,9,5.954999999999927,0.4580759259439774,5.49692407405595,1.8461541810431628,1.8475000000000819,9.450000000000045,target,2022
-1,964952,964955,2022-03-29 14:10:00+00:00,2022-03-29 14:25:00+00:00,1909.9279999999999,1913.132,0.01,3,-3.2040000000001783,0.4569533214317032,-3.6609533214318812,-1.1426196383994,4.774499999999989,0.2869999999998072,stop,2022
1,965219,965220,2022-03-30 13:25:00+00:00,2022-03-30 13:30:00+00:00,1924.6689999999999,1928.9229999999998,0.01,1,4.253999999999905,0.43649911640421407,3.817500883595691,1.7947817976472855,0.0,5.558500000000095,target,2022
-1,965495,965496,2022-03-31 13:25:00+00:00,2022-03-31 13:30:00+00:00,1936.8525,1938.9475,0.01,1,-2.0950000000000273,0.4423479567884044,-2.5373479567884316,-1.2111446094455363,3.8575000000000728,0.02599999999983993,stop,2022
-1,965776,965782,2022-04-01 13:50:00+00:00,2022-04-01 14:20:00+00:00,1931.3,1926.7900000000002,0.01,6,4.5099999999997635,0.4488141917929414,4.061185808206822,1.8009693162780644,1.5854999999999109,5.134499999999889,target,2022
-1,966061,966062,2022-04-04 14:35:00+00:00,2022-04-04 14:40:00+00:00,1930.05,1932.19,0.01,1,-2.1400000000001,0.4515389443536085,-2.5915389443537085,-1.2109995067072838,3.0924999999999727,0.0,stop,2022
-1,966320,966322,2022-04-05 13:10:00+00:00,2022-04-05 13:20:00+00:00,1934.4724999999999,1936.86,0.01,2,-2.3875000000000455,0.43282544000702705,-2.8203254400070725,-1.1812881424113169,3.137500000000273,0.7399999999997817,stop,2022
-1,966602,966605,2022-04-06 13:40:00+00:00,2022-04-06 13:55:00+00:00,1928.16,1931.09,0.01,3,-2.9299999999998363,0.4400821139416344,-3.3700821139414705,-1.1501986737002248,3.8179999999999836,1.1970000000001164,stop,2022
-1,966883,966889,2022-04-07 14:05:00+00:00,2022-04-07 14:35:00+00:00,1931.725,1934.655,0.01,6,-2.9300000000000637,0.4132311807462924,-3.343231180746356,-1.1410345326779123,4.20900000000006,1.5494999999998527,stop,2022
-1,967155,967157,2022-04-08 13:45:00+00:00,2022-04-08 13:55:00+00:00,1938.0805,1940.9850000000001,0.01,2,-2.9045000000000982,0.401048793809749,-3.305548793809847,-1.1380784278911122,3.0019999999999527,1.0655000000001564,stop,2022
1,967425,967429,2022-04-11 13:15:00+00:00,2022-04-11 13:35:00+00:00,1963.068,1959.8104999999998,0.01,4,-3.2575000000001637,0.4326046119003724,-3.6901046119005363,-1.1328026437146126,3.803000000000111,1.9420000000000073,stop,2022
1,967711,967714,2022-04-12 14:05:00+00:00,2022-04-12 14:20:00+00:00,1963.423,1968.624,0.01,3,5.201000000000022,0.4407533512222741,4.7602466487777475,1.830512074131024,2.5310000000001764,5.942000000000007,target,2022
1,967984,968070,2022-04-13 13:50:00+00:00,2022-04-13 22:00:00+00:00,1976.288,1977.8629999999998,0.01,86,1.574999999999818,0.47012068725707723,1.104879312742741,0.3649477498737202,1.780999999999949,5.3250000000000455,session_flat,2022
-1,968252,968254,2022-04-14 13:10:00+00:00,2022-04-14 13:20:00+00:00,1974.0790000000002,1977.545,0.01,2,-3.465999999999895,0.44575101166665904,-3.911751011666554,-1.1286067546643603,3.854999999999791,0.0,stop,2022
1,968534,968545,2022-04-18 13:40:00+00:00,2022-04-18 14:35:00+00:00,1991.9479999999999,1988.983,0.01,11,-2.964999999999918,0.4573483443725817,-3.4223483443725,-1.1542490200244837,7.072999999999865,2.537000000000262,stop,2022
1,968804,968805,2022-04-19 13:10:00+00:00,2022-04-19 13:15:00+00:00,1962.5935,1959.5149999999999,0.01,1,-3.0785000000000764,0.41682857585106353,-3.49532857585114,-1.1353998947055557,5.208000000000084,0.36000000000012733,stop,2022
-1,969088,969090,2022-04-20 13:50:00+00:00,2022-04-20 14:00:00+00:00,1948.9975,1951.422,0.01,2,-2.42450000000008,0.4424584143185724,-2.8669584143186526,-1.1824947058439093,3.194500000000062,0.07249999999976353,stop,2022
1,969362,969363,2022-04-21 13:40:00+00:00,2022-04-21 13:45:00+00:00,1946.4850000000001,1943.922,0.01,1,-2.563000000000102,0.39678511316899556,-2.9597851131690973,-1.1548127636242604,3.1400000000001,0.0,stop,2022
1,969633,969635,2022-04-22 13:15:00+00:00,2022-04-22 13:25:00+00:00,1933.487,1937.5110000000004,0.01,2,4.024000000000342,0.43829961099497394,3.585700389005368,1.7821572509965524,0.08699999999998909,4.063000000000102,target,2022
-1,969911,969922,2022-04-25 13:25:00+00:00,2022-04-25 14:20:00+00:00,1900.525,1893.1750000000002,0.01,11,7.349999999999909,0.4276972732908243,6.922302726709085,1.8836197895807267,2.2325000000000728,8.660000000000082,target,2022
-1,970185,970187,2022-04-26 13:15:00+00:00,2022-04-26 13:25:00+00:00,1906.12,1908.6925,0.01,2,-2.5725000000002183,0.4238070390769469,-2.9963070390771653,-1.1647452046946205,2.667500000000018,0.4034999999998945,stop,2022
1,970466,970467,2022-04-27 13:40:00+00:00,2022-04-27 13:45:00+00:00,1893.366,1890.1125,0.01,1,-3.2535000000000305,0.4250088216351791,-3.6785088216352095,-1.1306312652943522,11.670999999999822,0.0,stop,2022
1,970735,970743,2022-04-28 13:05:00+00:00,2022-04-28 13:45:00+00:00,1886.11,1890.2039999999995,0.01,8,4.093999999999596,0.4369260752244614,3.6570739247751347,1.7865529676480192,1.8174999999998818,5.152499999999918,target,2022
1,971020,971021,2022-04-29 13:50:00+00:00,2022-04-29 13:55:00+00:00,1905.995,1910.5249999999996,0.01,1,4.529999999999745,0.4507813188578739,4.079218681141872,1.8009795501731132,0.0,5.982500000000073,target,2022
1,971293,971294,2022-05-02 13:35:00+00:00,2022-05-02 13:40:00+00:00,1861.545,1858.1399999999999,0.01,1,-3.4050000000002,0.4178325461895481,-3.822832546189748,-1.1227114673096985,4.910000000000082,0.0,stop,2022
-1,971843,971847,2022-05-04 13:25:00+00:00,2022-05-04 13:45:00+00:00,1868.7935,1864.4705000000001,0.01,4,4.322999999999865,0.4466814673149023,3.876318532684963,1.79334653374281,0.6164999999998599,4.4034999999998945,target,2022
1,972119,972121,2022-05-05 13:25:00+00:00,2022-05-05 13:35:00+00:00,1903.17,1899.98,0.01,2,-3.1900000000000546,0.4477146454534816,-3.6377146454535363,-1.1403494186374528,5.908500000000004,0.7725000000000364,stop,2022
-1,972401,972405,2022-05-06 13:55:00+00:00,2022-05-06 14:15:00+00:00,1882.125,1885.5900000000001,0.01,4,-3.4650000000001455,0.45203272418320645,-3.917032724183352,-1.1304567746560426,3.964999999999918,2.32549999999992,stop,2022
1,972675,972677,2022-05-09 13:45:00+00:00,2022-05-09 13:55:00+00:00,1865.005,1862.3075,0.01,2,-2.6975000000002183,0.4198263370860514,-3.11732633708627,-1.155635342756633,3.542500000000018,1.8424999999999727,stop,2022
1,972953,972961,2022-05-10 13:55:00+00:00,2022-05-10 14:35:00+00:00,1857.16,1854.96,0.01,8,-2.2000000000000455,0.4421240588695252,-2.6421240588695705,-1.2009654813043253,2.3675000000000637,2.798999999999978,stop,2022
-1,973228,973314,2022-05-11 13:50:00+00:00,2022-05-11 22:00:00+00:00,1853.4540000000002,1852.46,0.01,86,0.9940000000001418,0.5036494328471919,0.4903505671529499,0.11548529607936063,3.0959999999997763,7.054000000000087,session_flat,2022
-1,973499,973504,2022-05-12 13:25:00+00:00,2022-05-12 13:50:00+00:00,1846.9389999999999,1842.4259999999995,0.01,5,4.513000000000375,0.4561116162337173,4.056888383766657,1.7978676639779838,1.50850000000014,6.126499999999851,target,2022
1,973775,973782,2022-05-13 13:25:00+00:00,2022-05-13 14:00:00+00:00,1802.565,1809.3449999999998,0.01,7,6.779999999999746,0.5755767385299446,6.204423261469802,1.8302133514660868,0.9800000000000182,10.090000000000146,target,2022
-1,974046,974047,2022-05-16 13:00:00+00:00,2022-05-16 13:05:00+00:00,1808.1570000000002,1810.621,0.01,1,-2.463999999999942,0.48568280767127436,-2.9496828076712163,-1.1971115290873726,2.494999999999891,0.0,stop,2022
1,974327,974328,2022-05-17 13:25:00+00:00,2022-05-17 13:30:00+00:00,1828.5659999999998,1826.475,0.01,1,-2.0909999999998945,0.4488459445452842,-2.5398459445451786,-1.2146561188643266,4.365999999999758,0.0,stop,2022
1,974882,974886,2022-05-19 13:40:00+00:00,2022-05-19 14:00:00+00:00,1836.025,1843.1700000000005,0.01,4,7.1450000000004374,0.43568082572051087,6.709319174279926,1.8780459550117607,0.0,8.542500000000018,target,2022
1,975157,975159,2022-05-20 13:35:00+00:00,2022-05-20 13:45:00+00:00,1841.452,1839.0929999999998,0.01,2,-2.359000000000151,0.4285171242941694,-2.7875171242943204,-1.1816520238635617,2.977000000000089,0.0,stop,2022
-1,975705,975711,2022-05-24 13:15:00+00:00,2022-05-24 13:45:00+00:00,1860.548,1862.755,0.01,6,-2.2070000000001073,0.43833820006085694,-2.6453382000609644,-1.1986126869328662,6.854499999999916,1.8050000000000637,stop,2022
1,975980,975990,2022-05-25 13:10:00+00:00,2022-05-25 14:00:00+00:00,1850.7669999999998,1847.868,0.01,10,-2.8989999999998872,0.4354081450278782,-3.3344081450277656,-1.150192530192444,3.706499999999778,3.675000000000182,stop,2022
-1,976535,976542,2022-05-27 13:25:00+00:00,2022-05-27 14:00:00+00:00,1859.0030000000002,1854.9710000000005,0.01,7,4.031999999999698,0.44159543187139827,3.5904045681283,1.780954646889171,1.5519999999996799,6.24350000000004,target,2022
1,976821,976865,2022-05-30 14:15:00+00:00,2022-05-30 17:55:00+00:00,1856.3,1854.3,0.01,44,-2.0,0.46652876895503603,-2.466528768955036,-1.233264384477518,2.2349999999999,2.7100000000000364,stop,2022
1,977066,977068,2022-05-31 14:10:00+00:00,2022-05-31 14:20:00+00:00,1847.355,1843.97,0.01,2,-3.384999999999991,0.4544077137721002,-3.8394077137720912,-1.1342415697997346,5.085000000000036,0.0,stop,2022
-1,977333,977334,2022-06-01 13:25:00+00:00,2022-06-01 13:30:00+00:00,1846.028,1848.3225,0.01,1,-2.294499999999971,0.4175702661872481,-2.712070266187219,-1.1819874770918517,3.091999999999871,0.15800000000012915,stop,2022
-1,977613,977614,2022-06-02 13:45:00+00:00,2022-06-02 13:50:00+00:00,1864.103,1867.0245,0.01,1,-2.9214999999999236,0.42444237645165356,-3.345942376451577,-1.1452823468942888,3.1765000000000327,0.0,stop,2022
1,977881,977886,2022-06-03 13:05:00+00:00,2022-06-03 13:30:00+00:00,1859.27,1863.4599999999996,0.01,5,4.1899999999996,0.44784006177234487,3.742159938227255,1.7862338607291706,1.7339999999999236,4.212500000000091,target,2022
-1,978440,978441,2022-06-07 13:40:00+00:00,2022-06-07 13:45:00+00:00,1845.0929999999998,1847.172,0.01,1,-2.0790000000001783,0.4478867369839132,-2.5268867369840913,-1.2154337359229797,5.612500000000182,0.0,stop,2022
1,979000,979024,2022-06-09 14:20:00+00:00,2022-06-09 16:20:00+00:00,1842.4,1847.0660000000003,0.01,24,4.666000000000167,0.403691545463873,4.262308454536294,1.8269646183181059,2.163000000000011,5.419999999999845,target,2022
1,979267,979268,2022-06-10 13:35:00+00:00,2022-06-10 13:40:00+00:00,1833.7869999999998,1830.6625,0.01,1,-3.124499999999898,0.42898273168236156,-3.5534827316822595,-1.1372964415690112,5.354499999999916,0.0,stop,2022
1,979546,979548,2022-06-13 13:50:00+00:00,2022-06-13 14:00:00+00:00,1832.4675000000002,1829.4099999999999,0.01,2,-3.0575000000003456,0.4128512187952446,-3.47035121879559,-1.135029016776843,5.377500000000055,0.4924999999998363,stop,2022
1,979820,979822,2022-06-14 13:40:00+00:00,2022-06-14 13:50:00+00:00,1819.24,1816.88,0.01,2,-2.3599999999999,0.4226605058094672,-2.782660505809367,-1.1790934346650361,3.8125,0.4010000000000673,stop,2022
1,980096,980097,2022-06-15 13:40:00+00:00,2022-06-15 13:45:00+00:00,1827.87,1824.9450000000002,0.01,1,-2.924999999999727,0.44274031908873895,-3.3677403190884663,-1.151364211654284,3.4079999999999018,0.0,stop,2022
-1,980389,980390,2022-06-16 15:05:00+00:00,2022-06-16 15:10:00+00:00,1832.1395,1834.5900000000001,0.01,1,-2.4505000000001473,0.4139707133507899,-2.8644707133509373,-1.1689331619468537,5.211500000000115,0.0,stop,2022
1,980653,980654,2022-06-17 14:05:00+00:00,2022-06-17 14:10:00+00:00,1843.1875,1840.7595000000001,0.01,1,-2.4279999999998836,0.42678334731042283,-2.8547833473103066,-1.1757756784639388,4.080500000000029,0.0,stop,2022
-1,981175,981180,2022-06-21 14:05:00+00:00,2022-06-21 14:30:00+00:00,1838.4005,1840.8025,0.01,5,-2.4020000000000437,0.419856901928164,-2.8218569019282076,-1.1747947135421133,3.6620000000000346,1.8005000000000564,stop,2022
1,981445,981534,2022-06-22 13:35:00+00:00,2022-06-22 22:00:00+00:00,1840.853,1837.9265,0.01,89,-2.9265000000000327,0.43886458641425463,-3.3653645864142874,-0.6240245849090059,5.0154999999999745,7.0324999999998,session_flat,2022
-1,981717,981718,2022-06-23 13:15:00+00:00,2022-06-23 13:20:00+00:00,1834.905,1836.932,0.01,1,-2.0270000000000437,0.4108531434207701,-2.437853143420814,-1.202690253290953,3.5470000000000255,0.0,stop,2022
1,981992,982019,2022-06-24 13:10:00+00:00,2022-06-24 15:25:00+00:00,1821.5425,1830.6275,0.01,27,9.085000000000036,0.4160974911880542,8.668902508811982,1.9083990112959708,0.0,9.154999999999973,target,2022
-1,983094,983097,2022-06-30 13:00:00+00:00,2022-06-30 13:15:00+00:00,1821.155,1815.905,0.01,3,5.25,0.40349725988161744,4.846502740118383,1.8462867581403362,2.009999999999991,6.211999999999989,target,2022
-1,983372,983377,2022-07-01 13:10:00+00:00,2022-07-01 13:35:00+00:00,1793.2915,1798.0765000000001,0.01,5,-4.785000000000082,0.4360378052448268,-5.221037805244909,-1.0911259781075904,5.28449999999998,1.384499999999889,stop,2022
1,983896,983898,2022-07-05 13:20:00+00:00,2022-07-05 13:30:00+00:00,1796.145,1793.3944999999999,0.01,2,-2.750500000000102,0.46001484812386734,-3.210514848123969,-1.1672477179145064,3.3020000000001346,0.0,stop,2022
1,984179,984180,2022-07-06 13:55:00+00:00,2022-07-06 14:00:00+00:00,1760.4164999999998,1755.49,0.01,1,-4.926499999999805,0.3915466286815869,-5.318046628681392,-1.079477647149417,5.619499999999789,0.2920000000001437,stop,2022
-1,984457,984467,2022-07-07 14:05:00+00:00,2022-07-07 14:55:00+00:00,1746.821,1742.4339999999997,0.01,10,4.387000000000171,0.40922690142064744,3.9777730985795237,1.8134365619235782,1.9515000000001237,5.597999999999956,target,2022
-1,984742,984764,2022-07-08 14:50:00+00:00,2022-07-08 16:40:00+00:00,1748.6370000000002,1740.8910000000005,0.01,22,7.745999999999641,0.4026512154288159,7.343348784570825,1.8960363502636626,0.2300000000000182,8.040000000000191,target,2022
1,985548,985549,2022-07-13 13:00:00+00:00,2022-07-13 13:05:00+00:00,1713.7245,1718.6285,0.01,1,4.903999999999996,0.42906140620933403,4.474938593790663,1.8250157397188687,0.0,4.919999999999845,target,2022
1,985827,985828,2022-07-14 13:15:00+00:00,2022-07-14 13:20:00+00:00,1707.946,1705.2355,0.01,1,-2.710499999999911,0.39991839880622987,-3.1104183988061407,-1.1475441427066013,4.090499999999793,0.0,stop,2022
1,986106,986107,2022-07-15 13:30:00+00:00,2022-07-15 13:35:00+00:00,1708.1955,1706.1835,0.01,1,-2.0119999999999436,0.41082918274010116,-2.4228291827400446,-1.204189454642203,4.072000000000116,0.0,stop,2022
-1,986384,986396,2022-07-18 13:40:00+00:00,2022-07-18 14:40:00+00:00,1718.742,1713.7869999999996,0.01,12,4.955000000000382,0.3969001070412638,4.5580998929591185,1.8397981404475348,1.1879999999998745,5.626999999999953,target,2022
-1,986667,986678,2022-07-19 14:15:00+00:00,2022-07-19 15:10:00+00:00,1712.27,1714.4385,0.01,11,-2.1684999999999945,0.38768243395198926,-2.556182433951984,-1.1787790795259352,2.3665000000000873,2.481499999999869,stop,2022
-1,986935,986972,2022-07-20 13:35:00+00:00,2022-07-20 16:40:00+00:00,1711.6085,1705.7425,0.01,37,5.8659999999999854,0.4066307429765515,5.459369257023434,1.8613601285453283,1.1199999999998909,7.6935000000000855,target,2022
-1,987205,987209,2022-07-21 13:05:00+00:00,2022-07-21 13:25:00+00:00,1705.172,1694.6200000000003,0.01,4,10.55199999999968,0.45255382881541734,10.099446171184262,1.9142240658045049,0.47499999999990905,11.951999999999998,target,2022
-1,987491,987492,2022-07-22 13:55:00+00:00,2022-07-22 14:00:00+00:00,1733.059,1737.2105000000001,0.01,1,-4.151500000000169,0.39272783072563716,-4.544227830725807,-1.0945990198062439,4.723999999999933,0.0,stop,2022
1,988320,988367,2022-07-27 14:00:00+00:00,2022-07-27 17:55:00+00:00,1715.1619999999998,1722.4869999999996,0.01,47,7.324999999999818,0.4844077680893886,6.8405922319104295,1.8677384933544299,2.213999999999942,7.889000000000124,target,2022
1,988586,988587,2022-07-28 13:10:00+00:00,2022-07-28 13:15:00+00:00,1743.629,1748.647,0.01,1,5.018000000000029,0.39015994790222025,4.627840052097809,1.8444958358301242,0.0,5.126999999999953,target,2022
1,988864,988867,2022-07-29 13:20:00+00:00,2022-07-29 13:35:00+00:00,1757.217,1754.8255,0.01,3,-2.3915000000001783,0.3805377968650142,-2.7720377968651926,-1.1591209687915476,3.0670000000000073,2.343499999999949,stop,2022
1,989143,989148,2022-08-01 13:35:00+00:00,2022-08-01 14:00:00+00:00,1770.958,1768.562,0.01,5,-2.3960000000001855,0.4280528498996008,-2.824052849899786,-1.178653109306998,3.405999999999949,3.886500000000069,stop,2022
1,989418,989421,2022-08-02 13:30:00+00:00,2022-08-02 13:45:00+00:00,1779.915,1775.853,0.01,3,-4.061999999999898,0.38583865883400903,-4.447838658833907,-1.0949873606189116,5.282999999999902,3.019999999999982,stop,2022
1,989698,989700,2022-08-03 13:50:00+00:00,2022-08-03 14:00:00+00:00,1767.5030000000002,1764.63,0.01,2,-2.8730000000000473,0.40212720816765396,-3.275127208167701,-1.1399677021119552,7.928000000000338,0.0,stop,2022
-1,989980,989983,2022-08-04 14:20:00+00:00,2022-08-04 14:35:00+00:00,1785.155,1787.232,0.01,3,-2.076999999999998,0.3971081817926749,-2.474108181792673,-1.191193154450012,2.615000000000009,1.0769999999999982,stop,2022
1,990240,990241,2022-08-05 13:00:00+00:00,2022-08-05 13:05:00+00:00,1770.458,1767.4585000000002,0.01,1,-2.999499999999898,0.398694006506559,-3.3981940065064573,-1.1329201555281123,4.439499999999953,0.0,stop,2022
1,990817,990828,2022-08-09 15:05:00+00:00,2022-08-09 16:00:00+00:00,1792.587,1797.357,0.01,11,4.769999999999982,0.41314566370887656,4.356854336291105,1.8267733066210154,2.076000000000022,5.197999999999865,target,2022
1,991070,991074,2022-08-10 13:10:00+00:00,2022-08-10 13:30:00+00:00,1796.49,1793.3825000000002,0.01,4,-3.1074999999998454,0.4180627352980481,-3.5255627352978935,-1.134533462686426,3.9730000000001837,3.5799999999999272,stop,2022
-1,991355,991369,2022-08-11 13:55:00+00:00,2022-08-11 15:05:00+00:00,1796.5945,1791.1964999999998,0.01,14,5.398000000000138,0.35036601363073544,5.047633986369402,1.8701867307777966,1.5260000000000673,6.961500000000115,target,2022
-1,991622,991626,2022-08-12 13:10:00+00:00,2022-08-12 13:30:00+00:00,1793.632,1795.688,0.01,4,-2.05600000000004,0.3924323886725036,-2.4484323886725434,-1.190871784373782,2.8450000000000273,0.4790000000002692,stop,2022
-1,991900,991901,2022-08-15 13:20:00+00:00,2022-08-15 13:25:00+00:00,1779.8944999999999,1781.9250000000002,0.01,1,-2.030500000000302,0.43239538139330486,-2.462895381393607,-1.212950200144418,2.917500000000018,0.0,stop,2022
-1,992512,992514,2022-08-17 18:20:00+00:00,2022-08-17 18:30:00+00:00,1765.9,1768.743,0.01,2,-2.842999999999847,0.430576284523338,-3.2735762845231853,-1.151451383933648,3.5149999999998727,0.0,stop,2022
-1,992732,992737,2022-08-18 13:40:00+00:00,2022-08-18 14:05:00+00:00,1767.9125,1763.6774999999998,0.01,5,4.235000000000127,0.3968707106877089,3.8381292893124184,1.8125758154957747,0.21250000000009095,4.4854999999997744,target,2022
1,993010,993012,2022-08-19 13:50:00+00:00,2022-08-19 14:00:00+00:00,1752.8220000000001,1750.789,0.01,2,-2.033000000000129,0.3821275795381173,-2.4151275795382463,-1.1879624100039807,2.7000000000000455,1.0619999999998981,stop,2022
-1,993284,993288,2022-08-22 13:40:00+00:00,2022-08-22 14:00:00+00:00,1736.435,1732.0390000000002,0.01,4,4.395999999999731,0.40754045198996774,3.988459548009763,1.8145857816242073,1.01299999999992,4.522999999999911,target,2022
-1,993568,993648,2022-08-23 14:20:00+00:00,2022-08-23 22:00:00+00:00,1750.788,1747.8600000000001,0.01,80,2.9279999999998836,0.4499642313456932,2.4780357686541903,0.7326048096538764,2.9450000000001637,4.8659999999999854,session_flat,2022
-1,993856,993870,2022-08-24 15:20:00+00:00,2022-08-24 16:30:00+00:00,1753.8995,1749.7615,0.01,14,4.13799999999992,0.3910828805449747,3.7469171194549453,1.8109797580739573,0.0,4.361499999999978,target,2022
-1,994395,994401,2022-08-26 14:15:00+00:00,2022-08-26 14:45:00+00:00,1752.3020000000001,1744.3420000000006,0.01,6,7.959999999999582,0.42707481343283354,7.532925186566748,1.8926947704942574,0.43499999999994543,8.559000000000196,target,2022
-1,994659,994664,2022-08-29 13:15:00+00:00,2022-08-29 13:40:00+00:00,1737.683,1740.165,0.01,5,-2.481999999999971,0.41871941994723444,-2.9007194199472055,-1.1687024254420788,2.6749999999999545,0.7429999999999382,stop,2022
-1,995227,995259,2022-08-31 14:35:00+00:00,2022-08-31 17:15:00+00:00,1720.7424999999998,1715.1154999999994,0.01,32,5.6270000000004075,0.3813950869380018,5.245604913062405,1.864441056713,2.0525000000002365,5.792499999999791,target,2022
1,995492,995496,2022-09-01 13:40:00+00:00,2022-09-01 14:00:00+00:00,1697.002,1694.72,0.01,4,-2.2819999999999254,0.4133948646076174,-2.6953948646075427,-1.181154629538839,3.8170000000000073,3.1649999999999636,stop,2022
-1,995765,995770,2022-09-02 13:25:00+00:00,2022-09-02 13:50:00+00:00,1710.12,1712.7730000000001,0.01,5,-2.6530000000002474,0.39495317919075007,-3.0479531791909973,-1.1488704030119536,2.825000000000273,1.6414999999997235,stop,2022
1,996282,996283,2022-09-06 13:00:00+00:00,2022-09-06 13:05:00+00:00,1709.21,1707.0045,0.01,1,-2.205500000000029,0.393109566123688,-2.598609566123717,-1.1782405650073373,3.3400000000001455,0.0,stop,2022
-1,996579,996584,2022-09-07 14:45:00+00:00,2022-09-07 15:10:00+00:00,1711.075,1713.49,0.01,5,-2.4149999999999636,0.37847702859732785,-2.7934770285972914,-1.156719266499931,2.4449999999999363,0.3450000000000273,stop,2022
1,996838,996846,2022-09-08 13:20:00+00:00,2022-09-08 14:00:00+00:00,1712.608,1709.7575,0.01,8,-2.850500000000011,0.3843692963158626,-3.2348692963158734,-1.13484276313484,5.0779999999999745,3.609000000000151,stop,2022
1,997118,997119,2022-09-09 13:40:00+00:00,2022-09-09 13:45:00+00:00,1714.853,1712.797,0.01,1,-2.05600000000004,0.38841355819263695,-2.444413558192677,-1.188917100288244,2.844500000000153,0.0,stop,2022
1,997395,997403,2022-09-12 13:45:00+00:00,2022-09-12 14:25:00+00:00,1726.0255,1730.0955000000001,0.01,8,4.070000000000164,0.3904921433464515,3.679507856653712,1.8081119688715301,1.6510000000000673,4.105000000000018,target,2022
1,997666,997670,2022-09-13 13:20:00+00:00,2022-09-13 13:40:00+00:00,1699.742,1705.0459999999996,0.01,4,5.303999999999633,0.39291872848537784,4.911081271514255,1.8518406001186256,0.0,7.097500000000082,target,2022
1,998222,998224,2022-09-15 13:40:00+00:00,2022-09-15 13:50:00+00:00,1683.345,1688.4150000000002,0.01,2,5.070000000000164,0.38556711145325845,4.6844328885469055,1.8479025201367867,0.0,5.61850000000004,target,2022
-1,998506,998507,2022-09-16 14:20:00+00:00,2022-09-16 14:25:00+00:00,1671.5965,1675.2,0.01,1,-3.60349999999994,0.38895772859428646,-3.9924577285942267,-1.107938872927513,5.917500000000018,0.0,stop,2022
1,999051,999138,2022-09-20 13:45:00+00:00,2022-09-20 22:00:00+00:00,1662.94,1664.92,0.01,87,1.9800000000000182,0.42024497176784603,1.5597550282321722,0.534437220569489,2.1885000000002037,3.9600000000000364,session_flat,2022
1,999381,999384,2022-09-21 18:15:00+00:00,2022-09-21 18:30:00+00:00,1661.2065,1667.2994999999999,0.01,3,6.092999999999847,0.4766218124172397,5.616378187582607,1.8435510216913666,0.0,18.11350000000016,target,2022
-1,999594,999597,2022-09-22 13:00:00+00:00,2022-09-22 13:15:00+00:00,1681.4705,1676.5124999999994,0.01,3,4.958000000000538,0.3912463617753563,4.566753638225182,1.8421757314339195,0.0,5.005499999999756,target,2022
-1,999873,999877,2022-09-23 13:15:00+00:00,2022-09-23 13:35:00+00:00,1655.1225,1649.4454999999998,0.01,4,5.677000000000135,0.405391599195935,5.271608400804199,1.8571810466105598,1.6800000000000637,7.3559999999999945,target,2022
1,1000202,1000218,2022-09-26 17:40:00+00:00,2022-09-26 19:00:00+00:00,1623.8965,1628.0655000000004,0.01,16,4.169000000000324,0.42542645166950377,3.74357354833082,1.7959095938261114,1.5515000000002601,7.498499999999922,target,2022
1,1000436,1000450,2022-09-27 14:10:00+00:00,2022-09-27 15:20:00+00:00,1635.8580000000002,1633.185,0.01,14,-2.673000000000229,0.3856213281404334,-3.0586213281406627,-1.1442653678041155,3.4265000000000327,2.126499999999851,stop,2022
-1,1000705,1000707,2022-09-28 13:35:00+00:00,2022-09-28 13:45:00+00:00,1643.6965,1647.38,0.01,2,-3.683500000000094,0.3835703087771806,-4.067070308777275,-1.104132023558347,8.383499999999913,1.496499999999969,stop,2022
-1,1000979,1000981,2022-09-29 13:25:00+00:00,2022-09-29 13:35:00+00:00,1654.853,1657.1185,0.01,2,-2.2654999999999745,0.3988793046536783,-2.664379304653653,-1.1760667864284629,3.375,0.2015000000001237,stop,2022
-1,1001260,1001261,2022-09-30 13:50:00+00:00,2022-09-30 13:55:00+00:00,1668.507,1670.65,0.01,1,-2.143000000000029,0.400948806786328,-2.543948806786357,-1.1870969700356149,2.4980000000000473,0.17350000000010368,stop,2022
-1,1001530,1001538,2022-10-03 13:20:00+00:00,2022-10-03 14:00:00+00:00,1669.4265,1674.728,0.01,8,-5.301500000000033,0.4077482648836897,-5.709248264883723,-1.0769118673740805,5.56899999999996,2.7609999999999673,stop,2022
-1,1001802,1001803,2022-10-04 13:00:00+00:00,2022-10-04 13:05:00+00:00,1711.0065,1713.259,0.01,1,-2.2525000000000546,0.39623864334621245,-2.648738643346267,-1.1759106074788914,2.9635000000000673,0.0,stop,2022
-1,1002099,1002120,2022-10-05 14:45:00+00:00,2022-10-05 16:30:00+00:00,1708.798,1711.2624999999998,0.01,21,-2.4644999999998163,0.3775216192066097,-2.842021619206426,-1.1531838584729714,2.6420000000000528,2.158000000000129,stop,2022
1,1002356,1002364,2022-10-06 13:10:00+00:00,2022-10-06 13:50:00+00:00,1712.978,1710.5990000000002,0.01,8,-2.3789999999999054,0.3949374268201419,-2.7739374268200474,-1.1660098473392844,2.636500000000069,4.199000000000069,stop,2022
1,1002630,1002642,2022-10-07 13:00:00+00:00,2022-10-07 14:00:00+00:00,1698.859,1694.487,0.01,12,-4.371999999999844,0.40341538713547687,-4.77541538713532,-1.0922725039193713,4.920999999999822,6.231000000000222,stop,2022
1,1002924,1002925,2022-10-10 14:30:00+00:00,2022-10-10 14:35:00+00:00,1675.0749999999998,1672.625,0.01,1,-2.449999999999818,0.4914742121321602,-2.941474212131978,-1.2006017192376313,5.364999999999782,0.0,stop,2022
1,1003196,1003201,2022-10-11 14:10:00+00:00,2022-10-11 14:35:00+00:00,1665.84,1670.4129999999998,0.01,5,4.572999999999865,0.40356089769028713,4.169439102309578,1.8235027781804947,0.0,4.610000000000127,target,2022
-1,1003523,1003530,2022-10-12 18:25:00+00:00,2022-10-12 19:00:00+00:00,1676.252,1671.949,0.01,7,4.302999999999884,0.40988784854194976,3.8931121514579337,1.8094874048143337,0.5295000000000982,4.432000000000016,target,2022
1,1003738,1003740,2022-10-13 13:20:00+00:00,2022-10-13 13:30:00+00:00,1650.045,1647.0165,0.01,2,-3.028500000000122,0.4020166530851313,-3.4305166530852533,-1.1327444784827854,6.519999999999982,0.2615000000000691,stop,2022
1,1004023,1004037,2022-10-14 14:05:00+00:00,2022-10-14 15:15:00+00:00,1650.7440000000001,1645.3365,0.01,14,-5.407500000000255,0.39174304312371705,-5.799243043123972,-1.0724443907764583,5.8025000000002365,1.9845000000000255,stop,2022
-1,1004295,1004313,2022-10-17 13:45:00+00:00,2022-10-17 15:15:00+00:00,1665.86,1660.6399999999996,0.01,18,5.220000000000255,0.42290906257194943,4.7970909374283055,1.8379658764092228,0.4550000000001546,5.740000000000009,target,2022
-1,1005392,1005396,2022-10-21 13:10:00+00:00,2022-10-21 13:30:00+00:00,1630.6845,1634.9855,0.01,4,-4.300999999999931,0.5359265083420752,-4.836926508342006,-1.1246050937786756,5.365000000000009,1.1695000000001983,stop,2022
-1,1005678,1005762,2022-10-24 14:00:00+00:00,2022-10-24 22:00:00+00:00,1650.8555000000001,1650.3400000000001,0.01,84,0.5154999999999745,0.57903069482827,-0.06353069482829543,-0.017405669815972,1.9394999999999527,6.905999999999949,session_flat,2022
1,1005960,1005961,2022-10-25 14:30:00+00:00,2022-10-25 14:35:00+00:00,1657.11,1654.565,0.01,1,-2.5449999999998454,0.5297842024704285,-3.0747842024702736,-1.208166680734955,2.6004999999997835,0.0,stop,2022
-1,1006226,1006227,2022-10-26 13:40:00+00:00,2022-10-26 13:45:00+00:00,1664.505,1667.0,0.01,1,-2.494999999999891,0.49687938049668573,-2.9918793804965764,-1.1991500523032894,2.849499999999807,0.25,stop,2022
-1,1006498,1006508,2022-10-27 13:20:00+00:00,2022-10-27 14:10:00+00:00,1661.3055,1664.22,0.01,10,-2.914500000000089,0.505430690397098,-3.4199306903971873,-1.1734193482233943,3.744999999999891,4.665499999999838,stop,2022
1,1006770,1006776,2022-10-28 13:00:00+00:00,2022-10-28 13:30:00+00:00,1644.38,1642.33,0.01,6,-2.050000000000182,0.5165087194818152,-2.5665087194819973,-1.2519554729179363,2.0950000000002547,3.9849999999999,stop,2022
1,1007053,1007061,2022-10-31 13:35:00+00:00,2022-10-31 14:15:00+00:00,1635.51,1639.581,0.01,8,4.070999999999913,0.4830101333586865,3.587989866641226,1.7627068860925095,0.18050000000016553,5.400000000000091,target,2022
1,1007337,1007418,2022-11-01 14:15:00+00:00,2022-11-01 22:00:00+00:00,1645.57,1648.355,0.01,81,2.785000000000082,0.5914607857094167,2.193539214290665,0.6395158059156762,3.104999999999791,5.60550000000012,session_flat,2022
-1,1007662,1007664,2022-11-02 18:20:00+00:00,2022-11-02 18:30:00+00:00,1662.345,1665.4605000000001,0.01,2,-3.115500000000111,0.5120496682998489,-3.62754966829996,-1.1643555346813772,5.189999999999827,0.0,stop,2022
-1,1007883,1007886,2022-11-03 13:45:00+00:00,2022-11-03 14:00:00+00:00,1620.4405000000002,1623.64,0.01,3,-3.199499999999943,0.5131936614516853,-3.7126936614516284,-1.160398081403874,4.619499999999789,1.6605000000001837,stop,2022
-1,1008154,1008161,2022-11-04 13:20:00+00:00,2022-11-04 13:55:00+00:00,1664.6495,1667.0749999999998,0.01,7,-2.425499999999829,0.4983898103341749,-2.923889810334004,-1.2054792044255658,3.2294999999999163,3.1345000000001164,stop,2022
1,1008444,1008510,2022-11-07 15:30:00+00:00,2022-11-07 21:00:00+00:00,1676.96,1674.37,0.01,66,-2.5900000000001455,0.506127401340289,-3.0961274013404347,-1.054898603523166,2.7350000000001273,3.320499999999811,session_flat,2022
-1,1008722,1008723,2022-11-08 15:40:00+00:00,2022-11-08 15:45:00+00:00,1706.505,1709.2145,0.01,1,-2.7094999999999345,0.4999272281994815,-3.209427228199416,-1.1845090342127675,7.704999999999927,0.0,stop,2022
1,1008970,1008978,2022-11-09 13:20:00+00:00,2022-11-09 14:00:00+00:00,1705.9655,1711.5975,0.01,8,5.632000000000062,0.4891531885452526,5.14284681145481,1.82629503247683,1.7899999999999636,6.78449999999998,target,2022
-1,1009250,1009251,2022-11-10 13:40:00+00:00,2022-11-10 13:45:00+00:00,1728.9005,1734.95,0.01,1,-6.049500000000081,0.5243467765529484,-6.5738467765530295,-1.086676051996519,8.25500000000011,0.0,stop,2022
-1,1009822,1009890,2022-11-14 15:20:00+00:00,2022-11-14 21:00:00+00:00,1771.4855,1772.0900000000001,0.01,68,-0.6045000000001437,0.4943516099923877,-1.0988516099925314,-0.3040120652905131,3.0045000000000073,4.8754999999998745,session_flat,2022
-1,1010078,1010079,2022-11-15 13:40:00+00:00,2022-11-15 13:45:00+00:00,1783.87,1778.9089999999997,0.01,1,4.96100000000024,0.5196765513525408,4.441323448647699,1.7904952423493183,0.0,7.45049999999992,target,2022
1,1010921,1010932,2022-11-18 14:55:00+00:00,2022-11-18 15:50:00+00:00,1752.275,1756.7630000000004,0.01,11,4.488000000000284,0.5081416402982515,3.9798583597020323,1.7735554187619342,1.1700000000000728,6.139999999999873,target,2022
1,1011736,1011740,2022-11-23 13:50:00+00:00,2022-11-23 14:10:00+00:00,1734.52,1739.259,0.01,4,4.739000000000033,0.49058804054485905,4.248411959455174,1.7929571468474972,0.0,5.160000000000082,target,2022
1,1012490,1012498,2022-11-28 13:25:00+00:00,2022-11-28 14:05:00+00:00,1753.3395,1750.375,0.01,8,-2.9645000000000437,0.46389929059295415,-3.428399290592998,-1.1564848340674472,3.4344999999998436,3.4854999999997744,stop,2022
1,1013045,1013048,2022-11-30 13:40:00+00:00,2022-11-30 13:55:00+00:00,1759.5549999999998,1755.22,0.01,3,-4.334999999999809,0.4785084467671322,-4.813508446766941,-1.110382571341904,5.400499999999738,0.0,stop,2022
-1,1013315,1013318,2022-12-01 13:10:00+00:00,2022-12-01 13:25:00+00:00,1785.205,1787.2404999999999,0.01,3,-2.0354999999999563,0.4784303324349873,-2.513930332434944,-1.2350431502996795,3.2350000000001273,0.599999999999909,stop,2022
1,1013599,1013634,2022-12-02 13:50:00+00:00,2022-12-02 16:45:00+00:00,1783.95,1794.6200000000001,0.01,35,10.670000000000073,0.5120681853368843,10.157931814663188,1.90401720987125,2.96550000000002,12.660000000000082,target,2022
-1,1014439,1014443,2022-12-07 14:50:00+00:00,2022-12-07 15:10:00+00:00,1784.3905,1787.6305,0.01,4,-3.2400000000000087,0.4730641906007847,-3.7130641906007935,-1.1460074662348096,3.4950000000001182,3.320499999999811,stop,2022
-1,1014701,1014713,2022-12-08 13:40:00+00:00,2022-12-08 14:40:00+00:00,1789.6,1784.8399999999997,0.01,12,4.760000000000218,0.49050017384150585,4.269499826158713,1.7939074899825702,1.4500000000000455,5.079999999999927,target,2022
1,1014992,1014994,2022-12-09 14:55:00+00:00,2022-12-09 15:05:00+00:00,1797.5755,1795.5349999999999,0.01,2,-2.0405000000000655,0.5193967279630861,-2.5598967279631517,-1.254543850998809,2.415499999999838,2.9600000000000364,stop,2022
-1,1015531,1015532,2022-12-13 13:50:00+00:00,2022-12-13 13:55:00+00:00,1807.2815,1810.835,0.01,1,-3.553499999999986,0.4118156588224365,-3.9653156588224223,-1.1158901530385361,4.514499999999771,1.52800000000002,stop,2022
-1,1016090,1016092,2022-12-15 14:25:00+00:00,2022-12-15 14:35:00+00:00,1781.845,1785.08,0.01,2,-3.2349999999999,0.4250554379543537,-3.6600554379542536,-1.131392716523761,4.266499999999951,1.7699999999999818,stop,2022
-1,1016375,1016380,2022-12-16 15:10:00+00:00,2022-12-16 15:35:00+00:00,1791.44,1786.4969999999998,0.01,5,4.943000000000211,0.4115850546673529,4.531414945332858,1.8334675077210862,0.6714999999999236,5.0210000000001855,target,2022
-1,1016654,1016658,2022-12-19 15:25:00+00:00,2022-12-19 15:45:00+00:00,1793.28,1787.827,0.01,4,5.4529999999999745,0.40377122120434467,5.04922877879563,1.8519085929930876,0.15499999999997272,5.4849999999999,target,2022
-1,1016929,1016997,2022-12-20 15:20:00+00:00,2022-12-20 21:00:00+00:00,1817.82,1817.5214999999998,0.01,68,0.2985000000001037,0.41963115137935475,-0.12113115137925107,-0.03599737039502251,3.0850000000000364,3.939999999999827,session_flat,2022
1,1017461,1017462,2022-12-22 13:40:00+00:00,2022-12-22 13:45:00+00:00,1813.2485000000001,1810.1660000000002,0.01,1,-3.082499999999982,0.4088840358805837,-3.4913840358805657,-1.1326468891745616,4.853500000000167,0.0,stop,2022
-1,1018037,1018059,2022-12-27 15:40:00+00:00,2022-12-27 17:30:00+00:00,1827.7,1816.22,0.01,22,11.480000000000018,0.44580614789911177,11.034193852100906,1.9223334237109562,0.0,11.49350000000004,target,2022
1,1018307,1018310,2022-12-28 15:10:00+00:00,2022-12-28 15:25:00+00:00,1804.775,1802.6284999999998,0.01,3,-2.1465000000002874,0.4095500118077044,-2.556050011807992,-1.1907989805765897,3.4965000000001965,0.7199999999997999,stop,2022
-1,1018579,1018582,2022-12-29 14:50:00+00:00,2022-12-29 15:05:00+00:00,1814.1715,1816.835,0.01,3,-2.6635000000001128,0.4288796227760518,-3.0923796227761646,-1.1610210710628999,4.010000000000218,1.0115000000000691,stop,2022
-1,1018847,1018857,2022-12-30 14:10:00+00:00,2022-12-30 15:00:00+00:00,1822.6535,1817.4485,0.01,10,5.204999999999927,0.5330536634239098,4.671946336576017,1.7951763060811075,0.3605000000002292,6.992499999999836,target,2022
-1,1019130,1019131,2023-01-03 14:45:00+00:00,2023-01-03 14:50:00+00:00,1846.9965,1849.245,0.01,1,-2.248499999999922,0.40618394014286047,-2.654683940142782,-1.1806466267035243,2.8934999999999036,0.4415000000001328,stop,2023
-1,1019392,1019393,2023-01-04 13:35:00+00:00,2023-01-04 13:40:00+00:00,1858.8984999999998,1862.0665,0.01,1,-3.16800000000012,0.4114522889981736,-3.5794522889982936,-1.1298776164766913,3.478000000000293,0.0,stop,2023
1,1019674,1019688,2023-01-05 14:05:00+00:00,2023-01-05 15:15:00+00:00,1834.88,1831.4885,0.01,14,-3.3915000000001783,0.4111116174700348,-3.802611617470213,-1.1212182271767692,6.045000000000073,3.0499999999999545,stop,2023
-1,1019949,1019953,2023-01-06 14:00:00+00:00,2023-01-06 14:20:00+00:00,1849.9535,1844.5635000000007,0.01,4,5.389999999999418,0.41115539575664345,4.9788446042427745,1.8474377010179266,0.0,6.442500000000109,target,2023
-1,1020516,1020532,2023-01-10 15:15:00+00:00,2023-01-10 16:35:00+00:00,1878.6100000000001,1874.6000000000004,0.01,16,4.0099999999997635,0.4146959510150077,3.595304048984756,1.7931691017381386,1.75,5.0534999999999854,target,2023
1,1020788,1020796,2023-01-11 14:55:00+00:00,2023-01-11 15:35:00+00:00,1873.3985,1870.6064999999999,0.01,8,-2.7920000000001437,0.46481476426799,-3.2568147642681335,-1.1664809327607328,3.8250000000000455,0.43499999999994543,stop,2023
-1,1021049,1021051,2023-01-12 13:40:00+00:00,2023-01-12 13:50:00+00:00,1892.6815000000001,1899.1915,0.01,2,-6.5099999999997635,0.42006076373992135,-6.930060763739685,-1.0645254629400824,8.849999999999909,0.9005000000001928,stop,2023
-1,1021341,1021345,2023-01-13 15:00:00+00:00,2023-01-13 15:20:00+00:00,1909.651,1911.85,0.01,4,-2.1989999999998417,0.44647947048855824,-2.6454794704884,-1.203037503632829,3.4004999999999654,1.1059999999999945,stop,2023
-1,1021828,1021830,2023-01-17 13:35:00+00:00,2023-01-17 13:45:00+00:00,1911.6734999999999,1914.2714999999998,0.01,2,-2.5979999999999563,0.3907161469846779,-2.9887161469846344,-1.1503911266299787,2.791500000000269,0.0,stop,2023
-1,1022109,1022110,2023-01-18 14:00:00+00:00,2023-01-18 14:05:00+00:00,1921.045,1923.5285,0.01,1,-2.4834999999998217,0.4014501668151798,-2.8849501668150017,-1.1616469365070299,3.6949999999999363,0.0,stop,2023
1,1022669,1022677,2023-01-20 14:40:00+00:00,2023-01-20 15:20:00+00:00,1922.8885,1927.3555000000001,0.01,8,4.467000000000098,0.407392949219518,4.05960705078058,1.8175988586436047,0.0,5.551500000000033,target,2023
1,1022934,1022938,2023-01-23 13:45:00+00:00,2023-01-23 14:05:00+00:00,1922.4035,1919.495,0.01,4,-2.9085000000000036,0.41242490350151234,-3.320924903501516,-1.1417998636759539,6.791999999999916,1.6265000000000782,stop,2023
1,1023227,1023230,2023-01-24 15:10:00+00:00,2023-01-24 15:25:00+00:00,1921.63,1930.46,0.01,3,8.829999999999927,0.42199800492061595,8.408001995079312,1.9044172129285122,0.0,9.690499999999702,target,2023
-1,1023500,1023502,2023-01-25 14:55:00+00:00,2023-01-25 15:05:00+00:00,1930.7649999999999,1932.8885,0.01,2,-2.123500000000149,0.44760558706857395,-2.571105587068723,-1.2107867139479833,8.055499999999938,1.0284999999998945,stop,2023
-1,1023769,1023772,2023-01-26 14:20:00+00:00,2023-01-26 14:35:00+00:00,1939.95,1934.9199999999998,0.01,3,5.0300000000002,0.3946256400385429,4.6353743599616575,1.8430911968037667,0.0,5.123499999999922,target,2023
1,1024044,1024047,2023-01-27 14:15:00+00:00,2023-01-27 14:30:00+00:00,1928.1165,1925.82,0.01,3,-2.296500000000151,0.41608047424278377,-2.7125804742429347,-1.1811802631146338,4.832499999999982,1.5450000000000728,stop,2023
1,1024341,1024342,2023-01-30 16:00:00+00:00,2023-01-30 16:05:00+00:00,1925.7035,1923.496,0.01,1,-2.207499999999982,0.40638373398909816,-2.61388373398908,-1.1840922917277923,2.9050000000002,0.0,stop,2023
-1,1024589,1024590,2023-01-31 13:40:00+00:00,2023-01-31 13:45:00+00:00,1913.5515,1915.83,0.01,1,-2.2784999999998945,0.39498621894935226,-2.6734862189492468,-1.173353618147628,4.628500000000031,0.2880000000000109,stop,2023
-1,1024862,1024865,2023-02-01 13:25:00+00:00,2023-02-01 13:40:00+00:00,1931.2,1927.023,0.01,3,4.177000000000135,0.42903985174865106,3.7479601482514835,1.7945703367255748,0.0,4.276000000000067,target,2023
1,1025142,1025143,2023-02-02 13:45:00+00:00,2023-02-02 13:50:00+00:00,1951.06,1948.1284999999998,0.01,1,-2.931500000000142,0.4129811180274929,-3.344481118027635,-1.1408770656754128,5.605000000000018,0.0,stop,2023
1,1025419,1025422,2023-02-03 13:50:00+00:00,2023-02-03 14:05:00+00:00,1889.1245,1883.8535,0.01,3,-5.270999999999958,0.43977187072593155,-5.71077187072589,-1.083432341249466,7.766000000000076,1.3445000000001528,stop,2023
-1,1025702,1025703,2023-02-06 14:25:00+00:00,2023-02-06 14:30:00+00:00,1872.4515000000001,1874.745,0.01,1,-2.293499999999767,0.4146681612708371,-2.708168161270604,-1.1808014655639325,2.8784999999998035,1.0050000000001091,stop,2023
-1,1025997,1026018,2023-02-07 16:00:00+00:00,2023-02-07 17:45:00+00:00,1876.7,1879.9650000000001,0.01,21,-3.2650000000000996,0.42400524251633137,-3.689005242516431,-1.1298637802500209,7.865499999999884,6.45900000000006,stop,2023
1,1026243,1026251,2023-02-08 13:30:00+00:00,2023-02-08 14:10:00+00:00,1875.745,1881.7949999999996,0.01,8,6.049999999999727,0.42354010200415343,5.6264598979955736,1.8599867431391164,1.3599999999999,6.4090000000001055,target,2023
-1,1026526,1026531,2023-02-09 14:05:00+00:00,2023-02-09 14:30:00+00:00,1888.2165,1884.1365,0.01,5,4.079999999999927,0.40284659886540536,3.6771534011345217,1.8025261770267584,0.0,4.938000000000102,target,2023
1,1026810,1026812,2023-02-10 14:45:00+00:00,2023-02-10 14:55:00+00:00,1864.655,1861.865,0.01,2,-2.7899999999999636,0.4279840660644869,-3.2179840660644503,-1.1533993068331514,4.414999999999964,2.660000000000082,stop,2023
-1,1027086,1027101,2023-02-13 14:45:00+00:00,2023-02-13 16:00:00+00:00,1857.4099999999999,1853.4099999999994,0.01,15,4.000000000000455,0.4032927480042711,3.596707251996184,1.7983536259978874,1.3150000000000546,4.625,target,2023
1,1027361,1027364,2023-02-14 14:40:00+00:00,2023-02-14 14:55:00+00:00,1848.059,1857.1049999999998,0.01,3,9.045999999999822,0.45614366818379287,8.589856331816028,1.899150194962679,0.25900000000001455,9.466499999999996,target,2023
-1,1027628,1027649,2023-02-15 13:55:00+00:00,2023-02-15 15:40:00+00:00,1836.3515,1831.1135000000002,0.01,21,5.237999999999829,0.40888311109095277,4.829116888908876,1.8438781553680923,2.3985000000000127,5.6404999999999745,target,2023
1,1027900,1027902,2023-02-16 13:35:00+00:00,2023-02-16 13:45:00+00:00,1836.54,1831.0394999999999,0.01,2,-5.500500000000102,0.4181765715050481,-5.91867657150515,-1.0760251925288684,8.806499999999915,1.150000000000091,stop,2023
-1,1028201,1028217,2023-02-17 15:40:00+00:00,2023-02-17 17:00:00+00:00,1837.725,1840.98,0.01,16,-3.255000000000109,0.40881354936398123,-3.6638135493640904,-1.1255955604804815,4.885000000000218,3.6849999999999454,stop,2023
-1,1028712,1028713,2023-02-21 14:45:00+00:00,2023-02-21 14:50:00+00:00,1841.6455,1837.6265000000003,0.01,1,4.018999999999778,0.4361838203094574,3.5828161796903206,1.782939128982592,0.0,7.560500000000047,target,2023
1,1028994,1029021,2023-02-22 15:15:00+00:00,2023-02-22 17:30:00+00:00,1834.1284999999998,1831.4305,0.01,27,-2.6979999999998654,0.4153568708424819,-3.113356870842347,-1.1539499150639372,2.806999999999789,4.2830000000003565,stop,2023
1,1029253,1029254,2023-02-23 13:50:00+00:00,2023-02-23 13:55:00+00:00,1820.8885,1825.7955000000002,0.01,1,4.907000000000153,0.4210522144447309,4.485947785555422,1.8283871145527948,0.0,6.086499999999887,target,2023
-1,1029543,1029615,2023-02-24 15:00:00+00:00,2023-02-24 21:00:00+00:00,1813.0394999999999,1811.025,0.01,72,2.014499999999771,0.47233665534128283,1.542163344658488,0.5593628381060767,2.1455000000000837,4.009499999999889,session_flat,2023
-1,1029808,1029811,2023-02-27 14:05:00+00:00,2023-02-27 14:20:00+00:00,1814.74,1816.935,0.01,3,-2.1949999999999363,0.4134425885343607,-2.608442588534297,-1.188356532361901,2.7549999999998818,0.2400000000000091,stop,2023
-1,1030097,1030100,2023-02-28 15:10:00+00:00,2023-02-28 15:25:00+00:00,1823.3784999999998,1826.0565,0.01,3,-2.678000000000111,0.40919585830625577,-3.087195858306367,-1.1527990508985209,3.1315000000001874,2.2534999999998035,stop,2023
1,1030374,1030378,2023-03-01 15:15:00+00:00,2023-03-01 15:35:00+00:00,1836.23,1841.7400000000002,0.01,4,5.510000000000218,0.4121507653218936,5.097849234678325,1.8503989962534022,0.0,5.664999999999964,target,2023
-1,1030648,1030653,2023-03-02 15:05:00+00:00,2023-03-02 15:30:00+00:00,1836.498,1838.6265,0.01,5,-2.128500000000031,0.42082251109632224,-2.5493225110963533,-1.19770848536355,2.5319999999999254,2.3595000000000255,stop,2023
1,1030925,1030969,2023-03-03 15:10:00+00:00,2023-03-03 18:50:00+00:00,1842.395,1849.0049999999997,0.01,44,6.6099999999996735,0.3997810686187227,6.21021893138095,1.8790374981486406,1.1414999999999509,6.929999999999836,target,2023
1,1031479,1031480,2023-03-07 15:20:00+00:00,2023-03-07 15:25:00+00:00,1824.4485,1821.56,0.01,1,-2.888500000000022,0.4122455344413756,-3.3007455344413974,-1.1427195895590696,3.257000000000062,0.0,stop,2023
-1,1032016,1032019,2023-03-09 14:05:00+00:00,2023-03-09 14:20:00+00:00,1825.0749999999998,1827.4965,0.01,3,-2.421500000000151,0.4123352996041309,-2.833835299604282,-1.170280941401654,2.92450000000008,1.0549999999998363,stop,2023
1,1032285,1032286,2023-03-10 13:30:00+00:00,2023-03-10 13:35:00+00:00,1834.525,1839.8440000000005,0.01,1,5.319000000000415,0.48575483638244915,4.833245163617965,1.817351067350099,0.0,6.554999999999836,target,2023
-1,1032576,1032578,2023-03-13 13:45:00+00:00,2023-03-13 13:55:00+00:00,1906.0720000000001,1898.5530000000003,0.01,2,7.518999999999779,0.4246310358946871,7.094368964105092,1.88705119406977,0.3229999999998654,9.581500000000005,target,2023
1,1032853,1032939,2023-03-14 13:50:00+00:00,2023-03-14 22:00:00+00:00,1900.4450000000002,1903.9,0.01,86,3.4549999999999277,0.5281479437339169,2.9268520562660107,0.5837941670022934,1.9815000000000964,9.771499999999833,session_flat,2023
-1,1033119,1033121,2023-03-15 13:00:00+00:00,2023-03-15 13:10:00+00:00,1927.42,1929.53,0.01,2,-2.1099999999999,0.46180132340778185,-2.5718013234076817,-1.2188631864491961,2.480000000000018,3.2800000000002,stop,2023
1,1033405,1033406,2023-03-16 13:50:00+00:00,2023-03-16 13:55:00+00:00,1926.6685,1923.8685,0.01,1,-2.7999999999999545,0.41472501085788244,-3.214725010857837,-1.148116075306389,3.3489999999999327,0.0,stop,2023
-1,1033675,1033677,2023-03-17 13:20:00+00:00,2023-03-17 13:30:00+00:00,1949.3515,1944.9044999999999,0.01,2,4.447000000000116,0.40557425315296086,4.041425746847156,1.8175964681120083,0.3185000000000855,4.886499999999842,target,2023
1,1033947,1033952,2023-03-20 13:00:00+00:00,2023-03-20 13:25:00+00:00,1975.62,1980.7099999999996,0.01,5,5.089999999999691,0.40330894640864573,4.686691053591045,1.8415289012146678,0.0,6.680000000000064,target,2023
1,1034233,1034234,2023-03-21 13:50:00+00:00,2023-03-21 13:55:00+00:00,1956.395,1952.645,0.01,1,-3.75,0.4444959070533889,-4.194495907053389,-1.1185322418809036,4.304999999999836,0.0,stop,2023
-1,1034507,1034513,2023-03-22 13:40:00+00:00,2023-03-22 14:10:00+00:00,1942.47,1944.49,0.01,6,-2.019999999999982,0.4086857564929906,-2.4286857564929725,-1.2023196814321755,3.2899999999999636,2.980000000000018,stop,2023
1,1034801,1034802,2023-03-23 15:10:00+00:00,2023-03-23 15:15:00+00:00,1979.9650000000001,1984.0150000000003,0.01,1,4.050000000000182,0.40861712845280435,3.6413828715473775,1.7982137637270192,0.0,4.49149999999986,target,2023
1,1035064,1035087,2023-03-24 14:05:00+00:00,2023-03-24 16:00:00+00:00,1990.9885,1985.9585000000002,0.01,23,-5.029999999999745,0.4081281451398812,-5.438128145139626,-1.0811387962504775,7.11850000000004,7.4780000000000655,stop,2023
1,1035327,1035336,2023-03-27 13:00:00+00:00,2023-03-27 13:45:00+00:00,1946.7785,1944.4434999999999,0.01,9,-2.3350000000000364,0.41528649951731794,-2.750286499517354,-1.1778528905855723,2.7079999999998563,4.201500000000124,stop,2023
-1,1035611,1035621,2023-03-28 13:40:00+00:00,2023-03-28 14:30:00+00:00,1963.4065,1966.03,0.01,10,-2.623499999999922,0.40695493859547627,-3.030454938595398,-1.155119092279584,2.638500000000022,4.376500000000078,stop,2023
-1,1035890,1035897,2023-03-29 13:55:00+00:00,2023-03-29 14:30:00+00:00,1965.9,1968.115,0.01,7,-2.214999999999918,0.4274922534198941,-2.642492253419812,-1.1929987600089886,2.4349999999999454,2.6355000000000928,stop,2023
-1,1036173,1036174,2023-03-30 14:30:00+00:00,2023-03-30 14:35:00+00:00,1968.8415,1971.1265,0.01,1,-2.285000000000082,0.40169144794499884,-2.6866914479450807,-1.1757949443960545,2.3470000000002074,0.0,stop,2023
1,1036433,1036438,2023-03-31 13:10:00+00:00,2023-03-31 13:35:00+00:00,1977.75,1983.2529999999997,0.01,5,5.502999999999702,0.4088166428815566,5.094183357118145,1.8514204459816177,0.0,6.400000000000091,target,2023
-1,1036721,1036722,2023-04-03 14:10:00+00:00,2023-04-03 14:15:00+00:00,1982.0065,1984.82,0.01,1,-2.8134999999999764,0.40427949959107273,-3.217779499591049,-1.1436927313279106,3.343499999999949,0.0,stop,2023
-1,1037000,1037079,2023-04-04 14:25:00+00:00,2023-04-04 22:00:00+00:00,2018.4095,2020.72,0.01,79,-2.3105000000000473,0.5558695496588911,-2.8663695496589385,-0.4335102162218697,6.582000000000107,2.7495000000001255,session_flat,2023
1,1037267,1037268,2023-04-05 13:40:00+00:00,2023-04-05 13:45:00+00:00,2026.55,2023.81,0.01,1,-2.740000000000009,0.4375999942770436,-3.1775999942770525,-1.1597080271084095,5.442000000000007,1.7855000000001837,stop,2023
1,1037545,1037546,2023-04-06 13:50:00+00:00,2023-04-06 13:55:00+00:00,2006.4395,2004.0835,0.01,1,-2.3559999999999945,0.4574637502686491,-2.8134637502686437,-1.1941696732889007,5.391999999999825,0.6610000000000582,stop,2023
1,1037813,1037819,2023-04-10 13:10:00+00:00,2023-04-10 13:40:00+00:00,1989.8600000000001,1986.88,0.01,6,-2.980000000000018,0.4206628793969185,-3.4006628793969367,-1.1411620400660791,3.575000000000273,4.551500000000033,stop,2023
1,1038374,1038376,2023-04-12 13:55:00+00:00,2023-04-12 14:05:00+00:00,2004.81,2010.6999999999998,0.01,2,5.889999999999873,0.4582976304822819,5.431702369517591,1.8443811101927703,0.0,6.160000000000082,target,2023
-1,1038640,1038650,2023-04-13 13:05:00+00:00,2023-04-13 13:55:00+00:00,2043.4344999999998,2045.777,0.01,10,-2.3425000000002,0.42580954756804007,-2.76830954756824,-1.1817756873289236,3.756000000000313,3.6159999999999854,stop,2023
-1,1038923,1038927,2023-04-14 13:40:00+00:00,2023-04-14 14:00:00+00:00,2025.6945,2020.7835,0.01,4,4.911000000000058,0.4422841561423652,4.468715843857693,1.8198802051955365,1.4169999999999163,7.9909999999999854,target,2023
1,1039201,1039206,2023-04-17 13:50:00+00:00,2023-04-17 14:15:00+00:00,1997.6195,1992.0715,0.01,5,-5.548000000000002,0.4152119363533092,-5.963211936353311,-1.0748399308495509,6.664500000000089,0.47050000000012915,stop,2023
1,1039474,1039480,2023-04-18 13:35:00+00:00,2023-04-18 14:05:00+00:00,1995.1435,2002.7034999999998,0.01,6,7.559999999999946,0.424909111147226,7.13509088885272,1.8875901822361827,2.2784999999998945,15.621499999999969,target,2023
-1,1039745,1039748,2023-04-19 13:10:00+00:00,2023-04-19 13:25:00+00:00,1980.645,1983.435,0.01,3,-2.7899999999999636,0.42002469175038154,-3.210024691750345,-1.1505464844983466,4.423000000000002,0.0,stop,2023
-1,1040034,1040039,2023-04-20 14:15:00+00:00,2023-04-20 14:40:00+00:00,2009.855,2005.3219999999997,0.01,5,4.5330000000003565,0.42249085918345103,4.110509140816905,1.8135932675122797,0.0,4.820000000000164,target,2023
-1,1040296,1040298,2023-04-21 13:05:00+00:00,2023-04-21 13:15:00+00:00,1989.0349999999999,1992.06,0.01,2,-3.025000000000091,0.4246976203820508,-3.4496976203821417,-1.14039590756431,4.245000000000118,0.0,stop,2023
1,1040580,1040581,2023-04-24 13:45:00+00:00,2023-04-24 13:50:00+00:00,1978.335,1976.2984999999999,0.01,1,-2.03650000000016,0.42125363258827864,-2.457753632588439,-1.2068517714648885,4.184999999999945,0.0,stop,2023
-1,1040878,1040882,2023-04-25 15:35:00+00:00,2023-04-25 15:55:00+00:00,1988.5965,1990.6165,0.01,4,-2.019999999999982,0.45293517322372,-2.4729351732237017,-1.2242253332790713,2.1799999999998363,0.5750000000002728,stop,2023
-1,1041130,1041135,2023-04-26 13:35:00+00:00,2023-04-26 14:00:00+00:00,2005.2685000000001,1998.5785000000005,0.01,5,6.689999999999601,0.47038030536604714,6.219619694633554,1.8593780850923542,1.1649999999999636,6.988000000000056,target,2023
1,1041399,1041402,2023-04-27 13:00:00+00:00,2023-04-27 13:15:00+00:00,1985.953,1981.9135,0.01,3,-4.039499999999862,0.4925284990136781,-4.53202849901354,-1.1219280849148894,5.847999999999956,1.59050000000002,stop,2023
-1,1041676,1041678,2023-04-28 13:05:00+00:00,2023-04-28 13:15:00+00:00,1984.1,1986.65,0.01,2,-2.550000000000182,0.45544418163762473,-3.005444181637807,-1.1786055614265067,2.8105000000000473,0.5944999999999254,stop,2023
1,1041973,1041975,2023-05-01 14:50:00+00:00,2023-05-01 15:00:00+00:00,1985.81,1983.115,0.01,2,-2.6949999999999363,0.40983044692625786,-3.104830446926194,-1.1520706667629934,3.9099999999998545,0.0,stop,2023
-1,1042249,1042261,2023-05-02 14:50:00+00:00,2023-05-02 15:50:00+00:00,2009.395,2013.0515,0.01,12,-3.6565000000000505,0.4133748102761918,-4.069874810276242,-1.1130520471150516,5.268500000000131,3.3395000000000437,stop,2023
1,1042563,1042565,2023-05-03 18:00:00+00:00,2023-05-03 18:10:00+00:00,2025.1354999999999,2022.4,0.01,2,-2.7354999999997744,0.5061596586298394,-3.241659658629614,-1.1850336898665257,5.720499999999902,5.339500000000044,stop,2023
-1,1042790,1042791,2023-05-04 13:55:00+00:00,2023-05-04 14:00:00+00:00,2041.7395000000001,2044.9595,0.01,1,-3.2199999999998,0.41839605263158525,-3.638396052631385,-1.1299366623079539,5.530499999999847,0.0,stop,2023
1,1043057,1043059,2023-05-05 13:10:00+00:00,2023-05-05 13:20:00+00:00,2012.26,2008.3285,0.01,2,-3.931499999999915,0.3982544710884516,-4.329754471088367,-1.1012983520509882,7.685500000000047,0.0,stop,2023
-1,1043883,1043884,2023-05-10 13:00:00+00:00,2023-05-10 13:05:00+00:00,2044.8494999999998,2039.0294999999992,0.01,1,5.8200000000006185,0.4028600643485701,5.417139935652048,1.8615601153441486,0.0,6.644999999999754,target,2023
1,1044171,1044177,2023-05-11 14:00:00+00:00,2023-05-11 14:30:00+00:00,2014.4695000000002,2021.0395000000003,0.01,6,6.570000000000163,0.43127848134788704,6.138721518652276,1.8687127910660957,1.5700000000001637,6.579999999999927,target,2023
1,1044455,1044458,2023-05-12 14:40:00+00:00,2023-05-12 14:55:00+00:00,2012.5985,2010.4250000000002,0.01,3,-2.1734999999998763,0.3982658959248347,-2.571765895924711,-1.1832371271795985,2.2135000000000673,0.8964999999998327,stop,2023
-1,1044723,1044727,2023-05-15 14:00:00+00:00,2023-05-15 14:20:00+00:00,2020.1295,2015.8895000000002,0.01,4,4.239999999999782,0.41184310920750583,3.828156890792276,1.8057343824492798,1.0850000000000364,4.689499999999953,target,2023
1,1045014,1045018,2023-05-16 15:15:00+00:00,2023-05-16 15:35:00+00:00,2000.6950000000002,1998.44,0.01,4,-2.255000000000109,0.36972467847318585,-2.624724678473295,-1.1639577288129348,3.2654999999999745,2.3044999999997344,stop,2023
-1,1045265,1045271,2023-05-17 13:10:00+00:00,2023-05-17 13:40:00+00:00,1985.9099999999999,1981.5509999999995,0.01,6,4.359000000000378,0.3905467816781641,3.9684532183222143,1.8208090012947327,0.9095000000002074,5.954999999999927,target,2023
1,1045560,1045562,2023-05-18 14:45:00+00:00,2023-05-18 14:55:00+00:00,1957.095,1954.6885,0.01,2,-2.406500000000051,0.41915828857652393,-2.825658288576575,-1.1741775560259775,2.6200000000001182,0.0,stop,2023
-1,1045847,1045911,2023-05-19 15:40:00+00:00,2023-05-21 22:00:00+00:00,1979.9450000000002,1977.33,0.01,64,2.6150000000002365,0.5819792952625868,2.0330207047376496,0.4675222961337769,3.3194999999998345,6.765000000000327,session_flat,2023
1,1046109,1046141,2023-05-22 14:30:00+00:00,2023-05-22 17:10:00+00:00,1971.2735,1975.9304999999997,0.01,32,4.656999999999698,0.4173067530338567,4.2396932469658415,1.8207830135134706,0.33349999999995816,7.16599999999994,target,2023
-1,1046376,1046378,2023-05-23 13:45:00+00:00,2023-05-23 13:55:00+00:00,1968.2745,1970.46,0.01,2,-2.1855000000000473,0.492732652950507,-2.6782326529505545,-1.2254553433770288,5.180000000000064,3.014499999999998,stop,2023
1,1046660,1046676,2023-05-24 14:25:00+00:00,2023-05-24 15:45:00+00:00,1968.69,1966.685,0.01,16,-2.005000000000109,0.41414412109896875,-2.419144121099078,-1.2065556713710455,3.900000000000091,3.509999999999991,stop,2023
1,1046919,1046921,2023-05-25 13:00:00+00:00,2023-05-25 13:10:00+00:00,1944.12,1948.58,0.01,2,4.460000000000036,0.4176223924855514,4.042377607514485,1.8127253845356288,0.0,7.420000000000073,target,2023
1,1047217,1047221,2023-05-26 14:50:00+00:00,2023-05-26 15:10:00+00:00,1941.9005,1938.9,0.01,4,-3.0004999999998745,0.401197127241433,-3.4016971272413077,-1.1337100907320279,3.0505000000000564,0.7429999999999382,stop,2023
1,1047718,1047727,2023-05-30 13:05:00+00:00,2023-05-30 13:50:00+00:00,1956.562,1953.13,0.01,9,-3.4319999999997894,0.41774854074854056,-3.84974854074833,-1.1217216027822163,4.07549999999992,1.7830000000001291,stop,2023
1,1048007,1048008,2023-05-31 14:10:00+00:00,2023-05-31 14:15:00+00:00,1964.7665,1961.63,0.01,1,-3.1364999999998413,0.4245567393360927,-3.561056739335934,-1.1353600316710073,3.27150000000006,1.0634999999999764,stop,2023
-1,1048271,1048275,2023-06-01 13:10:00+00:00,2023-06-01 13:30:00+00:00,1969.2085000000002,1971.29,0.01,4,-2.081499999999778,0.4217066296035,-2.503206629603278,-1.2025974679815252,3.4329999999997654,3.1035000000001673,stop,2023
1,1048545,1048550,2023-06-02 13:00:00+00:00,2023-06-02 13:25:00+00:00,1971.6535,1975.8974999999996,0.01,5,4.243999999999687,0.534040206065297,3.7099597939343902,1.7483316653792007,0.5335000000000036,5.004500000000007,target,2023
-1,1048835,1048836,2023-06-05 14:10:00+00:00,2023-06-05 14:15:00+00:00,1959.3315,1961.365,0.01,1,-2.0335000000000036,0.4150852897080824,-2.448585289708086,-1.204123574973239,2.7135000000000673,2.111499999999978,stop,2023
1,1049109,1049129,2023-06-06 14:00:00+00:00,2023-06-06 15:40:00+00:00,1957.2849999999999,1962.9849999999997,0.01,20,5.699999999999818,0.41899698084290726,5.281003019156911,1.852983515493712,0.4284999999997581,6.265500000000202,target,2023
1,1049394,1049397,2023-06-07 14:45:00+00:00,2023-06-07 15:00:00+00:00,1959.0549999999998,1956.6100000000001,0.01,3,-2.444999999999709,0.4229148957443237,-2.8679148957440326,-1.1729713275028115,2.9649999999996908,0.0,stop,2023
-1,1049659,1049660,2023-06-08 13:50:00+00:00,2023-06-08 13:55:00+00:00,1964.5765000000001,1967.97,0.01,1,-3.3934999999999036,0.42316555444551124,-3.816665554445415,-1.1246988520540808,3.9429999999997563,0.0,stop,2023
1,1050208,1050210,2023-06-12 13:35:00+00:00,2023-06-12 13:45:00+00:00,1958.3685,1956.1185,0.01,2,-2.25,0.4204552901899698,-2.67045529018997,-1.1868690178622088,7.139999999999873,0.2300000000000182,stop,2023
1,1050477,1050481,2023-06-13 13:00:00+00:00,2023-06-13 13:20:00+00:00,1961.5149999999999,1958.545,0.01,4,-2.9699999999998,0.4182158296334309,-3.3882158296332308,-1.1408134106509964,4.399999999999864,4.2800000000002,stop,2023
1,1050815,1050847,2023-06-14 18:10:00+00:00,2023-06-14 20:50:00+00:00,1945.9465,1940.0765000000001,0.01,32,-5.869999999999891,0.5088468644148642,-6.378846864414755,-1.086686007566418,5.89650000000006,7.253500000000031,stop,2023
-1,1051044,1051046,2023-06-15 14:15:00+00:00,2023-06-15 14:25:00+00:00,1954.8400000000001,1957.145,0.01,2,-2.3049999999998363,0.4141138219305042,-2.7191138219303403,-1.1796589249156328,4.411499999999705,0.0,stop,2023
1,1051312,1051317,2023-06-16 13:35:00+00:00,2023-06-16 14:00:00+00:00,1959.475,1965.5049999999997,0.01,5,6.029999999999745,0.4363651341143819,5.593634865885363,1.8552686122340296,0.5715000000000146,6.656500000000051,target,2023
1,1051840,1051845,2023-06-20 14:05:00+00:00,2023-06-20 14:30:00+00:00,1932.565,1930.24,0.01,5,-2.3250000000000455,0.4082557598268182,-2.733255759826864,-1.1755938751943271,2.7049999999999272,1.8584999999998217,stop,2023
1,1052105,1052110,2023-06-21 13:10:00+00:00,2023-06-21 13:35:00+00:00,1927.98,1925.635,0.01,5,-2.3450000000000273,0.41864322728135145,-2.7636432272813787,-1.1785258964952436,7.625,2.24350000000004,stop,2023
1,1052382,1052388,2023-06-22 13:15:00+00:00,2023-06-22 13:45:00+00:00,1921.0585,1925.0685000000003,0.01,6,4.010000000000218,0.39873659267958067,3.6112634073206378,1.8011288814565791,1.9035000000001219,6.420000000000073,target,2023
1,1052672,1052673,2023-06-23 14:25:00+00:00,2023-06-23 14:30:00+00:00,1929.24,1926.5149999999999,0.01,1,-2.7250000000001364,0.40571571356227826,-3.130715713562415,-1.1488865003898194,3.0599999999999454,0.01999999999998181,stop,2023
1,1052942,1053027,2023-06-26 13:55:00+00:00,2023-06-26 22:00:00+00:00,1924.4305,1923.2,0.01,85,-1.2304999999998927,0.49388866995518815,-1.7243886699550808,-0.693779388435018,1.9719999999997526,4.099500000000035,session_flat,2023
1,1053223,1053268,2023-06-27 14:20:00+00:00,2023-06-27 18:05:00+00:00,1915.7,1911.6055000000001,0.01,45,-4.094499999999925,0.3993345539955283,-4.493834553995454,-1.0975295039676483,4.759999999999991,4.454999999999927,stop,2023
1,1053760,1053761,2023-06-29 13:05:00+00:00,2023-06-29 13:10:00+00:00,1897.6399999999999,1895.0985,0.01,1,-2.5414999999998145,0.3992230653694844,-2.9407230653692986,-1.1570816704188525,2.5599999999999454,0.0,stop,2023
-1,1054325,1054333,2023-07-03 14:10:00+00:00,2023-07-03 14:50:00+00:00,1926.7350000000001,1929.6444999999999,0.01,8,-2.9094999999997526,0.41474681521109374,-3.3242468152108464,-1.1425491717515481,3.0799999999999272,2.5,stop,2023
-1,1054839,1054840,2023-07-05 13:30:00+00:00,2023-07-05 13:35:00+00:00,1932.295,1927.335,0.01,1,4.960000000000036,0.41620974983238646,4.54379025016765,1.8321734879708131,0.0,5.220000000000027,target,2023
1,1055109,1055114,2023-07-06 13:00:00+00:00,2023-07-06 13:25:00+00:00,1906.455,1912.2420000000002,0.01,5,5.787000000000262,0.4138678731280517,5.3731321268722105,1.8569663476315768,1.7884999999998854,5.878500000000031,target,2023
-1,1055395,1055399,2023-07-07 13:50:00+00:00,2023-07-07 14:10:00+00:00,1925.26,1927.7255,0.01,4,-2.46550000000002,0.48560555683883894,-2.951105556838859,-1.1969602745239647,2.7264999999999873,3.891499999999951,stop,2023
-1,1055668,1055671,2023-07-10 13:35:00+00:00,2023-07-10 13:50:00+00:00,1920.8049999999998,1923.7465,0.01,3,-2.941500000000133,0.4078508963585759,-3.349350896358709,-1.1386540528160998,3.5700000000001637,0.7334999999998217,stop,2023
-1,1056222,1056223,2023-07-12 13:45:00+00:00,2023-07-12 13:50:00+00:00,1951.755,1954.81,0.01,1,-3.0549999999998363,0.40469303185896094,-3.459693031858797,-1.1324690775315818,5.6749999999999545,0.0,stop,2023
1,1056781,1056787,2023-07-14 14:20:00+00:00,2023-07-14 14:50:00+00:00,1954.1100000000001,1959.98,0.01,6,5.869999999999891,0.4023355089355098,5.467664491064381,1.8629180548771662,0.6700000000000728,6.085000000000036,target,2023
1,1057051,1057055,2023-07-17 13:50:00+00:00,2023-07-17 14:10:00+00:00,1947.9485,1952.0564999999997,0.01,4,4.10799999999972,0.40951039960990626,3.698489600389814,1.8006278482911713,0.0,5.591499999999996,target,2023
-1,1057317,1057319,2023-07-18 13:00:00+00:00,2023-07-18 13:10:00+00:00,1966.7765,1968.895,0.01,2,-2.11850000000004,0.43815576425319464,-2.5566557642532346,-1.2068235847312656,3.533000000000129,0.0,stop,2023
1,1057615,1057638,2023-07-19 14:50:00+00:00,2023-07-19 16:45:00+00:00,1972.3049999999998,1977.2849999999994,0.01,23,4.979999999999563,0.4056766135153898,4.574323386484173,1.837077665254849,0.16499999999996362,5.07950000000028,target,2023
1,1057879,1057882,2023-07-20 13:50:00+00:00,2023-07-20 14:05:00+00:00,1975.0035,1972.9,0.01,3,-2.10349999999994,0.4055446055065954,-2.5090446055065354,-1.192795153556742,2.7185000000001764,2.441500000000133,stop,2023
1,1058433,1058437,2023-07-24 14:00:00+00:00,2023-07-24 14:20:00+00:00,1961.18,1959.16,0.01,4,-2.019999999999982,0.4040367651561662,-2.424036765156148,-1.2000182005723612,3.0900000000001455,1.3185000000000855,stop,2023
-1,1058723,1058736,2023-07-25 15:10:00+00:00,2023-07-25 16:15:00+00:00,1962.935,1965.405,0.01,13,-2.4700000000000273,0.4268283165386128,-2.89682831653864,-1.1728049864528778,2.7800000000002,1.2449999999998909,stop,2023
1,1058983,1058999,2023-07-26 13:50:00+00:00,2023-07-26 15:10:00+00:00,1965.9814999999999,1970.0874999999996,0.01,16,4.105999999999767,0.4015815326195192,3.704418467380248,1.804392823857992,1.6514999999999418,5.538500000000113,target,2023
1,1059258,1059260,2023-07-27 13:45:00+00:00,2023-07-27 13:55:00+00:00,1948.7649999999999,1944.805,0.01,2,-3.959999999999809,0.44349549888241674,-4.403495498882226,-1.1119938128491005,5.4249999999999545,0.5285000000001219,stop,2023
-1,1060090,1060173,2023-08-01 14:05:00+00:00,2023-08-01 22:00:00+00:00,1948.6,1950.3665,0.01,83,-1.7665000000001783,0.5327314505538376,-2.299231450554016,-0.4273267262436439,3.3414999999999964,7.328500000000076,session_flat,2023
1,1060629,1060631,2023-08-03 13:00:00+00:00,2023-08-03 13:10:00+00:00,1933.01,1930.87,0.01,2,-2.1400000000001,0.4026168417775568,-2.5426168417776567,-1.188138711110999,2.5599999999999454,0.3500000000001364,stop,2023
-1,1060907,1060912,2023-08-04 13:10:00+00:00,2023-08-04 13:35:00+00:00,1942.6565,1944.7649999999999,0.01,5,-2.1084999999998217,0.4127072323702797,-2.5212072323701014,-1.1957349928244319,4.339999999999918,2.7665000000001783,stop,2023
1,1061194,1061277,2023-08-07 14:05:00+00:00,2023-08-07 22:00:00+00:00,1933.7649999999999,1937.345,0.01,83,3.5800000000001546,0.5065598958333397,3.073440104166815,1.375140986204453,1.8049999999998363,3.91150000000016,session_flat,2023
1,1061464,1061477,2023-08-08 13:35:00+00:00,2023-08-08 14:40:00+00:00,1925.45,1930.7170000000008,0.01,13,5.267000000000735,0.4055170595533399,4.861482940447395,1.8460159257439592,1.5750000000000455,6.669999999999845,target,2023
1,1061752,1061755,2023-08-09 14:35:00+00:00,2023-08-09 14:50:00+00:00,1923.21,1919.3915000000002,0.01,3,-3.818499999999858,0.3991926969204234,-4.217692696920282,-1.1045417564280315,5.326500000000124,0.0,stop,2023
-1,1062019,1062023,2023-08-10 13:50:00+00:00,2023-08-10 14:10:00+00:00,1922.97,1918.3300000000002,0.01,4,4.639999999999873,0.4144350842969157,4.225564915702957,1.8213641878030489,0.003500000000030923,5.980000000000018,target,2023
1,1062845,1062855,2023-08-15 13:40:00+00:00,2023-08-15 14:30:00+00:00,1902.6100000000001,1907.5100000000007,0.01,10,4.900000000000546,0.4086851852581676,4.4913148147423785,1.8331897203028076,1.125,6.4849999999999,target,2023
1,1063397,1063398,2023-08-17 13:40:00+00:00,2023-08-17 13:45:00+00:00,1900.52,1898.38,0.01,1,-2.1399999999998727,0.4081042375961777,-2.5481042375960503,-1.1907029147645802,4.014999999999873,0.0,stop,2023
-1,1063676,1063710,2023-08-18 13:55:00+00:00,2023-08-18 16:45:00+00:00,1894.4650000000001,1889.6150000000002,0.01,34,4.849999999999909,0.3984968847352011,4.451503115264708,1.8356713877380582,0.4499999999998181,5.416500000000269,target,2023
-1,1064505,1064530,2023-08-23 14:00:00+00:00,2023-08-23 16:05:00+00:00,1915.34,1918.9650000000001,0.01,25,-3.6250000000002274,0.4046621085567687,-4.029662108556996,-1.111630926498412,3.6315000000001874,0.7549999999998818,stop,2023
-1,1064791,1064855,2023-08-24 14:50:00+00:00,2023-08-24 20:10:00+00:00,1921.115,1916.5650000000003,0.01,64,4.549999999999727,0.40353860803434033,4.146461391965387,1.8226203920728068,1.2200000000000273,4.726499999999987,target,2023
1,1065069,1065098,2023-08-25 15:00:00+00:00,2023-08-25 17:25:00+00:00,1906.35,1911.3299999999995,0.01,29,4.979999999999563,0.39041724878373213,4.589582751215831,1.8432059241832262,2.324999999999818,6.434999999999945,target,2023
-1,1065331,1065334,2023-08-28 13:50:00+00:00,2023-08-28 14:05:00+00:00,1916.7435,1918.8899999999999,0.01,3,-2.1464999999998327,0.40875328198665345,-2.555253281986486,-1.1904278043264316,2.5764999999998963,0.0,stop,2023
-1,1065611,1065612,2023-08-29 14:10:00+00:00,2023-08-29 14:15:00+00:00,1929.495,1932.6100000000001,0.01,1,-3.1150000000002365,0.40480724315277544,-3.519807243153012,-1.1299541711565795,4.230000000000018,0.13999999999987267,stop,2023
1,1066157,1066171,2023-08-31 13:40:00+00:00,2023-08-31 14:50:00+00:00,1943.58,1941.3535,0.01,14,-2.2264999999999873,0.3969605702519932,-2.6234605702519804,-1.1782890501917789,2.474999999999909,1.5800000000001546,stop,2023
1,1066431,1066433,2023-09-01 13:30:00+00:00,2023-09-01 13:40:00+00:00,1948.43,1946.4,0.01,2,-2.0299999999999727,0.39897482704677306,-2.428974827046746,-1.196539323668364,4.520000000000209,3.111499999999978,stop,2023
1,1067238,1067239,2023-09-06 14:15:00+00:00,2023-09-06 14:20:00+00:00,1923.165,1920.615,0.01,1,-2.5499999999999545,0.3948294410326921,-2.9448294410326468,-1.154835074914784,2.8299999999999272,0.08500000000003638,stop,2023
1,1068062,1068064,2023-09-11 13:55:00+00:00,2023-09-11 14:05:00+00:00,1927.09,1924.415,0.01,2,-2.6749999999999545,0.39884714848777825,-3.073847148487733,-1.149101737752443,2.839999999999918,0.0,stop,2023
1,1068617,1068619,2023-09-13 14:10:00+00:00,2023-09-13 14:20:00+00:00,1912.57,1910.5594999999998,0.01,2,-2.0105000000000928,0.3873608039201189,-2.397860803920212,-1.192668890286049,2.223499999999831,0.4249999999999545,stop,2023
-1,1068881,1068891,2023-09-14 13:10:00+00:00,2023-09-14 14:00:00+00:00,1905.6,1901.3699999999994,0.01,10,4.230000000000473,0.3971669559909154,3.8328330440095577,1.812214205205262,2.0,4.239999999999782,target,2023
1,1070046,1070055,2023-09-20 18:15:00+00:00,2023-09-20 19:00:00+00:00,1942.525,1939.3795,0.01,9,-3.1455000000000837,0.40220535720550016,-3.547705357205584,-1.1278669073932568,3.50850000000014,4.294999999999845,stop,2023
-1,1070269,1070272,2023-09-21 13:50:00+00:00,2023-09-21 14:05:00+00:00,1916.7535,1918.95,0.01,3,-2.1965000000000146,0.3983974362753155,-2.59489743627533,-1.181378300148105,4.861999999999853,1.477999999999838,stop,2023
-1,1071100,1071112,2023-09-26 14:05:00+00:00,2023-09-26 15:05:00+00:00,1906.8319999999999,1901.3549999999996,0.01,12,5.4770000000003165,0.40624904960420644,5.07075095039611,1.8516527114828616,2.643000000000029,5.946999999999889,target,2023
1,1071667,1071671,2023-09-28 15:20:00+00:00,2023-09-28 15:40:00+00:00,1860.3600000000001,1864.5200000000004,0.01,4,4.160000000000309,0.36667740851986486,3.7933225914804445,1.8237127843654628,0.0,5.494999999999891,target,2023
1,1071932,1071933,2023-09-29 14:25:00+00:00,2023-09-29 14:30:00+00:00,1862.6635,1859.5349999999999,0.01,1,-3.1285000000002583,0.3940713518455757,-3.522571351845834,-1.1259617554244983,3.39200000000028,0.0,stop,2023
1,1072481,1072483,2023-10-03 14:10:00+00:00,2023-10-03 14:20:00+00:00,1822.53,1828.93,0.01,2,6.400000000000092,0.41536566669824687,5.984634333301845,1.8701982291567996,2.4114999999999327,6.796500000000151,target,2023
1,1072750,1072751,2023-10-04 13:35:00+00:00,2023-10-04 13:40:00+00:00,1825.01,1822.875,0.01,1,-2.134999999999991,0.40077989477842685,-2.535779894778418,-1.1877189202709268,2.7749999999998636,0.0,stop,2023
-1,1073302,1073309,2023-10-06 13:35:00+00:00,2023-10-06 14:10:00+00:00,1822.3,1826.0935,0.01,7,-3.793499999999995,0.405828777541748,-4.199328777541743,-1.106980038893304,4.560000000000173,5.869999999999891,stop,2023
-1,1074125,1074130,2023-10-11 13:10:00+00:00,2023-10-11 13:35:00+00:00,1873.0465,1868.9294999999997,0.01,5,4.117000000000189,0.38969719672242026,3.727302803277769,1.8106887555392752,0.34349999999994907,4.331499999999778,target,2023
-1,1074693,1074696,2023-10-13 14:30:00+00:00,2023-10-13 14:45:00+00:00,1913.2849999999999,1916.47,0.01,3,-3.1850000000001732,0.3980655645161298,-3.583065564516303,-1.1249813389375536,4.4650000000001455,0.0,stop,2023
-1,1074961,1074976,2023-10-16 13:50:00+00:00,2023-10-16 15:05:00+00:00,1918.6685,1921.2465,0.01,15,-2.5779999999999745,0.39517782658381806,-2.9731778265837927,-1.1532885285429877,2.871499999999969,2.373499999999922,stop,2023
1,1075234,1075236,2023-10-17 13:35:00+00:00,2023-10-17 13:45:00+00:00,1923.3635,1928.2475,0.01,2,4.8840000000000146,0.4653314925628044,4.41866850743721,1.8094465632420953,0.4884999999999309,8.231000000000222,target,2023
-1,1075512,1075513,2023-10-18 13:45:00+00:00,2023-10-18 13:50:00+00:00,1956.9965,1959.8415,0.01,1,-2.8450000000000273,0.4009235497172901,-3.2459235497173173,-1.1409221615877982,3.208499999999958,0.0,stop,2023
1,1075823,1075826,2023-10-19 16:40:00+00:00,2023-10-19 16:55:00+00:00,1955.355,1961.755,0.01,3,6.400000000000092,0.40410420600725133,5.99589579399284,1.8737174356227357,0.0,6.791500000000042,target,2023
-1,1076074,1076077,2023-10-20 14:35:00+00:00,2023-10-20 14:50:00+00:00,1988.41,1991.1154999999999,0.01,3,-2.7054999999998017,0.399545873405274,-3.105045873405076,-1.1476791252653127,2.9149999999997362,0.060000000000172804,stop,2023
1,1076341,1076427,2023-10-23 13:50:00+00:00,2023-10-23 22:00:00+00:00,1973.8285,1972.8595,0.01,86,-0.9690000000000509,0.4863727537281366,-1.4553727537281875,-0.3988961912369967,2.599999999999909,5.561499999999796,session_flat,2023
1,1076613,1076614,2023-10-24 13:30:00+00:00,2023-10-24 13:35:00+00:00,1964.1985,1962.13,0.01,1,-2.068499999999858,0.4148138959842536,-2.4833138959841117,-1.2005385042225196,4.039999999999964,0.0,stop,2023
-1,1076890,1076892,2023-10-25 13:35:00+00:00,2023-10-25 13:45:00+00:00,1977.6415000000002,1980.463,0.01,2,-2.821499999999787,0.4106257168974751,-3.2321257168972624,-1.1455345443549552,5.429999999999836,1.0515000000000327,stop,2023
1,1077162,1077166,2023-10-26 13:15:00+00:00,2023-10-26 13:35:00+00:00,1976.8735000000001,1981.2105000000006,0.01,4,4.337000000000444,0.4045046699266429,3.932495330073801,1.8134633756391048,1.918500000000222,5.026499999999942,target,2023
1,1077435,1077437,2023-10-27 13:00:00+00:00,2023-10-27 13:10:00+00:00,1981.575,1977.105,0.01,2,-4.470000000000027,0.40901057255957163,-4.879010572559599,-1.0915012466576217,4.644999999999982,1.8599999999999,stop,2023
1,1077732,1077807,2023-10-30 14:45:00+00:00,2023-10-30 22:00:00+00:00,1996.5385,1995.96,0.01,75,-0.5785000000000764,0.716000749021078,-1.2945007490211544,-0.287539037987806,1.77350000000024,4.191499999999905,session_flat,2023
-1,1077999,1078001,2023-10-31 14:00:00+00:00,2023-10-31 14:10:00+00:00,2001.6015000000002,2004.0949999999998,0.01,2,-2.4934999999995853,0.41059501201291665,-2.904095012012502,-1.164666136760772,4.777999999999793,1.3915000000001783,stop,2023
1,1078333,1078337,2023-11-01 18:50:00+00:00,2023-11-01 19:10:00+00:00,1973.1,1979.35,0.01,4,6.25,0.42623270822353326,5.823767291776467,1.8636055333684696,0.0,7.795000000000073,target,2023
1,1078546,1078548,2023-11-02 13:35:00+00:00,2023-11-02 13:45:00+00:00,1986.83,1983.5135,0.01,2,-3.3164999999999054,0.40732176470302833,-3.723821764702934,-1.1228167540187064,4.50649999999996,0.0,stop,2023
1,1078822,1078911,2023-11-03 13:35:00+00:00,2023-11-05 23:00:00+00:00,1994.8,1992.5,0.01,89,-2.2999999999999545,0.502995265579764,-2.8029952655797183,-0.41302516254030003,6.0815000000000055,5.163999999999987,session_flat,2023
1,1079650,1079653,2023-11-08 14:35:00+00:00,2023-11-08 14:50:00+00:00,1963.33,1960.88,0.01,3,-2.449999999999818,0.3960395843689533,-2.8460395843687714,-1.1616488099465236,3.4249999999999545,0.0,stop,2023
-1,1079919,1079923,2023-11-09 14:00:00+00:00,2023-11-09 14:20:00+00:00,1949.2649999999999,1951.4435,0.01,4,-2.178500000000213,0.3822767933197639,-2.5607767933199765,-1.1754770683129339,2.915000000000191,0.6299999999998818,stop,2023
-1,1080745,1080748,2023-11-14 13:50:00+00:00,2023-11-14 14:05:00+00:00,1954.5815,1957.53,0.01,3,-2.9484999999999673,0.40833261232543905,-3.356832612325406,-1.13848825244207,3.9249999999999545,0.8630000000000564,stop,2023
1,1081021,1081025,2023-11-15 13:50:00+00:00,2023-11-15 14:10:00+00:00,1966.46,1963.6535,0.01,4,-2.806500000000142,0.40325910454886926,-3.2097591045490113,-1.1436875483872613,3.38149999999996,0.6700000000000728,stop,2023
-1,1081309,1081313,2023-11-16 14:50:00+00:00,2023-11-16 15:10:00+00:00,1978.9245,1982.76,0.01,4,-3.8354999999999113,0.40895566217532237,-4.244455662175234,-1.1066238201473946,4.400499999999965,0.0,stop,2023
-1,1082140,1082155,2023-11-21 15:05:00+00:00,2023-11-21 16:20:00+00:00,2005.3,2000.6200000000001,0.01,15,4.679999999999836,0.4075320527632667,4.27246794723657,1.825841003092615,1.5499999999999545,4.725000000000136,target,2023
1,1082400,1082415,2023-11-22 13:45:00+00:00,2023-11-22 15:00:00+00:00,1999.205,1996.845,0.01,15,-2.3599999999999,0.42785752691929196,-2.787857526919192,-1.181295562253945,3.0549999999998363,3.275000000000091,stop,2023
-1,1083154,1083155,2023-11-27 15:20:00+00:00,2023-11-27 15:25:00+00:00,2012.0349999999999,2014.255,0.01,1,-2.2200000000002547,0.4048142657118432,-2.624814265712098,-1.182348768338647,2.25,0.004999999999881766,stop,2023
-1,1083415,1083416,2023-11-28 14:05:00+00:00,2023-11-28 14:10:00+00:00,2020.95,2023.275,0.01,1,-2.3250000000000455,0.3932856493794374,-2.718285649379483,-1.169155118012658,2.7999999999999545,0.0,stop,2023
1,1083704,1083705,2023-11-29 15:15:00+00:00,2023-11-29 15:20:00+00:00,2043.08,2039.99,0.01,1,-3.089999999999918,0.40757180788653763,-3.4975718078864557,-1.1319002614519573,3.113499999999931,0.0,stop,2023
1,1083962,1083963,2023-11-30 13:45:00+00:00,2023-11-30 13:50:00+00:00,2039.56,2036.475,0.01,1,-3.0850000000000364,0.4111391810445844,-3.496139181044621,-1.1332703990420032,5.468499999999949,0.0,stop,2023
-1,1084256,1084257,2023-12-01 15:15:00+00:00,2023-12-01 15:20:00+00:00,2045.5085,2048.8,0.01,1,-3.291500000000269,0.41036432379764903,-3.7018643237979183,-1.1246739552780238,7.796500000000378,0.0,stop,2023
1,1084523,1084529,2023-12-04 14:30:00+00:00,2023-12-04 15:00:00+00:00,2045.6885000000002,2051.825500000001,0.01,6,6.137000000000626,0.41767129242927775,5.719328707571348,1.8638842129935684,2.248500000000149,6.721499999999651,target,2023
1,1084809,1084811,2023-12-05 15:20:00+00:00,2023-12-05 15:30:00+00:00,2019.655,2017.4099999999999,0.01,2,-2.2450000000001182,0.4124173661466452,-2.6574173661467633,-1.183704840154398,3.996499999999969,1.7100000000000364,stop,2023
-1,1085062,1085063,2023-12-06 13:25:00+00:00,2023-12-06 13:30:00+00:00,2029.44,2031.53,0.01,1,-2.089999999999918,0.41920209431366556,-2.5092020943135838,-1.2005751647433884,2.156500000000051,0.9050000000002001,stop,2023
-1,1085344,1085347,2023-12-07 13:55:00+00:00,2023-12-07 14:10:00+00:00,2037.755,2033.7350000000006,0.01,3,4.019999999999527,0.41331757080665893,3.606682429192868,1.794369367757857,0.0,4.975000000000136,target,2023
1,1085617,1085621,2023-12-08 13:40:00+00:00,2023-12-08 14:00:00+00:00,2019.3600000000001,2014.49,0.01,4,-4.870000000000118,0.41354791495549414,-5.283547914955612,-1.0849174363358283,5.421500000000151,6.775000000000091,stop,2023
-1,1086165,1086167,2023-12-12 13:20:00+00:00,2023-12-12 13:30:00+00:00,1990.22,1992.615,0.01,2,-2.394999999999982,0.42966570469536775,-2.8246657046953496,-1.179401129309132,6.635500000000093,4.345500000000129,stop,2023
-1,1086445,1086463,2023-12-13 13:40:00+00:00,2023-12-13 15:10:00+00:00,1983.9865,1979.1895,0.01,18,4.7970000000000255,0.4151230806743624,4.381876919325663,1.8269238771422305,2.223500000000058,5.276499999999942,target,2023
1,1086721,1086722,2023-12-14 13:40:00+00:00,2023-12-14 13:45:00+00:00,2031.4,2035.8900000000003,0.01,1,4.4900000000002365,0.4074659801657032,4.082534019834533,1.8185006769863332,0.0,4.641499999999951,target,2023
1,1086999,1087052,2023-12-15 13:50:00+00:00,2023-12-15 18:15:00+00:00,2031.2849999999999,2027.045,0.01,53,-4.239999999999782,0.4120304148307772,-4.652030414830559,-1.0971769846299053,7.74149999999986,7.380000000000109,stop,2023
-1,1087326,1087361,2023-12-18 18:05:00+00:00,2023-12-18 21:00:00+00:00,2030.2849999999999,2026.54,0.01,35,3.744999999999891,0.3847101544289259,3.360289845570965,0.9628337666391797,0.0,5.2599999999997635,session_flat,2023
-1,1087567,1087568,2023-12-19 15:10:00+00:00,2023-12-19 15:15:00+00:00,2041.475,2043.6,0.01,1,-2.125,0.40141391819721156,-2.5264139181972114,-1.188900667386923,2.9149999999999636,0.0,stop,2023
1,1087900,1087912,2023-12-20 19:55:00+00:00,2023-12-20 20:55:00+00:00,2033.5585,2030.25,0.01,12,-3.3085000000000946,0.4059753536693297,-3.714475353669424,-1.1227067715488341,3.943500000000313,0.3469999999997526,stop,2023
1,1088108,1088114,2023-12-21 14:15:00+00:00,2023-12-21 14:45:00+00:00,2039.8105,2045.2415,0.01,6,5.43100000000004,0.42449036901073417,5.006509630989306,1.8436787446102996,0.9670000000000982,6.203999999999951,target,2023
1,1088370,1088375,2023-12-22 13:05:00+00:00,2023-12-22 13:30:00+00:00,2061.12,2058.5315,0.01,5,-2.58849999999984,0.46545034125935564,-3.0539503412591955,-1.1798146962562814,3.426499999999578,2.680500000000393,stop,2023
-1,1088954,1088965,2023-12-27 15:45:00+00:00,2023-12-27 16:40:00+00:00,2078.7265,2081.9165,0.01,11,-3.1899999999996003,0.40514660469405145,-3.5951466046936518,-1.1270052052332609,3.7534999999998035,2.3730000000000473,stop,2023
-1,1089223,1089234,2023-12-28 15:10:00+00:00,2023-12-28 16:05:00+00:00,2079.13,2075.01,0.01,11,4.119999999999891,0.4453561055058933,3.6746438944939976,1.7838077157738326,0.9899999999997817,4.710000000000036,target,2023
1,1089492,1089503,2023-12-29 14:35:00+00:00,2023-12-29 15:30:00+00:00,2061.02,2065.9329999999995,0.01,11,4.912999999999556,0.45702925424432694,4.455970745755229,1.8139510465115536,0.0,5.169999999999618,target,2023
-1,1089788,1089838,2024-01-02 16:15:00+00:00,2024-01-02 20:25:00+00:00,2065.075,2059.865,0.01,50,5.210000000000036,0.38710053973117525,4.822899460268861,1.8514009444410084,2.0,5.524999999999636,target,2024
1,1090031,1090034,2024-01-03 13:30:00+00:00,2024-01-03 13:45:00+00:00,2043.78,2041.48,0.01,3,-2.2999999999999545,0.3973375144533865,-2.697337514453341,-1.1727554410666932,4.9849999999999,1.2484999999999218,stop,2024
-1,1090332,1090355,2024-01-04 15:35:00+00:00,2024-01-04 17:30:00+00:00,2045.51,2040.9600000000003,0.01,23,4.549999999999727,0.41065848356222495,4.1393415164375025,1.819490776456154,1.3250000000000455,4.5750000000000455,target,2024
1,1090585,1090589,2024-01-05 13:40:00+00:00,2024-01-05 14:00:00+00:00,2030.8249999999998,2042.8679999999995,0.01,4,12.042999999999665,0.41703015905947316,11.625969840940192,1.9307431438911424,0.7849999999998545,13.175000000000182,target,2024
-1,1090884,1090886,2024-01-08 15:35:00+00:00,2024-01-08 15:45:00+00:00,2030.44,2033.4450000000002,0.01,2,-3.005000000000109,0.3987304324912071,-3.403730432491316,-1.1326889958373352,4.130000000000109,0.0,stop,2024
-1,1091687,1091688,2024-01-11 13:30:00+00:00,2024-01-11 13:35:00+00:00,2037.0615,2032.2745000000002,0.01,1,4.786999999999807,0.44031177457807874,4.346688225421729,1.8160385316155854,0.0,8.240000000000009,target,2024
-1,1091970,1091975,2024-01-12 14:05:00+00:00,2024-01-12 14:30:00+00:00,2055.7735000000002,2059.315,0.01,5,-3.5414999999998145,0.4098909681204946,-3.951390968120309,-1.1157393669689444,5.776499999999942,2.388500000000022,stop,2024
1,1092483,1092485,2024-01-16 13:20:00+00:00,2024-01-16 13:30:00+00:00,2033.6465,2038.0165000000004,0.01,2,4.370000000000346,0.41326746928191355,3.956732530718432,1.8108615701227089,1.9764999999999873,6.423499999999876,target,2024
1,1092771,1092776,2024-01-17 14:20:00+00:00,2024-01-17 14:45:00+00:00,2020.205,2017.63,0.01,5,-2.574999999999818,0.4049167063315615,-2.9799167063313794,-1.157249206342365,2.9099999999998545,2.671500000000151,stop,2024
1,1094162,1094163,2024-01-24 15:15:00+00:00,2024-01-24 15:20:00+00:00,2024.185,2021.6084999999998,0.01,1,-2.5765000000001237,0.40519868131403053,-2.981698681314154,-1.1572670992874097,3.4899999999997817,0.0,stop,2024
-1,1094427,1094430,2024-01-25 14:20:00+00:00,2024-01-25 14:35:00+00:00,2021.3899999999999,2023.43,0.01,3,-2.040000000000191,0.4490100623795897,-2.489010062379781,-1.2201029717546803,2.111499999999978,1.849999999999909,stop,2024
1,1094713,1094723,2024-01-26 15:10:00+00:00,2024-01-26 16:00:00+00:00,2018.2735,2016.23,0.01,10,-2.0434999999999945,0.4053068043087436,-2.448806804308738,-1.1983395176455809,2.128500000000031,1.11649999999986,stop,2024
1,1094986,1094992,2024-01-29 14:55:00+00:00,2024-01-29 15:25:00+00:00,2023.8485,2021.6750000000002,0.01,6,-2.1734999999998763,0.4041874776905339,-2.5776874776904104,-1.1859615724364192,3.218499999999949,1.4465000000000146,stop,2024
1,1095269,1095335,2024-01-30 15:30:00+00:00,2024-01-30 21:00:00+00:00,2032.4050000000002,2036.0149999999999,0.01,66,3.6099999999996726,0.44463812657838647,3.1653618734212863,0.9665227094415872,2.0335000000000036,4.701499999999669,session_flat,2024
-1,1095538,1095541,2024-01-31 14:55:00+00:00,2024-01-31 15:10:00+00:00,2051.71,2055.335,0.01,3,-3.6249999999999996,0.4317365700900558,-4.056736570090055,-1.1190997434731187,4.309999999999945,1.1899999999995998,stop,2024
-1,1095825,1095826,2024-02-01 15:50:00+00:00,2024-02-01 15:55:00+00:00,2049.755,2051.8685,0.01,1,-2.113499999999931,0.3986593916473874,-2.512159391647318,-1.1886252148793,3.3150000000000546,0.0,stop,2024
1,1096080,1096163,2024-02-02 14:05:00+00:00,2024-02-02 21:00:00+00:00,2031.82,2036.15,0.01,83,4.330000000000155,0.4087623380395801,3.9212376619605744,0.9839994132900057,3.9149999999999636,7.004999999999882,session_flat,2024
1,1096349,1096353,2024-02-05 13:30:00+00:00,2024-02-05 13:50:00+00:00,2018.8315,2016.48,0.01,4,-2.3514999999999873,0.4009870014477462,-2.7524870014477334,-1.1705239215172223,3.7264999999999873,0.33349999999995816,stop,2024
-1,1096641,1096644,2024-02-06 14:50:00+00:00,2024-02-06 15:05:00+00:00,2030.225,2033.09,0.01,3,-2.865000000000009,0.3970259356620481,-3.262025935662057,-1.138577988014676,4.048500000000104,0.5749999999998181,stop,2024
1,1096914,1096915,2024-02-07 14:35:00+00:00,2024-02-07 14:40:00+00:00,2034.84,2039.0499999999995,0.01,1,4.209999999999582,0.3971446540347319,3.8128553459648495,1.8113327059217237,0.0,7.046500000000151,target,2024
-1,1097191,1097206,2024-02-08 14:40:00+00:00,2024-02-08 15:55:00+00:00,2030.1399999999999,2032.595,0.01,15,-2.4550000000001546,0.3979612627179126,-2.8529612627180674,-1.1621023473392618,3.1100000000001273,2.468499999999949,stop,2024
1,1098022,1098023,2024-02-13 14:55:00+00:00,2024-02-13 15:00:00+00:00,1995.7150000000001,1993.625,0.01,1,-2.0900000000001455,0.4140441737419746,-2.50404417374212,-1.1981072601636105,2.921500000000151,0.2949999999998454,stop,2024
1,1098300,1098301,2024-02-14 15:05:00+00:00,2024-02-14 15:10:00+00:00,1988.8049999999998,1985.205,0.01,1,-3.599999999999909,0.3994619231245464,-3.9994619231244553,-1.1109616453123767,4.504999999999882,0.0,stop,2024
-1,1098561,1098562,2024-02-15 13:50:00+00:00,2024-02-15 13:55:00+00:00,2001.7,2003.895,0.01,1,-2.1949999999999363,0.4129635281385235,-2.60796352813846,-1.1881382816120891,2.214999999999918,0.060000000000172804,stop,2024
1,1098835,1098858,2024-02-16 13:40:00+00:00,2024-02-16 15:35:00+00:00,1999.085,2006.9650000000001,0.01,23,7.880000000000109,0.4121481542889039,7.4678518457112055,1.895393869469823,3.7200000000000273,10.9849999999999,target,2024
1,1100470,1100478,2024-02-26 14:35:00+00:00,2024-02-26 15:15:00+00:00,2028.0549999999998,2025.685,0.01,8,-2.369999999999891,0.40697283982135984,-2.7769728398212505,-1.1717184978149275,2.5,1.1150000000002365,stop,2024
-1,1101011,1101015,2024-02-28 13:40:00+00:00,2024-02-28 14:00:00+00:00,2034.15,2036.2235,0.01,4,-2.0734999999999673,0.4177405126189599,-2.491240512618927,-1.201466367310811,3.8099999999999454,0.0,stop,2024
-1,1101292,1101293,2024-02-29 14:05:00+00:00,2024-02-29 14:10:00+00:00,2046.73,2049.1414999999997,0.01,1,-2.4114999999997053,0.3950431813388519,-2.806543181338557,-1.16381637210819,3.6464999999998327,0.0,stop,2024
-1,1101596,1101598,2024-03-01 16:25:00+00:00,2024-03-01 16:35:00+00:00,2074.29,2076.6,0.01,2,-2.3099999999999454,0.4119693844262074,-2.7219693844261528,-1.1783417248598342,4.9650000000001455,0.4600000000000364,stop,2024
-1,1101850,1101851,2024-03-04 14:35:00+00:00,2024-03-04 14:40:00+00:00,2096.15,2098.3665,0.01,1,-2.2164999999999964,0.41327045450262784,-2.629770454502624,-1.1864518179574233,3.7800000000002,0.205000000000382,stop,2024
1,1102130,1102131,2024-03-05 14:55:00+00:00,2024-03-05 15:00:00+00:00,2129.205,2133.946,0.01,1,4.7409999999999854,0.43690815192246996,4.304091848077515,1.8156894528907523,0.8800000000001091,10.359500000000025,target,2024
-1,1102395,1102399,2024-03-06 14:00:00+00:00,2024-03-06 14:20:00+00:00,2137.3914999999997,2139.7585,0.01,4,-2.367000000000189,0.40812565070150314,-2.775125650701692,-1.1724231730889185,2.5650000000005093,1.6664999999998145,stop,2024
-1,1102668,1102671,2024-03-07 13:45:00+00:00,2024-03-07 14:00:00+00:00,2160.66,2156.09,0.01,3,4.569999999999709,0.41229065319425323,4.157709346805456,1.819566453744298,0.0,4.8849999999997635,target,2024
-1,1102944,1102948,2024-03-08 13:45:00+00:00,2024-03-08 14:05:00+00:00,2179.6095,2167.8884999999996,0.01,4,11.721000000000458,0.4286758615647895,11.292324138435669,1.926853363780433,0.0,14.467000000000098,target,2024
-1,1103233,1103235,2024-03-11 13:50:00+00:00,2024-03-11 14:00:00+00:00,2182.8995,2178.3985,0.01,2,4.501000000000204,0.4148117445799481,4.0861882554202555,1.8156801845901225,0.21700000000009823,7.2409999999999854,target,2024
1,1103502,1103503,2024-03-12 13:15:00+00:00,2024-03-12 13:20:00+00:00,2166.1235,2161.995,0.01,1,-4.128500000000258,0.42055311690509306,-4.549053116905351,-1.1018658391437728,5.103500000000167,0.021499999999832653,stop,2024
-1,1103784,1103800,2024-03-13 13:45:00+00:00,2024-03-13 15:05:00+00:00,2167.34,2171.6499999999996,0.01,16,-4.309999999999491,0.4650787452653955,-4.775078745264886,-1.1079069014537009,4.369999999999891,3.7335000000002765,stop,2024
1,1104054,1104057,2024-03-14 13:15:00+00:00,2024-03-14 13:30:00+00:00,2163.815,2161.495,0.01,3,-2.3200000000001637,0.40758196424609455,-2.727581964246258,-1.1756818811405456,2.7149999999996908,3.5049999999996544,stop,2024
1,1104334,1104341,2024-03-15 13:35:00+00:00,2024-03-15 14:10:00+00:00,2159.0,2163.773,0.01,7,4.773000000000138,0.4161714770328481,4.35682852296729,1.8256142983310975,1.430000000000291,4.920000000000073,target,2024
1,1104893,1104938,2024-03-19 14:10:00+00:00,2024-03-19 17:55:00+00:00,2151.3999999999996,2157.2999999999993,0.01,45,5.899999999999636,0.4069736201674248,5.493026379832211,1.8620428406212035,0.6199999999998909,6.010000000000218,target,2024
-1,1105169,1105174,2024-03-20 14:10:00+00:00,2024-03-20 14:35:00+00:00,2162.76,2158.42,0.01,5,4.3400000000001455,0.41600966596341943,3.923990334036726,1.8082904765145598,1.2950000000000728,4.641500000000178,target,2024
1,1105446,1105447,2024-03-21 14:15:00+00:00,2024-03-21 14:20:00+00:00,2185.9049999999997,2181.915,0.01,1,-3.9899999999997817,0.41463238978655353,-4.404632389786335,-1.1039178921770867,5.059999999999491,0.0,stop,2024
-1,1105718,1105723,2024-03-22 13:55:00+00:00,2024-03-22 14:20:00+00:00,2177.98,2173.5500000000006,0.01,5,4.4299999999993815,0.41376161260767264,4.016238387391709,1.81320017489493,1.9299999999998363,5.360000000000127,target,2024
-1,1105992,1106079,2024-03-25 13:45:00+00:00,2024-03-25 22:00:00+00:00,2177.2484999999997,2171.8535,0.01,87,5.394999999999527,0.7163592828878582,4.678640717111669,1.1342159314210107,3.2730000000001382,6.473500000000058,session_flat,2024
-1,1106263,1106267,2024-03-26 13:20:00+00:00,2024-03-26 13:40:00+00:00,2190.785,2186.492,0.01,4,4.292999999999665,0.4281757994826248,3.8648242005170403,1.8005237365559477,0.3834999999999127,12.311499999999796,target,2024
-1,1106812,1106817,2024-03-28 13:05:00+00:00,2024-03-28 13:30:00+00:00,2213.9049999999997,2207.3949999999995,0.01,5,6.510000000000218,0.43950580544338236,6.070494194556836,1.864975174978996,0.0,8.073499999999513,target,2024
1,1107098,1107099,2024-04-01 13:55:00+00:00,2024-04-01 14:00:00+00:00,2244.54,2239.348,0.01,1,-5.192000000000007,0.4425508402235823,-5.634550840223589,-1.0852370647580087,9.2199999999998,2.0900000000001455,stop,2024
-1,1107372,1107373,2024-04-02 13:45:00+00:00,2024-04-02 13:50:00+00:00,2261.4995,2264.4515,0.01,1,-2.9520000000002256,0.4164764927326082,-3.368476492732834,-1.1410828227413876,3.9549999999999272,0.0,stop,2024
1,1107647,1107651,2024-04-03 13:40:00+00:00,2024-04-03 14:00:00+00:00,2274.5235000000002,2280.093500000001,0.01,4,5.5700000000006185,0.46212297929535345,5.107877020705265,1.834067152856265,0.5450000000000728,10.877999999999702,target,2024
-1,1107935,1107955,2024-04-04 14:40:00+00:00,2024-04-04 16:20:00+00:00,2295.935,2288.8479999999995,0.01,20,7.087000000000445,0.4365038462528458,6.650496153747599,1.87681562120705,2.5085000000003674,7.1159999999999854,target,2024
-1,1108196,1108200,2024-04-05 13:25:00+00:00,2024-04-05 13:45:00+00:00,2293.3565,2298.8015,0.01,4,-5.445000000000164,0.4583919811677851,-5.903391981167949,-1.0841858551272308,6.300500000000284,1.0014999999998508,stop,2024
1,1108482,1108492,2024-04-08 14:15:00+00:00,2024-04-08 15:05:00+00:00,2322.5305,2329.954499999999,0.01,10,7.423999999999069,0.4459204825096844,6.978079517489384,1.8798705596687122,1.0519999999996799,8.814500000000407,target,2024
-1,1108751,1108757,2024-04-09 13:40:00+00:00,2024-04-09 14:10:00+00:00,2355.2335000000003,2361.0649999999996,0.01,6,-5.831499999999323,0.45881892495954635,-6.29031892495887,-1.0786794006618536,7.021499999999833,1.8135000000002037,stop,2024
1,1109023,1109025,2024-04-10 13:20:00+00:00,2024-04-10 13:30:00+00:00,2328.2685,2322.3685,0.01,2,-5.900000000000091,0.4410130320757976,-6.341013032075889,-1.0747479715382697,8.829999999999927,0.5050000000001091,stop,2024
-1,1109300,1109302,2024-04-11 13:25:00+00:00,2024-04-11 13:35:00+00:00,2342.215,2344.79,0.01,2,-2.574999999999818,0.40174398608048795,-2.976743986080306,-1.156017081973016,4.0,0.6850000000004002,stop,2024
-1,1109587,1109593,2024-04-12 14:20:00+00:00,2024-04-12 14:50:00+00:00,2413.7799999999997,2420.2365,0.01,6,-6.456500000000233,0.4430841008195812,-6.899584100819814,-1.0686260513931023,10.388500000000022,1.206499999999778,stop,2024
1,1109862,1109891,2024-04-15 14:15:00+00:00,2024-04-15 16:40:00+00:00,2333.73,2352.7999999999997,0.01,29,19.06999999999971,0.4623858107380346,18.607614189261675,1.9515064697705253,5.925499999999829,24.041499999999814,target,2024
1,1110125,1110130,2024-04-16 13:10:00+00:00,2024-04-16 13:35:00+00:00,2374.1035,2370.61,0.01,5,-3.4935000000000405,0.48511730556123434,-3.978617305561275,-1.1388628325636836,4.307500000000346,5.242999999999483,stop,2024
-1,1110410,1110415,2024-04-17 13:55:00+00:00,2024-04-17 14:20:00+00:00,2392.3045,2386.4735,0.01,5,5.831000000000131,0.4439958452522699,5.387004154747861,1.8477119378315006,1.1489999999994325,6.119500000000244,target,2024
-1,1110682,1110683,2024-04-18 13:35:00+00:00,2024-04-18 13:40:00+00:00,2388.035,2378.4759999999997,0.01,1,9.559000000000196,0.46652486751300565,9.092475132487191,1.9023904451275246,0.0,12.50149999999985,target,2024
-1,1110959,1110966,2024-04-19 13:40:00+00:00,2024-04-19 14:15:00+00:00,2383.45,2386.8914999999997,0.01,7,-3.441499999999906,0.43332773592100765,-3.8748277359209133,-1.125912461403754,5.570500000000266,5.6965000000000146,stop,2024
1,1111227,1111228,2024-04-22 13:00:00+00:00,2024-04-22 13:05:00+00:00,2338.2435,2335.52,0.01,1,-2.723500000000058,0.4708746852354916,-3.19437468523555,-1.1728932202076305,3.0799999999999272,1.1460000000001855,stop,2024
-1,1111515,1111516,2024-04-23 14:00:00+00:00,2024-04-23 14:05:00+00:00,2327.2934999999998,2330.9004999999997,0.01,1,-3.6069999999999705,0.49737472483900463,-4.1043747248389755,-1.1378915233820375,4.921500000000378,0.0,stop,2024
-1,1111779,1111780,2024-04-24 13:00:00+00:00,2024-04-24 13:05:00+00:00,2321.44,2323.5035,0.01,1,-2.063499999999749,0.4776354021123545,-2.5411354021121033,-1.2314685738368851,4.355000000000018,0.0,stop,2024
1,1112061,1112072,2024-04-25 13:30:00+00:00,2024-04-25 14:25:00+00:00,2318.8599999999997,2326.4699999999984,0.01,11,7.609999999998764,0.49440669974406437,7.1155933002547,1.8700639422485823,2.268499999999676,7.645000000000437,target,2024
1,1112341,1112349,2024-04-26 13:50:00+00:00,2024-04-26 14:30:00+00:00,2340.295,2336.9955,0.01,8,-3.29950000000008,0.48591181786158566,-3.785411817861666,-1.1472683187942336,3.850000000000364,5.078500000000076,stop,2024
-1,1112614,1112615,2024-04-29 13:35:00+00:00,2024-04-29 13:40:00+00:00,2333.985,2328.5350000000003,0.01,1,5.449999999999818,0.47028765774534437,4.979712342254474,1.827417373304455,0.0,8.341499999999996,target,2024
1,1112898,1112901,2024-04-30 14:15:00+00:00,2024-04-30 14:30:00+00:00,2303.1,2298.83,0.01,3,-4.269999999999982,0.4358527791623083,-4.70585277916229,-1.1020732503892998,4.468999999999596,2.9535000000000764,stop,2024
-1,1113166,1113167,2024-05-01 13:35:00+00:00,2024-05-01 13:40:00+00:00,2300.3465,2303.2749999999996,0.01,1,-2.9284999999995307,0.47715059272144605,-3.405650592720977,-1.1629334446718533,2.9419999999995525,0.4815000000003238,stop,2024
1,1113439,1113445,2024-05-02 13:20:00+00:00,2024-05-02 13:50:00+00:00,2289.695,2286.1400000000003,0.01,6,-3.5549999999998363,0.4607425174792188,-4.015742517479055,-1.129604083679111,4.120000000000346,6.2104999999996835,stop,2024
1,1113719,1113723,2024-05-03 13:40:00+00:00,2024-05-03 14:00:00+00:00,2285.6585,2302.2584999999995,0.01,4,16.599999999999454,0.5276081344382015,16.072391865561254,1.9364327548869618,4.578500000000076,17.276500000000397,target,2024
-1,1113996,1114006,2024-05-06 13:45:00+00:00,2024-05-06 14:35:00+00:00,2328.5845,2321.4205,0.01,10,7.16399999999976,0.48557323661575236,6.6784267633840075,1.8644407491301596,2.080500000000029,8.559499999999844,target,2024
-1,1114267,1114286,2024-05-07 13:20:00+00:00,2024-05-07 14:55:00+00:00,2320.4515,2313.8615,0.01,19,6.5900000000001455,0.5090730837994352,6.080926916200711,1.845501340273316,2.0649999999996,7.860500000000229,target,2024
-1,1114569,1114570,2024-05-08 15:30:00+00:00,2024-05-08 15:35:00+00:00,2316.7250000000004,2318.7934999999998,0.01,1,-2.0684999999994034,0.44319544066035627,-2.51169544065976,-1.2142593380036182,3.369999999999891,0.0,stop,2024
1,1114819,1114821,2024-05-09 13:20:00+00:00,2024-05-09 13:30:00+00:00,2314.9985,2319.926500000001,0.01,2,4.928000000000793,0.4812875586825758,4.446712441318217,1.8046722570282068,0.849999999999909,6.754999999999654,target,2024
1,1115117,1115119,2024-05-10 15:10:00+00:00,2024-05-10 15:20:00+00:00,2359.0249999999996,2363.5549999999985,0.01,2,4.529999999998836,0.48165919840620813,4.048340801592627,1.787346932270935,0.0,4.856500000000324,target,2024
1,1115398,1115463,2024-05-13 15:35:00+00:00,2024-05-13 22:00:00+00:00,2334.8985000000002,2335.7304999999997,0.01,65,0.8319999999994252,0.5184300095714847,0.31356999042794054,0.1160081355634076,1.8034999999999854,3.662999999999556,session_flat,2024
-1,1115656,1115679,2024-05-14 14:05:00+00:00,2024-05-14 16:00:00+00:00,2353.675,2346.705000000001,0.01,23,6.969999999999345,0.45817918435727395,6.511820815642071,1.868528211088288,1.9614999999998872,7.275000000000546,target,2024
1,1115924,1115927,2024-05-15 13:25:00+00:00,2024-05-15 13:40:00+00:00,2369.235,2364.5384999999997,0.01,3,-4.696500000000469,0.4430207609879883,-5.139520760988457,-1.0943299821117733,7.875000000000455,1.2300000000000182,stop,2024
1,1116196,1116198,2024-05-16 13:05:00+00:00,2024-05-16 13:15:00+00:00,2380.2385,2376.88,0.01,2,-3.358499999999822,0.43416175725110623,-3.7926617572509285,-1.1292725196519664,6.9034999999998945,0.25999999999976353,stop,2024
-1,1116475,1116488,2024-05-17 13:20:00+00:00,2024-05-17 14:25:00+00:00,2401.0564999999997,2405.21,0.01,13,-4.153500000000349,0.4410278210118824,-4.594527821012232,-1.1061822128354029,6.940000000000509,5.096499999999651,stop,2024
1,1116757,1116770,2024-05-20 13:50:00+00:00,2024-05-20 14:55:00+00:00,2415.4184999999998,2422.7254999999986,0.01,13,7.3069999999988795,0.4853982702172968,6.821601729781583,1.8671415710367125,0.563499999999749,8.28500000000031,target,2024
-1,1117027,1117028,2024-05-21 13:20:00+00:00,2024-05-21 13:25:00+00:00,2426.98,2429.3900000000003,0.01,1,-2.4100000000003092,0.4831822381865824,-2.8931822381868915,-1.2004905552641163,4.620000000000346,0.0,stop,2024
1,1117302,1117305,2024-05-22 13:15:00+00:00,2024-05-22 13:30:00+00:00,2410.7535,2408.465,0.01,3,-2.288499999999658,0.47002131722866825,-2.7585213172283263,-1.205384014519877,4.783499999999549,1.0214999999998327,stop,2024
1,1117586,1117590,2024-05-23 13:55:00+00:00,2024-05-23 14:15:00+00:00,2356.2535,2350.6949999999997,0.01,4,-5.558500000000095,0.47662308749602705,-6.035123087496122,-1.0857467099929872,9.49499999999989,7.716000000000349,stop,2024
-1,1117854,1117856,2024-05-24 13:15:00+00:00,2024-05-24 13:25:00+00:00,2341.665,2344.2034999999996,0.01,2,-2.538499999999658,0.45450959982800626,-2.9930095998276642,-1.1790465234697922,3.2664999999997235,0.7550000000001091,stop,2024
-1,1118132,1118134,2024-05-27 13:25:00+00:00,2024-05-27 13:35:00+00:00,2349.685,2351.735,0.01,2,-2.050000000000182,0.4619317359855379,-2.5119317359857196,-1.2253325541392668,3.1100000000001273,0.8184999999998581,stop,2024
-1,1118378,1118382,2024-05-28 13:25:00+00:00,2024-05-28 13:45:00+00:00,2361.3265,2355.669500000001,0.01,4,5.656999999999243,0.4568516253760385,5.200148374623205,1.8384827203902776,1.4539999999997235,7.231499999999869,target,2024
1,1118649,1118651,2024-05-29 13:00:00+00:00,2024-05-29 13:10:00+00:00,2338.8785,2344.2154999999993,0.01,2,5.336999999999534,0.4647797946241566,4.872220205375378,1.825827320732922,0.0,6.3400000000001455,target,2024
-1,1118938,1118940,2024-05-30 14:05:00+00:00,2024-05-30 14:15:00+00:00,2348.12,2350.895,0.01,2,-2.775000000000091,0.46149162608123045,-3.2364916260813215,-1.1663032886779154,2.855000000000473,1.2899999999999636,stop,2024
-1,1119201,1119202,2024-05-31 13:00:00+00:00,2024-05-31 13:05:00+00:00,2354.76,2356.79,0.01,1,-2.0299999999997453,0.449581961864631,-2.479581961864376,-1.221468946731373,4.920000000000073,0.24000000000023647,stop,2024
-1,1119492,1119496,2024-06-03 14:15:00+00:00,2024-06-03 14:35:00+00:00,2339.135,2342.215,0.01,4,-3.0799999999999272,0.4727197801289729,-3.5527197801289003,-1.153480448093826,5.523000000000138,2.475000000000364,stop,2024
-1,1119754,1119756,2024-06-04 13:05:00+00:00,2024-06-04 13:15:00+00:00,2334.2565,2336.88,0.01,2,-2.623500000000149,0.4538442010875694,-3.0773442010877186,-1.1729918814894391,2.8584999999998217,1.25649999999996,stop,2024
-1,1120030,1120032,2024-06-05 13:05:00+00:00,2024-06-05 13:15:00+00:00,2340.95,2343.4735,0.01,2,-2.52350000000024,0.4591204503305804,-2.9826204503308205,-1.181937963277407,3.5100000000002183,0.0,stop,2024
-1,1120314,1120329,2024-06-06 13:45:00+00:00,2024-06-06 15:00:00+00:00,2363.9350000000004,2367.0,0.01,15,-3.0649999999996,0.4504136055583177,-3.5154136055579177,-1.1469538680451474,3.3499999999994543,5.345000000000255,stop,2024
-1,1120587,1120589,2024-06-07 13:30:00+00:00,2024-06-07 13:40:00+00:00,2325.3015,2319.7144999999996,0.01,2,5.587000000000444,0.4891967054133031,5.09780329458714,1.824880363195538,0.0,8.549999999999727,target,2024
1,1120864,1120866,2024-06-10 13:35:00+00:00,2024-06-10 13:45:00+00:00,2304.21,2301.995,0.01,2,-2.2150000000001455,0.45164057623834786,-2.6666405762384935,-1.2039009373536427,3.7899999999999636,0.29500000000007276,stop,2024
1,1121138,1121140,2024-06-11 13:25:00+00:00,2024-06-11 13:35:00+00:00,2314.2385,2310.95,0.01,2,-3.2885000000001128,0.46270565566495453,-3.7512056556650673,-1.140704167755797,4.883499999999913,0.0,stop,2024
-1,1121412,1121416,2024-06-12 13:15:00+00:00,2024-06-12 13:35:00+00:00,2338.335,2331.615,0.01,4,6.720000000000255,0.50482655812166,6.215173441878594,1.8497540005590354,2.72649999999976,10.781500000000051,target,2024
-1,1121685,1121687,2024-06-13 13:00:00+00:00,2024-06-13 13:10:00+00:00,2322.465,2317.965,0.01,2,4.5,0.5076125303608626,3.9923874696391373,1.7743944309507276,0.0,4.579999999999927,target,2024
1,1121968,1121995,2024-06-14 13:35:00+00:00,2024-06-14 15:50:00+00:00,2328.1800000000003,2324.265,0.01,27,-3.9150000000004184,0.45586529233339285,-4.370865292333812,-1.116440687696895,4.0515000000004875,7.356499999999869,stop,2024
-1,1122242,1122246,2024-06-17 13:25:00+00:00,2024-06-17 13:45:00+00:00,2324.05,2319.5510000000004,0.01,4,4.498999999999796,0.45018367109253754,4.048816328907259,1.7998738959357379,1.7599999999997635,4.925000000000182,target,2024
1,1122513,1122519,2024-06-18 13:00:00+00:00,2024-06-18 13:30:00+00:00,2315.8165,2321.2995,0.01,6,5.483000000000175,0.47278598398863697,5.010214016011537,1.8275447805987153,0.27149999999983265,5.8335000000001855,target,2024
-1,1123050,1123051,2024-06-20 14:15:00+00:00,2024-06-20 14:20:00+00:00,2349.825,2352.52,0.01,1,-2.6950000000001637,0.4623859829840053,-3.157385982984169,-1.1715717933150194,9.36999999999989,0.0,stop,2024
1,1123312,1123315,2024-06-21 13:05:00+00:00,2024-06-21 13:20:00+00:00,2361.585,2359.3499999999995,0.01,3,-2.235000000000582,0.4604752175675009,-2.695475217568083,-1.2060291801196337,4.413500000000113,2.3049999999998363,stop,2024
-1,1123595,1123651,2024-06-24 13:40:00+00:00,2024-06-24 18:20:00+00:00,2331.27,2333.955,0.01,56,-2.6849999999999454,0.4343660829213087,-3.119366082921254,-1.161775077438107,2.731500000000324,4.323499999999967,stop,2024
1,1123895,1123905,2024-06-25 15:40:00+00:00,2024-06-25 16:30:00+00:00,2320.4335,2317.9935,0.01,10,-2.4400000000000546,0.4546019222783669,-2.8946019222784214,-1.1863122632288348,2.888500000000022,4.684999999999945,stop,2024
1,1124140,1124141,2024-06-26 13:05:00+00:00,2024-06-26 13:10:00+00:00,2311.02,2308.7200000000003,0.01,1,-2.299999999999727,0.4576290894901179,-2.757629089489845,-1.1989691693435531,8.176500000000033,0.0,stop,2024
1,1124424,1124427,2024-06-27 13:45:00+00:00,2024-06-27 14:00:00+00:00,2321.6765,2325.8564999999994,0.01,3,4.1799999999993815,0.470295927571981,3.7097040724274004,1.7749780250851432,1.0014999999998508,9.278499999999894,target,2024
-1,1124694,1124696,2024-06-28 13:15:00+00:00,2024-06-28 13:25:00+00:00,2337.045,2331.5120000000006,0.01,2,5.532999999999447,0.4672787745510775,5.065721225448369,1.8310938823238299,0.0,5.66150000000016,target,2024
-1,1124978,1124980,2024-07-01 13:55:00+00:00,2024-07-01 14:05:00+00:00,2331.6499999999996,2334.24,0.01,2,-2.5900000000001455,0.48255754147812613,-3.0725575414782718,-1.1863156530803471,2.6950000000006185,4.399999999999636,stop,2024
-1,1125244,1125247,2024-07-02 13:05:00+00:00,2024-07-02 13:20:00+00:00,2326.89,2329.12,0.01,3,-2.230000000000018,0.46570476123186416,-2.6957047612318825,-1.2088362157990407,2.6550000000002,0.724999999999909,stop,2024
1,1125519,1125520,2024-07-03 13:00:00+00:00,2024-07-03 13:05:00+00:00,2350.5985,2348.565,0.01,1,-2.0335000000000036,0.4453622445945238,-2.478862244594527,-1.2190126602382703,2.981999999999971,1.2650000000003274,stop,2024
-1,1126044,1126048,2024-07-05 13:15:00+00:00,2024-07-05 13:35:00+00:00,2375.7200000000003,2380.1949999999997,0.01,4,-4.474999999999454,0.4582893826977175,-4.933289382697172,-1.1024110352397258,4.898499999999785,4.0600000000004,stop,2024
1,1126328,1126329,2024-07-08 13:55:00+00:00,2024-07-08 14:00:00+00:00,2372.745,2377.4619999999995,0.01,1,4.7169999999996435,0.491070814407374,4.225929185592269,1.7917868075440275,0.0,5.13149999999996,target,2024
-1,1126602,1126603,2024-07-09 13:45:00+00:00,2024-07-09 13:50:00+00:00,2364.9714999999997,2367.1,0.01,1,-2.1285000000002583,0.44796001733872987,-2.576460017338988,-1.21045807720868,2.9585000000006403,0.0,stop,2024
-1,1126881,1126889,2024-07-10 14:00:00+00:00,2024-07-10 14:40:00+00:00,2383.285,2376.392,0.01,8,6.89300000000003,0.4539662004721194,6.439033799527911,1.8682819670761301,1.918500000000222,9.248499999999694,target,2024
-1,1127145,1127149,2024-07-11 13:00:00+00:00,2024-07-11 13:20:00+00:00,2405.855,2409.7965000000004,0.01,4,-3.94150000000036,0.48870254060183327,-4.430202540602194,-1.1239889738936417,4.0715000000000146,1.7984999999998763,stop,2024
-1,1127425,1127433,2024-07-12 13:20:00+00:00,2024-07-12 14:00:00+00:00,2402.34,2405.74,0.01,8,-3.3999999999996358,0.46935729790543484,-3.8693572979050708,-1.1380462640898485,4.829999999999927,2.8100000000004,stop,2024
-1,1127727,1127741,2024-07-15 15:30:00+00:00,2024-07-15 16:40:00+00:00,2434.23,2437.5535,0.01,14,-3.3234999999999673,0.4672188619649848,-3.790718861964952,-1.1405803706830115,5.554999999999836,3.3404999999997926,stop,2024
-1,1127976,1127977,2024-07-16 13:15:00+00:00,2024-07-16 13:20:00+00:00,2435.1414999999997,2437.8215,0.01,1,-2.680000000000291,0.46751444701794814,-3.147514447018239,-1.1744456891857826,2.7800000000002,0.0,stop,2024
-1,1128252,1128256,2024-07-17 13:15:00+00:00,2024-07-17 13:35:00+00:00,2475.9285,2479.4449999999997,0.01,4,-3.5164999999997235,0.47275506264109457,-3.989255062640818,-1.134439090755334,4.666500000000269,4.563500000000204,stop,2024
1,1128533,1128545,2024-07-18 13:40:00+00:00,2024-07-18 14:40:00+00:00,2460.755,2466.925,0.01,12,6.170000000000073,0.45930853880126005,5.710691461198813,1.8511155465798204,1.0600000000004002,6.801500000000033,target,2024
1,1128807,1128808,2024-07-19 13:30:00+00:00,2024-07-19 13:35:00+00:00,2396.9635,2400.9934999999996,0.01,1,4.029999999999745,0.4529726713156884,3.577027328684057,1.7751996668408352,0.0,5.261500000000524,target,2024
-1,1129080,1129084,2024-07-22 13:15:00+00:00,2024-07-22 13:35:00+00:00,2397.755,2393.675000000001,0.01,4,4.079999999999018,0.45993607264525077,3.620063927353767,1.774541140860117,1.2384999999999309,4.260000000000218,target,2024
1,1129354,1129356,2024-07-23 13:05:00+00:00,2024-07-23 13:15:00+00:00,2405.9700000000003,2403.6585,0.01,2,-2.311500000000251,0.47750947783136904,-2.78900947783162,-1.2065799168640785,2.525000000000091,0.07150000000001455,stop,2024
-1,1129630,1129633,2024-07-24 13:05:00+00:00,2024-07-24 13:20:00+00:00,2420.08,2414.0,0.01,3,6.079999999999927,0.4579678749055253,5.622032125094402,1.849352672728444,1.2350000000001273,6.324999999999818,target,2024
-1,1129909,1129915,2024-07-25 13:20:00+00:00,2024-07-25 13:50:00+00:00,2372.2465,2363.902500000001,0.01,6,8.343999999999141,0.45181629861349476,7.892183701385647,1.8917027088654024,0.0,9.618000000000393,target,2024
-1,1130191,1130193,2024-07-26 13:50:00+00:00,2024-07-26 14:00:00+00:00,2380.9714999999997,2383.2515000000003,0.01,2,-2.280000000000655,0.4817152943461794,-2.761715294346834,-1.2112786378710707,5.593500000000404,1.1314999999995052,stop,2024
-1,1130460,1130462,2024-07-29 13:15:00+00:00,2024-07-29 13:25:00+00:00,2393.7650000000003,2395.9764999999998,0.01,2,-2.2114999999994325,0.45924520107323996,-2.6707452010726724,-1.2076623111342337,3.019999999999527,1.5750000000002728,stop,2024
-1,1130737,1130738,2024-07-30 13:20:00+00:00,2024-07-30 13:25:00+00:00,2390.9685,2394.9465,0.01,1,-3.9780000000000655,0.4592356634542238,-4.437235663454289,-1.11544385707748,4.231499999999869,0.0,stop,2024
-1,1131021,1131023,2024-07-31 14:00:00+00:00,2024-07-31 14:10:00+00:00,2425.16,2427.6499999999996,0.01,2,-2.4899999999997817,0.45726159057251664,-2.9472615905722983,-1.1836391930010268,3.380000000000109,0.0,stop,2024
-1,1131293,1131297,2024-08-01 13:40:00+00:00,2024-08-01 14:00:00+00:00,2454.1315,2457.42,0.01,4,-3.2885000000001128,0.4658923356942609,-3.754392335694374,-1.141673205319825,8.208500000000186,5.1030000000000655,stop,2024
-1,1131561,1131562,2024-08-02 13:00:00+00:00,2024-08-02 13:05:00+00:00,2472.005,2463.5880000000006,0.01,1,8.416999999999462,0.46650429547195654,7.950495704527505,1.8891518841696597,0.0,10.4350000000004,target,2024
-1,1131840,1131844,2024-08-05 13:15:00+00:00,2024-08-05 13:35:00+00:00,2387.58,2392.145,0.01,4,-4.565000000000055,0.4792110450877683,-5.044211045087823,-1.1049750372590936,8.341500000000451,5.099999999999909,stop,2024
1,1132113,1132114,2024-08-06 13:00:00+00:00,2024-08-06 13:05:00+00:00,2394.19,2391.875,0.01,1,-2.3150000000000546,0.4482048989660138,-2.7632048989660682,-1.1936090276311029,5.295000000000073,0.0,stop,2024
1,1132423,1132435,2024-08-07 15:50:00+00:00,2024-08-07 16:50:00+00:00,2394.175,2398.4080000000004,0.01,12,4.233000000000175,0.4717780975617446,3.76122190243843,1.7770951582510157,1.3100000000004002,5.6599999999998545,target,2024
1,1132666,1132667,2024-08-08 13:05:00+00:00,2024-08-08 13:10:00+00:00,2408.1955,2404.5805,0.01,1,-3.6149999999997817,0.4652187512013275,-4.080218751201109,-1.1286912174830859,3.8554999999996653,0.0,stop,2024
1,1132951,1132955,2024-08-09 13:50:00+00:00,2024-08-09 14:10:00+00:00,2423.895,2429.364,0.01,4,5.469000000000051,0.46053033875765975,5.008469661242391,1.8315851750749113,0.650000000000091,6.419999999999618,target,2024
-1,1133226,1133227,2024-08-12 13:45:00+00:00,2024-08-12 13:50:00+00:00,2452.0385,2454.7435,0.01,1,-2.7049999999999272,0.4562494001893475,-3.161249400189275,-1.1686689094969906,4.671499999999924,0.0,stop,2024
1,1133498,1133589,2024-08-13 13:25:00+00:00,2024-08-13 22:00:00+00:00,2466.3265,2467.1000000000004,0.01,91,0.7735000000002401,0.5823506714925641,0.19114932850767596,0.026166916975724618,4.046500000000378,9.358999999999924,session_flat,2024
1,1133771,1133772,2024-08-14 13:10:00+00:00,2024-08-14 13:15:00+00:00,2467.81,2464.135,0.01,1,-3.674999999999727,0.49751025722232206,-4.172510257222049,-1.1353769407407779,9.5949999999998,0.0,stop,2024
1,1134048,1134062,2024-08-15 13:15:00+00:00,2024-08-15 14:25:00+00:00,2438.725,2451.7050000000004,0.01,14,12.980000000000475,0.4609595670605829,12.519040432939892,1.9289738725638574,2.5525000000002365,14.901500000000397,target,2024
-1,1134321,1134328,2024-08-16 13:00:00+00:00,2024-08-16 13:35:00+00:00,2485.3645,2492.4435,0.01,7,-7.078999999999723,0.44615242331203636,-7.525152423311759,-1.063024780804076,7.833999999999833,1.6595000000002074,stop,2024
-1,1134611,1134615,2024-08-19 14:10:00+00:00,2024-08-19 14:30:00+00:00,2497.1535,2499.74,0.01,4,-2.5864999999998872,0.45000034424152197,-3.0365003442414094,-1.1739804153263258,5.371000000000095,3.117999999999938,stop,2024
-1,1134880,1134897,2024-08-20 13:35:00+00:00,2024-08-20 15:00:00+00:00,2527.2645,2518.2735000000002,0.01,17,8.990999999999985,0.4875805886560644,8.503419411343922,1.8915402983748049,3.89049999999952,15.384500000000116,target,2024
-1,1135150,1135155,2024-08-21 13:05:00+00:00,2024-08-21 13:30:00+00:00,2510.3265,2505.849500000001,0.01,5,4.476999999998952,0.4629345096532318,4.01406549034572,1.7931943222455482,0.42849999999998545,8.53650000000016,target,2024
1,1135435,1135437,2024-08-22 13:50:00+00:00,2024-08-22 14:00:00+00:00,2487.135,2483.125,0.01,2,-4.010000000000218,0.47874717116115745,-4.488747171161376,-1.1193883219853196,4.850000000000364,3.0585000000000946,stop,2024
1,1135711,1135713,2024-08-23 13:50:00+00:00,2024-08-23 14:00:00+00:00,2497.135,2502.3550000000005,0.01,2,5.220000000000255,0.5304113848881002,4.689588615112155,1.7967772471693202,0.0,14.216499999999542,target,2024
1,1135990,1136073,2024-08-26 14:05:00+00:00,2024-08-26 22:00:00+00:00,2516.0315,2518.2,0.01,83,2.168499999999767,0.5726643856867146,1.5958356143130525,0.29968743930760017,4.581500000000233,7.4220000000000255,session_flat,2024
1,1136259,1136260,2024-08-27 13:30:00+00:00,2024-08-27 13:35:00+00:00,2506.7235,2512.9704999999994,0.01,1,6.246999999999389,0.47492140704911157,5.772078592950277,1.8479521667843257,0.0,6.492999999999938,target,2024
1,1136538,1136569,2024-08-28 13:45:00+00:00,2024-08-28 16:20:00+00:00,2504.14,2499.52,0.01,31,-4.619999999999891,0.4623889765092259,-5.082388976509117,-1.1000841940496184,6.514999999999873,6.171499999999924,stop,2024
-1,1136820,1136825,2024-08-29 14:15:00+00:00,2024-08-29 14:40:00+00:00,2518.5715,2520.8965,0.01,5,-2.324999999999818,0.45747167760436935,-2.7824716776041876,-1.1967620118728626,2.4420000000000073,4.0715000000000146,stop,2024
1,1137101,1137106,2024-08-30 14:40:00+00:00,2024-08-30 15:05:00+00:00,2510.7005,2506.485,0.01,5,-4.215499999999793,0.4599587110910762,-4.675458711090869,-1.1091113061537419,7.166999999999916,3.9095000000002074,stop,2024
1,1137612,1137613,2024-09-03 13:45:00+00:00,2024-09-03 13:50:00+00:00,2484.11,2480.3205,0.01,1,-3.789500000000317,0.4983242771713258,-4.287824277171643,-1.131501326605432,7.673500000000331,0.0,stop,2024
-1,1137893,1137897,2024-09-04 14:10:00+00:00,2024-09-04 14:30:00+00:00,2490.55,2495.0045,0.01,4,-4.454499999999825,0.46803132341457454,-4.9225313234144,-1.1050693284127497,5.5099999999997635,2.1535000000003492,stop,2024
1,1138158,1138167,2024-09-05 13:15:00+00:00,2024-09-05 14:00:00+00:00,2515.3900000000003,2512.5519999999997,0.01,9,-2.8380000000006476,0.44828402149794155,-3.286284021498589,-1.1579577242768988,6.930000000000291,4.059999999999491,stop,2024
1,1138440,1138444,2024-09-06 13:45:00+00:00,2024-09-06 14:05:00+00:00,2507.74,2504.115,0.01,4,-3.6249999999999996,0.45210929849341264,-4.077109298493412,-1.1247198064809414,5.221499999999651,3.388500000000022,stop,2024
1,1138708,1138717,2024-09-09 13:05:00+00:00,2024-09-09 13:50:00+00:00,2501.4935,2499.4915,0.01,9,-2.0019999999999527,0.5016239156801828,-2.5036239156801354,-1.2505613964436537,2.1084999999998217,3.811000000000149,stop,2024
-1,1138984,1138988,2024-09-10 13:05:00+00:00,2024-09-10 13:25:00+00:00,2512.615,2515.2349999999997,0.01,4,-2.619999999999891,0.464572118645723,-3.084572118645614,-1.1773176025365428,2.811500000000251,0.46349999999983993,stop,2024
-1,1139264,1139265,2024-09-11 13:25:00+00:00,2024-09-11 13:30:00+00:00,2510.8149999999996,2506.544999999999,0.01,1,4.270000000000437,0.4800555660093399,3.7899444339910966,1.7751496177942432,0.0,7.561499999999796,target,2024
-1,1139538,1139542,2024-09-12 13:15:00+00:00,2024-09-12 13:35:00+00:00,2537.7915000000003,2542.4895,0.01,4,-4.697999999999865,0.4602180916804936,-5.158218091680359,-1.0979604281993416,7.049999999999727,6.704999999999927,stop,2024
-1,1139820,1139823,2024-09-13 13:45:00+00:00,2024-09-13 14:00:00+00:00,2580.6135,2574.8875000000003,0.01,3,5.725999999999658,0.5139750162390726,5.212024983760585,1.8204767669440785,1.186500000000251,7.421499999999924,target,2024
1,1140104,1140105,2024-09-16 14:25:00+00:00,2024-09-16 14:30:00+00:00,2580.5235000000002,2578.19,0.01,1,-2.3335000000001855,0.4821842188221806,-2.815684218822366,-1.2066356198080745,4.3585000000002765,0.0,stop,2024
-1,1140379,1140382,2024-09-17 14:20:00+00:00,2024-09-17 14:35:00+00:00,2580.19,2575.979,0.01,3,4.21100000000024,0.3977477712238762,3.813252228776364,1.8110910609243156,0.48500000000012733,5.579999999999927,target,2024
1,1140648,1140649,2024-09-18 13:45:00+00:00,2024-09-18 13:50:00+00:00,2574.205,2571.9415,0.01,1,-2.263500000000022,0.45360756770605837,-2.7171075677060803,-1.20040095767884,4.75,0.0,stop,2024
1,1140926,1140935,2024-09-19 13:55:00+00:00,2024-09-19 14:40:00+00:00,2574.7304999999997,2584.5384999999987,0.01,9,9.807999999999083,0.46243806642704155,9.345561933572041,1.9057018624740854,2.92049999999972,9.974500000000262,target,2024
1,1141195,1141196,2024-09-20 13:20:00+00:00,2024-09-20 13:25:00+00:00,2612.7884999999997,2609.3115,0.01,1,-3.476999999999862,0.4901269829960698,-3.967126982995932,-1.1409626065562524,3.563499999999749,0.18150000000059663,stop,2024
-1,1141479,1141484,2024-09-23 14:00:00+00:00,2024-09-23 14:25:00+00:00,2631.965,2634.245,0.01,5,-2.2799999999997453,0.4870639960118274,-2.7670639960115726,-1.213624559654334,2.9349999999999454,2.7205000000003565,stop,2024
-1,1141745,1141747,2024-09-24 13:10:00+00:00,2024-09-24 13:20:00+00:00,2633.435,2635.8975,0.01,2,-2.462500000000091,0.49109657916504107,-2.953596579165132,-1.199430082909654,3.9420000000000073,0.849999999999909,stop,2024
1,1142044,1142048,2024-09-25 15:05:00+00:00,2024-09-25 15:25:00+00:00,2659.4035000000003,2656.925,0.01,4,-2.4785000000001673,0.4603239583792292,-2.9388239583793965,-1.1857268341251554,2.9935000000004948,1.4864999999999782,stop,2024
-1,1142295,1142296,2024-09-26 13:00:00+00:00,2024-09-26 13:05:00+00:00,2676.7765,2671.5995000000003,0.01,1,5.17699999999968,0.45682131879110427,4.7201786812085755,1.823518903306497,0.0,7.126499999999851,target,2024
1,1142577,1142580,2024-09-27 13:30:00+00:00,2024-09-27 13:45:00+00:00,2668.0265,2665.245,0.01,3,-2.781500000000051,0.5217570869604937,-3.303257086960545,-1.187581192507814,3.8980000000001382,2.742999999999938,stop,2024
1,1142857,1142859,2024-09-30 13:50:00+00:00,2024-09-30 14:00:00+00:00,2635.1504999999997,2630.558,0.01,2,-4.592499999999745,0.5319299176567256,-5.124429917656471,-1.1158257850096365,5.57549999999992,3.2730000000001382,stop,2024
-1,1143131,1143133,2024-10-01 13:40:00+00:00,2024-10-01 13:50:00+00:00,2661.385,2668.325,0.01,2,-6.939999999999601,0.5066745500885346,-7.446674550088135,-1.0730078602433089,9.33349999999973,0.0,stop,2024
-1,1143401,1143402,2024-10-02 13:10:00+00:00,2024-10-02 13:15:00+00:00,2651.3165,2654.3900000000003,0.01,1,-3.073500000000422,0.4886574666415597,-3.5621574666419815,-1.15899055364942,3.625,0.33799999999973807,stop,2024
-1,1143680,1143681,2024-10-03 13:25:00+00:00,2024-10-03 13:30:00+00:00,2647.27,2649.305,0.01,1,-2.0349999999998545,0.46217230278895555,-2.49717230278881,-1.2271116967022058,4.129999999999654,0.0,stop,2024
1,1143951,1143961,2024-10-04 13:00:00+00:00,2024-10-04 13:50:00+00:00,2639.755,2654.8910000000005,0.01,10,15.136000000000422,0.5160039672452383,14.619996032755184,1.9318176576050181,0.0,15.452999999999975,target,2024
1,1144227,1144228,2024-10-07 13:00:00+00:00,2024-10-07 13:05:00+00:00,2640.3685,2645.3425,0.01,1,4.97400000000016,0.46279436949020775,4.511205630509952,1.813914608166388,0.0,6.432999999999993,target,2024
1,1144509,1144516,2024-10-08 13:30:00+00:00,2024-10-08 14:05:00+00:00,2639.7415,2636.7715,0.01,7,-2.9700000000002547,0.46068885308263147,-3.430688853082886,-1.1551140919470007,4.092000000000098,2.1035000000001673,stop,2024
1,1144785,1144786,2024-10-09 13:30:00+00:00,2024-10-09 13:35:00+00:00,2612.7200000000003,2609.9795000000004,0.01,1,-2.7404999999998836,0.4694923468803727,-3.2099923468802563,-1.171316309753838,5.710000000000036,0.0,stop,2024
1,1145048,1145049,2024-10-10 13:25:00+00:00,2024-10-10 13:30:00+00:00,2620.225,2617.4165000000003,0.01,1,-2.80849999999964,0.5592187906475569,-3.3677187906471966,-1.1991165357477758,4.408500000000004,0.0,stop,2024
-1,1145327,1145334,2024-10-11 13:40:00+00:00,2024-10-11 14:15:00+00:00,2650.19,2652.215,0.01,7,-2.025000000000091,0.4754432640858503,-2.5004432640859413,-1.2347867970794217,3.3470000000002074,3.700000000000273,stop,2024
-1,1145605,1145608,2024-10-14 13:50:00+00:00,2024-10-14 14:05:00+00:00,2658.06,2651.667,0.01,3,6.393000000000029,0.4792836330524343,5.913716366947595,1.8500598676513587,1.7649999999998727,7.184999999999945,target,2024
1,1145871,1145872,2024-10-15 13:00:00+00:00,2024-10-15 13:05:00+00:00,2649.62,2647.215,0.01,1,-2.4049999999997453,0.4817970810674495,-2.886797081067195,-1.2003314266392933,2.6849999999999454,0.8550000000000182,stop,2024
-1,1146155,1146157,2024-10-16 13:40:00+00:00,2024-10-16 13:50:00+00:00,2683.35,2679.207,0.01,2,4.143000000000029,0.4631592172105958,3.6798407827894333,1.7764136050154031,0.905500000000302,8.164999999999509,target,2024
-1,1146428,1146431,2024-10-17 13:25:00+00:00,2024-10-17 13:40:00+00:00,2683.545,2686.33,0.01,3,-2.7849999999998545,0.4553952041934949,-3.2403952041933493,-1.1635171289743333,3.1994999999997162,2.2335000000002765,stop,2024
1,1146699,1146700,2024-10-18 13:00:00+00:00,2024-10-18 13:05:00+00:00,2711.325,2709.31,0.01,1,-2.0149999999998727,0.4551952425407429,-2.4701952425406155,-1.2259033461740803,5.184999999999945,0.0,stop,2024
1,1147004,1147046,2024-10-21 15:25:00+00:00,2024-10-21 18:55:00+00:00,2720.5035,2716.98,0.01,42,-3.5234999999997854,0.47770200126596235,-4.001202001265748,-1.1355759901421858,5.097999999999956,5.166500000000269,stop,2024
-1,1147268,1147272,2024-10-22 14:25:00+00:00,2024-10-22 14:45:00+00:00,2738.765,2740.8334999999997,0.01,4,-2.068499999999858,0.46577341980214104,-2.534273419801999,-1.225174483829912,2.718499999999949,1.5084999999999127,stop,2024
1,1147532,1147534,2024-10-23 13:25:00+00:00,2024-10-23 13:35:00+00:00,2738.0705,2733.652,0.01,2,-4.418499999999767,0.4434370458742863,-4.861937045874053,-1.1003591820469185,6.3419999999996435,2.688000000000102,stop,2024
1,1147815,1147818,2024-10-24 14:00:00+00:00,2024-10-24 14:15:00+00:00,2734.7304999999997,2730.875,0.01,3,-3.8554999999996653,0.4492288580877067,-4.304728858087372,-1.1165163683277772,5.315499999999702,1.5380000000004657,stop,2024
-1,1148096,1148099,2024-10-25 14:25:00+00:00,2024-10-25 14:40:00+00:00,2735.8149999999996,2738.4655000000002,0.01,3,-2.6505000000006476,0.47282735186025365,-3.123327351860901,-1.178391756974208,3.0200000000004366,0.8799999999996544,stop,2024
-1,1148635,1148638,2024-10-29 13:20:00+00:00,2024-10-29 13:35:00+00:00,2754.9700000000003,2757.395,0.01,3,-2.424999999999727,0.453680638860625,-2.8786806388603523,-1.1870847995301756,4.171499999999469,2.425000000000182,stop,2024
-1,1148910,1148912,2024-10-30 13:15:00+00:00,2024-10-30 13:25:00+00:00,2784.635,2779.625000000001,0.01,2,5.009999999999309,0.42097381043500126,4.589026189564308,1.8319465826606551,0.6750000000001819,5.265000000000327,target,2024
1,1149185,1149187,2024-10-31 13:10:00+00:00,2024-10-31 13:20:00+00:00,2770.52,2767.61,0.01,2,-2.9099999999998545,0.3809242868728275,-3.290924286872682,-1.1309018167947926,4.639999999999873,0.20499999999992724,stop,2024
-1,1149462,1149464,2024-11-01 13:15:00+00:00,2024-11-01 13:25:00+00:00,2759.515,2755.4249999999997,0.01,2,4.0900000000001455,0.4444339984281261,3.6455660015720195,1.782672861404347,0.7400000000002365,6.143499999999676,target,2024
-1,1149737,1149742,2024-11-04 14:10:00+00:00,2024-11-04 14:35:00+00:00,2745.9815,2741.4745000000003,0.01,5,4.506999999999607,0.448150598892521,4.058849401107086,1.8011313073474327,0.24350000000004002,8.024999999999636,target,2024
-1,1150019,1150020,2024-11-05 14:40:00+00:00,2024-11-05 14:45:00+00:00,2747.6445000000003,2742.853500000001,0.01,1,4.790999999999258,0.44270145034133795,4.34829854965792,1.8151945521430155,0.0,6.179500000000189,target,2024
1,1150277,1150278,2024-11-06 13:10:00+00:00,2024-11-06 13:15:00+00:00,2688.8035,2682.66,0.01,1,-6.143500000000131,0.4630346124231489,-6.60653461242328,-1.075369840062365,9.918499999999767,0.0,stop,2024
-1,1150554,1150555,2024-11-07 13:15:00+00:00,2024-11-07 13:20:00+00:00,2676.6234999999997,2678.7200000000003,0.01,1,-2.0965000000005602,0.5006626177624748,-2.597162617763035,-1.238808785004694,6.618000000000393,1.5084999999999127,stop,2024
1,1150829,1150831,2024-11-08 13:10:00+00:00,2024-11-08 13:20:00+00:00,2690.005,2694.0649999999996,0.01,2,4.059999999999491,0.462910149442682,3.5970898505568085,1.771965443624266,0.0,4.761500000000069,target,2024
1,1151104,1151108,2024-11-11 13:05:00+00:00,2024-11-11 13:25:00+00:00,2657.3450000000003,2652.24,0.01,4,-5.105000000000473,0.449546114232799,-5.554546114233272,-1.0880599636107262,5.918500000000222,0.2899999999999636,stop,2024
-1,1151385,1151398,2024-11-12 13:30:00+00:00,2024-11-12 14:35:00+00:00,2612.56,2616.4255000000003,0.01,13,-3.8655000000003383,0.4093503723848027,-4.274850372385141,-1.1058984277285648,4.470000000000255,6.9699999999998,stop,2024
-1,1151663,1151668,2024-11-13 13:40:00+00:00,2024-11-13 14:05:00+00:00,2610.9449999999997,2615.0385,0.01,5,-4.093500000000404,0.5071308547531683,-4.600630854753572,-1.123886858373792,4.130500000000211,2.8049999999993815,stop,2024
-1,1151940,1151946,2024-11-14 13:45:00+00:00,2024-11-14 14:15:00+00:00,2556.95,2560.295,0.01,6,-3.3450000000002547,0.4833324074843431,-3.8283324074845977,-1.144493993268851,5.316499999999905,2.6214999999997417,stop,2024
-1,1152211,1152213,2024-11-15 13:20:00+00:00,2024-11-15 13:30:00+00:00,2572.2235,2566.1335,0.01,2,6.090000000000146,0.5323423187390555,5.557657681261091,1.8251749363746987,1.5864999999998872,10.998499999999694,target,2024
-1,1152499,1152501,2024-11-18 14:20:00+00:00,2024-11-18 14:30:00+00:00,2606.135,2608.265,0.01,2,-2.1299999999996544,0.47319178621490526,-2.6031917862145595,-1.2221557681760478,3.176499999999578,2.856499999999869,stop,2024
1,1152765,1152774,2024-11-19 13:30:00+00:00,2024-11-19 14:15:00+00:00,2632.425,2629.6215,0.01,9,-2.8034999999999854,0.46832818156004025,-3.271828181560026,-1.1670512507793982,7.744999999999891,4.609999999999673,stop,2024
-1,1153041,1153051,2024-11-20 13:30:00+00:00,2024-11-20 14:20:00+00:00,2637.5299999999997,2640.5699999999997,0.01,10,-3.0399999999999636,0.459080933601319,-3.4990809336012827,-1.1510134650004358,4.4395000000004075,4.118499999999585,stop,2024
1,1153312,1153370,2024-11-21 13:05:00+00:00,2024-11-21 17:55:00+00:00,2664.4835,2672.4234999999994,0.01,58,7.9399999999996,0.4708304170335262,7.469169582966074,1.881402917623791,3.1469999999999345,8.339000000000397,target,2024
1,1153590,1153591,2024-11-22 13:15:00+00:00,2024-11-22 13:20:00+00:00,2699.925,2697.1585,0.01,1,-2.7665000000001783,0.4599553747127417,-3.22645537471292,-1.1662589462182222,4.070000000000164,0.6049999999995634,stop,2024
1,1153884,1153888,2024-11-25 14:45:00+00:00,2024-11-25 15:05:00+00:00,2642.4355,2633.695,0.01,4,-8.740499999999884,0.45435969021308714,-9.19485969021297,-1.0519832607074073,9.161999999999807,2.057499999999891,stop,2024
-1,1154141,1154142,2024-11-26 13:10:00+00:00,2024-11-26 13:15:00+00:00,2637.525,2641.295,0.01,1,-3.769999999999982,0.48245845932093445,-4.252458459320916,-1.1279730661328744,4.4164999999998145,0.0,stop,2024
1,1154418,1154419,2024-11-27 13:15:00+00:00,2024-11-27 13:20:00+00:00,2650.17,2646.4615000000003,0.01,1,-3.708499999999731,0.46112808012479195,-4.1696280801245225,-1.1243435567277404,4.132500000000164,0.0,stop,2024
1,1154941,1154948,2024-11-29 13:20:00+00:00,2024-11-29 13:55:00+00:00,2659.69,2656.3999999999996,0.01,7,-3.2900000000004184,0.4817350424853511,-3.7717350424857696,-1.1464240250715168,3.393500000000131,3.674999999999727,stop,2024
-1,1155192,1155194,2024-12-02 13:30:00+00:00,2024-12-02 13:40:00+00:00,2643.9750000000004,2647.19,0.01,2,-3.214999999999691,0.4730833658905059,-3.688083365890197,-1.147148791878865,4.875,0.9100000000003092,stop,2024
-1,1155475,1155480,2024-12-03 14:05:00+00:00,2024-12-03 14:30:00+00:00,2652.275,2654.5964999999997,0.01,5,-2.32149999999956,0.4523241347485021,-2.773824134748062,-1.1948413244663312,3.3914999999997235,1.974999999999909,stop,2024
-1,1155744,1155745,2024-12-04 13:30:00+00:00,2024-12-04 13:35:00+00:00,2643.3895,2645.8815,0.01,1,-2.4919999999997344,0.464210296603579,-2.9562102966033135,-1.186280215330509,3.80199999999968,1.2845000000002074,stop,2024
-1,1156015,1156022,2024-12-05 13:05:00+00:00,2024-12-05 13:40:00+00:00,2651.63,2645.7670000000007,0.01,7,5.862999999999374,0.4382128914616546,5.4247871085377195,1.850515813930854,1.6899999999995998,7.25,target,2024
1,1156305,1156315,2024-12-06 14:15:00+00:00,2024-12-06 15:05:00+00:00,2629.31,2639.8170000000005,0.01,10,10.507000000000517,0.5155729716371541,9.991427028363363,1.90186105041646,3.3399999999996908,10.558500000000095,target,2024
-1,1156579,1156580,2024-12-09 14:05:00+00:00,2024-12-09 14:10:00+00:00,2664.2664999999997,2666.5744999999997,0.01,1,-2.3079999999999927,0.4738611917832847,-2.7818611917832774,-1.2053124747761206,2.4835000000002765,0.0,stop,2024
-1,1156856,1156857,2024-12-10 14:10:00+00:00,2024-12-10 14:15:00+00:00,2680.06,2682.3965,0.01,1,-2.3364999999998872,0.44773789962442073,-2.784237899624308,-1.1916276052319463,3.711999999999989,0.0,stop,2024
-1,1157126,1157128,2024-12-11 13:40:00+00:00,2024-12-11 13:50:00+00:00,2697.5655,2701.5820000000003,0.01,2,-4.016500000000178,0.6709952051028005,-4.687495205102978,-1.1670596800952995,4.561000000000149,0.0,stop,2024
1,1157398,1157405,2024-12-12 13:20:00+00:00,2024-12-12 13:55:00+00:00,2705.8900000000003,2701.413,0.01,7,-4.4770000000003165,0.6692180878231109,-5.146218087823428,-1.149479135095614,8.54700000000048,5.654999999999745,stop,2024
1,1157673,1157675,2024-12-13 13:15:00+00:00,2024-12-13 13:25:00+00:00,2668.4004999999997,2665.3395,0.01,2,-3.0609999999996944,0.602900858824426,-3.66390085882412,-1.1969620577669016,3.1154999999998836,2.391000000000531,stop,2024
-1,1157958,1157961,2024-12-16 14:00:00+00:00,2024-12-16 14:15:00+00:00,2661.6605,2657.5905000000002,0.01,3,4.069999999999709,0.5311236247277304,3.5388763752719785,1.7390055898143644,0.0,4.190500000000156,target,2024
-1,1158224,1158228,2024-12-17 13:10:00+00:00,2024-12-17 13:30:00+00:00,2644.62,2639.987,0.01,4,4.632999999999811,0.6534890175406987,3.979510982459112,1.7178981145949814,0.5700000000001637,5.295000000000073,target,2024
1,1158559,1158562,2024-12-18 19:20:00+00:00,2024-12-18 19:35:00+00:00,2619.0105000000003,2615.6255,0.01,3,-3.3850000000002183,0.4818418780192061,-3.8668418780194243,-1.1423461973468758,4.673999999999978,5.445999999999913,stop,2024
1,1158772,1158779,2024-12-19 14:05:00+00:00,2024-12-19 14:40:00+00:00,2597.4565000000002,2594.855,0.01,7,-2.6015000000002146,0.503131411351575,-3.1046314113517894,-1.1934005040751618,3.151499999999942,3.4284999999999854,stop,2024
-1,1159046,1159049,2024-12-20 13:55:00+00:00,2024-12-20 14:10:00+00:00,2611.1814999999997,2614.1765,0.01,3,-2.9950000000003456,0.5322701730519492,-3.527270173052295,-1.1777195903345201,3.9935000000004948,2.546499999999469,stop,2024
1,1159333,1159335,2024-12-23 14:50:00+00:00,2024-12-23 15:00:00+00:00,2616.9049999999997,2613.7835,0.01,2,-3.1214999999997417,0.5608741334023017,-3.6823741334020434,-1.1796809653699658,3.9299999999998363,0.0,stop,2024
1,1159608,1159609,2024-12-24 14:45:00+00:00,2024-12-24 14:50:00+00:00,2614.4215,2612.33,0.01,1,-2.0914999999999964,0.5747368394844323,-2.6662368394844287,-1.274796480747996,3.706499999999778,0.0,stop,2024
-1,1159855,1159857,2024-12-26 15:35:00+00:00,2024-12-26 15:45:00+00:00,2634.8695,2637.445,0.01,2,-2.5755000000003747,0.5622464661801492,-3.137746466180524,-1.2183057527393002,3.3955000000005384,0.0,stop,2024
1,1160101,1160103,2024-12-27 13:10:00+00:00,2024-12-27 13:20:00+00:00,2625.13,2621.545,0.01,2,-3.585000000000037,0.5474617822156177,-4.132461782215654,-1.1527090048021231,4.6599999999998545,2.2434999999995853,stop,2024
1,1160388,1160390,2024-12-30 14:05:00+00:00,2024-12-30 14:15:00+00:00,2608.2105,2613.6045000000004,0.01,2,5.394000000000233,0.48192389380530937,4.912076106194924,1.8213111257674126,0.0,5.734999999999673,target,2024
-1,1160658,1160670,2024-12-31 13:35:00+00:00,2024-12-31 14:35:00+00:00,2613.3785,2616.2484999999997,0.01,12,-2.869999999999891,0.5714743510630353,-3.441474351062926,-1.1991199829488004,4.5715000000000146,2.0299999999997453,stop,2024
1,1160931,1160937,2025-01-02 13:20:00+00:00,2025-01-02 13:50:00+00:00,2639.3685,2644.8155,0.01,6,5.447000000000116,0.5375904072061428,4.909409592793974,1.80261046182995,2.5585000000000946,6.288000000000011,target,2025
1,1161210,1161211,2025-01-03 13:35:00+00:00,2025-01-03 13:40:00+00:00,2651.0519999999997,2648.6585,0.01,1,-2.393499999999676,0.5635889989346001,-2.9570889989342763,-1.2354664712490815,7.431999999999789,0.0,stop,2025
1,1161489,1161494,2025-01-06 13:50:00+00:00,2025-01-06 14:15:00+00:00,2625.8895,2621.9085,0.01,5,-3.981000000000222,0.7189610106832816,-4.699961010683504,-1.180598093615484,11.194000000000415,4.272500000000036,stop,2025
-1,1161762,1161764,2025-01-07 13:35:00+00:00,2025-01-07 13:45:00+00:00,2658.3045,2662.08,0.01,2,-3.775499999999738,0.4459646918905826,-4.22146469189032,-1.1181206970972357,4.535499999999956,0.0,stop,2025
-1,1162034,1162035,2025-01-08 13:15:00+00:00,2025-01-08 13:20:00+00:00,2655.71,2658.0434999999998,0.01,1,-2.333499999999731,0.561133071645922,-2.8946330716456528,-1.2404684258178644,3.695499999999811,0.49350000000004,stop,2025
-1,1162313,1162314,2025-01-09 13:30:00+00:00,2025-01-09 13:35:00+00:00,2674.8895,2677.063,0.01,1,-2.1734999999998763,0.6857575186856835,-2.8592575186855598,-1.3155084051924189,3.6839999999997417,0.0,stop,2025
1,1162591,1162599,2025-01-10 13:40:00+00:00,2025-01-10 14:20:00+00:00,2673.473,2688.018,0.01,8,14.545000000000071,0.91301547014523,13.63198452985484,1.8744564496190819,0.0,14.748999999999796,target,2025
1,1162868,1162881,2025-01-13 13:45:00+00:00,2025-01-13 14:50:00+00:00,2666.755,2672.5290000000005,0.01,13,5.774000000000342,0.5807776032483014,5.193222396752041,1.798830064687126,2.623000000000502,7.569999999999709,target,2025
1,1163150,1163159,2025-01-14 14:15:00+00:00,2025-01-14 15:00:00+00:00,2662.0964999999997,2666.4124999999985,0.01,9,4.315999999998894,0.5668351035262942,3.7491648964725997,1.7373331308959965,2.0394999999998618,7.156500000000051,target,2025
-1,1163424,1163426,2025-01-15 14:05:00+00:00,2025-01-15 14:15:00+00:00,2693.3500000000004,2687.7000000000007,0.01,2,5.649999999999636,0.6964741098054505,4.953525890194186,1.7534604921042496,0.0,6.313000000000102,target,2025
-1,1163694,1163695,2025-01-16 13:35:00+00:00,2025-01-16 13:40:00+00:00,2710.5015000000003,2714.4665,0.01,1,-3.9649999999996908,0.7577193880379358,-4.722719388037627,-1.1911019894168966,4.680499999999483,0.7365000000004329,stop,2025
1,1163971,1163974,2025-01-17 13:40:00+00:00,2025-01-17 13:55:00+00:00,2707.7650000000003,2705.087,0.01,3,-2.6780000000003383,0.5932508241758279,-3.271250824176166,-1.2215275669065544,3.223000000000411,1.1714999999994689,stop,2025
-1,1164502,1164503,2025-01-21 14:30:00+00:00,2025-01-21 14:35:00+00:00,2730.31,2732.4049999999997,0.01,1,-2.0949999999998,0.5399882449792572,-2.6349882449790574,-1.2577509522574268,2.6015000000002146,0.669999999999618,stop,2025
1,1164768,1164779,2025-01-22 13:40:00+00:00,2025-01-22 14:35:00+00:00,2753.7685,2751.0550000000003,0.01,11,-2.71349999999984,0.5599687419048761,-3.273468741904716,-1.206364010283733,3.3519999999998618,4.5414999999998145,stop,2025
1,1165042,1165043,2025-01-23 13:30:00+00:00,2025-01-23 13:35:00+00:00,2741.5685000000003,2737.435,0.01,1,-4.133500000000367,0.6616041578229415,-4.7951041578233085,-1.1600590680592433,5.5385000000005675,0.0,stop,2025
1,1165330,1165333,2025-01-24 14:30:00+00:00,2025-01-24 14:45:00+00:00,2776.73,2782.03,0.01,3,5.300000000000182,0.6151417872319462,4.684858212768235,1.7678710236860657,2.1399999999998727,5.464999999999691,target,2025
1,1165589,1165592,2025-01-27 13:05:00+00:00,2025-01-27 13:20:00+00:00,2761.62,2757.99,0.01,3,-3.6300000000001096,0.5768433251931797,-4.206843325193289,-1.1589100069402651,4.505000000000109,0.8550000000004729,stop,2025
1,1166145,1166150,2025-01-29 13:25:00+00:00,2025-01-29 13:50:00+00:00,2754.3450000000003,2758.398000000001,0.01,5,4.053000000000793,0.5694343117715368,3.4835656882292563,1.7190060144231802,0.0,4.6349999999997635,target,2025
-1,1166434,1166435,2025-01-30 14:30:00+00:00,2025-01-30 14:35:00+00:00,2785.715,2780.4850000000006,0.01,1,5.229999999999563,0.5789433029381925,4.651056697061371,1.778606767518837,0.0,5.5164999999997235,target,2025
-1,1166719,1166722,2025-01-31 15:15:00+00:00,2025-01-31 15:30:00+00:00,2814.345,2808.734999999999,0.01,3,5.610000000000582,0.5430852114571209,5.066914788543461,1.8063867338833994,0.0,5.9699999999998,target,2025
-1,1166984,1166985,2025-02-03 14:20:00+00:00,2025-02-03 14:25:00+00:00,2813.4449999999997,2815.4849999999997,0.01,1,-2.0399999999999636,0.5908925502225619,-2.6308925502225255,-1.2896532108934178,2.1700000000000728,0.0,stop,2025
-1,1167251,1167257,2025-02-04 13:35:00+00:00,2025-02-04 14:05:00+00:00,2834.6949999999997,2829.557999999999,0.01,6,5.137000000000626,0.6008286269390555,4.5361713730615705,1.7660780117037251,1.5900000000001455,5.639999999999418,target,2025
1,1167531,1167538,2025-02-05 13:55:00+00:00,2025-02-05 14:30:00+00:00,2861.285,2866.455,0.01,7,5.170000000000073,0.5871327563380195,4.5828672436620534,1.772869339907926,0.5100000000002183,8.414999999999964,target,2025
1,1167799,1167805,2025-02-06 13:15:00+00:00,2025-02-06 13:45:00+00:00,2862.6800000000003,2859.3900000000003,0.01,6,-3.2899999999999636,0.5420550992518713,-3.8320550992518347,-1.1647583888303579,4.361499999999978,2.2899999999999636,stop,2025
1,1168076,1168078,2025-02-07 13:20:00+00:00,2025-02-07 13:30:00+00:00,2862.425,2860.325,0.01,2,-2.100000000000364,0.792445829381127,-2.892445829381491,-1.3773551568480904,9.890000000000327,8.978499999999713,stop,2025
1,1168355,1168356,2025-02-10 13:35:00+00:00,2025-02-10 13:40:00+00:00,2904.38,2901.635,0.01,1,-2.744999999999891,0.6013934168896922,-3.3463934168895832,-1.2190868549689313,4.380000000000109,0.0,stop,2025
-1,1168634,1168636,2025-02-11 13:50:00+00:00,2025-02-11 14:00:00+00:00,2893.1515,2898.415,0.01,2,-5.263500000000022,0.7051885571135788,-5.968688557113601,-1.1339771173389523,6.073500000000422,0.5864999999998872,stop,2025
1,1168905,1168906,2025-02-12 13:25:00+00:00,2025-02-12 13:30:00+00:00,2877.2235,2873.3235,0.01,1,-3.900000000000091,0.8881854369739219,-4.788185436974013,-1.2277398556343337,12.974999999999909,0.5,stop,2025
1,1169182,1169184,2025-02-13 13:30:00+00:00,2025-02-13 13:40:00+00:00,2913.62,2911.1014999999998,0.01,2,-2.518500000000131,0.7577358988352945,-3.2762358988354254,-1.300867936801769,3.055000000000291,1.4200000000000728,stop,2025
1,1169462,1169464,2025-02-14 13:50:00+00:00,2025-02-14 14:00:00+00:00,2921.558,2917.6549999999997,0.01,2,-3.9030000000002474,0.6044826684173956,-4.507482668417643,-1.15487642029653,6.216499999999996,0.1505000000001928,stop,2025
-1,1169998,1170000,2025-02-18 15:00:00+00:00,2025-02-18 15:10:00+00:00,2926.485,2928.755,0.01,2,-2.269999999999982,0.5707360082583188,-2.8407360082583004,-1.2514255542988209,3.275000000000091,1.2400000000002365,stop,2025
1,1170262,1170266,2025-02-19 14:00:00+00:00,2025-02-19 14:20:00+00:00,2937.31,2935.0299999999997,0.01,4,-2.2800000000002,0.590872273257552,-2.870872273257752,-1.259154505814693,4.849999999999909,2.5149999999998727,stop,2025
-1,1170547,1170566,2025-02-20 14:45:00+00:00,2025-02-20 16:20:00+00:00,2936.4849999999997,2940.045,0.01,19,-3.5600000000004,0.5689827753622887,-4.128982775362688,-1.1598266222927596,6.298500000000331,4.741499999999633,stop,2025
1,1170810,1170816,2025-02-21 13:40:00+00:00,2025-02-21 14:10:00+00:00,2929.76,2934.2300000000014,0.01,6,4.470000000001164,0.6146472746270222,3.855352725374142,1.724990033723999,0.45499999999992724,4.556499999999687,target,2025
1,1171098,1171102,2025-02-24 14:40:00+00:00,2025-02-24 15:00:00+00:00,2941.1949999999997,2935.9785,0.01,4,-5.216499999999542,0.5271308711572408,-5.743630871156783,-1.1010506797962787,8.49499999999989,3.0950000000002547,stop,2025
-1,1171374,1171375,2025-02-25 14:40:00+00:00,2025-02-25 14:45:00+00:00,2942.3265,2937.2105,0.01,1,5.1159999999999854,0.5942418779194327,4.521758122080553,1.7676927764192987,0.0,6.391500000000178,target,2025
1,1171646,1171648,2025-02-26 14:20:00+00:00,2025-02-26 14:30:00+00:00,2896.815,2892.9115,0.01,2,-3.9034999999998945,0.584896913281709,-4.488396913281603,-1.1498390965240743,6.013500000000022,0.07000000000016371,stop,2025
-1,1171911,1171912,2025-02-27 13:25:00+00:00,2025-02-27 13:30:00+00:00,2888.745,2881.7749999999996,0.01,1,6.9700000000002555,0.7943144928202313,6.175685507180024,1.7720761857043894,2.3739999999997963,7.550000000000182,target,2025
1,1172188,1172189,2025-02-28 13:30:00+00:00,2025-02-28 13:35:00+00:00,2858.6715,2855.0215,0.01,1,-3.6500000000000914,0.6937894471982973,-4.343789447198389,-1.1900793006022685,4.231499999999869,0.0,stop,2025
-1,1172478,1172485,2025-03-03 14:40:00+00:00,2025-03-03 15:15:00+00:00,2878.915,2882.875,0.01,7,-3.9600000000000364,0.5683207946664124,-4.528320794666449,-1.1435153521884867,4.475000000000364,5.08849999999984,stop,2025
-1,1172736,1172739,2025-03-04 13:10:00+00:00,2025-03-04 13:25:00+00:00,2925.785,2921.545,0.01,3,4.239999999999782,0.6277614802650893,3.6122385197346922,1.7038860942145653,1.3400000000001455,4.444999999999709,target,2025
1,1173021,1173028,2025-03-05 13:55:00+00:00,2025-03-05 14:30:00+00:00,2898.8565,2907.8994999999995,0.01,7,9.042999999999665,0.6099877327231491,8.433012267276517,1.8650917322297533,1.099999999999909,10.748499999999694,target,2025
-1,1173302,1173304,2025-03-06 14:20:00+00:00,2025-03-06 14:30:00+00:00,2908.5135,2911.545,0.01,2,-3.0315000000000514,0.6565278624450925,-3.6880278624451437,-1.2165686499901307,4.721499999999651,1.8820000000000618,stop,2025
1,1173568,1173569,2025-03-07 13:30:00+00:00,2025-03-07 13:35:00+00:00,2913.055,2918.644999999999,0.01,1,5.589999999999236,0.7836077995504211,4.806392200448815,1.7196394277100078,0.0,13.349999999999909,target,2025
-1,1173851,1173852,2025-03-10 13:05:00+00:00,2025-03-10 13:10:00+00:00,2906.1665000000003,2908.2385000000004,0.01,1,-2.0720000000001164,0.6575911902709308,-2.729591190271047,-1.3173702655747557,2.4650000000001455,0.30650000000059663,stop,2025
1,1174128,1174129,2025-03-11 13:10:00+00:00,2025-03-11 13:15:00+00:00,2910.55,2907.835,0.01,1,-2.7150000000001455,0.540999577047561,-3.2559995770477066,-1.1992631959659419,3.6100000000001273,0.0,stop,2025
1,1174408,1174425,2025-03-12 13:30:00+00:00,2025-03-12 14:55:00+00:00,2911.0699999999997,2921.136999999999,0.01,17,10.066999999999098,0.6242617513359334,9.442738248663165,1.8759785931586395,1.2199999999998,11.579999999999927,target,2025
1,1174679,1174685,2025-03-13 13:05:00+00:00,2025-03-13 13:35:00+00:00,2942.95,2950.74,0.01,6,7.789999999999964,0.5450205817857365,7.244979418214227,1.8600717376673326,0.8434999999999491,7.869999999999891,target,2025
1,1174956,1174960,2025-03-14 13:10:00+00:00,2025-03-14 13:30:00+00:00,2994.255,2991.91,0.01,4,-2.3450000000002547,0.6068865684184217,-2.9518865684186766,-1.2588002423958875,5.8270000000002256,1.8764999999998508,stop,2025
1,1175230,1175246,2025-03-17 13:00:00+00:00,2025-03-17 14:20:00+00:00,2988.1915,2994.9545,0.01,16,6.762999999999921,0.6462800145042853,6.116719985495635,1.8088777127001943,1.9965000000001965,7.936999999999898,target,2025
1,1175515,1175520,2025-03-18 13:45:00+00:00,2025-03-18 14:10:00+00:00,3030.3785,3026.295,0.01,5,-4.083499999999731,0.6073732457896697,-4.6908732457894,-1.1487383974016676,5.136999999999716,7.350000000000364,stop,2025
1,1175786,1175788,2025-03-19 13:20:00+00:00,2025-03-19 13:30:00+00:00,3035.955,3033.105,0.01,2,-2.849999999999909,0.6307671393869652,-3.480767139386874,-1.221321803293679,6.7599999999997635,0.0,stop,2025
1,1176064,1176065,2025-03-20 13:30:00+00:00,2025-03-20 13:35:00+00:00,3032.3615,3036.8715,0.01,1,4.510000000000218,0.6570397680828381,3.85296023191738,1.708629814597425,0.0,5.393500000000131,target,2025
-1,1176358,1176359,2025-03-21 15:00:00+00:00,2025-03-21 15:05:00+00:00,3014.1,3016.8885,0.01,1,-2.7885000000001128,0.6498657809674493,-3.438365780967562,-1.2330521000421097,3.9699999999998,0.0,stop,2025
1,1176620,1176626,2025-03-24 13:50:00+00:00,2025-03-24 14:20:00+00:00,3022.8135,3019.2,0.01,6,-3.6135000000003856,0.6109182391519421,-4.224418239152328,-1.1690655151935456,5.008499999999913,3.361499999999978,stop,2025
-1,1176889,1176892,2025-03-25 13:15:00+00:00,2025-03-25 13:30:00+00:00,3022.9435000000003,3025.2335000000003,0.01,3,-2.2899999999999636,0.6173588706342694,-2.907358870634233,-1.269589026477851,2.426499999999578,1.393500000000131,stop,2025
1,1177167,1177169,2025-03-26 13:25:00+00:00,2025-03-26 13:35:00+00:00,3024.3085,3021.58,0.01,2,-2.7285000000001673,0.5579825913212104,-3.286482591321378,-1.204501591101769,3.52350000000024,1.393000000000029,stop,2025
1,1177443,1177444,2025-03-27 13:25:00+00:00,2025-03-27 13:30:00+00:00,3042.6485000000002,3038.3565,0.01,1,-4.292000000000371,0.5776410310154767,-4.869641031015847,-1.134585515148049,4.418500000000222,0.7280000000000655,stop,2025
1,1177718,1177724,2025-03-28 13:20:00+00:00,2025-03-28 13:50:00+00:00,3074.4735,3081.6805000000004,0.01,6,7.207000000000336,0.6245646420919733,6.582435357908363,1.8266783288214392,3.1350000000002183,8.644999999999982,target,2025
1,1177992,1177996,2025-03-31 13:10:00+00:00,2025-03-31 13:30:00+00:00,3118.6165,3113.9120000000003,0.01,4,-4.704499999999825,0.5847223500054515,-5.289222350005277,-1.1242900095664732,8.26150000000007,3.158499999999549,stop,2025
1,1178272,1178280,2025-04-01 13:30:00+00:00,2025-04-01 14:10:00+00:00,3131.2799999999997,3128.2715,0.01,8,-3.0084999999999127,0.6074821406192845,-3.615982140619197,-1.2019219347247139,6.974999999999454,4.175000000000182,stop,2025
-1,1178550,1178551,2025-04-02 13:40:00+00:00,2025-04-02 13:45:00+00:00,3127.74,3118.959999999999,0.01,1,8.780000000000655,0.6350211856781571,8.144978814322497,1.855348249276057,0.0,9.1899999999996,target,2025
-1,1178818,1178819,2025-04-03 13:00:00+00:00,2025-04-03 13:05:00+00:00,3075.4134999999997,3065.580499999999,0.01,1,9.833000000000538,0.6753305504430147,9.157669449557524,1.86263997753626,0.0,12.204999999999927,target,2025
1,1179094,1179101,2025-04-04 13:00:00+00:00,2025-04-04 13:35:00+00:00,3076.3385,3069.578,0.01,7,-6.760499999999865,0.79929687560344,-7.559796875603306,-1.1182304379267,16.335999999999785,11.175000000000182,stop,2025
-1,1179371,1179376,2025-04-07 13:05:00+00:00,2025-04-07 13:30:00+00:00,3029.2065000000002,3019.3065000000006,0.01,5,9.899999999999636,0.7593995637586355,9.140600436241002,1.8465859467154218,1.1834999999996398,14.79300000000012,target,2025
-1,1179650,1179672,2025-04-08 13:20:00+00:00,2025-04-08 15:10:00+00:00,3016.49,3003.829999999999,0.01,22,12.660000000000766,0.6363557728754548,12.023644227125311,1.8994698621049897,2.3150000000005093,13.844999999999345,target,2025
-1,1179931,1179936,2025-04-09 13:45:00+00:00,2025-04-09 14:10:00+00:00,3071.758,3077.105,0.01,5,-5.347000000000207,0.7179657906728902,-6.064965790673098,-1.1342745073261384,6.407000000000153,3.2730000000001382,stop,2025
-1,1180204,1180206,2025-04-10 13:30:00+00:00,2025-04-10 13:40:00+00:00,3130.855,3120.485,0.01,2,10.36999999999989,0.7392928123888474,9.630707187611044,1.8574170082181574,0.0,10.865000000000236,target,2025
1,1180486,1180500,2025-04-11 14:00:00+00:00,2025-04-11 15:10:00+00:00,3226.085,3238.8950000000004,0.01,14,12.810000000000402,0.9682241506496119,11.84177584935079,1.8488330756206743,3.1530000000002474,12.965000000000146,target,2025
1,1180750,1180751,2025-04-14 13:00:00+00:00,2025-04-14 13:05:00+00:00,3207.835,3203.575,0.01,1,-4.260000000000218,0.6777442212771445,-4.937744221277363,-1.1590948876237348,5.460000000000036,2.8450000000002547,stop,2025
1,1181035,1181036,2025-04-15 13:45:00+00:00,2025-04-15 13:50:00+00:00,3218.065,3215.025,0.01,1,-3.0399999999999636,0.6488898309643973,-3.688889830964361,-1.2134506022909228,6.349999999999909,0.525000000000091,stop,2025
1,1181306,1181307,2025-04-16 13:20:00+00:00,2025-04-16 13:25:00+00:00,3306.6099999999997,3303.76,0.01,1,-2.8499999999994543,0.6409220767317241,-3.490922076731178,-1.2248849392041568,7.539999999999964,0.0,stop,2025
-1,1181587,1181588,2025-04-17 13:45:00+00:00,2025-04-17 13:50:00+00:00,3328.89,3322.2899999999995,0.01,1,6.600000000000364,0.8009700632018839,5.79902993679848,1.7572817990297454,0.0,13.940000000000055,target,2025
-1,1181856,1181860,2025-04-21 13:10:00+00:00,2025-04-21 13:30:00+00:00,3419.7070000000003,3410.0910000000013,0.01,4,9.615999999999076,0.7468395899419629,8.869160410057113,1.8446673065844352,2.1029999999996107,14.49200000000019,target,2025
1,1182130,1182131,2025-04-22 13:00:00+00:00,2025-04-22 13:05:00+00:00,3433.165,3424.335,0.01,1,-8.829999999999927,0.8224292971100888,-9.652429297110016,-1.0931403507485953,12.574999999999818,5.539999999999964,stop,2025
1,1182408,1182409,2025-04-23 13:10:00+00:00,2025-04-23 13:15:00+00:00,3310.1400000000003,3304.635,0.01,1,-5.505000000000109,0.8112931888320596,-6.3162931888321685,-1.1473738762637682,9.8100000000004,0.0,stop,2025
1,1182683,1182684,2025-04-24 13:05:00+00:00,2025-04-24 13:10:00+00:00,3336.2650000000003,3329.95,0.01,1,-6.315000000000509,0.8029123594480967,-7.1179123594486065,-1.1271436832063393,8.13000000000011,0.0,stop,2025
1,1182963,1182964,2025-04-25 13:30:00+00:00,2025-04-25 13:35:00+00:00,3274.18,3268.27,0.01,1,-5.9099999999998545,0.8302894113167272,-6.740289411316581,-1.140488902084052,8.674999999999727,0.0,stop,2025
1,1183235,1183241,2025-04-28 13:10:00+00:00,2025-04-28 13:40:00+00:00,3295.455,3290.5950000000003,0.01,6,-4.859999999999673,0.7419447956173622,-5.601944795617035,-1.1526635381928831,5.444999999999709,5.900000000000091,stop,2025
1,1183520,1183522,2025-04-29 13:55:00+00:00,2025-04-29 14:05:00+00:00,3307.385,3299.755,0.01,2,-7.630000000000109,0.8416751357716081,-8.471675135771717,-1.1103112890919522,7.7150000000001455,3.474999999999909,stop,2025
-1,1183784,1183785,2025-04-30 13:00:00+00:00,2025-04-30 13:05:00+00:00,3297.375,3301.41,0.01,1,-4.0349999999998545,0.9208311760574788,-4.955831176057333,-1.228210948217475,5.369999999999891,0.9349999999999454,stop,2025
-1,1184069,1184072,2025-05-01 13:45:00+00:00,2025-05-01 14:00:00+00:00,3227.4449999999997,3215.494999999999,0.01,3,11.950000000000728,0.9611788698619343,10.988821130138794,1.8391332435377614,0.0,12.875,target,2025
1,1184339,1184341,2025-05-02 13:15:00+00:00,2025-05-02 13:25:00+00:00,3245.7799999999997,3258.2199999999984,0.01,2,12.43999999999869,0.9280765434920932,11.511923456506597,1.850791552493217,0.0,13.875,target,2025
1,1184620,1184624,2025-05-05 13:40:00+00:00,2025-05-05 14:00:00+00:00,3316.02,3311.835,0.01,4,-4.184999999999945,1.0666910916582502,-5.251691091658196,-1.2548843707666104,5.934999999999945,3.8099999999999454,stop,2025
-1,1184889,1184890,2025-05-06 13:05:00+00:00,2025-05-06 13:10:00+00:00,3390.725,3394.69,0.01,1,-3.9650000000001455,0.8074223252158603,-4.772422325216006,-1.2036374086294654,6.070000000000164,0.8099999999999454,stop,2025
1,1185170,1185173,2025-05-07 13:30:00+00:00,2025-05-07 13:45:00+00:00,3386.7,3394.0299999999997,0.01,3,7.329999999999927,0.7281577965845103,6.601842203415417,1.8013212014776214,0.0,11.470000000000255,target,2025
-1,1185444,1185446,2025-05-08 13:20:00+00:00,2025-05-08 13:30:00+00:00,3360.96,3364.9049999999997,0.01,2,-3.944999999999709,0.8937763818640629,-4.838776381863772,-1.2265592856436323,6.6599999999998545,4.059999999999945,stop,2025
1,1185731,1185733,2025-05-09 14:15:00+00:00,2025-05-09 14:25:00+00:00,3325.185,3333.765,0.01,2,8.579999999999927,0.6237475195950977,7.95625248040483,1.8546043077866894,0.0,14.150000000000091,target,2025
-1,1186012,1186020,2025-05-12 14:40:00+00:00,2025-05-12 15:20:00+00:00,3243.49,3234.699999999999,0.01,8,8.790000000000873,0.7989359149941058,7.991064085006768,1.8182170841879348,0.45000000000027285,10.789999999999964,target,2025
1,1186277,1186278,2025-05-13 13:45:00+00:00,2025-05-13 13:50:00+00:00,3238.6899999999996,3231.995,0.01,1,-6.69499999999971,0.723670985563728,-7.418670985563438,-1.1080912599796504,7.779999999999745,0.0,stop,2025
1,1186547,1186550,2025-05-14 13:15:00+00:00,2025-05-14 13:30:00+00:00,3181.0600000000004,3191.9900000000016,0.01,3,10.9300000000012,0.8662614005472569,10.063738599453943,1.841489222223758,0.0,12.849999999999454,target,2025
-1,1186820,1186821,2025-05-15 13:00:00+00:00,2025-05-15 13:05:00+00:00,3185.9700000000003,3189.8900000000003,0.01,1,-3.9200000000000728,0.9551938284492145,-4.875193828449287,-1.2436718950125503,8.58999999999969,0.0,stop,2025
-1,1187098,1187099,2025-05-16 13:10:00+00:00,2025-05-16 13:15:00+00:00,3181.3199999999997,3172.1899999999987,0.01,1,9.130000000001019,1.045437962350841,8.084562037650178,1.7709883981707066,0.0,11.884999999999309,target,2025
1,1187373,1187374,2025-05-19 13:05:00+00:00,2025-05-19 13:10:00+00:00,3230.45,3236.0299999999997,0.01,1,5.579999999999927,0.781276937347168,4.798723062652759,1.7199724238899003,0.0,7.600000000000364,target,2025
1,1187650,1187655,2025-05-20 13:10:00+00:00,2025-05-20 13:35:00+00:00,3237.04,3245.0199999999995,0.01,5,7.979999999999563,0.769985315745283,7.210014684254281,1.8070212241239787,2.0950000000002547,8.640000000000327,target,2025
-1,1187925,1187927,2025-05-21 13:05:00+00:00,2025-05-21 13:15:00+00:00,3302.7785000000003,3306.3885,0.01,2,-3.6099999999996726,0.7231788989101842,-4.333178898909857,-1.2003265647950832,4.596499999999651,2.8100000000004,stop,2025
1,1188213,1188296,2025-05-22 14:05:00+00:00,2025-05-22 22:00:00+00:00,3290.2749999999996,3295.225,0.01,83,4.950000000000273,0.7977144351822472,4.152285564818026,0.37696646071886025,8.774999999999636,14.668500000000677,session_flat,2025
-1,1188477,1188482,2025-05-23 13:05:00+00:00,2025-05-23 13:30:00+00:00,3357.0384999999997,3341.575499999999,0.01,5,15.463000000000648,0.7970780454029807,14.665921954597668,1.8969051224984872,1.4130000000004657,15.503499999999804,target,2025
-1,1188753,1188756,2025-05-26 13:05:00+00:00,2025-05-26 13:20:00+00:00,3334.2585,3336.9764999999998,0.01,3,-2.717999999999847,0.8107304701003188,-3.5287304701001663,-1.2982819978294204,2.9215000000003783,2.849999999999909,stop,2025
-1,1189006,1189010,2025-05-27 13:40:00+00:00,2025-05-27 14:00:00+00:00,3299.215,3287.692000000001,0.01,4,11.522999999999229,0.798453345599422,10.724546654399807,1.8614157171570815,3.6599999999998545,13.959499999999935,target,2025
1,1189277,1189279,2025-05-28 13:15:00+00:00,2025-05-28 13:25:00+00:00,3309.9435000000003,3306.795,0.01,2,-3.14850000000024,0.7594002896068266,-3.907900289607067,-1.2411943114520467,4.343500000000404,0.8429999999998472,stop,2025
-1,1189557,1189568,2025-05-29 13:35:00+00:00,2025-05-29 14:30:00+00:00,3317.355,3307.998,0.01,11,9.356999999999971,0.7264625253956631,8.630537474604308,1.8447231964527808,2.9414999999999054,10.116499999999633,target,2025
1,1189833,1189834,2025-05-30 13:35:00+00:00,2025-05-30 13:40:00+00:00,3295.9165000000003,3290.675,0.01,1,-5.241500000000087,0.7728973464046189,-6.0143973464047065,-1.1474572825345046,7.741500000000087,1.156999999999698,stop,2025
1,1190102,1190103,2025-06-02 13:00:00+00:00,2025-06-02 13:05:00+00:00,3356.6899999999996,3354.6165,0.01,1,-2.0734999999995125,0.7643961669610684,-2.837896166960581,-1.368650189033638,3.658499999999549,0.0,stop,2025
-1,1190380,1190384,2025-06-03 13:10:00+00:00,2025-06-03 13:30:00+00:00,3360.5915,3355.3245,0.01,4,5.266999999999825,0.7160009595130132,4.550999040486812,1.7281181091653552,1.61850000000004,8.335999999999785,target,2025
-1,1190654,1190655,2025-06-04 13:00:00+00:00,2025-06-04 13:05:00+00:00,3357.2484999999997,3359.6935000000003,0.01,1,-2.4450000000006185,0.7522608616055313,-3.19726086160615,-1.3076731540308144,5.5600000000004,0.0,stop,2025
1,1190932,1190943,2025-06-05 13:10:00+00:00,2025-06-05 14:05:00+00:00,3379.535,3371.33,0.01,11,-8.204999999999927,0.8122026906836712,-9.017202690683598,-1.0989887496262862,11.925000000000182,8.986499999999978,stop,2025
1,1191224,1191268,2025-06-06 14:30:00+00:00,2025-06-06 18:10:00+00:00,3325.21,3318.5935,0.01,44,-6.616500000000087,0.7306182082301398,-7.347118208230227,-1.1104236693463507,11.478500000000167,11.606499999999869,stop,2025
1,1191488,1191489,2025-06-09 13:30:00+00:00,2025-06-09 13:35:00+00:00,3314.575,3311.73,0.01,1,-2.8449999999998,0.6565658888136194,-3.5015658888134196,-1.230778871287756,3.694999999999709,2.5,stop,2025
-1,1191765,1191766,2025-06-10 13:35:00+00:00,2025-06-10 13:40:00+00:00,3343.8115,3347.1400000000003,0.01,1,-3.328500000000531,0.6748200113119809,-4.003320011312512,-1.202739976359283,4.063500000000204,0.0,stop,2025
1,1192035,1192043,2025-06-11 13:05:00+00:00,2025-06-11 13:45:00+00:00,3339.2749999999996,3331.825,0.01,8,-7.449999999999818,0.7632668140379577,-8.213266814037777,-1.1024519213473796,11.304999999999382,5.375,stop,2025
-1,1192310,1192311,2025-06-12 13:00:00+00:00,2025-06-12 13:05:00+00:00,3388.0365,3390.33,0.01,1,-2.293499999999767,0.6769404854630512,-2.9704404854628184,-1.2951560869688772,5.888500000000022,0.0,stop,2025
-1,1192586,1192587,2025-06-13 13:00:00+00:00,2025-06-13 13:05:00+00:00,3435.98,3438.2465,0.01,1,-2.2665000000001783,0.6722903063508432,-2.9387903063510215,-1.2966204748955616,3.798500000000331,0.06149999999979627,stop,2025
1,1192874,1192958,2025-06-16 14:00:00+00:00,2025-06-16 22:00:00+00:00,3394.295,3387.325,0.01,84,-6.9700000000002555,0.774204958567269,-7.744204958567525,-0.6763497780408426,11.4050000000002,11.425000000000182,session_flat,2025
-1,1193142,1193143,2025-06-17 13:20:00+00:00,2025-06-17 13:25:00+00:00,3393.4285,3395.84,0.01,1,-2.41150000000016,0.6338392168455358,-3.045339216845696,-1.2628402309125,2.6864999999997963,0.7970000000000255,stop,2025
1,1193431,1193487,2025-06-18 14:25:00+00:00,2025-06-18 19:05:00+00:00,3381.6915,3373.8615,0.01,56,-7.829999999999927,0.7171263473348497,-8.547126347334776,-1.091587017539573,8.36999999999989,14.283500000000004,stop,2025
1,1193709,1193724,2025-06-19 14:35:00+00:00,2025-06-19 15:50:00+00:00,3364.7349999999997,3370.8819999999987,0.01,15,6.146999999999025,0.6513024611399256,5.495697538859099,1.788090951312826,2.4914999999996326,6.771500000000287,target,2025
-1,1193948,1193950,2025-06-20 14:00:00+00:00,2025-06-20 14:10:00+00:00,3370.0465000000004,3373.885,0.01,2,-3.83849999999984,0.6676805167474573,-4.506180516747297,-1.1739430810857066,4.511999999999716,2.6865000000007058,stop,2025
-1,1194216,1194218,2025-06-23 13:20:00+00:00,2025-06-23 13:30:00+00:00,3366.745,3369.29,0.01,2,-2.5450000000000728,0.6646015767699853,-3.209601576770058,-1.2611401087504779,7.9350000000004,0.3949999999999818,stop,2025
1,1194497,1194519,2025-06-24 13:45:00+00:00,2025-06-24 15:35:00+00:00,3302.275,3315.9550000000004,0.01,22,13.680000000000291,0.7079523170374049,12.972047682962886,1.8964981992635395,4.974999999999909,14.565000000000055,target,2025
1,1194767,1194770,2025-06-25 13:15:00+00:00,2025-06-25 13:30:00+00:00,3317.13,3313.8665,0.01,3,-3.263500000000022,0.6497548628303451,-3.913254862830367,-1.1990975525755603,5.020000000000437,1.9349999999994907,stop,2025
1,1195043,1195046,2025-06-26 13:15:00+00:00,2025-06-26 13:30:00+00:00,3320.575,3316.2799999999997,0.01,3,-4.295000000000073,0.7499221197338457,-5.0449221197339185,-1.174603520310555,7.6899999999996,4.9835000000002765,stop,2025
1,1195320,1195321,2025-06-27 13:20:00+00:00,2025-06-27 13:25:00+00:00,3263.24,3260.4665,0.01,1,-2.7734999999997854,0.6532172097981823,-3.4267172097979675,-1.2355208977098369,6.769999999999527,0.0,stop,2025
1,1195593,1195594,2025-06-30 13:05:00+00:00,2025-06-30 13:10:00+00:00,3284.215,3280.91,0.01,1,-3.305000000000291,0.6376817151032712,-3.9426817151035625,-1.1929445431477201,3.9030000000002474,0.88149999999996,stop,2025
1,1195872,1195874,2025-07-01 13:20:00+00:00,2025-07-01 13:30:00+00:00,3349.1535000000003,3346.1885,0.01,2,-2.9650000000001455,0.6091456878536277,-3.574145687853773,-1.2054454259202692,3.4835000000002765,1.2364999999999782,stop,2025
1,1196146,1196147,2025-07-02 13:10:00+00:00,2025-07-02 13:15:00+00:00,3346.4665,3342.1815,0.01,1,-4.2849999999998545,0.6372190251522711,-4.922219025152126,-1.1487092240728805,4.6550000000002,0.0,stop,2025
-1,1196422,1196423,2025-07-03 13:10:00+00:00,2025-07-03 13:15:00+00:00,3326.455,3330.8085,0.01,1,-4.353500000000167,0.663795650679393,-5.017295650679561,-1.152474021058773,5.2400000000002365,0.0,stop,2025
-1,1196936,1196938,2025-07-07 14:00:00+00:00,2025-07-07 14:10:00+00:00,3314.3900000000003,3317.2535,0.01,2,-2.863499999999476,0.6090572039740707,-3.4725572039735466,-1.2126967710753211,4.386499999999614,0.680000000000291,stop,2025
1,1197204,1197209,2025-07-08 13:20:00+00:00,2025-07-08 13:45:00+00:00,3322.9655000000002,3319.048,0.01,5,-3.9175000000004725,0.6600584648174401,-4.577558464817913,-1.1684897166094093,8.065500000000156,4.021499999999833,stop,2025
-1,1197492,1197494,2025-07-09 14:20:00+00:00,2025-07-09 14:30:00+00:00,3306.0335,3308.935,0.01,2,-2.901499999999942,0.6740041748165451,-3.575504174816487,-1.232295080067744,4.641500000000178,0.11349999999993088,stop,2025
-1,1197756,1197761,2025-07-10 13:20:00+00:00,2025-07-10 13:45:00+00:00,3326.3935,3320.3365000000013,0.01,5,6.0569999999988795,0.6545321459280915,5.402467854070788,1.7838757979434663,1.97649999999976,10.238500000000386,target,2025
-1,1198028,1198029,2025-07-11 13:00:00+00:00,2025-07-11 13:05:00+00:00,3354.1935000000003,3357.0835,0.01,1,-2.8899999999998727,0.778773960729765,-3.668773960729638,-1.2694719587300345,3.9179999999996653,0.0,stop,2025
-1,1198308,1198309,2025-07-14 13:20:00+00:00,2025-07-14 13:25:00+00:00,3352.2799999999997,3355.02,0.01,1,-2.7400000000002365,0.6488185526500165,-3.3888185526502532,-1.2367950922080149,3.550000000000182,0.0,stop,2025
1,1198588,1198591,2025-07-15 13:40:00+00:00,2025-07-15 13:55:00+00:00,3338.9065,3347.8485,0.01,3,8.942000000000007,0.6349158738999792,8.307084126100028,1.8579924236412484,3.6334999999999127,9.016499999999724,target,2025
1,1198864,1198865,2025-07-16 13:40:00+00:00,2025-07-16 13:45:00+00:00,3330.5065,3326.8914999999997,0.01,1,-3.615000000000237,0.6060404338039802,-4.221040433804217,-1.1676460397797899,7.264499999999771,0.0,stop,2025
-1,1199136,1199139,2025-07-17 13:20:00+00:00,2025-07-17 13:35:00+00:00,3316.785,3319.1785,0.01,3,-2.393500000000131,0.630731816536344,-3.024231816536475,-1.263518619818805,3.91800000000012,3.0850000000000364,stop,2025
-1,1199452,1199486,2025-07-18 16:40:00+00:00,2025-07-18 19:30:00+00:00,3354.99,3349.9799999999996,0.01,34,5.010000000000218,0.49513760845739596,4.514862391542822,1.8023402760649203,0.375,6.136499999999614,target,2025
1,1199691,1199693,2025-07-21 13:35:00+00:00,2025-07-21 13:45:00+00:00,3387.335,3394.7519999999995,0.01,2,7.416999999999462,0.654503435234022,6.762496564765439,1.8235126236391885,0.0,8.056500000000142,target,2025
-1,1199963,1199964,2025-07-22 13:15:00+00:00,2025-07-22 13:20:00+00:00,3410.1265000000003,3414.305,0.01,1,-4.178499999999531,0.5927926777041626,-4.771292677703693,-1.1418673394051044,4.4299999999993815,0.0,stop,2025
1,1200238,1200240,2025-07-23 13:10:00+00:00,2025-07-23 13:20:00+00:00,3415.668,3412.4134999999997,0.01,2,-3.254500000000462,0.6784434980520677,-3.9329434980525297,-1.2084632041947985,6.9164999999998145,1.8619999999996253,stop,2025
1,1200512,1200519,2025-07-24 13:00:00+00:00,2025-07-24 13:35:00+00:00,3355.7664999999997,3361.254499999999,0.01,7,5.487999999999374,0.6565795977660278,4.831420402233347,1.7607217209307207,1.0544999999997344,8.330500000000029,target,2025
-1,1200796,1200803,2025-07-25 13:40:00+00:00,2025-07-25 14:15:00+00:00,3343.8365,3336.2464999999997,0.01,7,7.5900000000001455,0.626787367059386,6.96321263294076,1.834838638456028,1.8150000000000546,9.919499999999971,target,2025
1,1201072,1201073,2025-07-28 13:40:00+00:00,2025-07-28 13:45:00+00:00,3326.9049999999997,3323.0784999999996,0.01,1,-3.8265000000001237,0.6385043682557201,-4.465004368255844,-1.1668638098146347,10.359999999999673,0.0,stop,2025
-1,1201340,1201346,2025-07-29 13:00:00+00:00,2025-07-29 13:30:00+00:00,3322.5950000000003,3318.429000000001,0.01,6,4.165999999999258,0.6627800265082728,3.5032199734909852,1.6818146776243923,1.5299999999997453,7.879500000000007,target,2025
1,1201616,1201618,2025-07-30 13:00:00+00:00,2025-07-30 13:10:00+00:00,3314.01,3310.7200000000003,0.01,2,-3.2899999999999636,0.6667590931708862,-3.9567590931708496,-1.2026623383498156,5.125,2.2294999999994616,stop,2025
1,1201905,1201906,2025-07-31 14:05:00+00:00,2025-07-31 14:10:00+00:00,3301.995,3298.8885,0.01,1,-3.106499999999869,0.650936344168604,-3.757436344168473,-1.209540107570781,3.3580000000001746,0.0,stop,2025
-1,1202174,1202179,2025-08-01 13:25:00+00:00,2025-08-01 13:50:00+00:00,3349.7835,3340.1805,0.01,5,9.603000000000065,0.763454716550507,8.839545283449558,1.840996622607414,3.7114999999998872,10.195000000000164,target,2025
-1,1202450,1202451,2025-08-04 13:25:00+00:00,2025-08-04 13:30:00+00:00,3374.5185,3377.5280000000002,0.01,1,-3.0095000000001164,0.6079202908889114,-3.6174202908890276,-1.2020004289379922,3.6364999999996144,0.0,stop,2025
-1,1202727,1202728,2025-08-05 13:30:00+00:00,2025-08-05 13:35:00+00:00,3369.7200000000003,3371.7200000000003,0.01,1,-2.0,0.618165345981242,-2.618165345981242,-1.309082672990621,10.079499999999825,0.0,stop,2025
-1,1203009,1203010,2025-08-06 14:00:00+00:00,2025-08-06 14:05:00+00:00,3371.175,3373.56,0.01,1,-2.3849999999997635,0.6117681564913291,-2.9967681564910924,-1.2565065645666202,2.72649999999976,0.6765000000004875,stop,2025
-1,1203280,1203281,2025-08-07 13:35:00+00:00,2025-08-07 13:40:00+00:00,3386.25,3388.825,0.01,1,-2.574999999999818,0.7192423786376569,-3.294242378637475,-1.279317428597168,4.7335000000002765,0.38000000000010914,stop,2025
-1,1203560,1203561,2025-08-08 14:00:00+00:00,2025-08-08 14:05:00+00:00,3398.94,3393.31,0.01,1,5.630000000000109,0.9153512901049548,4.714648709895155,1.6748308028046406,0.0,14.63000000000011,target,2025
-1,1203835,1203838,2025-08-11 13:55:00+00:00,2025-08-11 14:10:00+00:00,3359.5699999999997,3355.4669999999987,0.01,3,4.103000000000975,0.604801287093699,3.498198712907276,1.7051906960304384,0.0,4.7104999999996835,target,2025
1,1204117,1204126,2025-08-12 14:25:00+00:00,2025-08-12 15:10:00+00:00,3335.1265000000003,3342.1895000000004,0.01,9,7.063000000000103,0.6385886312372409,6.424411368762862,1.819173543469565,2.7015000000001237,9.768499999999676,target,2025
-1,1204391,1204401,2025-08-13 14:15:00+00:00,2025-08-13 15:05:00+00:00,3366.1835,3359.9035000000003,0.01,10,6.279999999999745,0.6044602183530883,5.675539781646657,1.8074967457474165,0.9849999999996726,6.731499999999869,target,2025
1,1204658,1204661,2025-08-14 13:30:00+00:00,2025-08-14 13:45:00+00:00,3347.8965,3344.945,0.01,3,-2.951499999999669,0.6678447345159699,-3.619344734515639,-1.226272991535167,3.2114999999998872,1.480000000000473,stop,2025
1,1204934,1204935,2025-08-15 13:30:00+00:00,2025-08-15 13:35:00+00:00,3339.1565,3336.445,0.01,1,-2.7114999999998872,0.6237648066687536,-3.335264806668641,-1.2300441846464243,3.3265000000001237,0.0,stop,2025
1,1205208,1205210,2025-08-18 13:20:00+00:00,2025-08-18 13:30:00+00:00,3342.5299999999997,3340.455,0.01,2,-2.074999999999818,0.5692746875896695,-2.644274687589488,-1.2743492470311901,2.294999999999618,1.755500000000211,stop,2025
1,1205483,1205500,2025-08-19 13:15:00+00:00,2025-08-19 14:40:00+00:00,3330.732,3325.8125,0.01,17,-4.919499999999971,0.5670195426330518,-5.486519542633022,-1.115259587891667,5.074499999999716,8.736499999999978,stop,2025
-1,1205756,1205764,2025-08-20 13:00:00+00:00,2025-08-20 13:40:00+00:00,3342.1,3344.9585,0.01,8,-2.8585000000002765,0.6151888521249411,-3.4736888521252176,-1.2152138716546725,6.336499999999887,3.1550000000002,stop,2025
-1,1206039,1206041,2025-08-21 13:35:00+00:00,2025-08-21 13:45:00+00:00,3345.352,3340.785999999999,0.01,2,4.566000000000713,0.6247797063752536,3.9412202936254594,1.72633389996708,1.3429999999998472,9.226999999999862,target,2025
-1,1206317,1206320,2025-08-22 13:45:00+00:00,2025-08-22 14:00:00+00:00,3332.6565,3336.3115,0.01,3,-3.6549999999997453,0.8611290407915817,-4.516129040791327,-1.2356030207364272,23.034999999999854,0.0,stop,2025
1,1206862,1206867,2025-08-26 13:10:00+00:00,2025-08-26 13:35:00+00:00,3372.705,3376.754999999999,0.01,5,4.049999999999272,0.6019749227805986,3.4480250772186736,1.7027284331947126,2.013500000000022,5.505000000000109,target,2025
1,1207147,1207152,2025-08-27 13:55:00+00:00,2025-08-27 14:20:00+00:00,3378.1915,3382.3244999999997,0.01,5,4.132999999999811,0.5811184535279208,3.55188154647189,1.7187909733714262,1.9849999999996726,4.198500000000422,target,2025
1,1207412,1207413,2025-08-28 13:00:00+00:00,2025-08-28 13:05:00+00:00,3399.875,3396.8464999999997,0.01,1,-3.0285000000003492,0.623925379317446,-3.652425379317795,-1.2060179558584692,5.605000000000018,0.6199999999998909,stop,2025
-1,1207697,1207698,2025-08-29 13:45:00+00:00,2025-08-29 13:50:00+00:00,3423.325,3426.235,0.01,1,-2.9100000000003092,0.6436353635562548,-3.5536353635565643,-1.2211805373045315,3.5650000000000546,0.0,stop,2025
-1,1207967,1207969,2025-09-01 13:15:00+00:00,2025-09-01 13:25:00+00:00,3475.4849999999997,3478.06,0.01,2,-2.575000000000273,0.6000983640797997,-3.1750983640800725,-1.23304790838048,3.075000000000273,0.2849999999998545,stop,2025
-1,1208210,1208216,2025-09-02 13:00:00+00:00,2025-09-02 13:30:00+00:00,3481.665,3487.335,0.01,6,-5.670000000000073,0.7887815867647159,-6.458781586764789,-1.1391149183006537,7.220000000000255,3.3270000000002256,stop,2025
-1,1208489,1208490,2025-09-03 13:15:00+00:00,2025-09-03 13:20:00+00:00,3554.0,3557.535,0.01,1,-3.534999999999854,0.6838912140589644,-4.218891214058818,-1.1934628611199412,3.7650000000003274,0.0,stop,2025
-1,1208768,1208769,2025-09-04 13:30:00+00:00,2025-09-04 13:35:00+00:00,3552.1,3554.3935,0.01,1,-2.293500000000222,0.7657340418693046,-3.0592340418695265,-1.3338713938823765,6.755000000000109,0.0,stop,2025
-1,1209049,1209050,2025-09-05 13:55:00+00:00,2025-09-05 14:00:00+00:00,3590.155,3594.605,0.01,1,-4.449999999999818,0.8920218210025908,-5.342021821002409,-1.2004543417983433,7.269999999999982,0.0,stop,2025
-1,1209315,1209316,2025-09-08 13:05:00+00:00,2025-09-08 13:10:00+00:00,3624.075,3629.295,0.01,1,-5.220000000000255,0.7423103937587869,-5.962310393759042,-1.1422050562756227,8.08849999999984,0.0,stop,2025
-1,1209598,1209601,2025-09-09 13:40:00+00:00,2025-09-09 13:55:00+00:00,3663.3334999999997,3667.615,0.01,3,-4.281500000000051,0.7603229729981056,-5.0418229729981565,-1.1775833172948957,4.981499999999869,2.0469999999995707,stop,2025
1,1209866,1209867,2025-09-10 13:00:00+00:00,2025-09-10 13:05:00+00:00,3645.7865,3642.9849999999997,0.01,1,-2.8015000000004875,0.7092116423848667,-3.5107116423853544,-1.2531542539299458,3.711500000000342,2.644999999999527,stop,2025
-1,1210154,1210155,2025-09-11 14:00:00+00:00,2025-09-11 14:05:00+00:00,3630.035,3633.5135,0.01,1,-3.4785000000001673,0.721780398761404,-4.2002803987615716,-1.2074975991839498,3.89850000000024,3.274999999999636,stop,2025
-1,1210421,1210422,2025-09-12 13:15:00+00:00,2025-09-12 13:20:00+00:00,3648.115,3650.3,0.01,1,-2.1850000000004,0.6376542952919177,-2.8226542952923177,-1.291832629424165,2.3900000000003274,0.0,stop,2025
-1,1210695,1210698,2025-09-15 13:05:00+00:00,2025-09-15 13:20:00+00:00,3648.225,3651.2335000000003,0.01,3,-3.0085000000003674,0.6379105967262577,-3.646410596726625,-1.2120360966349275,5.421499999999924,1.2814999999995962,stop,2025
1,1210972,1210973,2025-09-16 13:10:00+00:00,2025-09-16 13:15:00+00:00,3687.975,3685.605,0.01,1,-2.369999999999891,0.6723280541084486,-3.0423280541083395,-1.283682723252523,2.69649999999956,0.3269999999997708,stop,2025
-1,1211254,1211260,2025-09-17 13:40:00+00:00,2025-09-17 14:10:00+00:00,3679.565,3682.62,0.01,6,-3.0549999999998363,0.6552081595945467,-3.7102081595943828,-1.214470756004773,4.785000000000309,3.2350000000001273,stop,2025
1,1211525,1211526,2025-09-18 13:15:00+00:00,2025-09-18 13:20:00+00:00,3659.135,3655.9615,0.01,1,-3.173500000000331,0.650231844688195,-3.823731844688526,-1.2048942318223181,4.869999999999891,0.0,stop,2025
-1,1211806,1211808,2025-09-19 13:40:00+00:00,2025-09-19 13:50:00+00:00,3655.275,3659.005,0.01,2,-3.730000000000018,0.6843734391630818,-4.4143734391631,-1.1834781338238816,5.36850000000004,0.768500000000131,stop,2025
-1,1212098,1212099,2025-09-22 15:00:00+00:00,2025-09-22 15:05:00+00:00,3724.0065,3726.4184999999998,0.01,1,-2.411999999999807,0.6592510089386439,-3.071251008938451,-1.2733213138220134,3.738499999999931,0.0,stop,2025
-1,1212358,1212359,2025-09-23 13:40:00+00:00,2025-09-23 13:45:00+00:00,3785.245,3780.675,0.01,1,4.569999999999709,0.7835058494097695,3.7864941505899394,1.6571090374574093,1.0115000000000691,6.0534999999999854,target,2025
-1,1212631,1212632,2025-09-24 13:25:00+00:00,2025-09-24 13:30:00+00:00,3770.02,3764.087,0.01,1,5.932999999999993,0.6279084465940941,5.305091553405899,1.7883335760680619,0.0,6.900000000000091,target,2025
-1,1212907,1212909,2025-09-25 13:25:00+00:00,2025-09-25 13:35:00+00:00,3741.91,3734.539999999999,0.01,2,7.370000000000801,0.653855976575396,6.7161440234254055,1.8225628286091384,1.4900000000002365,10.864999999999782,target,2025
-1,1213181,1213182,2025-09-26 13:15:00+00:00,2025-09-26 13:20:00+00:00,3761.575,3755.114999999999,0.01,1,6.460000000000946,0.5928947010695758,5.86710529893137,1.816441269018734,0.8985000000002401,6.879999999999654,target,2025
1,1213454,1213455,2025-09-29 13:00:00+00:00,2025-09-29 13:05:00+00:00,3814.62,3811.7200000000003,0.01,1,-2.899999999999636,0.621153407824717,-3.521153407824353,-1.214190830284412,4.5349999999998545,0.7935000000002219,stop,2025
-1,1213740,1213743,2025-09-30 13:50:00+00:00,2025-09-30 14:05:00+00:00,3824.7715,3829.45,0.01,3,-4.6784999999999854,0.6518480557581265,-5.330348055758112,-1.1393284291456938,13.818500000000313,4.3715000000001965,stop,2025
1,1214007,1214008,2025-10-01 13:05:00+00:00,2025-10-01 13:10:00+00:00,3871.4535,3868.245,0.01,1,-3.2085000000001855,0.6179012016911258,-3.8264012016913114,-1.1925825780555057,6.023499999999785,2.6614999999997053,stop,2025
-1,1214285,1214286,2025-10-02 13:15:00+00:00,2025-10-02 13:20:00+00:00,3888.375,3892.2650000000003,0.01,1,-3.8900000000003274,0.6597269856459493,-4.549726985646277,-1.16959562613005,5.25,0.0,stop,2025
-1,1214559,1214560,2025-10-03 13:05:00+00:00,2025-10-03 13:10:00+00:00,3871.7465,3876.01,0.01,1,-4.263500000000022,0.5664527093211666,-4.829952709321189,-1.132860961492005,6.138500000000022,0.0,stop,2025
-1,1214845,1214846,2025-10-06 13:55:00+00:00,2025-10-06 14:00:00+00:00,3943.0150000000003,3947.1949999999997,0.01,1,-4.1799999999993815,0.651993473918087,-4.831993473917469,-1.1559792999804266,7.1799999999993815,0.8700000000003456,stop,2025
-1,1215113,1215114,2025-10-07 13:15:00+00:00,2025-10-07 13:20:00+00:00,3981.91,3984.87,0.01,1,-2.9600000000000364,0.6488558932254274,-3.6088558932254635,-1.2192080720356147,3.0,4.355000000000018,stop,2025
-1,1215389,1215392,2025-10-08 13:15:00+00:00,2025-10-08 13:30:00+00:00,4044.92,4035.41,0.01,3,9.510000000000218,0.6445611438007641,8.865438856199454,1.8644456059304417,0.0,13.949999999999818,target,2025
-1,1215665,1215669,2025-10-09 13:15:00+00:00,2025-10-09 13:35:00+00:00,4054.1685,4046.4155000000005,0.01,4,7.752999999999702,0.777040656686733,6.975959343312969,1.7995509720916387,3.7799999999997453,11.883500000000367,target,2025
-1,1215944,1215945,2025-10-10 13:30:00+00:00,2025-10-10 13:35:00+00:00,3990.14,3994.75,0.01,1,-4.610000000000127,0.7277779223972156,-5.337777922397343,-1.1578693974831227,8.009999999999764,0.938499999999749,stop,2025
-1,1216218,1216219,2025-10-13 13:20:00+00:00,2025-10-13 13:25:00+00:00,4086.2985,4090.0,0.01,1,-3.7015000000001232,0.6754717763380622,-4.376971776338186,-1.1824859587567311,6.829999999999927,0.0,stop,2025
1,1216491,1216498,2025-10-14 13:05:00+00:00,2025-10-14 13:40:00+00:00,4107.173000000001,4125.776000000002,0.01,7,18.603000000000975,0.73726443079705,17.865735569203924,1.9207370391015415,4.75800000000072,21.761999999998807,target,2025
-1,1216770,1216772,2025-10-15 13:20:00+00:00,2025-10-15 13:30:00+00:00,4193.405,4184.3820000000005,0.01,2,9.022999999999229,0.6912343966865162,8.331765603312713,1.84678390852564,2.8350000000000364,10.091499999999542,target,2025
-1,1217058,1217060,2025-10-16 14:20:00+00:00,2025-10-16 14:30:00+00:00,4260.3565,4265.5085,0.01,2,-5.152000000000044,0.7303282865896596,-5.882328286589703,-1.141756266806998,7.211999999999534,4.751500000000306,stop,2025
1,1217327,1217329,2025-10-17 13:45:00+00:00,2025-10-17 13:55:00+00:00,4290.9995,4276.790000000001,0.01,2,-14.209499999999025,0.9573057997978227,-15.166805799796848,-1.0673708293604904,19.1195000000007,0.4984999999996944,stop,2025
1,1217602,1217605,2025-10-20 13:40:00+00:00,2025-10-20 13:55:00+00:00,4312.4400000000005,4302.8145,0.01,3,-9.625500000000102,0.7823266274263756,-10.407826627426477,-1.0812764664096792,12.881500000001324,5.0349999999998545,stop,2025
1,1217873,1217879,2025-10-21 13:15:00+00:00,2025-10-21 13:45:00+00:00,4203.5599999999995,4189.77,0.01,6,-13.789999999999056,0.8815968157539231,-14.671596815752979,-1.0639301534266847,34.076999999999316,21.986500000000888,stop,2025
1,1218146,1218147,2025-10-22 13:00:00+00:00,2025-10-22 13:05:00+00:00,4036.5,4063.214,0.01,1,26.713999999999942,1.0195130566033919,25.69448694339655,1.9236720029495102,0.0,29.778000000000247,target,2025
-1,1218425,1218426,2025-10-23 13:15:00+00:00,2025-10-23 13:20:00+00:00,4132.855,4136.7,0.01,1,-3.8450000000002547,0.6589152516909837,-4.503915251691239,-1.1713693762525201,14.345000000000255,0.0,stop,2025
-1,1218703,1218712,2025-10-24 13:25:00+00:00,2025-10-24 14:10:00+00:00,4113.875,4122.1900000000005,0.01,9,-8.31500000000051,0.6809872660660092,-8.995987266066518,-1.0818986489556184,21.219999999999345,15.829999999999927,stop,2025
-1,1218975,1218977,2025-10-27 13:05:00+00:00,2025-10-27 13:15:00+00:00,4046.12,4037.45,0.01,2,8.670000000000073,0.9035646346745625,7.76643536532551,1.791565251516827,0.0,9.489999999999782,target,2025
1,1219250,1219251,2025-10-28 13:00:00+00:00,2025-10-28 13:05:00+00:00,3913.6234999999997,3923.7304999999988,0.01,1,10.106999999999061,0.7079241468186732,9.399075853180388,1.859914089874594,0.0,15.491500000000087,target,2025
1,1219528,1219529,2025-10-29 13:10:00+00:00,2025-10-29 13:15:00+00:00,4018.86,4014.5,0.01,1,-4.360000000000127,0.7405292305364974,-5.100529230536624,-1.1698461537927696,6.205000000000382,0.5299999999997453,stop,2025
-1,1219817,1219859,2025-10-30 14:15:00+00:00,2025-10-30 17:45:00+00:00,4005.5365,4015.0600000000004,0.01,42,-9.52350000000024,0.6773374101986962,-10.200837410198936,-1.071122739559897,12.478500000000167,18.603000000000065,stop,2025
-1,1220081,1220086,2025-10-31 13:15:00+00:00,2025-10-31 13:40:00+00:00,4029.23,4016.1599999999994,0.01,5,13.07000000000062,0.795694670547723,12.274305329452897,1.8782410603599564,2.4034999999998945,16.050000000000182,target,2025
1,1220361,1220381,2025-11-03 14:35:00+00:00,2025-11-03 16:15:00+00:00,4011.8835,4001.79,0.01,20,-10.093499999999949,0.7560909747269113,-10.84959097472686,-1.0749087011172453,16.551500000000033,18.876500000000306,stop,2025
-1,1220622,1220623,2025-11-04 13:20:00+00:00,2025-11-04 13:25:00+00:00,3991.88,3983.4900000000007,0.01,1,8.389999999999418,0.6912033181361759,7.698796681863242,1.83523162857301,0.0,8.86999999999989,target,2025
-1,1220895,1220896,2025-11-05 13:05:00+00:00,2025-11-05 13:10:00+00:00,3967.6800000000003,3971.1200000000003,0.01,1,-3.440000000000055,0.6414034172583956,-4.081403417258451,-1.1864544817611586,6.914999999999964,0.0,stop,2025
-1,1221176,1221177,2025-11-06 13:30:00+00:00,2025-11-06 13:35:00+00:00,4012.95,4016.24,0.01,1,-3.2899999999999636,0.8047836347224533,-4.0947836347224165,-1.2446150865417818,3.3350000000000364,0.0,stop,2025
-1,1221458,1221460,2025-11-07 14:00:00+00:00,2025-11-07 14:10:00+00:00,3997.175,4000.0950000000003,0.01,2,-2.9200000000000728,0.6928091691128861,-3.6128091691129587,-1.2372634140797496,7.085000000000036,1.7750000000005457,stop,2025
-1,1221722,1221723,2025-11-10 13:00:00+00:00,2025-11-10 13:05:00+00:00,4097.1,4099.93,0.01,1,-2.8299999999999272,0.6168963005232369,-3.4468963005231643,-1.217984558488782,8.80999999999949,0.0,stop,2025
1,1221998,1222004,2025-11-11 13:00:00+00:00,2025-11-11 13:30:00+00:00,4136.82,4143.939999999999,0.01,6,7.119999999998981,0.6015120992780378,6.5184879007209435,1.8310359271690664,1.6700000000000728,8.399999999999636,target,2025
1,1222275,1222276,2025-11-12 13:05:00+00:00,2025-11-12 13:10:00+00:00,4131.318499999999,4127.275,0.01,1,-4.043499999999767,0.5965657670454607,-4.640065767045228,-1.1475369771350303,8.568499999999403,0.0,stop,2025
1,1222553,1222556,2025-11-13 13:15:00+00:00,2025-11-13 13:30:00+00:00,4230.955,4225.98,0.01,3,-4.975000000000364,0.6591923559007336,-5.634192355901098,-1.1325009760604392,7.704999999999927,6.815000000000509,stop,2025
1,1222837,1222838,2025-11-14 13:55:00+00:00,2025-11-14 14:00:00+00:00,4053.65,4041.325,0.01,1,-12.325000000000273,0.791663860826419,-13.116663860826693,-1.0642323619331766,16.019999999999982,2.2849999999998545,stop,2025
1,1223108,1223109,2025-11-17 13:30:00+00:00,2025-11-17 13:35:00+00:00,4079.0950000000003,4075.1335,0.01,1,-3.961500000000342,0.7096219460218067,-4.671121946022149,-1.1791296089919843,11.610000000000127,0.0,stop,2025
-1,1223380,1223382,2025-11-18 13:10:00+00:00,2025-11-18 13:20:00+00:00,4039.17,4045.25,0.01,2,-6.079999999999927,0.6941888775853586,-6.774188877585286,-1.1141758022344352,11.63149999999996,0.0,stop,2025
1,1223658,1223660,2025-11-19 13:20:00+00:00,2025-11-19 13:30:00+00:00,4105.025,4113.314999999999,0.01,2,8.289999999999054,0.6528930302004103,7.637106969798644,1.842486603087941,1.2099999999991269,10.170000000000073,target,2025
-1,1223932,1223936,2025-11-20 13:10:00+00:00,2025-11-20 13:30:00+00:00,4086.51,4070.1400000000003,0.01,4,16.36999999999989,1.0306953233396148,15.339304676660277,1.8740750979426242,6.734999999999673,19.558500000000095,target,2025
-1,1224219,1224223,2025-11-21 14:05:00+00:00,2025-11-21 14:25:00+00:00,4077.865,4065.5649999999987,0.01,4,12.300000000001091,0.8265572753887591,11.473442724612333,1.86560044302623,0.0,13.799999999999727,target,2025
1,1224493,1224500,2025-11-24 13:55:00+00:00,2025-11-24 14:30:00+00:00,4077.82,4073.71,0.01,7,-4.110000000000127,0.796430026359654,-4.906430026359781,-1.193778595221321,6.986500000000433,5.374999999999545,stop,2025
-1,1224763,1224764,2025-11-25 13:25:00+00:00,2025-11-25 13:30:00+00:00,4140.595,4146.885,0.01,1,-6.289999999999964,0.9863617460590779,-7.276361746059042,-1.1568142680539084,8.271499999999833,0.0,stop,2025
-1,1225037,1225039,2025-11-26 13:15:00+00:00,2025-11-26 13:25:00+00:00,4159.11,4163.89,0.01,2,-4.780000000000655,0.8342103858433227,-5.614210385843977,-1.1745210012224285,7.618500000000495,0.0,stop,2025
1,1225314,1225317,2025-11-27 13:20:00+00:00,2025-11-27 13:35:00+00:00,4152.26,4157.750000000002,0.01,3,5.490000000001601,0.697910872896053,4.792089127105548,1.7457519588721861,0.9200000000000728,5.920000000000073,target,2025
1,1225561,1225562,2025-11-28 13:30:00+00:00,2025-11-28 13:35:00+00:00,4171.175,4175.942000000002,0.01,1,4.767000000001644,2.5869068209557238,2.1800931790459206,0.9146604485190554,0.0,6.741500000000087,target,2025
1,1225804,1225805,2025-12-01 13:00:00+00:00,2025-12-01 13:05:00+00:00,4247.975,4255.365,0.01,1,7.389999999999418,0.6476066639092226,6.7423933360901955,1.8247343264115634,0.0,8.508499999999913,target,2025
-1,1226081,1226092,2025-12-02 13:05:00+00:00,2025-12-02 14:00:00+00:00,4208.885,4215.325,0.01,11,-6.4399999999996,0.6465430257317906,-7.08654302573139,-1.1003948797720233,8.969999999999345,6.700000000000728,stop,2025
-1,1226361,1226364,2025-12-03 13:25:00+00:00,2025-12-03 13:40:00+00:00,4218.535,4223.0650000000005,0.01,3,-4.530000000000655,0.6570821696464679,-5.187082169647123,-1.145051251577566,7.2849999999998545,1.699999999999818,stop,2025
1,1226636,1226643,2025-12-04 13:20:00+00:00,2025-12-04 13:55:00+00:00,4189.82,4197.8499999999985,0.01,7,8.029999999998836,0.6448487543104409,7.3851512456883945,1.8393900985527933,2.4249999999992724,8.725000000000364,target,2025
-1,1226908,1226913,2025-12-05 13:00:00+00:00,2025-12-05 13:25:00+00:00,4226.785,4229.705,0.01,5,-2.9200000000000728,0.6118199065648735,-3.5318199065649463,-1.2095273652619378,8.299999999999272,5.235000000000582,stop,2025
-1,1227198,1227200,2025-12-08 14:25:00+00:00,2025-12-08 14:35:00+00:00,4209.02,4203.403000000002,0.01,2,5.61699999999837,0.6520613370864305,4.96493866291194,1.7678257656803917,2.0549999999993815,6.805000000000291,target,2025
1,1227465,1227470,2025-12-09 13:40:00+00:00,2025-12-09 14:05:00+00:00,4200.105,4196.815,0.01,5,-3.2899999999999636,0.6657359035064485,-3.955735903506412,-1.2023513384518103,5.25,3.3299999999999272,stop,2025
-1,1227743,1227746,2025-12-10 13:50:00+00:00,2025-12-10 14:05:00+00:00,4201.735000000001,4204.375,0.01,3,-2.639999999999418,0.633086718946839,-3.273086718946257,-1.239805575358704,3.759999999999309,2.6350000000002183,stop,2025
1,1228013,1228022,2025-12-11 13:20:00+00:00,2025-12-11 14:05:00+00:00,4212.09,4225.610000000001,0.01,9,13.520000000000437,0.6582400631626195,12.861759936837817,1.9026272095913317,2.6049999999995634,14.085000000000036,target,2025
-1,1228289,1228290,2025-12-12 13:20:00+00:00,2025-12-12 13:25:00+00:00,4336.225,4338.885,0.01,1,-2.6599999999998545,0.6415071789321853,-3.30150717893204,-1.241168112380534,3.223500000000058,1.8650000000006912,stop,2025
1,1228564,1228572,2025-12-15 13:15:00+00:00,2025-12-15 13:55:00+00:00,4337.945,4333.66,0.01,8,-4.2849999999998545,0.715212985980632,-5.000212985980486,-1.166910848536909,7.163499999999658,6.610000000000582,stop,2025
-1,1228840,1228841,2025-12-16 13:15:00+00:00,2025-12-16 13:20:00+00:00,4295.375,4297.835,0.01,1,-2.4600000000000364,0.657212890981191,-3.1172128909812273,-1.267159711780968,6.611499999999978,0.0,stop,2025
-1,1229118,1229119,2025-12-17 13:25:00+00:00,2025-12-17 13:30:00+00:00,4328.610000000001,4331.665,0.01,1,-3.0549999999993815,0.682775915771513,-3.7377759157708947,-1.223494571447349,7.6299999999992,0.4650000000001455,stop,2025
1,1229392,1229395,2025-12-18 13:15:00+00:00,2025-12-18 13:30:00+00:00,4318.9635,4325.7505,0.01,3,6.787000000000262,1.026602110163287,5.760397889836975,1.6974798555582002,0.0,17.20800000000054,target,2025
-1,1229668,1229669,2025-12-19 13:15:00+00:00,2025-12-19 13:20:00+00:00,4329.7415,4334.89,0.01,1,-5.14850000000024,0.6554328041274726,-5.8039328041277125,-1.127305584952402,5.583499999999731,0.0,stop,2025
-1,1229945,1229956,2025-12-22 13:20:00+00:00,2025-12-22 14:15:00+00:00,4421.9385,4427.37,0.01,11,-5.431499999999687,0.7320415444758475,-6.163541544475534,-1.1347770495214746,6.581500000000233,8.60150000000067,stop,2025
1,1230233,1230234,2025-12-23 14:20:00+00:00,2025-12-23 14:25:00+00:00,4470.635,4464.468500000001,0.01,1,-6.16649999999936,0.7474440920664154,-6.913944092065775,-1.1212104260222968,7.385000000000218,0.0,stop,2025
1,1230499,1230512,2025-12-24 13:30:00+00:00,2025-12-24 14:35:00+00:00,4480.674999999999,4474.595,0.01,13,-6.079999999999018,0.9255638931846413,-7.005563893183659,-1.1522309034843405,9.914999999999054,8.900000000000546,stop,2025
-1,1230734,1230735,2025-12-26 13:20:00+00:00,2025-12-26 13:25:00+00:00,4514.155,4517.0915,0.01,1,-2.9365000000007058,0.8633055501010232,-3.7998055501017287,-1.2939913332541513,5.795000000000073,0.0,stop,2025
1,1231012,1231014,2025-12-29 13:30:00+00:00,2025-12-29 13:40:00+00:00,4454.0015,4445.5509999999995,0.01,2,-8.45050000000083,1.0150818788575962,-9.465581878858426,-1.120120925253831,28.558000000000902,0.5234999999993306,stop,2025
1,1231287,1231288,2025-12-30 13:25:00+00:00,2025-12-30 13:30:00+00:00,4396.04,4390.163500000001,0.01,1,-5.876499999999396,0.8211208430424868,-6.697620843041883,-1.1397295742436095,19.321500000000015,0.0,stop,2025
-1,1231570,1231575,2025-12-31 14:00:00+00:00,2025-12-31 14:25:00+00:00,4343.6685,4334.0255,0.01,5,9.643000000000029,1.1105349316537017,8.532465068346328,1.7696702412830658,1.3914999999997235,10.74200000000019,target,2025
-1,1231838,1231839,2026-01-02 13:20:00+00:00,2026-01-02 13:25:00+00:00,4398.085,4389.622,0.01,1,8.462999999999738,1.1206547999886878,7.34234520001105,1.7351637008179788,0.0,24.706500000000233,target,2026
-1,1232121,1232122,2026-01-05 13:55:00+00:00,2026-01-05 14:00:00+00:00,4412.7335,4415.25,0.01,1,-2.5164999999997235,0.7500143126727179,-3.2665143126724416,-1.2980386698481226,10.799999999999272,0.0,stop,2026
1,1232392,1232393,2026-01-06 13:30:00+00:00,2026-01-06 13:35:00+00:00,4461.47,4457.492,0.01,1,-3.9780000000000655,0.8289397676373103,-4.806939767637376,-1.2083810376162134,5.668000000000575,0.0,stop,2026
1,1232665,1232673,2026-01-07 13:15:00+00:00,2026-01-07 13:55:00+00:00,4436.2585,4452.915499999999,0.01,8,16.656999999999243,0.833631158951613,15.82336884104763,1.8999062065255867,3.513500000000022,16.97149999999965,target,2026
1,1232941,1232942,2026-01-08 13:15:00+00:00,2026-01-08 13:20:00+00:00,4421.030000000001,4428.260000000002,0.01,1,7.230000000001382,0.6629609466894866,6.567039053311896,1.8166083135022517,0.0,12.179999999999382,target,2026
-1,1233216,1233218,2026-01-09 13:10:00+00:00,2026-01-09 13:20:00+00:00,4469.37,4473.805,0.01,2,-4.4350000000004,0.8370320676098244,-5.272032067610224,-1.1887332734182072,4.5034999999998035,7.211500000000342,stop,2026
-1,1233495,1233498,2026-01-12 13:25:00+00:00,2026-01-12 13:40:00+00:00,4606.835,4611.215,0.01,3,-4.380000000000109,0.6956754935730018,-5.075675493573111,-1.158830021363695,6.545000000000073,2.0,stop,2026
-1,1233766,1233767,2026-01-13 13:00:00+00:00,2026-01-13 13:05:00+00:00,4591.09,4595.365,0.01,1,-4.274999999999636,0.6935572053463281,-4.968557205345965,-1.1622356035897983,7.763500000000022,0.0,stop,2026
-1,1234052,1234054,2026-01-14 13:50:00+00:00,2026-01-14 14:00:00+00:00,4634.120000000001,4637.155000000001,0.01,2,-3.0349999999998545,0.704641018637594,-3.7396410186374487,-1.2321716700618215,4.953499999999622,0.9000000000014552,stop,2026
1,1234328,1234336,2026-01-15 13:50:00+00:00,2026-01-15 14:30:00+00:00,4590.905,4608.092,0.01,8,17.186999999999898,0.7578440582726305,16.429155941727267,1.9118119441121038,7.470000000000255,21.193500000000313,target,2026
1,1234599,1234616,2026-01-16 13:25:00+00:00,2026-01-16 14:50:00+00:00,4593.355,4614.834999999999,0.01,17,21.479999999999563,0.7610582043977345,20.71894179560183,1.929137969795368,8.109999999999673,21.5,target,2026
1,1234885,1234903,2026-01-19 14:15:00+00:00,2026-01-19 15:45:00+00:00,4665.076499999999,4672.136499999997,0.01,18,7.059999999997673,0.7482659163350123,6.31173408366266,1.7880266525962438,1.0764999999992142,7.8365000000012515,target,2026
1,1235122,1235124,2026-01-20 13:30:00+00:00,2026-01-20 13:40:00+00:00,4722.125,4730.255000000001,0.01,2,8.130000000001019,0.7515623538853462,7.378437646115673,1.815113812082349,1.9765000000006694,8.3799999999992,target,2026
-1,1235395,1235398,2026-01-21 13:15:00+00:00,2026-01-21 13:30:00+00:00,4866.89,4871.555,0.01,3,-4.664999999999964,0.5746740339108847,-5.239674033910848,-1.1231884317065144,5.1249999999990905,5.118499999999585,stop,2026
1,1235669,1235676,2026-01-22 13:05:00+00:00,2026-01-22 13:40:00+00:00,4822.89,4816.055,0.01,7,-6.835000000000037,0.5948221587929079,-7.429822158792945,-1.0870259193552163,11.895000000000437,12.589999999999236,stop,2026
-1,1235946,1235948,2026-01-23 13:10:00+00:00,2026-01-23 13:20:00+00:00,4940.825,4926.2379999999985,0.01,2,14.587000000001355,0.8035814933649554,13.7834185066364,1.889822239889644,0.0,17.149999999999636,target,2026
1,1236222,1236224,2026-01-26 13:10:00+00:00,2026-01-26 13:20:00+00:00,5078.265,5071.12,0.01,2,-7.1450000000004374,0.5943905476890998,-7.7393905476895375,-1.0831897197605407,10.090000000000146,4.894999999999527,stop,2026
1,1236510,1236511,2026-01-27 14:10:00+00:00,2026-01-27 14:15:00+00:00,5070.969999999999,5058.885,0.01,1,-12.084999999999127,0.7066250091888713,-12.791625009187998,-1.0584712461058272,24.186499999999796,0.0,stop,2026
-1,1236774,1236779,2026-01-28 13:10:00+00:00,2026-01-28 13:35:00+00:00,5280.805,5266.021000000001,0.01,5,14.78399999999965,0.6737057128160515,14.1102942871836,1.9088601578982594,4.760000000000218,17.861500000000888,target,2026
1,1237052,1237054,2026-01-29 13:20:00+00:00,2026-01-29 13:30:00+00:00,5521.6885,5511.23,0.01,2,-10.45850000000064,0.909270970012374,-11.367770970013014,-1.0869408586329128,13.483500000000276,4.371499999999287,stop,2026
1,1237331,1237333,2026-01-30 13:35:00+00:00,2026-01-30 13:45:00+00:00,5037.211499999999,5011.145,0.01,2,-26.066499999999,2.1907160288048453,-28.257216028803846,-1.0840433517658654,42.802999999999884,10.67700000000059,stop,2026
1,1237608,1237617,2026-02-02 13:45:00+00:00,2026-02-02 14:30:00+00:00,4694.2215,4743.713499999998,0.01,9,49.49199999999837,1.7611984219384196,47.73080157805995,1.928828965411037,14.048499999998967,69.1820000000007,target,2026
-1,1237877,1237880,2026-02-03 13:10:00+00:00,2026-02-03 13:25:00+00:00,4921.305,4931.095,0.01,3,-9.789999999999964,1.0066653702294817,-10.796665370229444,-1.102825880513737,17.962999999999738,4.170000000000073,stop,2026
1,1238154,1238157,2026-02-04 13:15:00+00:00,2026-02-04 13:30:00+00:00,5034.63,5056.952999999999,0.01,3,22.3229999999985,1.2559035263460665,21.067096473652434,1.8874789655202122,0.0,24.43000000000029,target,2026
1,1238429,1238460,2026-02-05 13:10:00+00:00,2026-02-05 15:45:00+00:00,4826.615,4801.95,0.01,31,-24.664999999999964,1.6846798441795816,-26.349679844179544,-1.0683024465509663,26.026499999999942,43.39500000000044,stop,2026
-1,1238705,1238707,2026-02-06 13:10:00+00:00,2026-02-06 13:20:00+00:00,4909.545,4927.235000000001,0.01,2,-17.69000000000051,1.026218937679668,-18.71621893768018,-1.0580112457704713,18.13500000000022,2.33849999999984,stop,2026
1,1238988,1238997,2026-02-09 13:45:00+00:00,2026-02-09 14:30:00+00:00,5004.845,5024.125000000001,0.01,9,19.280000000000655,0.8444534021255541,18.4355465978751,1.912401099364572,2.4399999999996,30.988499999999476,target,2026
-1,1239259,1239261,2026-02-10 13:20:00+00:00,2026-02-10 13:30:00+00:00,5040.09,5046.4635,0.01,2,-6.373499999999694,0.9622503010558972,-7.335750301055592,-1.1509767476356703,19.274999999999636,6.549999999999272,stop,2026
-1,1239545,1239546,2026-02-11 14:10:00+00:00,2026-02-11 14:15:00+00:00,5073.325000000001,5077.3585,0.01,1,-4.033499999999549,0.7959751665667438,-4.829475166566293,-1.1973410602620138,10.131499999999505,1.4065000000009604,stop,2026
1,1239807,1239810,2026-02-12 13:00:00+00:00,2026-02-12 13:15:00+00:00,5054.6965,5066.329500000002,0.01,3,11.63300000000163,0.8611808554895926,10.771819144512037,1.8519417423726516,0.4014999999999418,17.262000000000626,target,2026
-1,1240091,1240096,2026-02-13 13:40:00+00:00,2026-02-13 14:05:00+00:00,4983.9865,4996.795,0.01,5,-12.808500000000095,1.0651903643665932,-13.873690364366688,-1.0831627719378996,13.473500000000058,11.571500000000015,stop,2026
1,1240366,1240367,2026-02-16 13:35:00+00:00,2026-02-16 13:40:00+00:00,4997.687,4993.8865000000005,0.01,1,-3.8004999999993747,0.7779225529794642,-4.578422552978839,-1.2046895284777246,5.041999999999462,0.0,stop,2026
-1,1240615,1240616,2026-02-17 13:50:00+00:00,2026-02-17 13:55:00+00:00,4919.545,4909.605,0.01,1,9.94000000000051,0.974803199352221,8.965196800648288,1.8038625353416153,0.0,49.35499999999956,target,2026
-1,1240885,1240886,2026-02-18 13:20:00+00:00,2026-02-18 13:25:00+00:00,4955.3065,4959.21,0.01,1,-3.9035000000003492,0.7864204506930637,-4.689920450693413,-1.201465467066221,4.350000000000364,1.3715000000001965,stop,2026
-1,1241166,1241168,2026-02-19 13:45:00+00:00,2026-02-19 13:55:00+00:00,4992.1849999999995,4997.3885,0.01,2,-5.203500000000531,0.9032648386076607,-6.106764838608192,-1.1735879386196921,6.485000000000582,0.1999999999998181,stop,2026
-1,1241435,1241436,2026-02-20 13:10:00+00:00,2026-02-20 13:15:00+00:00,5026.175,5028.81,0.01,1,-2.6350000000002183,0.8953516154897538,-3.5303516154899723,-1.3397918844363113,4.3149999999996,0.8800000000001091,stop,2026
-1,1241709,1241710,2026-02-23 13:00:00+00:00,2026-02-23 13:05:00+00:00,5162.57,5156.529999999999,0.01,1,6.040000000000873,0.7851306232558741,5.254869376744999,1.7400229724318674,0.0,7.940000000000509,target,2026
-1,1241988,1241992,2026-02-24 13:15:00+00:00,2026-02-24 13:35:00+00:00,5156.965,5147.868000000002,0.01,4,9.096999999997934,0.9169732170338221,8.180026782964111,1.7984009636068965,1.9549999999999272,23.460000000000036,target,2026
-1,1242287,1242290,2026-02-25 15:10:00+00:00,2026-02-25 15:25:00+00:00,5195.49,5181.019999999999,0.01,3,14.470000000001166,0.8153849703342135,13.654615029666953,1.887299934991825,0.3400000000001455,21.43000000000029,target,2026
1,1242540,1242543,2026-02-26 13:15:00+00:00,2026-02-26 13:30:00+00:00,5174.708500000001,5168.355,0.01,3,-6.353500000001076,0.8287292952449004,-7.1822292952459765,-1.1304366562122863,8.593500000000859,4.269999999999527,stop,2026
-1,1242819,1242820,2026-02-27 13:30:00+00:00,2026-02-27 13:35:00+00:00,5232.675,5216.728000000002,0.01,1,15.9469999999983,0.9667327826296597,14.98026721736864,1.8787567840183406,0.0,17.82000000000062,target,2026
-1,1243096,1243103,2026-03-02 13:35:00+00:00,2026-03-02 14:10:00+00:00,5400.715,5368.078000000001,0.01,7,32.63699999999881,0.92686441326931,31.710135586729496,1.943201616982606,6.978499999999258,36.975000000000364,target,2026
1,1243376,1243381,2026-03-03 13:55:00+00:00,2026-03-03 14:20:00+00:00,5152.3285,5133.3535,0.01,5,-18.974999999999454,1.0977691400785665,-20.07276914007802,-1.0578534461174491,26.883499999999913,23.32300000000032,stop,2026
-1,1243644,1243652,2026-03-04 13:15:00+00:00,2026-03-04 13:55:00+00:00,5187.146500000001,5168.639500000003,0.01,8,18.506999999997788,0.7858692992628935,17.721130700734896,1.9150732912667654,8.143499999999221,19.681500000000597,target,2026
1,1243920,1243921,2026-03-05 13:15:00+00:00,2026-03-05 13:20:00+00:00,5156.42,5146.675,0.01,1,-9.74499999999989,1.039584875797941,-10.784584875797831,-1.1066787969007648,74.66150000000016,0.0,stop,2026
1,1244196,1244199,2026-03-06 13:15:00+00:00,2026-03-06 13:30:00+00:00,5075.7384999999995,5092.595499999999,0.01,3,16.85699999999997,1.2365752094274964,15.620424790572475,1.8532864436818535,0.5784999999996217,50.77649999999994,target,2026
1,1244481,1244482,2026-03-09 13:00:00+00:00,2026-03-09 13:05:00+00:00,5098.1565,5093.4665,0.01,1,-4.6899999999996,0.8960885676247727,-5.586088567624373,-1.1910636604743814,10.179999999999382,0.46849999999994907,stop,2026
-1,1244763,1244766,2026-03-10 13:30:00+00:00,2026-03-10 13:45:00+00:00,5220.27,5203.290000000001,0.01,3,16.979999999999563,0.7123936646696327,16.26760633532993,1.9160902632897936,0.0,23.93000000000029,target,2026
1,1245043,1245046,2026-03-11 13:50:00+00:00,2026-03-11 14:05:00+00:00,5167.9835,5187.310500000001,0.01,3,19.327000000001135,0.8468737446574566,18.480126255343677,1.9123636627870433,0.7235000000000582,21.31999999999971,target,2026
-1,1245310,1245313,2026-03-12 13:05:00+00:00,2026-03-12 13:20:00+00:00,5179.84,5166.959999999999,0.01,3,12.880000000001019,0.7097418277973595,12.17025817220366,1.8897916416463816,5.039999999999054,20.719999999999345,target,2026
1,1245588,1245590,2026-03-13 13:15:00+00:00,2026-03-13 13:25:00+00:00,5114.889999999999,5110.280000000001,0.01,2,-4.609999999998763,0.7091323241367045,-5.3191323241354675,-1.1538247991620163,7.414999999999054,0.8700000000008004,stop,2026
-1,1245869,1245874,2026-03-16 13:40:00+00:00,2026-03-16 14:05:00+00:00,5026.67,5034.665,0.01,5,-7.994999999999891,0.7051018805929141,-8.700101880592804,-1.088192855608871,11.375,3.530000000000655,stop,2026
1,1246137,1246140,2026-03-17 13:00:00+00:00,2026-03-17 13:15:00+00:00,5013.585,5018.472000000001,0.01,3,4.887000000000626,0.7079186698944544,4.179081330106172,1.7102849724189224,1.1349999999993088,6.0034999999998035,target,2026
1,1246417,1246499,2026-03-18 13:20:00+00:00,2026-03-18 20:10:00+00:00,4858.870000000001,4834.26,0.01,82,-24.610000000000582,0.7499002525274365,-25.359900252528018,-1.0304713633696634,34.905000000000655,40.51499999999942,stop,2026
1,1246692,1246699,2026-03-19 13:15:00+00:00,2026-03-19 13:50:00+00:00,4546.2935,4590.709499999999,0.01,7,44.41599999999926,1.099450826329302,43.316549173669955,1.9504930283533266,7.431999999999789,52.30799999999999,target,2026
-1,1246965,1246966,2026-03-20 13:00:00+00:00,2026-03-20 13:05:00+00:00,4677.465,4670.855,0.01,1,6.610000000000582,0.8049339836559075,5.805066016344675,1.7564496267304581,0.0,18.550000000000182,target,2026
-1,1247241,1247246,2026-03-23 13:00:00+00:00,2026-03-23 13:25:00+00:00,4464.07,4406.7199999999975,0.01,5,57.35000000000219,1.2614754787826294,56.08852452121956,1.9560078298593695,0.0,58.873499999999694,target,2026
-1,1247531,1247532,2026-03-24 14:10:00+00:00,2026-03-24 14:15:00+00:00,4385.968500000001,4397.7585,0.01,1,-11.789999999999054,1.1512209410105942,-12.941220941009648,-1.0976438457176154,14.527999999998428,0.0,stop,2026
-1,1247795,1247798,2026-03-25 13:10:00+00:00,2026-03-25 13:25:00+00:00,4559.655,4568.555,0.01,3,-8.900000000000546,0.7058197036598128,-9.605819703660359,-1.079305584680873,11.025000000000546,8.044999999999163,stop,2026
-1,1248072,1248073,2026-03-26 13:15:00+00:00,2026-03-26 13:20:00+00:00,4437.826499999999,4445.57,0.01,1,-7.743500000000495,1.0117698600273606,-8.755269860027855,-1.1306605359368884,16.247000000001208,0.0,stop,2026
-1,1248345,1248347,2026-03-27 13:00:00+00:00,2026-03-27 13:10:00+00:00,4437.431500000001,4427.991500000002,0.01,2,9.43999999999869,1.022334009405375,8.417665990593315,1.7834038115666278,0.0,13.675000000001091,target,2026
1,1248633,1248637,2026-03-30 14:00:00+00:00,2026-03-30 14:20:00+00:00,4534.325000000001,4516.85,0.01,4,-17.475000000000364,0.75162690182657,-18.226626901826933,-1.0430115537525924,21.76000000000022,1.0449999999991633,stop,2026
-1,1248902,1248903,2026-03-31 13:25:00+00:00,2026-03-31 13:30:00+00:00,4582.549999999999,4571.489999999998,0.01,1,11.06000000000131,0.8458724448642172,10.214127555137093,1.847039340892565,0.0,14.229999999999563,target,2026
1,1249174,1249180,2026-04-01 13:05:00+00:00,2026-04-01 13:35:00+00:00,4726.54,4746.899999999999,0.01,6,20.359999999998763,0.7898415607990483,19.570158439199716,1.9224124203537234,0.0,23.1899999999996,target,2026
1,1249450,1249453,2026-04-02 13:05:00+00:00,2026-04-02 13:20:00+00:00,4602.950000000001,4581.08,0.01,3,-21.8700000000008,0.8614150483818148,-22.731415048382615,-1.0393879766063916,21.93000000000029,0.0,stop,2026
-1,1249737,1249739,2026-04-06 14:00:00+00:00,2026-04-06 14:10:00+00:00,4675.0515,4661.5515,0.01,2,13.5,1.2344846849903028,12.265515315009697,1.8171133800014365,0.0,14.8149999999996,target,2026
-1,1250007,1250008,2026-04-07 13:30:00+00:00,2026-04-07 13:35:00+00:00,4657.01,4644.887000000001,0.01,1,12.122999999999593,1.0352658703466473,11.087734129652945,1.829206323460087,0.0,12.376500000000306,target,2026
1,1250286,1250287,2026-04-08 13:45:00+00:00,2026-04-08 13:50:00+00:00,4780.7215,4773.7365,0.01,1,-6.9849999999996735,1.0278493599559653,-8.012849359955638,-1.1471509463072316,9.157999999999447,8.231999999999971,stop,2026
-1,1250557,1250560,2026-04-09 13:20:00+00:00,2026-04-09 13:35:00+00:00,4753.0835,4758.8685000000005,0.01,3,-5.785000000000764,0.8320478019432103,-6.617047801943974,-1.1438284878034746,18.376499999999396,2.5169999999998254,stop,2026
-1,1250835,1250841,2026-04-10 13:30:00+00:00,2026-04-10 14:00:00+00:00,4774.34,4780.27,0.01,6,-5.930000000000291,0.8667763246100644,-6.796776324610356,-1.1461680142681319,6.219999999999345,9.329999999999927,stop,2026
-1,1251107,1251108,2026-04-13 13:10:00+00:00,2026-04-13 13:15:00+00:00,4726.915,4730.620000000001,0.01,1,-3.7050000000008367,0.8509568043300193,-4.555956804330856,-1.229677949886593,10.644999999999527,0.0,stop,2026
-1,1251386,1251387,2026-04-14 13:25:00+00:00,2026-04-14 13:30:00+00:00,4786.6065,4792.628500000001,0.01,1,-6.022000000000844,0.9787149842116836,-7.000714984212528,-1.1625232454685397,7.9835000000002765,6.3364999999994325,stop,2026
-1,1251663,1251664,2026-04-15 13:30:00+00:00,2026-04-15 13:35:00+00:00,4817.26,4822.15,0.01,1,-4.889999999999418,0.7136080350877176,-5.603608035087135,-1.145932113514888,8.239999999999782,1.3250000000007276,stop,2026
1,1251946,1251953,2026-04-16 14:05:00+00:00,2026-04-16 14:40:00+00:00,4798.504999999999,4788.1,0.01,7,-10.404999999998836,0.710585626636087,-11.115585626634923,-1.0682927079900209,25.498499999999694,6.968500000000859,stop,2026
-1,1252209,1252210,2026-04-17 13:00:00+00:00,2026-04-17 13:05:00+00:00,4839.6765,4847.9185,0.01,1,-8.24200000000019,0.717192759073098,-8.959192759073288,-1.087016835607023,24.01350000000093,0.0,stop,2026
1,1252485,1252486,2026-04-20 13:00:00+00:00,2026-04-20 13:05:00+00:00,4804.3985,4810.955500000001,0.01,1,6.5570000000006985,0.6995328854006821,5.857467114600016,1.786630201189383,1.5635000000002037,10.551500000000487,target,2026
1,1252764,1252768,2026-04-21 13:15:00+00:00,2026-04-21 13:35:00+00:00,4771.145,4783.785000000002,0.01,4,12.640000000001237,0.7743449596537686,11.865655040347468,1.8774770633459346,3.7415000000000873,14.744999999998981,target,2026
-1,1253047,1253050,2026-04-22 13:50:00+00:00,2026-04-22 14:05:00+00:00,4755.295,4743.585000000001,0.01,3,11.709999999999127,0.6968304689486842,11.013169531050442,1.8809854023998742,2.350000000000364,12.864999999999782,target,2026
1,1253316,1253323,2026-04-23 13:15:00+00:00,2026-04-23 13:50:00+00:00,4729.425,4740.245000000002,0.01,7,10.820000000001528,0.6259737136814527,10.194026286320074,1.8842932137372708,4.760000000000218,11.949999999999818,target,2026
1,1253595,1253596,2026-04-24 13:30:00+00:00,2026-04-24 13:35:00+00:00,4697.435,4693.67,0.01,1,-3.765000000000328,0.6559896765526816,-4.42098967655301,-1.1742336458307103,5.770000000000437,7.154999999999745,stop,2026
1,1253867,1253872,2026-04-27 13:10:00+00:00,2026-04-27 13:35:00+00:00,4696.9400000000005,4693.42,0.01,5,-3.5200000000004366,0.5987896212226118,-4.118789621223049,-1.1701106878473118,7.800000000001091,6.599999999999454,stop,2026
-1,1254141,1254142,2026-04-28 13:00:00+00:00,2026-04-28 13:05:00+00:00,4591.985,4575.327999999999,0.01,1,16.657000000001062,0.6728355482099428,15.98416445179112,1.9192128776838686,0.0,20.62499999999909,target,2026
1,1254417,1254421,2026-04-29 13:00:00+00:00,2026-04-29 13:20:00+00:00,4548.705,4541.965,0.01,4,-6.739999999999783,0.6760254217512702,-7.416025421751053,-1.1003005076782333,13.604999999999563,3.0650000000005093,stop,2026
-1,1254694,1254696,2026-04-30 13:05:00+00:00,2026-04-30 13:15:00+00:00,4638.4115,4644.265,0.01,2,-5.853500000000167,0.6459036738628412,-6.499403673863009,-1.1103448661250233,7.778500000000349,2.9515000000001237,stop,2026
-1,1254978,1254979,2026-05-01 13:45:00+00:00,2026-05-01 13:50:00+00:00,4602.755,4609.01,0.01,1,-6.255000000000109,0.7123780174744172,-6.967378017474527,-1.1138893712988658,18.163499999999658,3.2899999999999636,stop,2026
-1,1255262,1255265,2026-05-04 14:25:00+00:00,2026-05-04 14:40:00+00:00,4572.33,4582.265,0.01,3,-9.9350000000004,0.652831324448256,-10.587831324448656,-1.0657102490637373,10.920000000000073,1.8950000000004366,stop,2026
-1,1255525,1255538,2026-05-05 13:20:00+00:00,2026-05-05 14:25:00+00:00,4578.4,4585.139999999999,0.01,13,-6.739999999999783,0.7154742145342079,-7.45547421453399,-1.1061534442929126,8.305000000000291,12.399999999999636,stop,2026
-1,1255801,1255803,2026-05-06 13:20:00+00:00,2026-05-06 13:30:00+00:00,4682.95,4691.264999999999,0.01,2,-8.3149999999996,0.6333505996236353,-8.948350599623236,-1.0761696451742233,15.705000000000837,2.630000000000109,stop,2026
1,1256077,1256090,2026-05-07 13:20:00+00:00,2026-05-07 14:25:00+00:00,4740.505,4758.6050000000005,0.01,13,18.100000000000364,0.6182266716942144,17.48177332830615,1.9316876605862763,3.119999999999891,19.089999999999236,target,2026
1,1256352,1256355,2026-05-08 13:15:00+00:00,2026-05-08 13:30:00+00:00,4721.8099999999995,4731.879999999999,0.01,3,10.069999999999709,0.6256518458673022,9.444348154132406,1.8757394546440276,0.0,22.165000000000873,target,2026
-1,1256635,1256669,2026-05-11 13:50:00+00:00,2026-05-11 16:40:00+00:00,4736.425,4711.845,0.01,34,24.579999999999927,0.6149881587784132,23.965011841221514,1.9499602800017564,8.38000000000011,28.400000000000546,target,2026
1,1256905,1256912,2026-05-12 13:20:00+00:00,2026-05-12 13:55:00+00:00,4689.25,4679.48,0.01,7,-9.770000000000437,0.6256362054567401,-10.395636205457176,-1.0640364591050882,12.2549999999992,12.539999999999964,stop,2026
-1,1257179,1257180,2026-05-13 13:10:00+00:00,2026-05-13 13:15:00+00:00,4685.6535,4689.674999999999,0.01,1,-4.021499999998923,0.4932136825131349,-4.514713682512058,-1.1226442080102617,6.561499999999796,0.0,stop,2026
1,1257458,1257459,2026-05-14 13:25:00+00:00,2026-05-14 13:30:00+00:00,4695.3435,4690.08,0.01,1,-5.263500000000022,0.9209005169360442,-6.184400516936066,-1.1749597258356683,13.52350000000024,0.0,stop,2026
-1,1257734,1257736,2026-05-15 13:25:00+00:00,2026-05-15 13:35:00+00:00,4549.715,4539.655000000001,0.01,2,10.05999999999949,0.5681883895516011,9.49181161044789,1.8870400816000736,1.6599999999998545,23.045000000000073,target,2026
-1,1258011,1258012,2026-05-18 13:30:00+00:00,2026-05-18 13:35:00+00:00,4571.1849999999995,4576.4349999999995,0.01,1,-5.25,0.6157141750106683,-5.865714175010668,-1.1172788904782225,7.525000000000546,0.3249999999989086,stop,2026
1,1258283,1258285,2026-05-19 13:10:00+00:00,2026-05-19 13:20:00+00:00,4525.335,4514.9685,0.01,2,-10.366500000000087,0.7032271114396396,-11.069727111439727,-1.0678365032980885,21.5600000000004,0.9399999999995998,stop,2026
1,1258557,1258562,2026-05-20 13:00:00+00:00,2026-05-20 13:25:00+00:00,4498.8150000000005,4493.9465,0.01,5,-4.868500000000495,0.6666156155994536,-5.535115615599948,-1.1369242303788407,9.365000000000691,7.4399999999996,stop,2026
1,1258836,1258837,2026-05-21 13:15:00+00:00,2026-05-21 13:20:00+00:00,4505.355,4500.9349999999995,0.01,1,-4.420000000000073,0.6266234100315327,-5.046623410031605,-1.1417700022695751,8.554999999999382,0.0,stop,2026
-1,1259112,1259117,2026-05-22 13:15:00+00:00,2026-05-22 13:40:00+00:00,4527.2,4512.659999999999,0.01,5,14.540000000000875,0.6752436065085854,13.86475639349229,1.9071191737952482,1.3350000000000364,16.240999999999076,target,2026
-1,1259385,1259386,2026-05-25 13:00:00+00:00,2026-05-25 13:05:00+00:00,4566.7,4568.79,0.01,1,-2.0900000000001455,0.6630128874633774,-2.753012887463523,-1.317231046633173,4.894999999999527,2.125,stop,2026
-1,1259641,1259642,2026-05-26 13:50:00+00:00,2026-05-26 13:55:00+00:00,4525.360000000001,4517.240000000002,0.01,1,8.119999999998981,0.6744271178945302,7.445572882104451,1.8338849463313756,0.0,13.045000000000982,target,2026
1,1259910,1259911,2026-05-27 13:15:00+00:00,2026-05-27 13:20:00+00:00,4420.5435,4411.215,0.01,1,-9.328499999999622,0.637514474516943,-9.966014474516564,-1.068340512892423,14.663499999999658,0.0,stop,2026
-1,1260184,1260196,2026-05-28 13:05:00+00:00,2026-05-28 14:05:00+00:00,4428.8915,4436.4465,0.01,12,-7.555000000000291,0.7905418063494905,-8.345541806349782,-1.1046382271806037,13.758499999999913,10.53650000000016,stop,2026
-1,1260465,1260466,2026-05-29 13:30:00+00:00,2026-05-29 13:35:00+00:00,4525.54,4528.5,0.01,1,-2.9600000000000364,0.7302829367709394,-3.6902829367709757,-1.2467172083685576,7.625,3.0850000000000364,stop,2026
1,1260741,1260745,2026-06-01 13:30:00+00:00,2026-06-01 13:50:00+00:00,4469.345,4462.58,0.01,4,-6.765000000000327,0.6981611338795728,-7.4631611338799,-1.1032019414456082,16.55500000000029,9.50500000000011,stop,2026
1,1261011,1261012,2026-06-02 13:00:00+00:00,2026-06-02 13:05:00+00:00,4517.6,4513.58,0.01,1,-4.020000000000437,0.6549668052961273,-4.674966805296564,-1.1629270659940438,4.0700000000006185,7.395000000000437,stop,2026
-1,1261289,1261291,2026-06-03 13:10:00+00:00,2026-06-03 13:20:00+00:00,4462.105,4455.174999999999,0.01,2,6.930000000000291,0.7074388587642289,6.222561141236062,1.7958329411935932,1.3000000000010914,14.859999999999673,target,2026
1,1261576,1261577,2026-06-04 14:05:00+00:00,2026-06-04 14:10:00+00:00,4499.98,4494.65,0.01,1,-5.329999999999927,0.647733056397648,-5.977733056397575,-1.1215259017631627,13.904999999999745,0.0,stop,2026
1,1261840,1261845,2026-06-05 13:05:00+00:00,2026-06-05 13:30:00+00:00,4418.674999999999,4400.04,0.01,5,-18.63499999999931,0.6751284579801025,-19.31012845797941,-1.0362290559688825,20.229999999999563,2.600000000000364,stop,2026
1,1262119,1262121,2026-06-08 13:20:00+00:00,2026-06-08 13:30:00+00:00,4326.0,4335.227000000001,0.01,2,9.227000000000771,0.6331803983733617,8.593819601627409,1.8627548719251525,0.0,14.300000000000182,target,2026
1,1262408,1262410,2026-06-09 14:25:00+00:00,2026-06-09 14:35:00+00:00,4320.4185,4309.4535,0.01,2,-10.965000000000146,0.7886195129218998,-11.753619512922045,-1.0719215242062827,17.668499999999767,0.43800000000010186,stop,2026
-1,1262678,1262685,2026-06-10 13:55:00+00:00,2026-06-10 14:30:00+00:00,4176.261,4155.943000000001,0.01,7,20.3179999999993,0.6950591844102385,19.622940815589065,1.9315819288896288,4.689000000000306,20.70600000000013,target,2026
-1,1262954,1262956,2026-06-11 13:55:00+00:00,2026-06-11 14:05:00+00:00,4084.0249999999996,4066.7649999999994,0.01,2,17.26000000000022,0.761679405795108,16.49832059420511,1.9117405091778565,1.5100000000002183,23.673499999999876,target,2026
1,1263219,1263226,2026-06-12 13:00:00+00:00,2026-06-12 13:35:00+00:00,4194.715,4206.834999999999,0.01,7,12.119999999998981,0.6570381228772044,11.462961877121778,1.8915778675120034,1.1000000000003638,15.645000000000437,target,2026
-1,1263501,1263502,2026-06-15 13:30:00+00:00,2026-06-15 13:35:00+00:00,4352.9535,4356.08,0.01,1,-3.1265000000003056,0.6763829900753757,-3.8028829900756813,-1.2163387142412632,13.941500000000815,0.0,stop,2026
-1,1263771,1263773,2026-06-16 13:00:00+00:00,2026-06-16 13:10:00+00:00,4351.055,4342.935000000001,0.01,2,8.119999999998981,0.609732928983342,7.510267071015639,1.8498194756198476,0.0,8.835000000000946,target,2026
-1,1264047,1264048,2026-06-17 13:00:00+00:00,2026-06-17 13:05:00+00:00,4332.219999999999,4325.869999999997,0.01,1,6.350000000002183,0.4630032660818094,5.886996733920373,1.8541721996593228,0.0,8.179999999998472,target,2026
-1,1264327,1264328,2026-06-18 13:20:00+00:00,2026-06-18 13:25:00+00:00,4258.08,4262.0650000000005,0.01,1,-3.9850000000005816,0.6800001028145473,-4.665000102815129,-1.170639925423952,5.380000000000109,0.44499999999970896,stop,2026
-1,1264599,1264600,2026-06-19 13:00:00+00:00,2026-06-19 13:05:00+00:00,4169.6849999999995,4180.1,0.01,1,-10.415000000000873,0.6756077124813671,-11.09060771248224,-1.0648687193933088,12.900000000000546,0.9334999999991851,stop,2026
1,1264829,1264832,2026-06-22 13:10:00+00:00,2026-06-22 13:25:00+00:00,4194.39,4188.88,0.01,3,-5.510000000000218,0.6459405459953609,-6.155940545995579,-1.117230589109861,8.8100000000004,2.7200000000002547,stop,2026
1,1265104,1265106,2026-06-23 13:05:00+00:00,2026-06-23 13:15:00+00:00,4114.4400000000005,4108.0315,0.01,2,-6.408500000000458,0.8201921328898485,-7.228692132890307,-1.1279850406319405,7.905000000000655,2.6749999999992724,stop,2026
1,1265385,1265386,2026-06-24 13:30:00+00:00,2026-06-24 13:35:00+00:00,3976.415,3989.562,0.01,1,13.146999999999935,0.8071994163831822,12.339800583616752,1.8772040136330437,0.0,30.850000000000364,target,2026
-1,1265658,1265664,2026-06-25 13:15:00+00:00,2026-06-25 13:45:00+00:00,4025.6800000000003,4009.430000000001,0.01,6,16.24999999999909,0.7198971733999466,15.530102826599144,1.9113972709661555,4.5549999999993815,17.43650000000025,target,2026
-1,1265948,1265950,2026-06-26 14:25:00+00:00,2026-06-26 14:35:00+00:00,4087.46,4077.4000000000005,0.01,2,10.05999999999949,0.7749756783835047,9.285024321615985,1.8459292885917407,0.0,11.073500000000422,target,2026
1,1266219,1266220,2026-06-29 14:00:00+00:00,2026-06-29 14:05:00+00:00,4033.56,4028.3599999999997,0.01,1,-5.200000000000273,0.6945087731764428,-5.894508773176716,-1.1335593794570011,18.615000000000236,0.0,stop,2026
-1,1266486,1266487,2026-06-30 13:15:00+00:00,2026-06-30 13:20:00+00:00,4022.2299999999996,4025.975,0.01,1,-3.745000000000346,0.9134768235647508,-4.658476823565097,-1.243919045010592,11.250000000000455,3.1249999999995453,stop,2026
-1,1266771,1266772,2026-07-01 14:00:00+00:00,2026-07-01 14:05:00+00:00,4085.87,4093.3599999999997,0.01,1,-7.489999999999782,0.8040011005879151,-8.294001100587696,-1.1073432711065339,10.104999999999563,0.4600000000000364,stop,2026
-1,1267045,1267052,2026-07-02 13:50:00+00:00,2026-07-02 14:25:00+00:00,4133.94,4115.239999999999,0.01,7,18.700000000000728,0.817083167315019,17.88291683268571,1.9126114259556164,7.039999999999964,19.75999999999931,target,2026
1,1267314,1267320,2026-07-03 13:15:00+00:00,2026-07-03 13:45:00+00:00,4169.05,4164.66,0.01,6,-4.390000000000327,0.8236576857775952,-5.213657685777923,-1.1876213407238119,5.324999999999818,3.3299999999999272,stop,2026
-1,1267541,1267543,2026-07-06 13:10:00+00:00,2026-07-06 13:20:00+00:00,4142.91,4148.5,0.01,2,-5.5900000000001455,0.6082733510376686,-6.198273351037814,-1.1088145529584352,5.765000000000327,4.164999999999964,stop,2026
-1,1267819,1267822,2026-07-07 13:20:00+00:00,2026-07-07 13:35:00+00:00,4168.04,4171.389999999999,0.01,3,-3.3499999999994543,0.8253101221293822,-4.1753101221288365,-1.2463612304864229,11.704999999999927,4.444999999999709,stop,2026
1,1268113,1268117,2026-07-08 14:50:00+00:00,2026-07-08 15:10:00+00:00,4040.455,4033.8199999999997,0.01,4,-6.635000000000218,0.7016523324539847,-7.336652332454203,-1.1057501631430235,6.779999999999745,5.130000000000109,stop,2026
-1,1268371,1268372,2026-07-09 13:20:00+00:00,2026-07-09 13:25:00+00:00,4119.375,4127.05,0.01,1,-7.675000000000182,0.6119421513654582,-8.28694215136564,-1.0797318763994064,7.934999999999491,0.0,stop,2026
-1,1268654,1268659,2026-07-10 13:55:00+00:00,2026-07-10 14:20:00+00:00,4100.475,4105.595,0.01,5,-5.119999999999891,0.6584665082566246,-5.778466508256516,-1.1286067398938748,7.295000000000073,2.8900000000003274,stop,2026
1,1268923,1268925,2026-07-13 13:20:00+00:00,2026-07-13 13:30:00+00:00,4062.1400000000003,4058.66,0.01,2,-3.480000000000473,0.7530180868030816,-4.233018086803554,-1.2163845077020055,5.329999999999927,3.994999999999891,stop,2026
-1,1269201,1269202,2026-07-14 13:30:00+00:00,2026-07-14 13:35:00+00:00,4081.245,4086.105,0.01,1,-4.860000000000127,0.765088597792325,-5.625088597792452,-1.157425637405824,7.4350000000004,2.5549999999998363,stop,2026
-1,1269473,1269476,2026-07-15 13:10:00+00:00,2026-07-15 13:25:00+00:00,4069.51,4060.2700000000004,0.01,3,9.239999999999782,0.6985318413084227,8.541468158691359,1.8488026317514201,0.0,15.305000000000291,target,2026
1,1269749,1269776,2026-07-16 13:10:00+00:00,2026-07-16 15:25:00+00:00,3986.4449999999997,4012.004999999999,0.01,27,25.559999999999487,0.7227539132204996,24.837246086778986,1.9434464856634965,4.559999999999491,30.63000000000011,target,2026
-1,1270032,1270033,2026-07-17 13:45:00+00:00,2026-07-17 13:50:00+00:00,3982.42,3994.13,0.01,1,-11.710000000000036,0.72936396475847,-12.439363964758506,-1.062285564881167,11.815000000000055,0.0,stop,2026
1,1270314,1270318,2026-07-20 14:15:00+00:00,2026-07-20 14:35:00+00:00,4002.21,4009.9700000000003,0.01,4,7.760000000000218,0.6927067247858738,7.067293275214345,1.821467338972718,3.769999999999982,8.409999999999854,target,2026
1,1270575,1270579,2026-07-21 13:00:00+00:00,2026-07-21 13:20:00+00:00,4056.0950000000003,4052.89,0.01,4,-3.205000000000382,0.6596694797715139,-3.864669479771896,-1.2058251106931157,4.300000000000182,5.7849999999998545,stop,2026
1,1270851,1270857,2026-07-22 13:00:00+00:00,2026-07-22 13:30:00+00:00,4118.629999999999,4141.121999999998,0.01,6,22.49199999999837,0.6556051875133011,21.836394812485068,1.9417032556008047,1.0199999999986176,28.360000000000582,target,2026
1,1271130,1271133,2026-07-23 13:15:00+00:00,2026-07-23 13:30:00+00:00,4047.3599999999997,4061.119999999999,0.01,3,13.759999999999309,0.661626281218892,13.098373718780417,1.9038333893577144,0.0,20.125000000000455,target,2026
1,1271407,1271409,2026-07-24 13:20:00+00:00,2026-07-24 13:30:00+00:00,4048.585,4044.9700000000003,0.01,2,-3.6149999999997817,0.6180149531274468,-4.2330149531272285,-1.1709584932579487,3.75,1.9099999999998545,stop,2026
1,1271694,1271695,2026-07-27 14:15:00+00:00,2026-07-27 14:20:00+00:00,4077.5299999999997,4072.54,0.01,1,-4.989999999999782,0.6585626434051071,-5.648562643404889,-1.1319764816443159,5.174999999999727,0.0,stop,2026
1,1271964,1271970,2026-07-28 13:45:00+00:00,2026-07-28 14:15:00+00:00,4025.67,4020.355,0.01,6,-5.315000000000055,0.6217526623315421,-5.936752662331597,-1.1169807454998186,5.545000000000073,7.954999999999927,stop,2026
1,1272246,1272261,2026-07-29 14:15:00+00:00,2026-07-29 15:30:00+00:00,4001.3199999999997,4012.0199999999986,0.01,15,10.699999999998909,0.6353556386900823,10.064644361308826,1.8812419366934303,2.869999999999891,12.325000000000728,target,2026
-1,1272520,1272603,2026-07-30 14:05:00+00:00,2026-07-30 22:00:00+00:00,4106.45,4106.719999999999,0.01,83,-0.26999999999952706,0.931232939762535,-1.201232939762062,-0.08560363012735009,12.914999999999964,23.199999999999818,session_flat,2026
1,1272786,1272787,2026-07-31 13:15:00+00:00,2026-07-31 13:20:00+00:00,4038.1099999999997,4044.6399999999985,0.01,1,6.529999999998835,0.6312511066296609,5.898748893369174,1.8066612230842958,2.264999999999418,8.975000000000364,target,2026
1,1273065,1273066,2026-08-03 13:30:00+00:00,2026-08-03 13:35:00+00:00,4035.5299999999997,4031.545,0.01,1,-3.984999999999673,0.6431034600489127,-4.628103460048585,-1.1613810439269674,16.335000000000036,0.0,stop,2026
1,1273337,1273339,2026-08-04 13:10:00+00:00,2026-08-04 13:20:00+00:00,4066.09,4075.7000000000007,0.01,2,9.610000000000582,0.644295283691839,8.965704716308743,1.8659114914273047,3.5950000000002547,25.324999999999818,target,2026
1,1273611,1273617,2026-08-05 13:00:00+00:00,2026-08-05 13:30:00+00:00,4188.79,4199.930000000001,0.01,6,11.140000000001237,0.6691181307562566,10.47088186924498,1.8798710716775255,2.994999999999891,15.230000000000473,target,2026
1,1273887,1273888,2026-08-06 13:00:00+00:00,2026-08-06 13:05:00+00:00,4254.775,4248.969999999999,0.01,1,-5.805000000000291,0.619376788489719,-6.42437678849001,-1.1066971211868541,24.11999999999989,0.0,stop,2026
1,1274167,1274175,2026-08-07 13:20:00+00:00,2026-08-07 14:00:00+00:00,4349.5599999999995,4339.174999999999,0.01,8,-10.385000000000218,0.6397806392092822,-11.024780639209501,-1.061606224285919,15.989999999999782,18.470000000001164,stop,2026
-1,1274443,1274445,2026-08-10 13:20:00+00:00,2026-08-10 13:30:00+00:00,4334.375,4337.795,0.01,2,-3.4200000000000728,0.6898947218708988,-4.109894721870972,-1.2017236028862235,4.324999999999818,4.039999999999964,stop,2026
-1,1274724,1274725,2026-08-11 13:45:00+00:00,2026-08-11 13:50:00+00:00,4398.344999999999,4390.9749999999985,0.01,1,7.370000000000801,0.6334106421414027,6.7365893578593985,1.828111087614292,0.0,13.779999999998836,target,2026
1,1274997,1274998,2026-08-12 13:30:00+00:00,2026-08-12 13:35:00+00:00,4419.625,4414.79,0.01,1,-4.835000000000036,0.8219728198203962,-5.6569728198204325,-1.170004719714662,9.159999999999854,0.6350000000002183,stop,2026
1,1275275,1275277,2026-08-13 13:40:00+00:00,2026-08-13 13:50:00+00:00,4382.885,4375.33,0.01,2,-7.555000000000291,0.6935424143028286,-8.24854241430312,-1.0917991282995105,11.970000000000255,0.03999999999996362,stop,2026
-1,1275549,1275550,2026-08-14 13:30:00+00:00,2026-08-14 13:35:00+00:00,4384.08,4386.545,0.01,1,-2.4650000000001455,0.6280162655432246,-3.09301626554337,-1.2547733328775608,12.975000000000364,0.0,stop,2026
-1,1275822,1275825,2026-08-17 13:15:00+00:00,2026-08-17 13:30:00+00:00,4385.299999999999,4389.67,0.01,3,-4.3700000000008,0.7176431875864779,-5.087643187587278,-1.1642204090586605,5.065000000000509,0.49499999999898137,stop,2026
-1,1276104,1276107,2026-08-18 13:45:00+00:00,2026-08-18 14:00:00+00:00,4399.639999999999,4406.58,0.01,3,-6.940000000000509,0.6505763311697688,-7.590576331170278,-1.093742987200248,6.970000000001164,10.090000000000146,stop,2026
-1,1276372,1276373,2026-08-19 13:05:00+00:00,2026-08-19 13:10:00+00:00,4426.985000000001,4442.110000000001,0.01,1,-15.125,0.7725051983772513,-15.897505198377251,-1.051074723859653,33.85999999999876,0.0,stop,2026
-1,1276648,1276654,2026-08-20 13:05:00+00:00,2026-08-20 13:35:00+00:00,4473.965,4484.52,0.01,6,-10.555000000000291,0.6150937968578325,-11.170093796858124,-1.0582751110239523,12.824999999999818,4.555000000000291,stop,2026
-1,1276932,1276933,2026-08-21 13:45:00+00:00,2026-08-21 13:50:00+00:00,4584.59,4590.764999999999,0.01,1,-6.174999999999272,0.6531918613838659,-6.8281918613831385,-1.1057800585237154,6.699999999999818,7.829999999999927,stop,2026
-1,1277202,1277205,2026-08-24 13:15:00+00:00,2026-08-24 13:30:00+00:00,4673.415,4678.105,0.01,3,-4.6899999999996,0.742794364745972,-5.432794364745572,-1.1583783293701568,6.730000000000473,5.585000000000036,stop,2026
1,1277481,1277484,2026-08-25 13:30:00+00:00,2026-08-25 13:45:00+00:00,4618.275,4608.915,0.01,3,-9.359999999999673,0.7083617739730539,-10.068361773972727,-1.0756796767065255,13.11999999999989,3.7150000000001455,stop,2026
1,1277751,1277752,2026-08-26 13:00:00+00:00,2026-08-26 13:05:00+00:00,4618.655000000001,4613.055,0.01,1,-5.600000000000364,0.6562131421618058,-6.25621314216217,-1.117180918243172,10.145000000000437,0.0,stop,2026
-1,1278049,1278057,2026-08-27 14:50:00+00:00,2026-08-27 15:30:00+00:00,4592.455,4598.1849999999995,0.01,8,-5.729999999999563,0.5925672634347088,-6.322567263434272,-1.1034148801805852,6.405000000000655,4.25,stop,2026
-1,1278305,1278309,2026-08-28 13:10:00+00:00,2026-08-28 13:30:00+00:00,4599.01,4605.594999999999,0.01,4,-6.584999999999128,0.6888120642037656,-7.273812064202893,-1.1046031988160754,6.684999999999491,5.220000000000255,stop,2026
-1,1278582,1278584,2026-08-31 13:15:00+00:00,2026-08-31 13:25:00+00:00,4442.865,4446.705,0.01,2,-3.8400000000001455,0.6263041804918053,-4.466304180491951,-1.1631000470030681,4.395000000000437,3.5,stop,2026
1,1278859,1278861,2026-09-01 13:20:00+00:00,2026-09-01 13:30:00+00:00,4334.25,4349.689999999999,0.01,2,15.43999999999869,0.6945833721272099,14.74541662787148,1.910028060605276,0.0,20.625,target,2026
-1,1279133,1279134,2026-09-02 13:10:00+00:00,2026-09-02 13:15:00+00:00,4338.18,4344.275,0.01,1,-6.094999999999345,0.6376346511269371,-6.732634651126283,-1.1046160215138647,6.2849999999998545,1.485000000000582,stop,2026
-1,1279407,1279410,2026-09-03 13:00:00+00:00,2026-09-03 13:15:00+00:00,4490.02,4479.600000000002,0.01,3,10.419999999998254,0.6610858355691058,9.758914164429148,1.8731121236911292,4.029999999999745,10.725000000000364,target,2026
