side,entry_i,exit_i,entry_ts,exit_ts,entry_mid,exit_mid,size_lots,bars_held,gross_pnl,cost,net_pnl,r_multiple,mae,mfe,exit_reason,year
-1,162,239,2009-01-01 14:20:00+00:00,2009-01-01 21:00:00+00:00,880.15,880.152,0.01,77,-0.002000000000066393,0.5511150670794613,-0.5531150670795277,-0.11062301341590555,0.10800000000006094,0.04799999999988813,session_flat,2009
-1,437,456,2009-01-02 13:40:00+00:00,2009-01-02 15:15:00+00:00,871.9639999999999,876.9639999999999,0.01,19,-5.0,0.536286363636366,-5.536286363636366,-1.1072572727272731,6.301000000000158,2.3299999999999272,stop,2009
-1,555,585,2009-01-04 17:00:00+00:00,2009-01-04 21:00:00+00:00,874.185,873.2,0.01,30,0.9849999999999001,0.539608465608465,0.4453915343914351,0.08907830687828702,1.344000000000051,0.9849999999999,session_flat,2009
-1,777,793,2009-01-05 13:10:00+00:00,2009-01-05 14:30:00+00:00,854.461,851.2829999999999,0.01,16,3.1780000000001114,0.5353983739837336,2.642601626016378,0.5285203252032755,0.47299999999995634,9.360000000000014,stop,2009
-1,1064,1069,2009-01-06 13:10:00+00:00,2009-01-06 13:35:00+00:00,844.075,849.075,0.01,5,-5.0,0.5508978562421116,-5.550897856242112,-1.1101795712484224,5.266999999999939,1.5920000000000982,stop,2009
1,1351,1366,2009-01-07 13:05:00+00:00,2009-01-07 14:20:00+00:00,860.7729999999999,860.804,0.01,15,0.031000000000062755,0.5241838624338597,-0.49318386243379697,-0.0986367724867594,0.8309999999999036,5.623000000000047,stop,2009
1,1672,1733,2009-01-08 15:55:00+00:00,2009-01-08 21:00:00+00:00,856.046,857.3489999999999,0.01,61,1.3029999999998836,0.5441479069767514,0.7588520930231322,0.15177041860462642,4.47300000000007,5.477999999999952,session_flat,2009
1,1930,1938,2009-01-09 13:30:00+00:00,2009-01-09 14:10:00+00:00,855.5029999999999,850.5029999999999,0.01,8,-5.0,0.5464005813953446,-5.5464005813953445,-1.1092801162790689,5.353999999999928,3.5510000000001583,stop,2009
-1,2288,2326,2009-01-12 14:40:00+00:00,2009-01-12 17:50:00+00:00,831.153,823.912,0.01,38,7.240999999999985,0.5462090301003351,6.69479096989965,1.33895819397993,0.2400000000000091,13.86099999999999,stop,2009
-1,2558,2579,2009-01-13 13:10:00+00:00,2009-01-13 14:55:00+00:00,821.8140000000001,826.8140000000001,0.01,21,-5.0,0.5439523809523864,-5.543952380952386,-1.1087904761904772,5.235999999999876,5.45900000000006,stop,2009
-1,2865,2885,2009-01-14 14:45:00+00:00,2009-01-14 16:25:00+00:00,819.686,814.625,0.01,20,5.0610000000000355,0.5664333333333307,4.494566666666705,0.898913333333341,3.743000000000052,11.527000000000044,stop,2009
-1,3170,3203,2009-01-15 16:10:00+00:00,2009-01-15 18:55:00+00:00,808.49,813.49,0.01,33,-5.0,0.523397289972902,-5.523397289972902,-1.1046794579945804,5.389999999999986,6.3840000000000146,stop,2009
1,3446,3471,2009-01-16 15:10:00+00:00,2009-01-16 17:15:00+00:00,832.671,833.123,0.01,25,0.4519999999999981,0.5543674418604599,-0.10236744186046182,-0.020473488372092362,2.247000000000071,6.711999999999989,stop,2009
1,3544,3569,2009-01-18 17:10:00+00:00,2009-01-18 21:00:00+00:00,841.85,841.8499999999999,0.01,25,-1.1368683772161603e-13,0.5452592592592449,-0.5452592592593586,-0.10905185185187172,1.1368683772161603e-13,1.0500000000000682,session_flat,2009
1,3764,3857,2009-01-19 13:15:00+00:00,2009-01-19 21:00:00+00:00,836.6279999999999,836.159,0.01,93,-0.46899999999993724,0.5264233615221929,-0.9954233615221302,-0.19908467230442603,4.951000000000022,2.4820000000000846,session_flat,2009
1,4053,4066,2009-01-20 13:20:00+00:00,2009-01-20 14:25:00+00:00,848.348,855.424,0.01,13,7.076000000000023,0.5585810141059904,6.517418985894032,1.3034837971788065,1.93100000000004,12.79200000000003,stop,2009
1,4337,4341,2009-01-21 13:00:00+00:00,2009-01-21 13:20:00+00:00,855.604,850.604,0.01,4,-5.0,0.5427857142857146,-5.542785714285714,-1.1085571428571428,6.1030000000000655,0.0,stop,2009
-1,4633,4640,2009-01-22 13:40:00+00:00,2009-01-22 14:15:00+00:00,846.76,851.76,0.01,7,-5.0,0.5376028138528128,-5.537602813852812,-1.1075205627705624,6.243000000000052,2.479000000000042,stop,2009
1,4917,4934,2009-01-23 13:20:00+00:00,2009-01-23 14:45:00+00:00,871.625,877.068,0.01,17,5.442999999999984,0.5571737535074446,4.885826246492539,0.9771652492985078,0.5299999999999727,11.253999999999905,stop,2009
1,5037,5063,2009-01-25 17:10:00+00:00,2009-01-25 21:00:00+00:00,898.1,898.0999999999999,0.01,26,-1.1368683772161603e-13,0.5329603174603119,-0.5329603174604256,-0.10659206349208512,1.1368683772161603e-13,0.012000000000057298,session_flat,2009
1,5262,5277,2009-01-26 13:35:00+00:00,2009-01-26 14:50:00+00:00,899.5160000000001,909.621,0.01,15,10.104999999999905,0.5490663043478173,9.555933695652087,1.9111867391304174,0.0,16.09299999999996,stop,2009
1,5557,5567,2009-01-27 14:10:00+00:00,2009-01-27 15:00:00+00:00,899.962,894.962,0.01,10,-5.0,0.5420755813953453,-5.542075581395345,-1.108415116279069,5.107999999999947,1.1459999999999582,stop,2009
-1,5832,5835,2009-01-28 13:10:00+00:00,2009-01-28 13:25:00+00:00,888.054,893.054,0.01,3,-5.0,0.5046518041237118,-5.504651804123712,-1.1009303608247423,5.1170000000000755,2.1549999999999727,stop,2009
-1,6140,6141,2009-01-29 15:00:00+00:00,2009-01-29 15:05:00+00:00,885.047,890.047,0.01,1,-5.0,0.5293597560975644,-5.5293597560975645,-1.105871951219513,8.077999999999975,0.0,stop,2009
1,6412,6427,2009-01-30 13:40:00+00:00,2009-01-30 14:55:00+00:00,919.4200000000001,919.637,0.01,15,0.21699999999987085,0.5378444444444421,-0.3208444444445713,-0.06416888888891426,0.9010000000000673,6.537999999999897,stop,2009
1,6529,6555,2009-02-01 17:00:00+00:00,2009-02-01 21:00:00+00:00,926.575,927.0,0.01,26,0.42499999999995447,0.5306825396825359,-0.1056825396825814,-0.02113650793651628,0.0,0.4249999999999545,session_flat,2009
-1,6753,6765,2009-02-02 13:35:00+00:00,2009-02-02 14:35:00+00:00,911.539,916.539,0.01,12,-5.0,0.5022623809523796,-5.50226238095238,-1.100452476190476,6.029999999999973,3.314000000000078,stop,2009
-1,7036,7039,2009-02-03 13:10:00+00:00,2009-02-03 13:25:00+00:00,904.372,909.372,0.01,3,-5.0,0.5308410256410321,-5.530841025641032,-1.1061682051282065,5.150999999999954,1.15199999999993,stop,2009
-1,7329,7342,2009-02-04 13:35:00+00:00,2009-02-04 14:40:00+00:00,900.009,905.009,0.01,13,-5.0,0.5310364693446068,-5.531036469344607,-1.1062072938689214,7.335000000000036,3.1119999999999663,stop,2009
1,7614,7630,2009-02-05 13:20:00+00:00,2009-02-05 14:40:00+00:00,916.052,917.887,0.01,16,1.8349999999999227,0.5352386885245897,1.299761311475333,0.2599522622950666,0.0,7.571000000000026,stop,2009
-1,8243,8274,2009-02-09 13:10:00+00:00,2009-02-09 15:45:00+00:00,903.556,899.174,0.01,31,4.382000000000062,0.5301406787998082,3.8518593212002536,0.7703718642400508,0.5639999999999645,9.581000000000131,stop,2009
1,8553,8579,2009-02-10 15:05:00+00:00,2009-02-10 17:15:00+00:00,910.021,911.316,0.01,26,1.2950000000000728,0.5390000000000033,0.7560000000000695,0.1512000000000139,3.5289999999999964,7.350000000000023,stop,2009
1,8822,8826,2009-02-11 13:35:00+00:00,2009-02-11 13:55:00+00:00,923.322,918.322,0.01,4,-5.0,0.5417593495934891,-5.541759349593489,-1.1083518699186978,5.380999999999972,0.0,stop,2009
1,9108,9136,2009-02-12 13:25:00+00:00,2009-02-12 15:45:00+00:00,941.75,944.05,0.01,28,2.2999999999999545,0.5431468383624811,1.7568531616374734,0.35137063232749466,4.447999999999979,8.021999999999935,stop,2009
1,9391,9412,2009-02-13 13:00:00+00:00,2009-02-13 14:45:00+00:00,937.457,932.457,0.01,21,-5.0,0.5670156851953876,-5.567015685195388,-1.1134031370390776,5.224000000000046,3.2930000000000064,stop,2009
1,9518,9545,2009-02-15 17:20:00+00:00,2009-02-15 21:00:00+00:00,939.4000000000001,939.4,0.01,27,-1.1368683772161603e-13,0.5589155844155778,-0.5589155844156914,-0.11178311688313829,2.7000000000000455,2.25,session_flat,2009
1,9751,9831,2009-02-16 14:15:00+00:00,2009-02-16 21:00:00+00:00,940.918,941.875,0.01,80,0.9569999999999936,0.5322337398373936,0.4247662601626,0.08495325203252,1.83299999999997,3.038000000000011,session_flat,2009
1,10025,10048,2009-02-17 13:10:00+00:00,2009-02-17 15:05:00+00:00,962.4,965.909,0.01,23,3.509000000000015,0.5313249336870022,2.977675066313013,0.5955350132626026,2.7269999999999754,8.509000000000015,stop,2009
1,10316,10406,2009-02-18 13:30:00+00:00,2009-02-18 21:00:00+00:00,964.495,984.18,0.01,90,19.684999999999945,0.5312070576024961,19.15379294239745,3.8307585884794895,3.733000000000061,22.263000000000034,session_flat,2009
1,10612,10661,2009-02-19 14:10:00+00:00,2009-02-19 18:15:00+00:00,975.962,970.962,0.01,49,-5.0,0.5421999999999949,-5.542199999999995,-1.108439999999999,5.04200000000003,5.09699999999998,stop,2009
1,10901,10910,2009-02-20 14:15:00+00:00,2009-02-20 15:00:00+00:00,995.981,990.981,0.01,9,-5.0,0.5386818181818225,-5.538681818181822,-1.1077363636363644,5.953999999999951,1.5509999999999309,stop,2009
1,11008,11029,2009-02-22 17:00:00+00:00,2009-02-22 21:00:00+00:00,992.6500000000001,997.3,0.01,21,4.649999999999864,0.5594333333333275,4.090566666666536,0.8181133333333073,0.35400000000004184,4.649999999999864,session_flat,2009
-1,11245,11247,2009-02-23 15:00:00+00:00,2009-02-23 15:10:00+00:00,983.841,988.841,0.01,2,-5.0,0.5566494644595958,-5.556649464459596,-1.1113298928919193,5.301000000000045,0.0,stop,2009
-1,11536,11545,2009-02-24 15:15:00+00:00,2009-02-24 16:00:00+00:00,984.722,975.518,0.01,9,9.20399999999995,0.5268399778516153,8.677160022148335,1.7354320044296672,0.0,15.33400000000006,stop,2009
-1,11803,11818,2009-02-25 13:30:00+00:00,2009-02-25 14:45:00+00:00,962.691,967.691,0.01,15,-5.0,0.524644388042861,-5.524644388042861,-1.1049288776085722,6.430999999999926,1.0730000000000928,stop,2009
-1,12106,12130,2009-02-26 14:45:00+00:00,2009-02-26 16:45:00+00:00,943.3779999999999,938.29,0.01,24,5.087999999999965,0.5446097560975608,4.5433902439024045,0.9086780487804809,0.48700000000008004,11.38799999999992,stop,2009
1,12399,12413,2009-02-27 15:10:00+00:00,2009-02-27 16:20:00+00:00,952.919,947.919,0.01,14,-5.0,0.5461000000000047,-5.5461000000000045,-1.109220000000001,5.727999999999952,1.9599999999999227,stop,2009
-1,12498,12522,2009-03-01 17:10:00+00:00,2009-03-01 21:00:00+00:00,942.992,939.9,0.01,24,3.0919999999999845,0.5430999999999977,2.548899999999987,0.5097799999999973,0.0,3.0919999999999845,session_flat,2009
-1,12755,12760,2009-03-02 16:30:00+00:00,2009-03-02 16:55:00+00:00,934.233,939.233,0.01,5,-5.0,0.5458341463414564,-5.545834146341456,-1.1091668292682912,6.4220000000000255,1.1399999999998727,stop,2009
-1,13004,13049,2009-03-03 13:15:00+00:00,2009-03-03 17:00:00+00:00,925.126,911.2470000000001,0.01,45,13.878999999999905,0.5547371794871756,13.324262820512729,2.664852564102546,3.4360000000000355,20.114000000000033,stop,2009
-1,13297,13319,2009-03-04 13:40:00+00:00,2009-03-04 15:30:00+00:00,918.581,914.1859999999999,0.01,22,4.3950000000000955,0.5345228267667336,3.860477173233362,0.7720954346466724,3.7299999999999045,10.395000000000095,stop,2009
-1,13581,13611,2009-03-05 13:20:00+00:00,2009-03-05 15:50:00+00:00,914.508,913.8879999999999,0.01,30,0.6200000000001182,0.5665418464193273,0.05345815358079098,0.010691630716158196,2.8789999999999054,6.816000000000031,stop,2009
1,13877,13881,2009-03-06 14:05:00+00:00,2009-03-06 14:25:00+00:00,938.4870000000001,933.4870000000001,0.01,4,-5.0,0.5368449030644147,-5.536844903064415,-1.107368980612883,5.869000000000142,0.8009999999999309,stop,2009
1,13990,14023,2009-03-08 16:20:00+00:00,2009-03-08 21:00:00+00:00,937.8,939.5999999999999,0.01,33,1.7999999999999545,0.5274898989898926,1.272510101010062,0.2545020202020124,0.0,1.8000000000000682,session_flat,2009
1,14219,14225,2009-03-09 13:35:00+00:00,2009-03-09 14:05:00+00:00,937.798,932.798,0.01,6,-5.0,0.5608830443726103,-5.56088304437261,-1.112176608874522,9.102999999999952,0.6230000000000473,stop,2009
-1,14520,14562,2009-03-10 14:45:00+00:00,2009-03-10 18:15:00+00:00,902.309,897.453,0.01,42,4.8559999999999945,0.5439435831180044,4.31205641688199,0.862411283376398,1.0389999999999873,11.167999999999893,stop,2009
-1,14803,14817,2009-03-11 14:20:00+00:00,2009-03-11 15:30:00+00:00,898.126,903.126,0.01,14,-5.0,0.5833544600938974,-5.583354460093897,-1.1166708920187793,6.045000000000073,1.8820000000000618,stop,2009
1,15088,15170,2009-03-12 14:10:00+00:00,2009-03-12 21:00:00+00:00,924.273,926.424,0.01,82,2.1509999999999536,0.5577515151515169,1.5932484848484367,0.31864969696968737,4.514999999999986,4.421999999999912,session_flat,2009
1,15364,15373,2009-03-13 13:10:00+00:00,2009-03-13 13:55:00+00:00,933.884,928.884,0.01,9,-5.0,0.5395363636363653,-5.5395363636363655,-1.1079072727272732,5.335000000000036,1.7300000000000182,stop,2009
1,15494,15523,2009-03-15 16:20:00+00:00,2009-03-15 21:00:00+00:00,927.2,927.2,0.01,29,0.0,0.5635416666666655,-0.5635416666666655,-0.1127083333333331,0.01999999999998181,1.9249999999999545,session_flat,2009
-1,15751,15811,2009-03-16 16:00:00+00:00,2009-03-16 21:00:00+00:00,921.458,922.6890000000001,0.01,60,-1.2310000000001082,0.5365000000000073,-1.7675000000001155,-0.35350000000002313,2.854000000000042,2.1259999999999764,session_flat,2009
-1,16005,16011,2009-03-17 13:10:00+00:00,2009-03-17 13:40:00+00:00,915.137,920.137,0.01,6,-5.0,0.5183599999999964,-5.518359999999996,-1.103671999999999,5.2140000000000555,0.0,stop,2009
-1,16301,16324,2009-03-18 13:50:00+00:00,2009-03-18 15:45:00+00:00,904.928,889.342,0.01,23,15.586000000000015,0.527896268656715,15.0581037313433,3.01162074626866,1.6470000000000482,21.432999999999993,stop,2009
1,16591,16615,2009-03-19 14:05:00+00:00,2009-03-19 16:05:00+00:00,948.0809999999999,954.363,0.01,24,6.282000000000153,0.5356000000000039,5.746400000000149,1.1492800000000298,2.9309999999998126,12.625000000000114,stop,2009
1,16888,16962,2009-03-20 14:50:00+00:00,2009-03-20 21:00:00+00:00,955.2080000000001,950.2080000000001,0.01,74,-5.0,0.5507874289902923,-5.550787428990292,-1.1101574857980583,5.208000000000084,3.1359999999999673,stop,2009
1,16999,17026,2009-03-22 17:00:00+00:00,2009-03-22 21:00:00+00:00,950.858,950.9000000000001,0.01,27,0.0420000000001437,0.5643888888888886,-0.5223888888887449,-0.10447777777774898,0.0,1.0920000000000982,session_flat,2009
-1,17222,17224,2009-03-23 13:20:00+00:00,2009-03-23 13:30:00+00:00,947.648,952.648,0.01,2,-5.0,0.5117078801063603,-5.511707880106361,-1.102341576021272,5.746999999999957,0.0,stop,2009
-1,17511,17573,2009-03-24 13:30:00+00:00,2009-03-24 18:40:00+00:00,922.726,927.726,0.01,62,-5.0,0.5365382113821062,-5.536538211382107,-1.1073076422764214,5.908999999999992,4.206999999999994,stop,2009
-1,17815,17847,2009-03-25 14:50:00+00:00,2009-03-25 17:30:00+00:00,930.4159999999999,935.4159999999999,0.01,32,-5.0,0.5521595959595931,-5.552159595959593,-1.1104319191919187,5.245000000000118,5.112999999999943,stop,2009
1,18089,18090,2009-03-26 13:45:00+00:00,2009-03-26 13:50:00+00:00,940.669,935.669,0.01,1,-5.0,0.5480881032547675,-5.548088103254767,-1.1096176206509534,5.282000000000039,0.0,stop,2009
-1,18369,18464,2009-03-27 13:05:00+00:00,2009-03-27 21:00:00+00:00,922.5699999999999,922.202,0.01,95,0.36799999999993815,0.541679366650162,-0.17367936665022388,-0.03473587333004478,4.885000000000105,2.880999999999858,session_flat,2009
-1,18479,18504,2009-03-29 17:20:00+00:00,2009-03-29 21:00:00+00:00,922.0999999999999,922.0999999999999,0.01,25,-0.0,0.5591439560439633,-0.5591439560439633,-0.11182879120879266,0.9190000000000964,1.1079999999999472,session_flat,2009
-1,18702,18703,2009-03-30 13:30:00+00:00,2009-03-30 13:35:00+00:00,914.855,919.855,0.01,1,-5.0,0.5487286821705399,-5.54872868217054,-1.1097457364341081,8.380999999999972,0.0,stop,2009
-1,19014,19035,2009-03-31 15:30:00+00:00,2009-03-31 17:15:00+00:00,916.991,921.991,0.01,21,-5.0,0.5345301587301603,-5.53453015873016,-1.106906031746032,5.005999999999972,0.05099999999993088,stop,2009
1,19273,19284,2009-04-01 13:10:00+00:00,2009-04-01 14:05:00+00:00,928.614,923.614,0.01,11,-5.0,0.5232688947138493,-5.5232688947138495,-1.10465377894277,6.567999999999984,0.6059999999999945,stop,2009
-1,19582,19589,2009-04-02 14:55:00+00:00,2009-04-02 15:30:00+00:00,902.844,900.8299999999999,0.01,7,2.0140000000001237,0.5385986111111116,1.475401388889012,0.29508027777780244,0.0,8.120000000000118,stop,2009
-1,19853,19943,2009-04-03 13:30:00+00:00,2009-04-03 21:00:00+00:00,905.155,892.1500000000001,0.01,90,13.004999999999884,0.5418571428571501,12.463142857142733,2.4926285714285465,1.969000000000051,14.896999999999935,session_flat,2009
-1,19966,19997,2009-04-05 16:15:00+00:00,2009-04-05 21:00:00+00:00,891.9,892.5,0.01,31,-0.6000000000000227,0.5162857142857228,-1.1162857142857456,-0.22325714285714912,0.6850000000000591,0.0,session_flat,2009
-1,20219,20285,2009-04-06 15:30:00+00:00,2009-04-06 21:00:00+00:00,870.251,868.665,0.01,66,1.5860000000000127,0.5522916666666717,1.033708333333341,0.2067416666666682,3.5879999999999654,2.55600000000004,session_flat,2009
-1,20487,20573,2009-04-07 13:50:00+00:00,2009-04-07 21:00:00+00:00,880.217,880.515,0.01,86,-0.2980000000000018,0.5432346883468872,-0.841234688346889,-0.1682469376693778,4.222000000000094,2.3980000000000246,session_flat,2009
1,20773,20776,2009-04-08 13:40:00+00:00,2009-04-08 13:55:00+00:00,884.838,879.838,0.01,3,-5.0,0.5352021791767583,-5.535202179176759,-1.1070404358353518,6.45900000000006,0.0,stop,2009
-1,21058,21096,2009-04-09 13:25:00+00:00,2009-04-09 16:35:00+00:00,878.6220000000001,883.6220000000001,0.01,38,-5.0,0.5585742063492032,-5.558574206349203,-1.1117148412698405,5.086000000000013,2.2789999999999964,stop,2009
1,21339,21427,2009-04-10 13:10:00+00:00,2009-04-10 21:00:00+00:00,882.997,881.135,0.01,88,-1.8619999999999663,0.5194021739130276,-2.381402173912994,-0.47628043478259874,2.423999999999978,0.01700000000005275,session_flat,2009
-1,21452,21475,2009-04-12 17:10:00+00:00,2009-04-12 21:00:00+00:00,880.65,880.65,0.01,23,-0.0,0.5234861111111212,-0.5234861111111212,-0.10469722222222425,0.39199999999993906,0.028999999999882675,session_flat,2009
1,21705,21726,2009-04-13 16:10:00+00:00,2009-04-13 17:55:00+00:00,897.3779999999999,892.3779999999999,0.01,21,-5.0,0.5406651162790699,-5.54066511627907,-1.108133023255814,5.8559999999999945,0.22400000000004638,stop,2009
-1,22034,22048,2009-04-14 19:50:00+00:00,2009-04-14 21:00:00+00:00,887.829,890.136,0.01,14,-2.3070000000000164,0.5540235820895535,-2.8610235820895698,-0.5722047164179139,2.3490000000000464,0.0,session_flat,2009
-1,22261,22336,2009-04-15 14:45:00+00:00,2009-04-15 21:00:00+00:00,890.2090000000001,890.6790000000001,0.01,75,-0.47000000000002723,0.5203506097560959,-0.9903506097561232,-0.19807012195122464,2.8179999999999836,0.93100000000004,session_flat,2009
-1,22579,22624,2009-04-16 17:15:00+00:00,2009-04-16 21:00:00+00:00,878.7539999999999,875.141,0.01,45,3.6129999999999427,0.5361512066365091,3.0768487933634336,0.6153697586726867,0.3180000000000973,6.908999999999878,session_flat,2009
-1,22817,22912,2009-04-17 13:05:00+00:00,2009-04-17 21:00:00+00:00,871.998,867.806,0.01,95,4.192000000000007,0.5449181681681656,3.6470818318318416,0.7294163663663683,0.7709999999999582,7.109000000000151,session_flat,2009
-1,22936,22962,2009-04-19 17:00:00+00:00,2009-04-19 21:00:00+00:00,867.9,867.9000000000001,0.01,26,-1.1368683772161603e-13,0.5380714285714141,-0.5380714285715278,-0.10761428571430556,0.5330000000000155,0.0,session_flat,2009
1,23159,23234,2009-04-20 13:30:00+00:00,2009-04-20 19:45:00+00:00,875.631,882.565,0.01,75,6.934000000000083,0.5108989898989891,6.423101010101094,1.2846202020202189,0.4379999999999882,12.474000000000046,stop,2009
1,23445,23459,2009-04-21 13:20:00+00:00,2009-04-21 14:30:00+00:00,892.216,887.216,0.01,14,-5.0,0.5429268292682934,-5.542926829268294,-1.1085853658536586,5.197999999999979,1.6019999999999754,stop,2009
1,23730,23825,2009-04-22 13:05:00+00:00,2009-04-22 21:00:00+00:00,886.0899999999999,889.389,0.01,95,3.2990000000000923,0.5507716468590813,2.7482283531410108,0.5496456706282021,2.283999999999878,7.122000000000071,session_flat,2009
1,24023,24099,2009-04-23 13:30:00+00:00,2009-04-23 19:50:00+00:00,892.789,903.1189999999999,0.01,76,10.329999999999927,0.5379681818181812,9.792031818181746,1.9584063636363491,1.0879999999999654,15.634999999999991,stop,2009
1,24311,24401,2009-04-24 13:30:00+00:00,2009-04-24 21:00:00+00:00,907.1320000000001,912.579,0.01,90,5.446999999999889,0.5753127297026337,4.871687270297255,0.974337454059451,2.772000000000048,6.366999999999962,session_flat,2009
1,24450,24477,2009-04-26 17:00:00+00:00,2009-04-26 21:00:00+00:00,912.1,912.0999999999999,0.01,27,-1.1368683772161603e-13,0.5581750000000107,-0.5581750000001244,-0.11163500000002488,0.018000000000029104,0.6000000000000227,session_flat,2009
1,24710,24765,2009-04-27 16:25:00+00:00,2009-04-27 21:00:00+00:00,909.556,905.928,0.01,55,-3.628000000000043,0.543222486724046,-4.171222486724089,-0.8342444973448178,4.505000000000109,0.7300000000000182,session_flat,2009
-1,24972,25053,2009-04-28 14:15:00+00:00,2009-04-28 21:00:00+00:00,890.258,893.1800000000001,0.01,81,-2.9220000000000255,0.5589609890109972,-3.480960989011023,-0.6961921978022045,4.044999999999959,2.1870000000001255,session_flat,2009
1,25248,25340,2009-04-29 13:20:00+00:00,2009-04-29 21:00:00+00:00,898.0039999999999,897.63,0.01,92,-0.37399999999990996,0.5248834688346835,-0.8988834688345935,-0.17977669376691868,4.735999999999876,4.691000000000031,session_flat,2009
-1,25540,25578,2009-04-30 13:40:00+00:00,2009-04-30 16:50:00+00:00,883.347,888.347,0.01,38,-5.0,0.5063139534883723,-5.506313953488372,-1.1012627906976744,5.139999999999986,3.018000000000029,stop,2009
-1,25834,25861,2009-05-01 14:15:00+00:00,2009-05-01 16:30:00+00:00,884.462,889.462,0.01,27,-5.0,0.5220129870129864,-5.522012987012986,-1.1044025974025973,5.133000000000038,1.6609999999999445,stop,2009
1,26169,26246,2009-05-04 14:35:00+00:00,2009-05-04 21:00:00+00:00,903.062,901.587,0.01,77,-1.4750000000000227,0.5712894736842129,-2.0462894736842356,-0.40925789473684715,4.0610000000000355,2.1329999999999245,session_flat,2009
1,26441,26459,2009-05-05 13:15:00+00:00,2009-05-05 14:45:00+00:00,912.731,907.731,0.01,18,-5.0,0.5401943972835254,-5.540194397283526,-1.108038879456705,6.050999999999931,0.4639999999999418,stop,2009
1,26726,26822,2009-05-06 13:00:00+00:00,2009-05-06 21:00:00+00:00,906.565,910.994,0.01,96,4.428999999999974,0.5315451474201468,3.897454852579827,0.7794909705159654,2.1130000000000564,5.022999999999911,session_flat,2009
1,27015,27026,2009-05-07 13:10:00+00:00,2009-05-07 14:05:00+00:00,918.299,913.299,0.01,11,-5.0,0.5407984496123963,-5.540798449612396,-1.1081596899224793,8.02299999999991,0.0,stop,2009
1,27300,27312,2009-05-08 13:00:00+00:00,2009-05-08 14:00:00+00:00,913.594,908.594,0.01,12,-5.0,0.5361488095238107,-5.5361488095238105,-1.1072297619047622,7.865000000000009,1.1389999999998963,stop,2009
1,27420,27447,2009-05-10 16:20:00+00:00,2009-05-10 21:00:00+00:00,916.05,916.05,0.01,27,0.0,0.5407582417582381,-0.5407582417582381,-0.10815164835164762,0.0,0.4500000000000455,session_flat,2009
-1,27695,27735,2009-05-11 17:40:00+00:00,2009-05-11 21:00:00+00:00,912.774,912.95,0.01,40,-0.17600000000004457,0.5542383592017726,-0.7302383592018171,-0.14604767184036344,1.3379999999999654,0.7609999999999673,session_flat,2009
1,27929,28022,2009-05-12 13:15:00+00:00,2009-05-12 21:00:00+00:00,918.334,922.5989999999999,0.01,93,4.264999999999986,0.5571489361702162,3.70785106382977,0.741570212765954,3.062999999999988,5.194000000000074,session_flat,2009
1,28240,28310,2009-05-13 15:10:00+00:00,2009-05-13 21:00:00+00:00,925.352,925.851,0.01,70,0.49900000000002365,0.554799498746871,-0.05579949874684731,-0.011159899749369461,0.9219999999999118,4.95900000000006,session_flat,2009
1,28545,28598,2009-05-14 16:35:00+00:00,2009-05-14 21:00:00+00:00,926.096,925.7629999999999,0.01,53,-0.3330000000000837,0.5527701149425259,-0.8857701149426096,-0.17715402298852193,1.08400000000006,2.2619999999999436,session_flat,2009
1,28826,28886,2009-05-15 16:00:00+00:00,2009-05-15 21:00:00+00:00,930.7719999999999,931.065,0.01,60,0.29300000000012005,0.5469105691056901,-0.2539105691055701,-0.050782113821114014,3.127999999999929,1.2460000000000946,session_flat,2009
1,28934,28960,2009-05-17 16:45:00+00:00,2009-05-17 21:00:00+00:00,930.7,930.7,0.01,26,0.0,0.5444934210526332,-0.5444934210526332,-0.10889868421052665,0.06700000000000728,0.30199999999990723,session_flat,2009
-1,29221,29248,2009-05-18 18:45:00+00:00,2009-05-18 21:00:00+00:00,919.9670000000001,918.0609999999999,0.01,27,1.9060000000001767,0.5558867536032853,1.3501132463968912,0.27002264927937825,2.7889999999999873,3.84900000000016,session_flat,2009
-1,29448,29504,2009-05-19 13:45:00+00:00,2009-05-19 18:25:00+00:00,923.669,928.669,0.01,56,-5.0,0.5524568645640124,-5.552456864564013,-1.1104913729128025,5.053999999999974,0.06200000000001182,stop,2009
1,29729,29823,2009-05-20 13:10:00+00:00,2009-05-20 21:00:00+00:00,928.909,938.206,0.01,94,9.297000000000025,0.534205797101458,8.762794202898567,1.7525588405797135,0.0,10.966000000000008,session_flat,2009
1,30028,30111,2009-05-21 14:05:00+00:00,2009-05-21 21:00:00+00:00,937.4159999999999,953.154,0.01,83,15.738000000000058,0.5533921568627518,15.184607843137307,3.0369215686274615,1.4109999999999445,18.498000000000047,session_flat,2009
1,30314,30399,2009-05-22 13:55:00+00:00,2009-05-22 21:00:00+00:00,957.8679999999999,956.75,0.01,85,-1.1179999999999382,0.5437440476190456,-1.6617440476189838,-0.33234880952379675,2.9759999999998854,2.4820000000000846,session_flat,2009
1,30447,30472,2009-05-24 17:00:00+00:00,2009-05-24 21:00:00+00:00,956.35,956.3499999999999,0.01,25,-1.1368683772161603e-13,0.5482638888888807,-0.5482638888889944,-0.10965277777779887,0.004000000000019099,0.7939999999999827,session_flat,2009
1,30718,30757,2009-05-25 17:30:00+00:00,2009-05-25 21:00:00+00:00,957.803,958.377,0.01,39,0.5739999999999554,0.5372587412587322,0.03674125874122325,0.0073482517482446495,0.07399999999995543,0.9389999999999645,session_flat,2009
-1,30959,30984,2009-05-26 13:50:00+00:00,2009-05-26 15:55:00+00:00,947.827,952.827,0.01,25,-5.0,0.5492164579606371,-5.549216457960637,-1.1098432915921275,5.122000000000071,2.3759999999999764,stop,2009
1,31281,31293,2009-05-27 16:40:00+00:00,2009-05-27 17:40:00+00:00,956.4259999999999,951.4259999999999,0.01,12,-5.0,0.5584379084967305,-5.558437908496731,-1.1116875816993461,7.520999999999958,0.20299999999997453,stop,2009
1,31539,31583,2009-05-28 14:15:00+00:00,2009-05-28 17:55:00+00:00,956.478,959.149,0.01,44,2.671000000000049,0.5518351107465127,2.119164889253536,0.4238329778507072,0.0,8.15300000000002,stop,2009
1,31819,31908,2009-05-29 13:35:00+00:00,2009-05-29 21:00:00+00:00,974.966,978.65,0.01,89,3.683999999999969,0.5430789049919472,3.140921095008022,0.6281842190016044,1.6000000000000227,4.889999999999986,session_flat,2009
1,31956,31981,2009-05-31 16:55:00+00:00,2009-05-31 21:00:00+00:00,979.0,979.0,0.01,25,0.0,0.5426333333333155,-0.5426333333333155,-0.10852666666666311,0.0,0.22000000000002728,session_flat,2009
1,32175,32255,2009-06-01 13:15:00+00:00,2009-06-01 19:55:00+00:00,978.505,973.505,0.01,80,-5.0,0.5174148644532413,-5.517414864453241,-1.1034829728906481,5.090000000000032,6.0359999999999445,stop,2009
1,32466,32488,2009-06-02 13:30:00+00:00,2009-06-02 15:20:00+00:00,979.425,979.994,0.01,22,0.5690000000000737,0.5366639194139164,0.03233608058615722,0.006467216117231445,1.3599999999999,6.368000000000052,stop,2009
-1,32764,32844,2009-06-03 14:20:00+00:00,2009-06-03 21:00:00+00:00,977.012,962.5609999999999,0.01,80,14.451000000000022,0.5802613636363649,13.870738636363656,2.774147727272731,1.7350000000001273,16.307999999999993,session_flat,2009
-1,33039,33059,2009-06-04 13:15:00+00:00,2009-06-04 14:55:00+00:00,971.5799999999999,976.5799999999999,0.01,20,-5.0,0.5384703574542309,-5.538470357454231,-1.107694071490846,6.177000000000021,2.494999999999891,stop,2009
-1,33335,33417,2009-06-05 14:10:00+00:00,2009-06-05 21:00:00+00:00,960.006,954.913,0.01,82,5.092999999999961,0.5542478260869526,4.538752173913008,0.9077504347826016,4.310000000000059,7.319999999999936,session_flat,2009
-1,33441,33469,2009-06-07 17:00:00+00:00,2009-06-07 21:00:00+00:00,955.3,955.3,0.01,28,-0.0,0.5640654761904675,-0.5640654761904675,-0.1128130952380935,0.0019999999999527063,0.006999999999948159,session_flat,2009
-1,33664,33738,2009-06-08 13:20:00+00:00,2009-06-08 19:30:00+00:00,948.098,953.098,0.01,74,-5.0,0.5184607635206797,-5.51846076352068,-1.103692152704136,5.111000000000104,4.435999999999922,stop,2009
1,33962,34044,2009-06-09 14:10:00+00:00,2009-06-09 21:00:00+00:00,955.867,954.5160000000001,0.01,82,-1.3509999999998854,0.5432888888888937,-1.894288888888779,-0.3788577777777558,3.6669999999999163,2.1680000000000064,session_flat,2009
1,34237,34244,2009-06-10 13:05:00+00:00,2009-06-10 13:40:00+00:00,962.8389999999999,957.8389999999999,0.01,7,-5.0,0.48562990602543116,-5.485629906025431,-1.0971259812050862,5.627999999999929,0.0,stop,2009
-1,34526,34539,2009-06-11 13:10:00+00:00,2009-06-11 14:15:00+00:00,946.847,951.847,0.01,13,-5.0,0.5508078104431738,-5.550807810443174,-1.1101615620886347,5.097999999999956,1.274000000000001,stop,2009
-1,34828,34908,2009-06-12 14:20:00+00:00,2009-06-12 21:00:00+00:00,940.292,938.748,0.01,80,1.5439999999999827,0.5484432655467175,0.9955567344532652,0.19911134689065305,3.745999999999981,2.8500000000000227,session_flat,2009
-1,34932,34960,2009-06-14 17:00:00+00:00,2009-06-14 21:00:00+00:00,937.9,937.9000000000001,0.01,28,-1.1368683772161603e-13,0.5172083333333308,-0.5172083333334445,-0.1034416666666889,0.04499999999995907,0.0030000000000427463,session_flat,2009
-1,35169,35247,2009-06-15 14:30:00+00:00,2009-06-15 21:00:00+00:00,934.6410000000001,927.865,0.01,78,6.776000000000068,0.5644579606439992,6.211542039356069,1.2423084078712139,0.03399999999987813,8.95900000000006,session_flat,2009
1,35439,35484,2009-06-16 13:00:00+00:00,2009-06-16 16:45:00+00:00,936.2349999999999,931.2349999999999,0.01,45,-5.0,0.55518550326348,-5.5551855032634805,-1.111037100652696,5.579999999999927,1.3200000000001637,stop,2009
-1,35727,35808,2009-06-17 13:00:00+00:00,2009-06-17 19:45:00+00:00,933.262,938.262,0.01,81,-5.0,0.5244941266598616,-5.524494126659862,-1.1048988253319725,5.849000000000046,5.060999999999922,stop,2009
1,36037,36048,2009-06-18 14:50:00+00:00,2009-06-18 15:45:00+00:00,937.05,932.05,0.01,11,-5.0,0.5495478818998685,-5.549547881899868,-1.1099095763799736,5.191000000000031,0.3990000000001146,stop,2009
-1,36376,36399,2009-06-19 19:05:00+00:00,2009-06-19 21:00:00+00:00,934.51,933.512,0.01,23,0.9980000000000473,0.5426098484848487,0.45539015151519857,0.09107803030303971,0.9100000000000819,1.0349999999999682,session_flat,2009
-1,36422,36451,2009-06-21 17:00:00+00:00,2009-06-21 21:00:00+00:00,933.36,933.8,0.01,29,-0.4399999999999409,0.5595719696969605,-0.9995719696969014,-0.1999143939393803,1.1169999999999618,0.0,session_flat,2009
-1,36678,36737,2009-06-22 16:05:00+00:00,2009-06-22 21:00:00+00:00,920.819,922.336,0.01,59,-1.5170000000000528,0.5597725146198778,-2.0767725146199307,-0.4153545029239861,2.1200000000000045,2.1549999999999727,session_flat,2009
-1,36967,37025,2009-06-23 16:10:00+00:00,2009-06-23 21:00:00+00:00,922.797,925.431,0.01,58,-2.6340000000000146,0.5495189491817376,-3.183518949181752,-0.6367037898363505,3.784999999999968,0.3849999999999909,session_flat,2009
1,37244,37260,2009-06-24 15:15:00+00:00,2009-06-24 16:35:00+00:00,937.0440000000001,932.0440000000001,0.01,16,-5.0,0.5354453993933221,-5.535445399393322,-1.1070890798786643,5.611000000000104,0.41399999999998727,stop,2009
1,37528,37601,2009-06-25 14:55:00+00:00,2009-06-25 21:00:00+00:00,935.245,938.861,0.01,73,3.615999999999985,0.5410612244897977,3.074938775510187,0.6149877551020374,0.45899999999994634,4.736999999999966,session_flat,2009
1,37791,37804,2009-06-26 13:00:00+00:00,2009-06-26 14:05:00+00:00,945.645,940.645,0.01,13,-5.0,0.5503615023474233,-5.550361502347423,-1.1100723004694846,5.567999999999984,0.06899999999995998,stop,2009
-1,38152,38230,2009-06-29 14:30:00+00:00,2009-06-29 21:00:00+00:00,937.4749999999999,937.65,0.01,78,-0.1750000000000682,0.5688690228690179,-0.7438690228690861,-0.14877380457381723,3.386000000000081,2.217999999999847,session_flat,2009
-1,38452,38518,2009-06-30 15:30:00+00:00,2009-06-30 21:00:00+00:00,927.3620000000001,926.152,0.01,66,1.2100000000000364,0.5297955426356574,0.680204457364379,0.1360408914728758,2.8719999999999573,1.5,session_flat,2009
1,38724,38806,2009-07-01 14:10:00+00:00,2009-07-01 21:00:00+00:00,938.7729999999999,940.269,0.01,82,1.4960000000000946,0.5761252747252688,0.9198747252748258,0.18397494505496517,2.022999999999911,6.20900000000006,session_flat,2009
-1,39066,39094,2009-07-02 18:40:00+00:00,2009-07-02 21:00:00+00:00,931.366,929.482,0.01,28,1.8840000000000146,0.5415429864253277,1.3424570135746867,0.2684914027149373,0.1150000000000091,2.44399999999996,session_flat,2009
-1,39338,39381,2009-07-03 17:20:00+00:00,2009-07-03 21:00:00+00:00,930.8050000000001,931.5,0.01,43,-0.6949999999999363,0.5535108225108236,-1.24851082251076,-0.249702164502152,1.7179999999998472,0.24900000000002365,session_flat,2009
-1,39432,39458,2009-07-05 17:20:00+00:00,2009-07-05 21:00:00+00:00,932.3,932.3,0.01,26,-0.0,0.5657678571428404,-0.5657678571428404,-0.11315357142856808,0.29700000000002547,0.0,session_flat,2009
-1,39661,39746,2009-07-06 13:55:00+00:00,2009-07-06 21:00:00+00:00,924.637,924.7819999999999,0.01,85,-0.1449999999999818,0.5248961642774117,-0.6698961642773935,-0.1339792328554787,0.5710000000000264,3.741999999999962,session_flat,2009
1,39941,39946,2009-07-07 13:15:00+00:00,2009-07-07 13:40:00+00:00,927.867,922.867,0.01,5,-5.0,0.524695562738757,-5.524695562738757,-1.1049391125477515,5.168999999999869,0.0,stop,2009
-1,40236,40322,2009-07-08 13:50:00+00:00,2009-07-08 21:00:00+00:00,918.5440000000001,909.315,0.01,86,9.229000000000042,0.5500528846153847,8.678947115384657,1.7357894230769315,0.6069999999998572,13.878000000000156,session_flat,2009
-1,40535,40561,2009-07-09 14:50:00+00:00,2009-07-09 17:00:00+00:00,913.12,918.12,0.01,26,-5.0,0.568700289575286,-5.568700289575286,-1.1137400579150571,5.062999999999988,1.86099999999999,stop,2009
-1,40812,40897,2009-07-10 13:55:00+00:00,2009-07-10 21:00:00+00:00,911.031,912.476,0.01,85,-1.44500000000005,0.5455641025641021,-1.9905641025641523,-0.3981128205128305,2.7940000000000964,2.939999999999941,session_flat,2009
-1,41181,41198,2009-07-13 14:40:00+00:00,2009-07-13 16:05:00+00:00,910.1279999999999,915.1279999999999,0.01,17,-5.0,0.5509267399267328,-5.550926739926733,-1.1101853479853465,5.050000000000068,0.84699999999998,stop,2009
1,41471,41545,2009-07-14 14:50:00+00:00,2009-07-14 21:00:00+00:00,923.4590000000001,925.279,0.01,74,1.8199999999999363,0.5550240036231879,1.2649759963767484,0.2529951992753497,1.2460000000000946,3.3559999999999945,session_flat,2009
1,41751,41832,2009-07-15 14:15:00+00:00,2009-07-15 21:00:00+00:00,937.74,938.723,0.01,81,0.9829999999999472,0.5802763945792662,0.4027236054206811,0.08054472108413621,0.09300000000007458,3.911000000000058,session_flat,2009
1,42029,42120,2009-07-16 13:25:00+00:00,2009-07-16 21:00:00+00:00,937.005,937.0139999999999,0.01,91,0.008999999999900865,0.555707905138348,-0.5467079051384471,-0.10934158102768943,4.208999999999946,1.0120000000000573,session_flat,2009
1,42325,42408,2009-07-17 14:05:00+00:00,2009-07-17 21:00:00+00:00,937.885,937.178,0.01,83,-0.7069999999999936,0.5490841856805656,-1.2560841856805594,-0.25121683713611187,2.296000000000049,1.384999999999991,session_flat,2009
1,42432,42461,2009-07-19 16:05:00+00:00,2009-07-19 21:00:00+00:00,936.7,936.7,0.01,29,0.0,0.548349999999983,-0.548349999999983,-0.1096699999999966,0.1610000000000582,0.049999999999954525,session_flat,2009
1,42664,42673,2009-07-20 14:00:00+00:00,2009-07-20 14:45:00+00:00,952.3969999999999,947.3969999999999,0.01,9,-5.0,0.5301291095890455,-5.530129109589046,-1.1060258219178092,5.829999999999927,0.775000000000091,stop,2009
1,42951,42989,2009-07-21 13:55:00+00:00,2009-07-21 17:05:00+00:00,950.005,945.005,0.01,38,-5.0,0.5202800000000116,-5.520280000000012,-1.1040560000000024,5.030000000000086,0.4519999999999982,stop,2009
-1,43228,43251,2009-07-22 13:10:00+00:00,2009-07-22 15:05:00+00:00,946.656,951.656,0.01,23,-5.0,0.5206995695839316,-5.520699569583932,-1.1041399139167862,5.096000000000004,1.7339999999999236,stop,2009
1,43537,43602,2009-07-23 14:55:00+00:00,2009-07-23 20:20:00+00:00,953.3050000000001,948.3050000000001,0.01,65,-5.0,0.5509449454200244,-5.550944945420024,-1.1101889890840049,5.697000000000116,3.800999999999931,stop,2009
1,43805,43897,2009-07-24 13:20:00+00:00,2009-07-24 21:00:00+00:00,951.8199999999999,950.848,0.01,92,-0.97199999999998,0.5525034324942737,-1.5245034324942537,-0.3049006864988507,1.418999999999869,2.09699999999998,session_flat,2009
-1,43921,43946,2009-07-26 16:25:00+00:00,2009-07-26 21:00:00+00:00,950.3499999999999,950.3499999999999,0.01,25,-0.0,0.5637936507936443,-0.5637936507936443,-0.11275873015872886,1.1368683772161603e-13,0.0009999999998626663,session_flat,2009
1,44150,44234,2009-07-27 14:00:00+00:00,2009-07-27 21:00:00+00:00,953.442,953.421,0.01,84,-0.020999999999958163,0.5593605263157839,-0.5803605263157421,-0.11607210526314841,2.4950000000000045,1.8029999999999973,session_flat,2009
-1,44426,44478,2009-07-28 13:00:00+00:00,2009-07-28 17:20:00+00:00,951.4739999999999,939.63,0.01,52,11.843999999999937,0.5531565217391325,11.290843478260804,2.2581686956521607,0.0,17.19399999999996,stop,2009
-1,44738,44810,2009-07-29 15:00:00+00:00,2009-07-29 21:00:00+00:00,931.1189999999999,929.61,0.01,72,1.5089999999999009,0.570371020142951,0.9386289798569498,0.18772579597138997,0.5630000000001019,5.909999999999968,session_flat,2009
-1,45019,45098,2009-07-30 14:25:00+00:00,2009-07-30 21:00:00+00:00,934.168,933.999,0.01,79,0.16899999999998272,0.5598706004140768,-0.39087060041409405,-0.07817412008281881,2.6639999999999873,1.5910000000000082,session_flat,2009
-1,45295,45298,2009-07-31 13:30:00+00:00,2009-07-31 13:45:00+00:00,935.0799999999999,940.0799999999999,0.01,3,-5.0,0.553559859154934,-5.553559859154934,-1.1107119718309868,6.563000000000102,0.0,stop,2009
1,45409,45442,2009-08-02 15:55:00+00:00,2009-08-02 21:00:00+00:00,953.75,953.75,0.01,33,0.0,0.5528000000000117,-0.5528000000000117,-0.11056000000000235,0.009000000000014552,0.6000000000000227,session_flat,2009
1,45640,45730,2009-08-03 13:30:00+00:00,2009-08-03 21:00:00+00:00,959.027,956.251,0.01,90,-2.7760000000000673,0.5320501792114666,-3.3080501792115338,-0.6616100358423067,4.1580000000000155,2.9869999999999663,session_flat,2009
1,45975,46018,2009-08-04 17:25:00+00:00,2009-08-04 21:00:00+00:00,967.278,966.575,0.01,43,-0.7029999999999745,0.5342490073737975,-1.237249007373772,-0.24744980147475443,4.642000000000053,0.0,session_flat,2009
1,46222,46231,2009-08-05 14:00:00+00:00,2009-08-05 14:45:00+00:00,963.556,958.556,0.01,9,-5.0,0.5300277777777784,-5.530027777777779,-1.1060055555555557,5.002000000000066,0.0,stop,2009
1,46498,46510,2009-08-06 13:00:00+00:00,2009-08-06 14:00:00+00:00,968.007,963.007,0.01,12,-5.0,0.5396630094043855,-5.539663009404386,-1.107932601880877,6.543999999999983,2.98700000000008,stop,2009
-1,46814,46882,2009-08-07 15:20:00+00:00,2009-08-07 21:00:00+00:00,956.6669999999999,954.4110000000001,0.01,68,2.255999999999858,0.5373888888888867,1.7186111111109714,0.3437222222221943,1.6020000000000891,2.8919999999998254,session_flat,2009
-1,46931,46959,2009-08-09 16:35:00+00:00,2009-08-09 21:00:00+00:00,953.9,954.113,0.01,28,-0.21300000000007915,0.5541410256410323,-0.7671410256411114,-0.15342820512822228,0.21300000000007913,0.10000000000002274,session_flat,2009
-1,47189,47247,2009-08-10 16:10:00+00:00,2009-08-10 21:00:00+00:00,947.8610000000001,946.102,0.01,58,1.7590000000001282,0.5527295454545597,1.2062704545455687,0.24125409090911373,0.0,4.125,session_flat,2009
-1,47477,47535,2009-08-11 16:10:00+00:00,2009-08-11 21:00:00+00:00,945.577,945.6669999999999,0.01,58,-0.08999999999991815,0.5532616161616186,-0.6432616161615368,-0.12865232323230735,1.2830000000000155,0.9950000000000045,session_flat,2009
-1,47735,47762,2009-08-12 13:50:00+00:00,2009-08-12 16:05:00+00:00,945.443,950.443,0.01,27,-5.0,0.5207670111972501,-5.52076701119725,-1.1041534022394501,5.003000000000043,0.0,stop,2009
1,48020,48109,2009-08-13 13:35:00+00:00,2009-08-13 21:00:00+00:00,956.143,954.5419999999999,0.01,89,-1.6010000000001128,0.5470826086956522,-2.148082608695765,-0.429616521739153,3.3110000000000355,1.7450000000000045,session_flat,2009
1,48302,48330,2009-08-14 13:05:00+00:00,2009-08-14 15:25:00+00:00,956.0830000000001,951.0830000000001,0.01,28,-5.0,0.5426744186046535,-5.542674418604653,-1.1085348837209306,5.510000000000105,1.0389999999999873,stop,2009
-1,48421,48454,2009-08-16 16:40:00+00:00,2009-08-16 21:00:00+00:00,945.8499999999999,945.85,0.01,33,-1.1368683772161603e-13,0.5264410256410095,-0.5264410256411232,-0.10528820512822464,2.7000000000000455,0.008999999999900865,session_flat,2009
-1,48679,48742,2009-08-17 15:45:00+00:00,2009-08-17 21:00:00+00:00,933.5160000000001,934.3489999999999,0.01,63,-0.8329999999998563,0.5247447447447465,-1.3577447447446027,-0.27154894894892057,2.4269999999999072,0.79300000000012,session_flat,2009
-1,48942,49030,2009-08-18 13:40:00+00:00,2009-08-18 21:00:00+00:00,936.982,938.2049999999999,0.01,88,-1.2229999999999563,0.49343052208835175,-1.716430522088308,-0.3432861044176616,2.245999999999981,2.046000000000049,session_flat,2009
-1,49222,49231,2009-08-19 13:00:00+00:00,2009-08-19 13:45:00+00:00,934.708,939.708,0.01,9,-5.0,0.5083288485606958,-5.508328848560696,-1.1016657697121393,5.058000000000106,0.6419999999999391,stop,2009
-1,49514,49606,2009-08-20 13:20:00+00:00,2009-08-20 21:00:00+00:00,940.117,940.2470000000001,0.01,92,-0.13000000000010914,0.5209895470383308,-0.6509895470384399,-0.130197909407688,2.6860000000000355,1.2279999999999518,session_flat,2009
1,49841,49893,2009-08-21 16:40:00+00:00,2009-08-21 21:00:00+00:00,953.646,953.3979999999999,0.01,52,-0.24800000000004732,0.5452578539371598,-0.793257853937207,-0.1586515707874414,1.481999999999971,1.2889999999999873,session_flat,2009
1,49916,49945,2009-08-23 16:20:00+00:00,2009-08-23 21:00:00+00:00,953.1500000000001,953.1500000000001,0.01,29,0.0,0.5299028571428581,-0.5299028571428581,-0.10598057142857162,0.00100000000009004,0.599999999999909,session_flat,2009
1,50151,50187,2009-08-24 14:10:00+00:00,2009-08-24 17:10:00+00:00,952.4839999999999,947.4839999999999,0.01,36,-5.0,0.5779016115352009,-5.577901611535201,-1.1155803223070402,8.517999999999915,1.0260000000000673,stop,2009
1,50437,50441,2009-08-25 14:00:00+00:00,2009-08-25 14:20:00+00:00,950.761,945.761,0.01,4,-5.0,0.5536775195351623,-5.553677519535162,-1.1107355039070324,5.442999999999984,0.0,stop,2009
-1,50730,50809,2009-08-26 14:25:00+00:00,2009-08-26 21:00:00+00:00,943.777,945.357,0.01,79,-1.5799999999999272,0.5561356060606095,-2.1361356060605368,-0.4272271212121074,2.0399999999999636,2.5150000000001,session_flat,2009
-1,51029,51064,2009-08-27 15:35:00+00:00,2009-08-27 18:30:00+00:00,944.826,949.826,0.01,35,-5.0,0.529616216216209,-5.529616216216209,-1.1059232432432418,5.212999999999965,0.8230000000000928,stop,2009
1,51299,51381,2009-08-28 14:10:00+00:00,2009-08-28 21:00:00+00:00,956.072,954.4490000000001,0.01,82,-1.6229999999999336,0.5499949494949519,-2.1729949494948855,-0.4345989898989771,2.1170000000000755,2.0399999999999636,session_flat,2009
1,51405,51436,2009-08-30 16:05:00+00:00,2009-08-30 21:00:00+00:00,954.95,954.45,0.01,31,-0.5,0.5322272727272708,-1.0322272727272708,-0.20644545454545415,0.5,0.0,session_flat,2009
-1,51644,51724,2009-08-31 14:20:00+00:00,2009-08-31 21:00:00+00:00,949.529,951.004,0.01,80,-1.4750000000000227,0.5549227799227818,-2.0299227799228046,-0.4059845559845609,2.747000000000071,1.1849999999999454,session_flat,2009
-1,51921,51999,2009-09-01 13:25:00+00:00,2009-09-01 19:55:00+00:00,951.48,956.48,0.01,78,-5.0,0.5861409090909127,-5.586140909090913,-1.1172281818181826,5.079999999999927,3.451999999999998,stop,2009
1,52221,52300,2009-09-02 14:25:00+00:00,2009-09-02 21:00:00+00:00,963.96,978.21,0.01,79,14.250000000000002,0.53862904468413,13.711370955315871,2.7422741910631743,0.7070000000001073,16.213999999999942,session_flat,2009
1,52491,52528,2009-09-03 13:00:00+00:00,2009-09-03 16:05:00+00:00,981.713,986.963,0.01,37,5.25,0.5684591298615778,4.681540870138422,0.9363081740276844,1.4180000000000064,10.626999999999953,stop,2009
1,52782,52875,2009-09-04 13:15:00+00:00,2009-09-04 21:00:00+00:00,988.156,993.4000000000001,0.01,93,5.244000000000142,0.5405094696969703,4.7034905303031715,0.9406981060606343,2.8740000000000236,7.707000000000107,session_flat,2009
1,52899,52930,2009-09-06 16:00:00+00:00,2009-09-06 21:00:00+00:00,993.4,993.4000000000001,0.01,31,1.1368683772161603e-13,0.5473571428571375,-0.5473571428570239,-0.10947142857140477,0.03599999999994452,0.005999999999971806,session_flat,2009
1,53136,53216,2009-09-07 14:10:00+00:00,2009-09-07 21:00:00+00:00,993.685,994.238,0.01,80,0.553000000000111,0.5852418893129725,-0.03224188931286154,-0.006448377862572308,0.07600000000002183,2.1660000000000537,session_flat,2009
1,53413,53417,2009-09-08 13:25:00+00:00,2009-09-08 13:45:00+00:00,1004.837,999.837,0.01,4,-5.0,0.5491910866910887,-5.5491910866910885,-1.1098382173382177,5.059999999999945,0.014000000000010004,stop,2009
1,53701,53757,2009-09-09 13:25:00+00:00,2009-09-09 18:05:00+00:00,997.986,992.986,0.01,56,-5.0,0.5183886639676203,-5.51838866396762,-1.103677732793524,6.937000000000012,3.869000000000028,stop,2009
-1,53987,54009,2009-09-10 13:15:00+00:00,2009-09-10 15:05:00+00:00,990.288,995.288,0.01,22,-5.0,0.547349085365848,-5.547349085365848,-1.1094698170731696,5.037000000000035,2.5930000000000746,stop,2009
1,54285,54315,2009-09-11 14:10:00+00:00,2009-09-11 16:40:00+00:00,1007.04,1002.04,0.01,30,-5.0,0.5472945054945066,-5.547294505494507,-1.1094589010989013,5.648999999999887,3.2000000000000455,stop,2009
1,54389,54416,2009-09-13 16:35:00+00:00,2009-09-13 21:00:00+00:00,1004.85,1004.85,0.01,27,0.0,0.5851607142857231,-0.5851607142857231,-0.11703214285714462,0.004000000000019099,0.2279999999999518,session_flat,2009
-1,54676,54703,2009-09-14 18:45:00+00:00,2009-09-14 21:00:00+00:00,998.723,999.9590000000001,0.01,27,-1.2360000000001037,0.5627948717948699,-1.7987948717949735,-0.35975897435899473,1.3450000000000273,2.061999999999898,session_flat,2009
-1,54902,54920,2009-09-15 13:45:00+00:00,2009-09-15 15:15:00+00:00,997.9559999999999,1002.9559999999999,0.01,18,-5.0,0.5373287270794569,-5.537328727079457,-1.1074657454158914,5.356000000000108,3.7409999999999854,stop,2009
1,55190,55277,2009-09-16 13:45:00+00:00,2009-09-16 21:00:00+00:00,1016.181,1016.848,0.01,87,0.6669999999999163,0.5214036496350349,0.1455963503648814,0.029119270072976277,2.0440000000000964,2.5259999999999536,session_flat,2009
1,55469,55516,2009-09-17 13:00:00+00:00,2009-09-17 16:55:00+00:00,1015.388,1010.388,0.01,47,-5.0,0.5480317460317481,-5.548031746031748,-1.1096063492063497,5.148000000000025,4.239999999999895,stop,2009
-1,55778,55853,2009-09-18 14:45:00+00:00,2009-09-18 21:00:00+00:00,1010.655,1007.1,0.01,75,3.55499999999995,0.5512227272727315,3.0037772727272185,0.6007554545454437,2.1900000000000546,4.562999999999988,session_flat,2009
-1,56127,56147,2009-09-21 13:50:00+00:00,2009-09-21 15:30:00+00:00,998.644,1003.644,0.01,20,-5.0,0.5252556991774382,-5.525255699177438,-1.1050511398354876,5.852000000000089,1.9800000000000182,stop,2009
1,56414,56501,2009-09-22 13:45:00+00:00,2009-09-22 21:00:00+00:00,1016.558,1014.0640000000001,0.01,87,-2.4939999999999145,0.5620109890109883,-3.056010989010903,-0.6112021978021807,3.9969999999999573,0.0,session_flat,2009
-1,56723,56756,2009-09-23 15:35:00+00:00,2009-09-23 18:20:00+00:00,1010.289,1015.289,0.01,33,-5.0,0.5673145604395597,-5.567314560439559,-1.1134629120879118,7.175999999999931,1.56899999999996,stop,2009
1,56988,56993,2009-09-24 13:40:00+00:00,2009-09-24 14:05:00+00:00,1012.719,1007.719,0.01,5,-5.0,0.5468765432098748,-5.5468765432098746,-1.1093753086419749,6.7309999999999945,0.0,stop,2009
-1,57283,57364,2009-09-25 14:15:00+00:00,2009-09-25 21:00:00+00:00,991.039,990.627,0.01,81,0.41200000000003456,0.5616456346294914,-0.1496456346294568,-0.029929126925891357,2.270999999999958,3.20900000000006,session_flat,2009
-1,57412,57437,2009-09-27 17:00:00+00:00,2009-09-27 21:00:00+00:00,991.293,991.2349999999999,0.01,25,0.05800000000010642,0.6018270609319039,-0.5438270609317974,-0.10876541218635949,0.0,0.3429999999999609,session_flat,2009
-1,57921,57966,2009-09-29 13:20:00+00:00,2009-09-29 17:05:00+00:00,990.438,995.438,0.01,45,-5.0,0.552492793791576,-5.552492793791576,-1.1104985587583152,5.180999999999926,2.011000000000081,stop,2009
1,58205,58214,2009-09-30 13:10:00+00:00,2009-09-30 13:55:00+00:00,1000.745,995.745,0.01,9,-5.0,0.5130603321934448,-5.513060332193445,-1.102612066438689,5.875,1.6319999999999482,stop,2009
1,58499,58519,2009-10-01 13:45:00+00:00,2009-10-01 15:25:00+00:00,1005.0519999999999,1000.0519999999999,0.01,20,-5.0,0.5229825864276584,-5.522982586427658,-1.1045965172855317,5.2349999999999,1.1290000000001328,stop,2009
-1,58783,58786,2009-10-02 13:25:00+00:00,2009-10-02 13:40:00+00:00,995.886,1000.886,0.01,3,-5.0,0.5512312440645782,-5.551231244064578,-1.1102462488129157,6.170000000000073,0.0,stop,2009
1,58900,58926,2009-10-04 17:20:00+00:00,2009-10-04 21:00:00+00:00,1000.95,1001.7280000000001,0.01,26,0.77800000000002,0.5709242424242331,0.2070757575757869,0.04141515151515738,0.0,1.5259999999999536,session_flat,2009
1,59140,59214,2009-10-05 14:50:00+00:00,2009-10-05 21:00:00+00:00,1003.684,1016.943,0.01,74,13.259000000000015,0.5583327079424538,12.700667292057561,2.5401334584115123,1.0699999999999363,13.730000000000018,session_flat,2009
1,59436,59502,2009-10-06 15:30:00+00:00,2009-10-06 21:00:00+00:00,1040.641,1041.729,0.01,66,1.0879999999999654,0.5387614571092991,0.5492385428906663,0.10984770857813327,4.823000000000093,1.5929999999998472,session_flat,2009
1,59705,59790,2009-10-07 13:55:00+00:00,2009-10-07 21:00:00+00:00,1040.364,1043.821,0.01,85,3.4569999999998804,0.5569121951219473,2.9000878048779333,0.5800175609755867,1.8269999999999982,4.229000000000042,session_flat,2009
1,59989,60034,2009-10-08 13:35:00+00:00,2009-10-08 17:20:00+00:00,1046.525,1054.883,0.01,45,8.357999999999947,0.5433427464008845,7.814657253599063,1.5629314507198127,3.4710000000000036,14.638999999999896,stop,2009
1,60273,60365,2009-10-09 13:15:00+00:00,2009-10-09 21:00:00+00:00,1047.555,1048.25,0.01,92,0.6949999999999363,0.554557446808529,0.1404425531914073,0.02808851063828146,4.250999999999976,4.4809999999999945,session_flat,2009
1,60389,60415,2009-10-11 17:00:00+00:00,2009-10-11 21:00:00+00:00,1048.25,1048.25,0.01,26,0.0,0.5909138755980352,-0.5909138755980352,-0.11818277511960704,0.01499999999987267,0.6230000000000473,session_flat,2009
1,60610,60673,2009-10-12 13:25:00+00:00,2009-10-12 18:40:00+00:00,1052.854,1053.484,0.01,63,0.6299999999998818,0.5072971205377474,0.12270287946213432,0.024540575892426864,0.33700000000021646,5.9220000000000255,stop,2009
1,60894,60953,2009-10-13 13:10:00+00:00,2009-10-13 18:05:00+00:00,1059.153,1059.606,0.01,59,0.45299999999997453,0.5579983277591845,-0.10499832775920992,-0.020999665551841983,4.448000000000093,5.522999999999911,stop,2009
1,61238,61275,2009-10-14 17:55:00+00:00,2009-10-14 21:00:00+00:00,1063.069,1062.174,0.01,37,-0.8949999999999817,0.5519296987087455,-1.4469296987087272,-0.2893859397417454,3.41800000000012,3.61200000000008,session_flat,2009
-1,61472,61491,2009-10-15 13:25:00+00:00,2009-10-15 15:00:00+00:00,1051.943,1056.943,0.01,19,-5.0,0.572725524475528,-5.572725524475528,-1.1145451048951056,6.935999999999922,0.0,stop,2009
-1,61758,61779,2009-10-16 13:15:00+00:00,2009-10-16 15:00:00+00:00,1047.058,1052.058,0.01,21,-5.0,0.5507897727272868,-5.550789772727287,-1.1101579545454574,8.865999999999985,2.26299999999992,stop,2009
-1,62109,62123,2009-10-19 14:35:00+00:00,2009-10-19 15:45:00+00:00,1052.3600000000001,1057.3600000000001,0.01,14,-5.0,0.58209227594341,-5.58209227594341,-1.116418455188682,5.166999999999916,0.36300000000028376,stop,2009
1,62386,62406,2009-10-20 13:45:00+00:00,2009-10-20 15:25:00+00:00,1061.2060000000001,1056.2060000000001,0.01,20,-5.0,0.546309992132189,-5.546309992132189,-1.1092619984264378,5.425000000000182,1.1389999999998963,stop,2009
-1,62667,62672,2009-10-21 13:20:00+00:00,2009-10-21 13:45:00+00:00,1051.13,1056.13,0.01,5,-5.0,0.5118452023987958,-5.511845202398796,-1.102369040479759,5.161999999999807,0.0,stop,2009
-1,62956,62975,2009-10-22 13:25:00+00:00,2009-10-22 15:00:00+00:00,1055.3,1060.3,0.01,19,-5.0,0.55744308469309,-5.55744308469309,-1.111488616938618,5.413000000000011,3.8509999999998854,stop,2009
1,63249,63253,2009-10-23 13:50:00+00:00,2009-10-23 14:10:00+00:00,1064.517,1059.517,0.01,4,-5.0,0.5514547842401398,-5.55145478424014,-1.110290956848028,7.207000000000107,0.609000000000151,stop,2009
-1,63384,63408,2009-10-25 17:10:00+00:00,2009-10-25 21:00:00+00:00,1054.4499999999998,1054.4499999999998,0.01,24,-0.0,0.5987500000000285,-0.5987500000000285,-0.11975000000000571,0.45000000000027285,0.0,session_flat,2009
-1,63600,63613,2009-10-26 13:00:00+00:00,2009-10-26 14:05:00+00:00,1054.721,1059.721,0.01,13,-5.0,0.5128760568447543,-5.512876056844754,-1.1025752113689509,5.0900000000001455,0.73700000000008,stop,2009
-1,63889,63905,2009-10-27 13:05:00+00:00,2009-10-27 14:25:00+00:00,1040.8319999999999,1037.923,0.01,16,2.908999999999878,0.5543272727272639,2.3546727272726145,0.4709345454545229,0.7980000000002292,8.898999999999887,stop,2009
-1,64181,64272,2009-10-28 13:25:00+00:00,2009-10-28 21:00:00+00:00,1035.204,1027.88,0.01,91,7.323999999999842,0.5132648522095407,6.810735147790301,1.3621470295580602,3.8810000000000855,8.759999999999991,session_flat,2009
1,64499,64560,2009-10-29 15:55:00+00:00,2009-10-29 21:00:00+00:00,1041.22,1046.7199999999998,0.01,61,5.499999999999773,0.5697911338448542,4.930208866154919,0.9860417732309837,0.0,6.270999999999958,session_flat,2009
1,64752,64785,2009-10-30 13:05:00+00:00,2009-10-30 15:50:00+00:00,1041.6779999999999,1036.6779999999999,0.01,33,-5.0,0.547973148148157,-5.547973148148157,-1.1095946296296313,5.5090000000000146,3.729000000000269,stop,2009
1,64883,64911,2009-11-01 17:10:00+00:00,2009-11-01 21:00:00+00:00,1044.4,1044.4,0.01,28,0.0,0.5417760180995672,-0.5417760180995672,-0.10835520361991344,0.5500000000001819,0.5139999999998963,session_flat,2009
1,65113,65155,2009-11-02 14:00:00+00:00,2009-11-02 17:30:00+00:00,1054.719,1057.159,0.01,42,2.4400000000000546,0.546952639751539,1.8930473602485156,0.37860947204970313,1.2260000000001128,7.844000000000051,stop,2009
1,65398,65485,2009-11-03 13:45:00+00:00,2009-11-03 21:00:00+00:00,1058.249,1085.386,0.01,87,27.136999999999944,0.5429662058371585,26.594033794162787,5.318806758832557,2.859000000000151,29.323000000000093,session_flat,2009
1,65677,65737,2009-11-04 13:00:00+00:00,2009-11-04 18:00:00+00:00,1089.228,1089.7530000000002,0.01,60,0.525000000000091,0.5179901709401697,0.007009829059921202,0.0014019658119842405,0.8910000000000764,6.15099999999984,stop,2009
1,65966,66061,2009-11-05 13:05:00+00:00,2009-11-05 21:00:00+00:00,1090.6080000000002,1090.518,0.01,95,-0.09000000000014552,0.5394737295434922,-0.6294737295436377,-0.12589474590872754,3.536000000000058,2.1579999999999018,session_flat,2009
1,66257,66282,2009-11-06 13:20:00+00:00,2009-11-06 15:25:00+00:00,1092.68,1093.353,0.01,25,0.6730000000000018,0.5625041769041641,0.11049582309583772,0.022099164619167545,3.691000000000031,6.852000000000089,stop,2009
1,66378,66406,2009-11-08 17:00:00+00:00,2009-11-08 21:00:00+00:00,1094.8000000000002,1096.0,0.01,28,1.199999999999818,0.5340000000000159,0.6659999999998022,0.13319999999996043,0.0,1.75,session_flat,2009
1,66600,66659,2009-11-09 13:10:00+00:00,2009-11-09 18:05:00+00:00,1108.613,1103.613,0.01,59,-5.0,0.5489235537190025,-5.5489235537190025,-1.1097847107438006,5.45900000000006,1.4529999999999745,stop,2009
1,66903,66923,2009-11-10 14:25:00+00:00,2009-11-10 16:05:00+00:00,1101.214,1102.984,0.01,20,1.769999999999982,0.5712068511198838,1.1987931488800982,0.23975862977601964,0.22699999999986176,7.942999999999984,stop,2009
1,67179,67269,2009-11-11 13:30:00+00:00,2009-11-11 21:00:00+00:00,1114.816,1117.5149999999999,0.01,90,2.6989999999998417,0.5250806636155623,2.1739193363842793,0.43478386727685586,3.20900000000006,3.6579999999999018,session_flat,2009
1,67478,67503,2009-11-12 14:30:00+00:00,2009-11-12 16:35:00+00:00,1113.219,1108.219,0.01,25,-5.0,0.5565164489598484,-5.556516448959848,-1.1113032897919697,5.291000000000167,3.5659999999998035,stop,2009
-1,67753,67783,2009-11-13 13:25:00+00:00,2009-11-13 15:55:00+00:00,1107.038,1112.038,0.01,30,-5.0,0.542777238990592,-5.542777238990592,-1.1085554477981183,6.038999999999987,4.369999999999891,stop,2009
1,68087,68139,2009-11-16 13:00:00+00:00,2009-11-16 17:20:00+00:00,1128.69,1129.8339999999998,0.01,52,1.143999999999778,0.5175735042735135,0.6264264957262646,0.12528529914525294,3.5960000000000036,7.679999999999836,stop,2009
1,68407,68470,2009-11-17 15:45:00+00:00,2009-11-17 21:00:00+00:00,1133.1680000000001,1141.3609999999999,0.01,63,8.192999999999756,0.5483496777808972,7.644650322218859,1.5289300644437718,0.8250000000000455,8.338999999999942,session_flat,2009
1,68668,68688,2009-11-18 13:30:00+00:00,2009-11-18 15:10:00+00:00,1145.973,1146.214,0.01,20,0.24099999999998545,0.5324435061153217,-0.2914435061153362,-0.058288701223067244,2.2929999999998927,6.076000000000022,stop,2009
-1,68950,69003,2009-11-19 13:00:00+00:00,2009-11-19 17:25:00+00:00,1136.239,1141.239,0.01,53,-5.0,0.5527076466710568,-5.552707646671057,-1.1105415293342114,6.272999999999911,6.152000000000044,stop,2009
-1,69239,69257,2009-11-20 13:05:00+00:00,2009-11-20 14:35:00+00:00,1137.0529999999999,1142.0529999999999,0.01,18,-5.0,0.5471035714285695,-5.547103571428569,-1.1094207142857138,5.807000000000244,1.2899999999999636,stop,2009
1,69366,69388,2009-11-22 17:20:00+00:00,2009-11-22 21:00:00+00:00,1148.2,1148.1999999999998,0.01,22,-2.2737367544323206e-13,0.5814459930313678,-0.5814459930315952,-0.11628919860631903,2.2737367544323206e-13,2.7000000000000455,session_flat,2009
1,69584,69613,2009-11-23 13:25:00+00:00,2009-11-23 15:50:00+00:00,1163.884,1168.246,0.01,29,4.36200000000008,0.5183636670037093,3.843636332996371,0.7687272665992742,0.6599999999998545,9.653999999999996,stop,2009
1,69870,69889,2009-11-24 13:15:00+00:00,2009-11-24 14:50:00+00:00,1168.971,1163.971,0.01,19,-5.0,0.5648383739837386,-5.564838373983738,-1.1129676747967476,5.073000000000093,1.26299999999992,stop,2009
1,70171,70251,2009-11-25 14:20:00+00:00,2009-11-25 21:00:00+00:00,1180.176,1189.115,0.01,80,8.939000000000078,0.5366069794050361,8.402393020595042,1.6804786041190085,1.9639999999999418,11.442999999999984,session_flat,2009
1,70449,70538,2009-11-26 13:30:00+00:00,2009-11-26 21:00:00+00:00,1184.4360000000001,1192.6,0.01,89,8.16399999999976,0.572829113924038,7.591170886075722,1.5182341772151444,4.492000000000189,8.241999999999734,session_flat,2009
-1,70732,70746,2009-11-27 13:10:00+00:00,2009-11-27 14:20:00+00:00,1164.2649999999999,1156.17,0.01,14,8.0949999999998,0.5463080239969963,7.548691976002804,1.5097383952005607,1.48700000000008,15.039999999999964,stop,2009
1,70854,70881,2009-11-29 17:10:00+00:00,2009-11-29 21:00:00+00:00,1176.7,1176.7,0.01,27,0.0,0.5490347826087145,-0.5490347826087145,-0.10980695652174291,2.2737367544323206e-13,0.34399999999982356,session_flat,2009
-1,71077,71096,2009-11-30 13:20:00+00:00,2009-11-30 14:55:00+00:00,1171.619,1171.24,0.01,19,0.3789999999999054,0.5294938094097016,-0.15049380940979618,-0.030098761881959236,1.5820000000001073,5.8129999999998745,stop,2009
1,71365,71451,2009-12-01 13:20:00+00:00,2009-12-01 20:30:00+00:00,1190.725,1195.759,0.01,86,5.0340000000001055,0.5537011494252804,4.480298850574825,0.8960597701149651,0.0,10.44399999999996,stop,2009
1,71649,71685,2009-12-02 13:00:00+00:00,2009-12-02 16:00:00+00:00,1210.3339999999998,1210.424,0.01,36,0.09000000000014552,0.5139746031745942,-0.4239746031744487,-0.08479492063488973,4.2849999999998545,5.480000000000246,stop,2009
1,71949,71953,2009-12-03 14:00:00+00:00,2009-12-03 14:20:00+00:00,1214.133,1209.133,0.01,4,-5.0,0.5530889763779523,-5.5530889763779525,-1.1106177952755905,5.254000000000133,1.4510000000000218,stop,2009
-1,72241,72274,2009-12-04 14:20:00+00:00,2009-12-04 17:05:00+00:00,1192.237,1172.85,0.01,33,19.38700000000017,0.5603718676912779,18.826628132308894,3.7653256264617787,3.95699999999988,24.713000000000193,stop,2009
-1,72575,72586,2009-12-07 13:50:00+00:00,2009-12-07 14:45:00+00:00,1144.806,1143.566,0.01,11,1.240000000000009,0.5240701415701505,0.7159298584298586,0.14318597168597172,0.2719999999999345,7.257000000000062,stop,2009
-1,72890,72942,2009-12-08 16:10:00+00:00,2009-12-08 20:30:00+00:00,1151.511,1130.1399999999999,0.01,52,21.371000000000095,0.5488204830917973,20.822179516908296,4.164435903381659,0.6020000000000891,26.753999999999905,stop,2009
-1,73144,73162,2009-12-09 13:20:00+00:00,2009-12-09 14:50:00+00:00,1142.959,1141.215,0.01,18,1.7440000000001419,0.5146997578692568,1.229300242130885,0.24586004842617698,2.1639999999999873,8.045000000000073,stop,2009
-1,73431,73439,2009-12-10 13:15:00+00:00,2009-12-10 13:55:00+00:00,1123.619,1128.619,0.01,8,-5.0,0.583815772462833,-5.583815772462833,-1.1167631544925665,6.2150000000001455,0.2849999999998545,stop,2009
1,73724,73728,2009-12-11 13:40:00+00:00,2009-12-11 14:00:00+00:00,1135.519,1130.519,0.01,4,-5.0,0.5516857142857249,-5.551685714285725,-1.110337142857145,5.6340000000000146,1.5139999999998963,stop,2009
-1,73842,73867,2009-12-13 17:00:00+00:00,2009-12-13 21:00:00+00:00,1114.492,1113.85,0.01,25,0.6420000000000528,0.5263611111111479,0.11563888888890483,0.023127777777780967,0.5580000000002201,0.8419999999998709,session_flat,2009
-1,74061,74093,2009-12-14 13:15:00+00:00,2009-12-14 15:55:00+00:00,1122.584,1122.536,0.01,32,0.048000000000001826,0.5348520235680554,-0.48685202356805357,-0.09737040471361072,2.671000000000049,5.143000000000029,stop,2009
-1,74360,74363,2009-12-15 14:10:00+00:00,2009-12-15 14:25:00+00:00,1116.179,1121.179,0.01,3,-5.0,0.5570908695652088,-5.557090869565209,-1.1114181739130418,5.414999999999964,1.34900000000016,stop,2009
1,74635,74690,2009-12-16 13:10:00+00:00,2009-12-16 17:45:00+00:00,1131.0149999999999,1133.426,0.01,55,2.411000000000058,0.5127114285714335,1.8982885714286248,0.379657714285725,1.481999999999971,8.036000000000058,stop,2009
-1,74937,74980,2009-12-17 14:20:00+00:00,2009-12-17 17:55:00+00:00,1117.2220000000002,1107.0459999999998,0.01,43,10.176000000000386,0.5608033834586423,9.615196616541743,1.9230393233083487,3.62099999999964,15.538000000000238,stop,2009
-1,75231,75248,2009-12-18 14:55:00+00:00,2009-12-18 16:20:00+00:00,1106.683,1102.763,0.01,17,3.9200000000000728,0.528583855799381,3.391416144200692,0.6782832288401384,0.0,9.997000000000071,stop,2009
1,75551,75567,2009-12-21 13:25:00+00:00,2009-12-21 14:45:00+00:00,1115.4479999999999,1110.4479999999999,0.01,16,-5.0,0.4907732732732815,-5.490773273273281,-1.0981546546546563,6.617999999999938,2.481000000000222,stop,2009
-1,75843,75874,2009-12-22 13:45:00+00:00,2009-12-22 16:20:00+00:00,1093.012,1080.058,0.01,31,12.95399999999995,0.5594348659003852,12.394565134099565,2.478913026819913,0.6700000000000728,18.58699999999999,stop,2009
-1,76122,76149,2009-12-23 13:00:00+00:00,2009-12-23 15:15:00+00:00,1086.439,1091.439,0.01,27,-5.0,0.543689552238797,-5.5436895522387974,-1.1087379104477595,5.12299999999982,3.3940000000000055,stop,2009
1,76412,76505,2009-12-24 13:10:00+00:00,2009-12-24 21:00:00+00:00,1100.528,1104.455,0.01,93,3.9269999999999077,0.6106249999999998,3.316374999999908,0.6632749999999816,3.571999999999889,4.971000000000004,session_flat,2009
1,76706,76785,2009-12-25 14:10:00+00:00,2009-12-25 21:00:00+00:00,1104.001,1104.017,0.01,79,0.016000000000076398,0.5468415492957922,-0.5308415492957158,-0.10616830985914316,0.040000000000190994,0.0420000000001437,session_flat,2009
1,76812,76835,2009-12-27 17:20:00+00:00,2009-12-27 21:00:00+00:00,1103.8000000000002,1103.8,0.01,23,-2.2737367544323206e-13,0.5557199999999931,-0.5557200000002205,-0.1111440000000441,0.032000000000152795,0.0,session_flat,2009
1,77032,77049,2009-12-28 13:35:00+00:00,2009-12-28 15:00:00+00:00,1109.602,1104.602,0.01,17,-5.0,0.5416247086247202,-5.54162470862472,-1.1083249417249441,5.128000000000156,0.43899999999985084,stop,2009
-1,77341,77409,2009-12-29 15:20:00+00:00,2009-12-29 21:00:00+00:00,1103.859,1096.873,0.01,68,6.985999999999877,0.5534166666666573,6.43258333333322,1.2865166666666439,0.18499999999994543,7.4220000000000255,session_flat,2009
-1,77601,77645,2009-12-30 13:00:00+00:00,2009-12-30 16:40:00+00:00,1091.9180000000001,1091.6280000000002,0.01,44,0.2899999999999636,0.4834020524929552,-0.19340205249299158,-0.038680410498598314,2.102999999999838,6.065000000000055,stop,2009
1,77891,77916,2009-12-31 13:10:00+00:00,2009-12-31 15:15:00+00:00,1103.035,1098.035,0.01,25,-5.0,0.5621965250965255,-5.5621965250965255,-1.112439305019305,5.636999999999944,2.3559999999999945,stop,2009
-1,78176,78262,2010-01-01 13:40:00+00:00,2010-01-01 21:00:00+00:00,1096.351,1096.3310000000001,0.01,86,0.01999999999998181,0.6065839080459656,-0.5865839080459838,-0.11731678160919676,0.018999999999778083,0.032000000000152795,session_flat,2010
-1,78287,78314,2010-01-03 17:00:00+00:00,2010-01-03 21:00:00+00:00,1096.35,1096.35,0.01,27,-0.0,0.624178571428617,-0.624178571428617,-0.1248357142857234,0.9200000000000728,0.0,session_flat,2010
1,78535,78577,2010-01-04 15:25:00+00:00,2010-01-04 18:55:00+00:00,1120.675,1115.675,0.01,42,-5.0,0.5567022517534153,-5.556702251753415,-1.111340450350683,5.211999999999989,2.2110000000000127,stop,2010
1,78805,78851,2010-01-05 13:55:00+00:00,2010-01-05 17:45:00+00:00,1120.301,1120.845,0.01,46,0.5440000000000964,0.6164158230958328,-0.07241582309573635,-0.014483164619147271,2.44399999999996,5.553000000000111,stop,2010
1,79100,79178,2010-01-06 14:30:00+00:00,2010-01-06 21:00:00+00:00,1129.63,1137.5529999999999,0.01,78,7.9229999999997744,0.5257264507989856,7.397273549200789,1.4794547098401578,2.6000000000001364,10.585999999999785,session_flat,2010
1,79394,79466,2010-01-07 15:00:00+00:00,2010-01-07 21:00:00+00:00,1130.266,1130.721,0.01,72,0.45499999999992724,0.5431354926563539,-0.08813549265642662,-0.017627098531285322,1.2460000000000946,4.559999999999945,session_flat,2010
1,79679,79682,2010-01-08 14:45:00+00:00,2010-01-08 15:00:00+00:00,1133.877,1128.877,0.01,3,-5.0,0.5525818315186964,-5.5525818315186966,-1.1105163663037394,5.244999999999891,0.0,stop,2010
1,80017,80058,2010-01-11 14:25:00+00:00,2010-01-11 17:50:00+00:00,1155.673,1150.673,0.01,41,-5.0,0.5999145842798683,-5.599914584279868,-1.1199829168559736,5.720000000000027,2.8209999999999127,stop,2010
-1,80304,80314,2010-01-12 14:20:00+00:00,2010-01-12 15:10:00+00:00,1146.658,1151.658,0.01,10,-5.0,0.539843534883728,-5.539843534883728,-1.1079687069767457,5.304000000000087,0.1979999999998654,stop,2010
-1,80612,80627,2010-01-13 16:00:00+00:00,2010-01-13 17:15:00+00:00,1125.186,1130.186,0.01,15,-5.0,0.5825873440285174,-5.582587344028518,-1.1165174688057036,6.567000000000235,3.729000000000042,stop,2010
-1,80866,80875,2010-01-14 13:10:00+00:00,2010-01-14 13:55:00+00:00,1136.636,1141.636,0.01,9,-5.0,0.5592051491672232,-5.559205149167223,-1.1118410298334447,5.410000000000082,0.0,stop,2010
-1,81168,81185,2010-01-15 14:20:00+00:00,2010-01-15 15:45:00+00:00,1134.554,1132.43,0.01,17,2.1240000000000236,0.5717611111111081,1.5522388888889156,0.3104477777777831,1.8419999999998709,7.47400000000016,stop,2010
-1,81510,81587,2010-01-18 14:35:00+00:00,2010-01-18 21:00:00+00:00,1133.717,1132.495,0.01,77,1.2220000000002074,0.534741788321174,0.6872582116790333,0.13745164233580667,2.0459999999998217,1.2860000000000582,session_flat,2010
-1,81780,81798,2010-01-19 13:15:00+00:00,2010-01-19 14:45:00+00:00,1130.846,1135.846,0.01,18,-5.0,0.5455618754086078,-5.545561875408608,-1.1091123750817216,5.333000000000084,1.3379999999999654,stop,2010
-1,82067,82139,2010-01-20 13:10:00+00:00,2010-01-20 19:10:00+00:00,1130.101,1113.719,0.01,72,16.382000000000062,0.5219864242981918,15.86001357570187,3.172002715140374,0.027999999999792635,22.876000000000204,stop,2010
-1,82361,82397,2010-01-21 13:45:00+00:00,2010-01-21 16:45:00+00:00,1106.994,1094.663,0.01,36,12.330999999999905,0.5779274581038287,11.753072541896076,2.3506145083792154,2.6749999999999545,17.628999999999905,stop,2010
-1,82670,82676,2010-01-22 15:30:00+00:00,2010-01-22 16:00:00+00:00,1086.0990000000002,1091.0990000000002,0.01,6,-5.0,0.5514004380826252,-5.551400438082625,-1.110280087616525,7.1479999999996835,0.7960000000002765,stop,2010
-1,83014,83080,2010-01-25 15:30:00+00:00,2010-01-25 21:00:00+00:00,1096.916,1097.347,0.01,66,-0.43100000000004,0.6796486394557781,-1.1106486394558182,-0.22212972789116364,2.1940000000001874,3.8659999999999854,session_flat,2010
-1,83272,83293,2010-01-26 13:00:00+00:00,2010-01-26 14:45:00+00:00,1091.164,1096.164,0.01,21,-5.0,0.544610245765267,-5.544610245765267,-1.1089220491530534,5.366999999999962,5.4249999999999545,stop,2010
-1,83598,83640,2010-01-27 16:10:00+00:00,2010-01-27 19:40:00+00:00,1094.609,1090.123,0.01,42,4.485999999999876,0.6051946996093418,3.8808053003905343,0.7761610600781068,1.97400000000016,10.804999999999836,stop,2010
-1,83859,83909,2010-01-28 13:55:00+00:00,2010-01-28 18:05:00+00:00,1091.367,1080.943,0.01,50,10.423999999999978,0.5751558711177602,9.848844128882218,1.9697688257764436,4.270999999999958,16.98199999999997,stop,2010
-1,84135,84144,2010-01-29 13:00:00+00:00,2010-01-29 13:45:00+00:00,1084.275,1089.275,0.01,9,-5.0,0.6069535040431315,-5.6069535040431315,-1.1213907008086264,5.232999999999947,1.913000000000011,stop,2010
1,84513,84588,2010-02-01 14:45:00+00:00,2010-02-01 21:00:00+00:00,1087.232,1105.808,0.01,75,18.576000000000022,0.5384861063464876,18.037513893653536,3.6075027787307072,1.61200000000008,20.054000000000087,session_flat,2010
1,84783,84876,2010-02-02 13:15:00+00:00,2010-02-02 21:00:00+00:00,1111.399,1113.9270000000001,0.01,93,2.5280000000002474,0.6118880027150775,1.91611199728517,0.38322239945703396,3.2779999999997926,6.466000000000122,session_flat,2010
1,85072,85116,2010-02-03 13:20:00+00:00,2010-02-03 17:00:00+00:00,1114.757,1109.757,0.01,44,-5.0,0.5030508761449608,-5.503050876144961,-1.1006101752289923,5.654999999999973,3.16599999999994,stop,2010
-1,85390,85402,2010-02-04 15:50:00+00:00,2010-02-04 16:50:00+00:00,1075.536,1066.7820000000002,0.01,12,8.753999999999905,0.5712054794520478,8.182794520547858,1.6365589041095716,0.45299999999997453,13.896000000000186,stop,2010
-1,85650,85651,2010-02-05 13:30:00+00:00,2010-02-05 13:35:00+00:00,1057.65,1062.65,0.01,1,-5.0,0.5520772819472621,-5.552077281947263,-1.1104154563894526,5.528999999999996,0.0,stop,2010
-1,85987,86020,2010-02-08 13:00:00+00:00,2010-02-08 15:45:00+00:00,1069.284,1068.497,0.01,33,0.7870000000000346,0.5367352325094232,0.25026476749061133,0.05005295349812226,2.461999999999989,7.3680000000001655,stop,2010
1,86281,86299,2010-02-09 13:30:00+00:00,2010-02-09 15:00:00+00:00,1076.083,1071.083,0.01,18,-5.0,0.5510929365962245,-5.551092936596224,-1.110218587319245,5.198000000000093,0.5749999999998181,stop,2010
1,86565,86572,2010-02-10 13:10:00+00:00,2010-02-10 13:45:00+00:00,1078.54,1073.54,0.01,7,-5.0,0.4621121275121269,-5.4621121275121265,-1.0924224255024253,5.843000000000075,0.0,stop,2010
1,86866,86947,2010-02-11 14:15:00+00:00,2010-02-11 21:00:00+00:00,1078.22,1093.665,0.01,81,15.444999999999936,0.5938387035990305,14.851161296400907,2.9702322592801815,3.4680000000000746,19.36500000000001,session_flat,2010
1,87144,87158,2010-02-12 13:25:00+00:00,2010-02-12 14:35:00+00:00,1085.3890000000001,1080.3890000000001,0.01,14,-5.0,0.5840659075224193,-5.584065907522419,-1.1168131815044837,7.156000000000176,3.1149999999997817,stop,2010
1,87454,87547,2010-02-15 13:10:00+00:00,2010-02-15 21:05:00+00:00,1099.263,1100.681,0.01,93,1.41800000000012,0.5311922169811394,0.8868077830189807,0.17736155660379613,1.356999999999971,2.193000000000211,session_flat,2010
1,87756,87832,2010-02-16 14:40:00+00:00,2010-02-16 21:00:00+00:00,1115.436,1118.589,0.01,76,3.1530000000000205,0.5436725065842343,2.609327493415786,0.5218654986831572,1.316000000000031,5.291000000000167,session_flat,2010
1,88031,88056,2010-02-17 13:35:00+00:00,2010-02-17 15:40:00+00:00,1121.038,1116.038,0.01,25,-5.0,0.5097234761476792,-5.509723476147679,-1.1019446952295358,5.130000000000109,1.9079999999999018,stop,2010
1,88343,88355,2010-02-18 15:35:00+00:00,2010-02-18 16:35:00+00:00,1116.301,1117.2649999999999,0.01,12,0.9639999999999418,0.5718047486739026,0.39219525132603916,0.07843905026520784,1.1079999999999472,6.652000000000044,stop,2010
1,88628,88671,2010-02-19 15:20:00+00:00,2010-02-19 18:55:00+00:00,1112.538,1120.591,0.01,43,8.052999999999884,0.5770634057971069,7.475936594202777,1.4951873188405553,0.0,13.460000000000036,stop,2010
1,88727,88751,2010-02-21 17:20:00+00:00,2010-02-21 21:00:00+00:00,1117.5,1117.5,0.01,24,0.0,0.6442060606060285,-0.6442060606060285,-0.1288412121212057,0.0,1.2229999999999563,session_flat,2010
1,88948,88964,2010-02-22 13:30:00+00:00,2010-02-22 14:50:00+00:00,1122.798,1117.798,0.01,16,-5.0,0.5329009502924057,-5.532900950292405,-1.106580190058481,6.992999999999938,0.2239999999999327,stop,2010
-1,89246,89312,2010-02-23 14:20:00+00:00,2010-02-23 19:50:00+00:00,1110.8519999999999,1104.6970000000001,0.01,66,6.154999999999745,0.5707740408163247,5.584225959183421,1.1168451918366842,0.7020000000002256,11.56399999999985,stop,2010
-1,89532,89540,2010-02-24 14:10:00+00:00,2010-02-24 14:50:00+00:00,1095.109,1100.109,0.01,8,-5.0,0.6106970555555553,-5.610697055555555,-1.122139411111111,6.8530000000000655,0.9389999999998508,stop,2010
-1,89817,89843,2010-02-25 13:55:00+00:00,2010-02-25 16:05:00+00:00,1094.091,1099.091,0.01,26,-5.0,0.5546013363029041,-5.554601336302904,-1.1109202672605807,5.813000000000102,5.446999999999889,stop,2010
1,90120,90144,2010-02-26 15:10:00+00:00,2010-02-26 17:10:00+00:00,1109.508,1112.031,0.01,24,2.522999999999911,0.5995699586741954,1.9234300413257155,0.3846860082651431,0.0,8.463999999999942,stop,2010
1,90221,90246,2010-02-28 17:10:00+00:00,2010-02-28 21:00:00+00:00,1116.7,1116.7,0.01,25,0.0,0.626524925224331,-0.626524925224331,-0.1253049850448662,2.2737367544323206e-13,0.45099999999979445,session_flat,2010
1,90455,90533,2010-03-01 14:30:00+00:00,2010-03-01 21:00:00+00:00,1117.274,1116.94,0.01,78,-0.33399999999983265,0.5268695402298857,-0.8608695402297184,-0.17217390804594368,4.555999999999813,3.8680000000001655,session_flat,2010
1,90740,90814,2010-03-02 14:15:00+00:00,2010-03-02 20:25:00+00:00,1121.6170000000002,1132.145,0.01,74,10.527999999999793,0.6537676282051161,9.874232371794676,1.9748464743589351,0.8120000000001255,15.793999999999869,stop,2010
1,91022,91094,2010-03-03 13:45:00+00:00,2010-03-03 19:45:00+00:00,1139.213,1139.339,0.01,72,0.12599999999997635,0.5436086956521703,-0.41760869565219394,-0.08352173913043878,4.105000000000018,5.671000000000049,stop,2010
1,91303,91314,2010-03-04 13:15:00+00:00,2010-03-04 14:10:00+00:00,1138.371,1133.371,0.01,11,-5.0,0.6097137144321985,-5.609713714432198,-1.1219427428864397,5.710000000000036,0.70699999999988,stop,2010
1,91633,91655,2010-03-05 16:45:00+00:00,2010-03-05 18:35:00+00:00,1137.841,1132.841,0.01,22,-5.0,0.5644995169082154,-5.564499516908215,-1.1128999033816431,5.205999999999904,0.3650000000000091,stop,2010
-1,91965,92024,2010-03-08 16:05:00+00:00,2010-03-08 21:00:00+00:00,1124.551,1121.7579999999998,0.01,59,2.79300000000012,0.6772867346938751,2.115713265306245,0.423142653061249,0.6170000000001892,6.112999999999829,session_flat,2010
-1,92232,92258,2010-03-09 14:20:00+00:00,2010-03-09 16:30:00+00:00,1113.507,1118.507,0.01,26,-5.0,0.5594021587301539,-5.559402158730154,-1.1118804317460307,5.092999999999847,0.09100000000012187,stop,2010
1,92506,92527,2010-03-10 13:10:00+00:00,2010-03-10 14:55:00+00:00,1125.003,1120.003,0.01,21,-5.0,0.5309098668487533,-5.530909866848753,-1.1061819733697507,5.56899999999996,0.9470000000001164,stop,2010
-1,92799,92809,2010-03-11 13:35:00+00:00,2010-03-11 14:25:00+00:00,1107.621,1105.746,0.01,10,1.875,0.5519471629359685,1.3230528370640315,0.2646105674128063,0.0,7.026000000000067,stop,2010
-1,93113,93176,2010-03-12 15:45:00+00:00,2010-03-12 21:00:00+00:00,1109.083,1102.321,0.01,63,6.762000000000171,0.587460231980127,6.174539768020044,1.2349079536040088,1.252999999999929,10.439000000000078,session_flat,2010
-1,93207,93237,2010-03-14 16:40:00+00:00,2010-03-14 21:00:00+00:00,1101.6,1099.5,0.01,30,2.099999999999909,0.6122500000000048,1.4877499999999042,0.29754999999998083,0.0,2.099999999999909,session_flat,2010
-1,93440,93525,2010-03-15 13:55:00+00:00,2010-03-15 21:00:00+00:00,1105.716,1108.201,0.01,85,-2.4850000000001273,0.5253086142322103,-3.0103086142323376,-0.6020617228464675,2.8330000000000837,4.429999999999836,session_flat,2010
1,93759,93813,2010-03-16 16:30:00+00:00,2010-03-16 21:00:00+00:00,1124.701,1127.4279999999999,0.01,54,2.7269999999998618,0.5878264084507143,2.1391735915491474,0.4278347183098295,3.8530000000000655,3.4710000000000036,session_flat,2010
1,94009,94084,2010-03-17 13:20:00+00:00,2010-03-17 19:35:00+00:00,1124.338,1119.338,0.01,75,-5.0,0.5198969831410788,-5.519896983141079,-1.1039793966282159,5.144999999999982,3.143000000000029,stop,2010
1,94294,94319,2010-03-18 13:05:00+00:00,2010-03-18 15:10:00+00:00,1124.266,1119.266,0.01,25,-5.0,0.589957955913923,-5.589957955913923,-1.1179915911827847,5.371000000000095,2.502999999999929,stop,2010
1,94594,94598,2010-03-19 14:05:00+00:00,2010-03-19 14:25:00+00:00,1123.251,1118.251,0.01,4,-5.0,0.5522864885791707,-5.5522864885791705,-1.110457297715834,8.403999999999996,0.6040000000000418,stop,2010
-1,94701,94728,2010-03-21 17:00:00+00:00,2010-03-21 21:00:00+00:00,1106.5500000000002,1106.55,0.01,27,2.2737367544323206e-13,0.6429810606060613,-0.6429810606058339,-0.1285962121211668,0.6999999999998181,0.0500000000001819,session_flat,2010
-1,94938,94961,2010-03-22 14:35:00+00:00,2010-03-22 16:30:00+00:00,1095.5900000000001,1100.5900000000001,0.01,23,-5.0,0.5337482174688014,-5.533748217468801,-1.1067496434937603,5.429999999999836,1.4550000000001546,stop,2010
-1,95209,95222,2010-03-23 13:10:00+00:00,2010-03-23 14:15:00+00:00,1098.549,1103.549,0.01,13,-5.0,0.5545692307692229,-5.554569230769223,-1.1109138461538446,5.507000000000062,2.5270000000000437,stop,2010
-1,95541,95591,2010-03-24 16:50:00+00:00,2010-03-24 21:00:00+00:00,1091.993,1086.188,0.01,50,5.804999999999836,0.6157689064558705,5.189231093543966,1.0378462187087931,0.6720000000000255,7.0,session_flat,2010
-1,95822,95879,2010-03-25 16:15:00+00:00,2010-03-25 21:00:00+00:00,1091.797,1090.3049999999998,0.01,57,1.4920000000001892,0.5684666666666658,0.9235333333335234,0.18470666666670468,3.127999999999929,4.242999999999938,session_flat,2010
1,96076,96113,2010-03-26 13:25:00+00:00,2010-03-26 16:30:00+00:00,1094.345,1100.3780000000002,0.01,37,6.033000000000129,0.587059710078252,5.445940289921877,1.0891880579843753,3.3480000000001837,11.336999999999989,stop,2010
1,96193,96219,2010-03-28 17:00:00+00:00,2010-03-28 21:00:00+00:00,1105.6,1106.664,0.01,26,1.0640000000000782,0.5889311639549659,0.4750688360451123,0.09501376720902246,0.0,7.747000000000071,session_flat,2010
1,96412,96507,2010-03-29 13:05:00+00:00,2010-03-29 21:00:00+00:00,1111.635,1109.4859999999999,0.01,95,-2.1490000000001146,0.5292346723044514,-2.678234672304566,-0.5356469344609132,4.483999999999924,2.716999999999871,session_flat,2010
-1,96714,96795,2010-03-30 14:15:00+00:00,2010-03-30 21:00:00+00:00,1107.019,1103.3960000000002,0.01,81,3.62299999999982,0.6105162428645612,3.012483757135259,0.6024967514270518,0.0,5.176999999999907,session_flat,2010
1,96999,97083,2010-03-31 14:00:00+00:00,2010-03-31 21:00:00+00:00,1115.592,1112.907,0.01,84,-2.685000000000173,0.5180859528068895,-3.2030859528070623,-0.6406171905614124,3.9670000000000982,2.1849999999999454,session_flat,2010
1,97300,97371,2010-04-01 15:05:00+00:00,2010-04-01 21:00:00+00:00,1125.342,1126.3719999999998,0.01,71,1.0299999999997453,0.5985390070922065,0.4314609929075388,0.08629219858150776,1.474999999999909,2.380999999999858,session_flat,2010
1,97567,97657,2010-04-02 13:20:00+00:00,2010-04-02 21:00:00+00:00,1119.509,1120.574,0.01,90,1.0650000000000546,0.6417104782767458,0.4232895217233088,0.08465790434466176,1.683999999999969,5.397999999999911,session_flat,2010
1,97693,97719,2010-04-04 17:00:00+00:00,2010-04-04 21:00:00+00:00,1120.1170000000002,1120.5,0.01,26,0.3829999999998108,0.6880603621730603,-0.3050603621732495,-0.0610120724346499,0.0,2.3329999999998563,session_flat,2010
1,97919,98007,2010-04-05 13:40:00+00:00,2010-04-05 21:00:00+00:00,1127.9029999999998,1131.6860000000001,0.01,88,3.783000000000357,0.549642367022655,3.233357632977702,0.6466715265955404,1.5859999999997854,5.317000000000235,session_flat,2010
1,98213,98295,2010-04-06 14:10:00+00:00,2010-04-06 21:00:00+00:00,1132.761,1133.968,0.01,82,1.2070000000001073,0.6328300368550304,0.574169963145077,0.11483399262901539,0.0,5.782999999999902,session_flat,2010
1,98510,98561,2010-04-07 14:55:00+00:00,2010-04-07 19:10:00+00:00,1143.864,1147.432,0.01,51,3.5679999999999836,0.5177263478757843,3.0502736521241993,0.6100547304248398,0.5109999999999673,8.969000000000051,stop,2010
1,98789,98871,2010-04-08 14:10:00+00:00,2010-04-08 21:00:00+00:00,1148.32,1150.29,0.01,82,1.9700000000000273,0.6328300368550446,1.3371699631449827,0.26743399262899653,0.0,5.163999999999987,session_flat,2010
1,99075,99159,2010-04-09 14:00:00+00:00,2010-04-09 21:00:00+00:00,1153.3310000000001,1161.384,0.01,84,8.052999999999884,0.5835534219046459,7.469446578095238,1.4938893156190476,0.68100000000004,10.674999999999727,session_flat,2010
1,99196,99221,2010-04-11 17:00:00+00:00,2010-04-11 21:00:00+00:00,1159.9,1159.9,0.01,25,0.0,0.5854477124183373,-0.5854477124183373,-0.11708954248366746,0.06100000000014916,0.06299999999987449,session_flat,2010
1,99430,99469,2010-04-12 14:25:00+00:00,2010-04-12 17:40:00+00:00,1159.242,1159.741,0.01,39,0.49900000000002365,0.513053085299441,-0.0140530852994174,-0.00281061705988348,0.0,6.0,stop,2010
-1,99734,99797,2010-04-13 15:45:00+00:00,2010-04-13 21:00:00+00:00,1149.7,1150.45,0.01,63,-0.75,0.5648190273717848,-1.3148190273717848,-0.26296380547435694,3.7999999999999545,0.9500000000000455,session_flat,2010
1,99991,99999,2010-04-14 13:10:00+00:00,2010-04-14 13:50:00+00:00,1159.1,1154.1,0.01,8,-5.0,0.47002540549486865,-5.4700254054948685,-1.0940050810989737,6.0,0.0,stop,2010
1,100320,100373,2010-04-15 16:35:00+00:00,2010-04-15 21:00:00+00:00,1159.5500000000002,1158.85,0.01,53,-0.7000000000002728,0.5650555068012464,-1.2650555068015192,-0.25301110136030386,2.100000000000364,1.9999999999997726,session_flat,2010
-1,100582,100596,2010-04-16 14:25:00+00:00,2010-04-16 15:35:00+00:00,1152.75,1140.7,0.01,14,12.049999999999955,0.5535345509893552,11.4964654490106,2.29929308980212,2.150000000000091,18.59999999999991,stop,2010
-1,100698,100706,2010-04-18 19:50:00+00:00,2010-04-18 21:00:00+00:00,1136.6399999999999,1133.72,0.01,8,2.9199999999998454,0.6385944055944057,2.28140559440544,0.45628111888108797,0.0500000000001819,3.269999999999982,session_flat,2010
-1,100904,100994,2010-04-19 13:30:00+00:00,2010-04-19 21:00:00+00:00,1132.685,1135.5500000000002,0.01,90,-2.8650000000002365,0.5471447832082283,-3.412144783208465,-0.682428956641693,4.442000000000007,2.2829999999999018,session_flat,2010
1,101192,101282,2010-04-20 13:30:00+00:00,2010-04-20 21:00:00+00:00,1141.239,1140.532,0.01,90,-0.7070000000001073,0.6198864978423813,-1.3268864978424886,-0.2653772995684977,3.7870000000000346,4.491999999999962,session_flat,2010
1,101493,101569,2010-04-21 14:40:00+00:00,2010-04-21 21:00:00+00:00,1141.98,1146.409,0.01,76,4.429000000000087,0.5453730407523516,3.883626959247736,0.7767253918495471,3.4149999999999636,7.891000000000076,session_flat,2010
-1,101767,101798,2010-04-22 13:30:00+00:00,2010-04-22 16:05:00+00:00,1141.409,1138.325,0.01,31,3.08400000000006,0.5597246821805713,2.5242753178194888,0.5048550635638978,0.0,9.358000000000175,stop,2010
-1,102062,102064,2010-04-23 14:05:00+00:00,2010-04-23 14:15:00+00:00,1139.2069999999999,1144.2069999999999,0.01,2,-5.0,0.6025867579908628,-5.602586757990863,-1.1205173515981726,5.9650000000001455,0.0,stop,2010
1,102181,102205,2010-04-25 17:00:00+00:00,2010-04-25 21:00:00+00:00,1156.9,1157.3000000000002,0.01,24,0.400000000000091,0.6288294117647226,-0.22882941176463162,-0.04576588235292632,0.0,0.40000000000009095,session_flat,2010
1,102402,102493,2010-04-26 13:25:00+00:00,2010-04-26 21:00:00+00:00,1153.0149999999999,1153.4270000000001,0.01,91,0.412000000000262,0.5481949930026655,-0.1361949930024035,-0.0272389986004807,2.3199999999999363,3.1280000000001564,session_flat,2010
1,102716,102781,2010-04-27 15:35:00+00:00,2010-04-27 21:00:00+00:00,1158.269,1167.633,0.01,65,9.364000000000033,0.6062749999999892,8.757725000000043,1.7515450000000086,1.8979999999999109,13.740999999999985,session_flat,2010
1,102986,103034,2010-04-28 14:05:00+00:00,2010-04-28 18:05:00+00:00,1162.22,1168.444,0.01,48,6.223999999999933,0.5081897406559972,5.715810259343936,1.1431620518687873,0.0,11.684999999999945,stop,2010
1,103283,103357,2010-04-29 14:50:00+00:00,2010-04-29 21:00:00+00:00,1167.24,1166.683,0.01,74,-0.5570000000000164,0.5551804109589076,-1.112180410958924,-0.2224360821917848,4.267000000000053,1.9909999999999854,session_flat,2010
1,103573,103644,2010-04-30 15:05:00+00:00,2010-04-30 21:00:00+00:00,1179.2060000000001,1178.4,0.01,71,-0.80600000000004,0.6320362318840684,-1.4380362318841085,-0.28760724637682167,2.269999999999982,2.2769999999998163,session_flat,2010
1,103680,103705,2010-05-02 17:10:00+00:00,2010-05-02 21:00:00+00:00,1178.25,1178.25,0.01,25,0.0,0.6699637681159758,-0.6699637681159758,-0.13399275362319515,0.0,0.9500000000000455,session_flat,2010
1,103919,103992,2010-05-03 14:55:00+00:00,2010-05-03 21:00:00+00:00,1181.776,1182.187,0.01,73,0.41099999999983083,0.5682022099447559,-0.15720220994492506,-0.03144044198898501,1.0809999999999036,4.58400000000006,session_flat,2010
1,104187,104189,2010-05-04 13:20:00+00:00,2010-05-04 13:30:00+00:00,1188.711,1183.711,0.01,2,-5.0,0.5575606031403356,-5.5575606031403355,-1.1115121206280671,5.038999999999987,0.29099999999994,stop,2010
-1,104485,104491,2010-05-05 14:10:00+00:00,2010-05-05 14:40:00+00:00,1165.163,1170.163,0.01,6,-5.0,0.4598459359605912,-5.459845935960591,-1.0919691871921182,6.735999999999876,1.5239999999998872,stop,2010
1,104759,104823,2010-05-06 13:00:00+00:00,2010-05-06 18:20:00+00:00,1177.344,1194.1570000000002,0.01,64,16.813000000000102,0.5592967836257208,16.25370321637438,3.250740643274876,0.5289999999999964,22.029999999999973,stop,2010
1,105180,105207,2010-05-09 17:00:00+00:00,2010-05-09 21:00:00+00:00,1207.793,1207.75,0.01,27,-0.04299999999989268,0.6019424242424563,-0.6449424242423489,-0.12898848484846978,1.4239999999997508,0.5070000000002892,session_flat,2010
-1,105415,105448,2010-05-10 14:20:00+00:00,2010-05-10 17:05:00+00:00,1196.9859999999999,1201.9859999999999,0.01,33,-5.0,0.5085171403640015,-5.508517140364002,-1.1017034280728004,5.092000000000098,2.369999999999891,stop,2010
1,105693,105783,2010-05-11 13:30:00+00:00,2010-05-11 21:00:00+00:00,1220.232,1232.433,0.01,90,12.201000000000022,0.6134643383126626,11.58753566168736,2.317507132337472,4.817000000000007,13.669000000000096,session_flat,2010
1,105977,105999,2010-05-12 13:10:00+00:00,2010-05-12 15:00:00+00:00,1235.949,1236.3739999999998,0.01,22,0.42499999999972715,0.5098051979017659,-0.08480519790203878,-0.016961039580407754,0.9690000000000509,5.460000000000036,stop,2010
1,106272,106299,2010-05-13 13:45:00+00:00,2010-05-13 16:00:00+00:00,1236.6779999999999,1237.274,0.01,27,0.5960000000000036,0.5807843268288329,0.015215673171170785,0.003043134634234157,0.6569999999999254,6.060000000000173,stop,2010
1,106564,106567,2010-05-14 14:05:00+00:00,2010-05-14 14:20:00+00:00,1237.7240000000002,1232.7240000000002,0.01,3,-5.0,0.5513316722037664,-5.551331672203767,-1.1102663344407533,5.511000000000195,1.0149999999998727,stop,2010
-1,106682,106707,2010-05-16 17:00:00+00:00,2010-05-16 21:00:00+00:00,1232.377,1230.05,0.01,25,2.326999999999998,0.6740005405405447,1.6529994594594535,0.3305998918918907,0.1770000000001346,2.326999999999998,session_flat,2010
-1,106905,106908,2010-05-17 13:35:00+00:00,2010-05-17 13:50:00+00:00,1230.524,1235.524,0.01,3,-5.0,0.4639295278364987,-5.463929527836498,-1.0927859055672997,5.2970000000000255,2.7349999999999,stop,2010
-1,107192,107218,2010-05-18 13:30:00+00:00,2010-05-18 15:40:00+00:00,1214.211,1219.211,0.01,26,-5.0,0.5564641432844402,-5.55646414328444,-1.1112928286568882,5.358999999999924,1.875,stop,2010
-1,107478,107494,2010-05-19 13:20:00+00:00,2010-05-19 14:40:00+00:00,1208.508,1199.005,0.01,16,9.502999999999929,0.46211540404040774,9.040884595959522,1.8081769191919044,0.59699999999998,15.490000000000009,stop,2010
-1,107767,107772,2010-05-20 13:25:00+00:00,2010-05-20 13:50:00+00:00,1187.645,1192.645,0.01,5,-5.0,0.5591230123225803,-5.55912301232258,-1.111824602464516,5.2000000000000455,1.7049999999999272,stop,2010
-1,108062,108082,2010-05-21 14:00:00+00:00,2010-05-21 15:40:00+00:00,1181.339,1186.339,0.01,20,-5.0,0.5864868965517327,-5.586486896551733,-1.1172973793103467,6.247000000000071,5.09900000000016,stop,2010
1,108418,108492,2010-05-24 14:20:00+00:00,2010-05-24 20:30:00+00:00,1186.753,1191.495,0.01,74,4.741999999999962,0.5426104987599936,4.199389501239969,0.8398779002479937,0.34699999999998,9.754000000000133,stop,2010
1,108699,108785,2010-05-25 13:50:00+00:00,2010-05-25 21:00:00+00:00,1195.243,1203.779,0.01,86,8.536000000000058,0.6082401754385838,7.927759824561474,1.5855519649122949,1.0,8.628999999999905,session_flat,2010
1,108977,109073,2010-05-26 13:00:00+00:00,2010-05-26 21:00:00+00:00,1210.937,1211.313,0.01,96,0.3760000000002037,0.5537811494252814,-0.17778114942507772,-0.03555622988501554,1.683999999999969,5.435000000000173,session_flat,2010
1,109271,109303,2010-05-27 13:30:00+00:00,2010-05-27 16:10:00+00:00,1207.983,1210.425,0.01,32,2.4420000000000073,0.5756147436802723,1.866385256319735,0.373277051263947,0.0,7.8940000000000055,stop,2010
-1,109569,109605,2010-05-28 14:20:00+00:00,2010-05-28 17:20:00+00:00,1207.239,1212.239,0.01,36,-5.0,0.5988349189570088,-5.598834918957008,-1.1197669837914017,6.208000000000084,5.2409999999999854,stop,2010
1,109686,109713,2010-05-30 17:00:00+00:00,2010-05-30 21:00:00+00:00,1213.81,1212.81,0.01,27,-1.0,0.6283036984352812,-1.6283036984352812,-0.3256607396870562,1.009999999999991,0.0,session_flat,2010
1,109905,110001,2010-05-31 13:00:00+00:00,2010-05-31 21:00:00+00:00,1214.063,1215.94,0.01,96,1.8769999999999527,0.5553896652583693,1.3216103347415835,0.2643220669483167,0.8020000000001346,3.717999999999847,session_flat,2010
1,110194,110289,2010-06-01 13:05:00+00:00,2010-06-01 21:00:00+00:00,1225.3220000000001,1225.373,0.01,95,0.05099999999993088,0.5868646323981213,-0.5358646323981904,-0.10717292647963808,2.9040000000002237,3.0139999999998963,session_flat,2010
-1,110501,110514,2010-06-02 14:40:00+00:00,2010-06-02 15:45:00+00:00,1218.7939999999999,1223.7939999999999,0.01,13,-5.0,0.5359993902439055,-5.535999390243905,-1.107199878048781,5.6710000000002765,1.2669999999998254,stop,2010
-1,110768,110821,2010-06-03 13:00:00+00:00,2010-06-03 17:25:00+00:00,1217.645,1208.027,0.01,53,9.617999999999938,0.6011912518891052,9.016808748110833,1.8033617496221666,1.6340000000000146,15.092000000000098,stop,2010
-1,111072,111089,2010-06-04 14:20:00+00:00,2010-06-04 15:45:00+00:00,1202.5720000000001,1207.5720000000001,0.01,17,-5.0,0.590272704991081,-5.590272704991081,-1.1180545409982163,8.144999999999982,0.0,stop,2010
1,111187,111215,2010-06-06 16:15:00+00:00,2010-06-06 21:00:00+00:00,1219.0,1219.0,0.01,28,0.0,0.6109010989010535,-0.6109010989010535,-0.1221802197802107,0.03899999999998727,0.0,session_flat,2010
1,111486,111503,2010-06-07 19:35:00+00:00,2010-06-07 21:00:00+00:00,1241.943,1239.808,0.01,17,-2.134999999999991,0.5953677317967507,-2.7303677317967416,-0.5460735463593483,2.703999999999951,1.7590000000000146,session_flat,2010
1,111721,111726,2010-06-08 15:10:00+00:00,2010-06-08 15:35:00+00:00,1246.464,1241.464,0.01,5,-5.0,0.5768653211474917,-5.5768653211474914,-1.1153730642294983,5.152999999999793,0.5050000000001091,stop,2010
-1,112006,112030,2010-06-09 14:55:00+00:00,2010-06-09 16:55:00+00:00,1232.995,1228.908,0.01,24,4.086999999999989,0.5089911421911417,3.5780088578088476,0.7156017715617695,0.0,10.66099999999983,stop,2010
-1,112281,112297,2010-06-10 13:50:00+00:00,2010-06-10 15:10:00+00:00,1222.012,1221.291,0.01,16,0.7210000000000036,0.593448079381246,0.12755192061875764,0.025510384123751527,2.665000000000191,6.662000000000035,stop,2010
1,112562,112567,2010-06-11 13:15:00+00:00,2010-06-11 13:40:00+00:00,1226.301,1221.301,0.01,5,-5.0,0.5548041072325645,-5.554804107232565,-1.110960821446513,6.286000000000058,0.0,stop,2010
1,112692,112715,2010-06-13 17:00:00+00:00,2010-06-13 21:00:00+00:00,1225.9,1225.9,0.01,23,0.0,0.6706568421053054,-0.6706568421053054,-0.13413136842106108,0.03300000000012915,0.0,session_flat,2010
-1,112914,112953,2010-06-14 13:50:00+00:00,2010-06-14 17:05:00+00:00,1226.1860000000001,1222.5149999999999,0.01,39,3.671000000000277,0.5376718634578794,3.1333281365423975,0.6266656273084795,0.09599999999977626,9.746000000000095,stop,2010
1,113199,113288,2010-06-15 13:35:00+00:00,2010-06-15 21:00:00+00:00,1224.511,1233.935,0.01,89,9.423999999999978,0.6228479723236597,8.801152027676318,1.7602304055352636,3.313000000000102,11.905999999999949,session_flat,2010
1,113484,113522,2010-06-16 13:20:00+00:00,2010-06-16 16:30:00+00:00,1232.53,1227.53,0.01,38,-5.0,0.5376000211707437,-5.537600021170744,-1.1075200042341486,5.086000000000013,1.9529999999999745,stop,2010
1,113802,113831,2010-06-17 15:55:00+00:00,2010-06-17 18:20:00+00:00,1244.1480000000001,1244.374,0.01,29,0.2259999999998854,0.5817724522293009,-0.35577245222941545,-0.0711544904458831,0.6200000000001182,6.360999999999876,stop,2010
1,114058,114150,2010-06-18 13:20:00+00:00,2010-06-18 21:00:00+00:00,1257.665,1256.396,0.01,92,-1.2690000000000055,0.6268845954356832,-1.8958845954356887,-0.37917691908713774,2.4850000000001273,4.669000000000096,session_flat,2010
1,114186,114212,2010-06-20 17:05:00+00:00,2010-06-20 21:00:00+00:00,1256.35,1256.702,0.01,26,0.35200000000008913,0.6287066666666903,-0.27670666666660115,-0.05534133333332023,1.0499999999999545,0.42000000000007276,session_flat,2010
1,114403,114438,2010-06-21 13:00:00+00:00,2010-06-21 15:55:00+00:00,1256.8029999999999,1251.8029999999999,0.01,35,-5.0,0.5190492282131047,-5.519049228213104,-1.1038098456426209,5.181999999999789,1.706000000000131,stop,2010
-1,114699,114787,2010-06-22 13:40:00+00:00,2010-06-22 21:00:00+00:00,1238.659,1239.758,0.01,88,-1.0989999999999327,0.626411530066979,-1.7254115300669117,-0.34508230601338236,3.730000000000018,3.0289999999999964,session_flat,2010
-1,115003,115045,2010-06-23 15:00:00+00:00,2010-06-23 18:30:00+00:00,1230.6100000000001,1235.6100000000001,0.01,42,-5.0,0.5507904883498278,-5.550790488349827,-1.1101580976699654,5.389999999999873,2.5399999999999636,stop,2010
-1,115267,115286,2010-06-24 13:00:00+00:00,2010-06-24 14:35:00+00:00,1233.885,1238.885,0.01,19,-5.0,0.6022549707602414,-5.602254970760241,-1.1204509941520482,9.165000000000191,2.020999999999958,stop,2010
1,115565,115651,2010-06-25 13:50:00+00:00,2010-06-25 21:00:00+00:00,1252.6770000000001,1255.4499999999998,0.01,86,2.7729999999996835,0.6010186159844122,2.1719813840152713,0.43439627680305426,0.5869999999999891,5.225999999999885,session_flat,2010
1,115688,115706,2010-06-27 16:25:00+00:00,2010-06-27 21:00:00+00:00,1254.5,1254.52,0.01,18,0.01999999999998181,0.6050526315789244,-0.5850526315789426,-0.11701052631578852,1.0,0.8899999999998727,session_flat,2010
1,115899,115918,2010-06-28 13:10:00+00:00,2010-06-28 14:45:00+00:00,1252.899,1257.188,0.01,19,4.289000000000215,0.4645526775619269,3.8244473224382878,0.7648894644876576,2.4049999999999727,9.485000000000127,stop,2010
-1,116184,116196,2010-06-29 13:00:00+00:00,2010-06-29 14:00:00+00:00,1236.646,1233.263,0.01,12,3.383000000000038,0.5542890540464661,2.828710945953572,0.5657421891907144,0.6670000000001437,9.233999999999924,stop,2010
-1,116521,116567,2010-06-30 17:10:00+00:00,2010-06-30 21:00:00+00:00,1241.838,1242.1260000000002,0.01,46,-0.2880000000002383,0.6268916574381649,-0.9148916574384032,-0.18297833148768064,3.7280000000000655,1.1299999999998818,session_flat,2010
-1,116805,116855,2010-07-01 16:50:00+00:00,2010-07-01 21:00:00+00:00,1211.7060000000001,1198.841,0.01,50,12.865000000000236,0.6467860013860038,12.218213998614232,2.4436427997228463,0.0,15.139000000000124,session_flat,2010
-1,117046,117082,2010-07-02 13:00:00+00:00,2010-07-02 16:00:00+00:00,1204.519,1209.519,0.01,36,-5.0,0.5950894736842254,-5.595089473684226,-1.1190178947368452,6.129000000000133,3.3320000000001073,stop,2010
-1,117442,117487,2010-07-05 17:05:00+00:00,2010-07-05 21:00:00+00:00,1208.199,1208.026,0.01,45,0.17300000000000182,0.6007522448831273,-0.42775224488312547,-0.08555044897662509,0.7469999999998436,0.3990000000001146,session_flat,2010
-1,117685,117690,2010-07-06 13:35:00+00:00,2010-07-06 14:00:00+00:00,1202.475,1195.191,0.01,5,7.283999999999878,0.602683929179443,6.681316070820435,1.3362632141640869,0.0,12.954999999999927,stop,2010
-1,117986,118023,2010-07-07 14:40:00+00:00,2010-07-07 17:45:00+00:00,1194.689,1199.689,0.01,37,-5.0,0.5057455164992766,-5.505745516499276,-1.1011491032998553,5.377999999999929,2.9449999999999363,stop,2010
-1,118253,118290,2010-07-08 13:00:00+00:00,2010-07-08 16:05:00+00:00,1198.967,1193.597,0.01,37,5.370000000000118,0.5940855263157954,4.775914473684323,0.9551828947368646,1.4409999999998035,11.098000000000184,stop,2010
1,118563,118637,2010-07-09 14:50:00+00:00,2010-07-09 21:00:00+00:00,1209.04,1211.5,0.01,74,2.4600000000000364,0.5802244835029118,1.8797755164971246,0.37595510329942494,1.3679999999999382,3.6159999999999854,session_flat,2010
-1,118913,118964,2010-07-12 16:45:00+00:00,2010-07-12 21:00:00+00:00,1199.8780000000002,1197.2379999999998,0.01,51,2.6400000000003274,0.6234842298360841,2.0165157701642435,0.4033031540328487,0.7669999999998254,3.379000000000133,session_flat,2010
1,119176,119252,2010-07-13 14:40:00+00:00,2010-07-13 21:00:00+00:00,1214.623,1212.129,0.01,76,-2.494000000000142,0.5968739737274316,-3.0908739737275734,-0.6181747947455147,4.440000000000055,1.8379999999999654,session_flat,2010
-1,119498,119539,2010-07-14 17:35:00+00:00,2010-07-14 21:00:00+00:00,1206.649,1208.0410000000002,0.01,41,-1.3920000000002801,0.6192858948432669,-2.011285894843547,-0.4022571789687094,3.185000000000173,2.313999999999851,session_flat,2010
-1,119796,119827,2010-07-15 18:25:00+00:00,2010-07-15 21:00:00+00:00,1209.317,1208.1100000000001,0.01,31,1.20699999999988,0.6373583333333421,0.5696416666665378,0.11392833333330757,0.9090000000001055,2.0900000000001455,session_flat,2010
-1,120040,120115,2010-07-16 14:45:00+00:00,2010-07-16 21:00:00+00:00,1191.923,1192.667,0.01,75,-0.7439999999999145,0.535838217338239,-1.2798382173381535,-0.2559676434676307,1.1459999999999582,3.8630000000000564,session_flat,2010
-1,120153,120179,2010-07-18 17:10:00+00:00,2010-07-18 21:00:00+00:00,1193.1,1193.1,0.01,26,-0.0,0.6380353535353789,-0.6380353535353789,-0.12760707070707578,0.0019999999999527063,0.03099999999994907,session_flat,2010
-1,120381,120467,2010-07-19 13:50:00+00:00,2010-07-19 21:00:00+00:00,1181.731,1182.786,0.01,86,-1.0550000000000637,0.5584568498769471,-1.6134568498770108,-0.32269136997540215,3.0440000000000964,4.6180000000001655,session_flat,2010
-1,120663,120679,2010-07-20 13:20:00+00:00,2010-07-20 14:40:00+00:00,1184.007,1189.007,0.01,16,-5.0,0.5428437327823636,-5.542843732782364,-1.1085687465564729,5.9379999999998745,2.907000000000153,stop,2010
1,120960,121010,2010-07-21 14:05:00+00:00,2010-07-21 18:15:00+00:00,1191.228,1186.228,0.01,50,-5.0,0.5074880183326056,-5.507488018332605,-1.101497603666521,6.470000000000255,3.1149999999997817,stop,2010
-1,121234,121240,2010-07-22 13:05:00+00:00,2010-07-22 13:35:00+00:00,1186.451,1191.451,0.01,6,-5.0,0.6059662234581891,-5.605966223458189,-1.121193244691638,6.425999999999931,1.5360000000000582,stop,2010
1,121521,121531,2010-07-23 13:05:00+00:00,2010-07-23 13:55:00+00:00,1197.087,1192.087,0.01,10,-5.0,0.5587853152944366,-5.558785315294436,-1.1117570630588873,5.355000000000018,3.356999999999971,stop,2010
-1,121653,121678,2010-07-25 17:00:00+00:00,2010-07-25 21:00:00+00:00,1189.05,1189.05,0.01,25,-0.0,0.6054342857142847,-0.6054342857142847,-0.12108685714285694,0.007000000000061846,0.37999999999988177,session_flat,2010
-1,121898,121965,2010-07-26 15:25:00+00:00,2010-07-26 21:00:00+00:00,1182.3649999999998,1183.284,0.01,67,-0.9190000000003238,0.6279055835308047,-1.5469055835311285,-0.3093811167062257,4.725000000000136,1.67899999999986,session_flat,2010
-1,122220,122253,2010-07-27 18:15:00+00:00,2010-07-27 21:00:00+00:00,1160.855,1161.368,0.01,33,-0.51299999999992,0.6097025316455706,-1.1227025316454906,-0.2245405063290981,1.206000000000131,1.27599999999984,session_flat,2010
-1,122462,122541,2010-07-28 14:25:00+00:00,2010-07-28 21:00:00+00:00,1160.373,1163.266,0.01,79,-2.893000000000029,0.5494289936120469,-3.4424289936120758,-0.6884857987224151,4.550999999999931,1.5170000000000528,session_flat,2010
-1,122747,122786,2010-07-29 14:10:00+00:00,2010-07-29 17:25:00+00:00,1162.881,1167.881,0.01,39,-5.0,0.6047469750363541,-5.604746975036354,-1.1209493950072709,6.041999999999916,1.1639999999999873,stop,2010
1,123022,123116,2010-07-30 13:10:00+00:00,2010-07-30 21:00:00+00:00,1171.109,1180.4,0.01,94,9.291000000000167,0.6101366758241742,8.680863324175993,1.7361726648351987,3.9670000000000982,12.063000000000102,session_flat,2010
1,123393,123402,2010-08-02 14:55:00+00:00,2010-08-02 15:40:00+00:00,1186.593,1181.593,0.01,9,-5.0,0.5064409090909112,-5.506440909090911,-1.1012881818181823,6.6749999999999545,0.0,stop,2010
1,123661,123754,2010-08-03 13:15:00+00:00,2010-08-03 21:00:00+00:00,1185.0439999999999,1185.964,0.01,93,0.9200000000000729,0.6137014816614141,0.30629851833865873,0.061259703667731744,0.8789999999999054,5.350000000000136,session_flat,2010
1,123962,123997,2010-08-04 14:20:00+00:00,2010-08-04 17:15:00+00:00,1198.934,1193.934,0.01,35,-5.0,0.5083830687830646,-5.508383068783065,-1.101676613756613,5.057000000000016,2.716999999999871,stop,2010
1,124235,124255,2010-08-05 13:10:00+00:00,2010-08-05 14:50:00+00:00,1196.5590000000002,1191.5590000000002,0.01,20,-5.0,0.5397025832177496,-5.53970258321775,-1.1079405166435499,5.067000000000235,0.653999999999769,stop,2010
1,124542,124575,2010-08-06 14:45:00+00:00,2010-08-06 17:30:00+00:00,1207.538,1202.538,0.01,33,-5.0,0.5910275373721476,-5.591027537372147,-1.1182055074744295,5.199000000000069,2.740000000000009,stop,2010
1,124655,124679,2010-08-08 17:10:00+00:00,2010-08-08 21:00:00+00:00,1204.3000000000002,1204.3,0.01,24,-2.2737367544323206e-13,0.6282510021584882,-0.6282510021587155,-0.1256502004317431,2.2737367544323206e-13,1.1499999999998636,session_flat,2010
-1,124938,124967,2010-08-09 18:35:00+00:00,2010-08-09 21:00:00+00:00,1200.745,1201.2150000000001,0.01,29,-0.47000000000025466,0.6109214944042218,-1.0809214944044765,-0.2161842988808953,0.7530000000001564,0.31899999999996,session_flat,2010
-1,125174,125198,2010-08-10 14:20:00+00:00,2010-08-10 16:20:00+00:00,1194.386,1199.386,0.01,24,-5.0,0.600345956386928,-5.600345956386928,-1.1200691912773855,5.061999999999898,2.8070000000000164,stop,2010
1,125447,125471,2010-08-11 13:10:00+00:00,2010-08-11 15:10:00+00:00,1204.442,1199.442,0.01,24,-5.0,0.5406852834479463,-5.540685283447946,-1.1081370566895892,6.005000000000109,1.6929999999999836,stop,2010
1,125744,125828,2010-08-12 14:00:00+00:00,2010-08-12 21:00:00+00:00,1212.779,1213.628,0.01,84,0.8489999999999328,0.5733661953560725,0.27563380464386034,0.05512676092877207,1.2770000000000437,2.355000000000018,session_flat,2010
1,126025,126116,2010-08-13 13:25:00+00:00,2010-08-13 21:00:00+00:00,1213.112,1215.194,0.01,91,2.08199999999988,0.6033531531531371,1.4786468468467429,0.29572936936934857,2.0030000000001564,2.3339999999998327,session_flat,2010
1,126153,126158,2010-08-15 18:20:00+00:00,2010-08-15 21:00:00+00:00,1215.3000000000002,1215.291,0.01,5,-0.009000000000241926,0.6195009090909265,-0.6285009090911684,-0.12570018181823367,0.7500000000002274,0.1999999999998181,session_flat,2010
1,126352,126446,2010-08-16 13:10:00+00:00,2010-08-16 21:00:00+00:00,1224.982,1225.024,0.01,94,0.041999999999916326,0.5759748263888833,-0.533974826388967,-0.10679496527779339,3.93100000000004,0.2460000000000946,session_flat,2010
1,126640,126734,2010-08-17 13:10:00+00:00,2010-08-17 21:00:00+00:00,1224.569,1224.6100000000001,0.01,94,0.04100000000016735,0.6162550639134838,-0.5752550639133165,-0.1150510127826633,1.6099999999999,2.0770000000002256,session_flat,2010
-1,126942,126953,2010-08-18 14:20:00+00:00,2010-08-18 15:15:00+00:00,1220.376,1225.376,0.01,11,-5.0,0.5100653679653715,-5.510065367965371,-1.1020130735930742,6.276000000000067,0.12200000000007094,stop,2010
1,127235,127245,2010-08-19 14:50:00+00:00,2010-08-19 15:40:00+00:00,1235.52,1230.52,0.01,10,-5.0,0.5255311417257893,-5.525531141725789,-1.1051062283451578,6.667999999999893,0.09999999999990905,stop,2010
-1,127520,127596,2010-08-20 14:40:00+00:00,2010-08-20 21:00:00+00:00,1225.8000000000002,1227.733,0.01,76,-1.9329999999997654,0.5751070707070722,-2.5081070707068376,-0.5016214141413675,2.463999999999942,1.288000000000011,session_flat,2010
-1,127634,127661,2010-08-22 17:00:00+00:00,2010-08-22 21:00:00+00:00,1227.571,1226.95,0.01,27,0.6209999999998672,0.6257890011223339,-0.004789001122466718,-0.0009578002244933437,0.4290000000000873,1.0209999999999582,session_flat,2010
-1,127862,127948,2010-08-23 13:50:00+00:00,2010-08-23 21:00:00+00:00,1227.042,1225.752,0.01,86,1.2899999999999636,0.5545293501048183,0.7354706498951453,0.14709412997902907,0.7250000000001364,5.480000000000018,session_flat,2010
-1,128145,128147,2010-08-24 13:25:00+00:00,2010-08-24 13:35:00+00:00,1215.046,1220.046,0.01,2,-5.0,0.5572709541773126,-5.557270954177312,-1.1114541908354625,6.223999999999933,0.70900000000006,stop,2010
1,128439,128524,2010-08-25 13:55:00+00:00,2010-08-25 21:00:00+00:00,1237.271,1239.783,0.01,85,2.5119999999999436,0.5600542039059964,1.9519457960939472,0.39038915921878947,2.8360000000000127,3.8920000000000528,session_flat,2010
1,128719,128812,2010-08-26 13:15:00+00:00,2010-08-26 21:00:00+00:00,1236.751,1237.318,0.01,93,0.5670000000000073,0.5727655768572351,-0.005765576857227783,-0.0011531153714455567,2.709999999999809,2.9780000000000655,session_flat,2010
1,129035,129050,2010-08-27 15:40:00+00:00,2010-08-27 16:55:00+00:00,1240.256,1235.256,0.01,15,-5.0,0.5675645626757391,-5.567564562675739,-1.1135129125351477,5.665000000000191,0.25499999999988177,stop,2010
1,129627,129711,2010-08-31 14:00:00+00:00,2010-08-31 21:00:00+00:00,1245.526,1247.2910000000002,0.01,84,1.7650000000001003,0.6035351392793256,1.1614648607207747,0.23229297214415495,2.4860000000001037,4.19600000000014,session_flat,2010
1,129903,129916,2010-09-01 13:00:00+00:00,2010-09-01 14:05:00+00:00,1250.201,1245.201,0.01,13,-5.0,0.4711125489343189,-5.471112548934319,-1.0942225097868639,5.423000000000002,0.9009999999998399,stop,2010
1,130203,130285,2010-09-02 14:10:00+00:00,2010-09-02 21:00:00+00:00,1249.079,1250.788,0.01,82,1.70900000000006,0.630440656565648,1.078559343434412,0.2157118686868824,1.4260000000001583,3.7450000000001182,session_flat,2010
-1,130503,130572,2010-09-03 15:15:00+00:00,2010-09-03 21:00:00+00:00,1246.022,1245.8000000000002,0.01,69,0.22199999999975262,0.5821623744024833,-0.3601623744027307,-0.07203247488054614,4.438000000000102,0.27599999999983993,session_flat,2010
1,130836,130922,2010-09-06 13:50:00+00:00,2010-09-06 21:00:00+00:00,1248.4389999999999,1249.7150000000001,0.01,86,1.2760000000002947,0.5544742560152861,0.7215257439850086,0.1443051487970017,0.3749999999997726,1.3900000000001,session_flat,2010
1,131124,131210,2010-09-07 13:50:00+00:00,2010-09-07 21:00:00+00:00,1256.3220000000001,1255.435,0.01,86,-0.887000000000171,0.578734848484842,-1.465734848485013,-0.2931469696970026,1.8659999999999854,2.3209999999999127,session_flat,2010
1,131402,131414,2010-09-08 13:00:00+00:00,2010-09-08 14:00:00+00:00,1254.737,1255.266,0.01,12,0.5289999999999964,0.46238726790450063,0.06661273209549573,0.013322546419099145,0.0,6.567000000000007,stop,2010
-1,131693,131742,2010-09-09 13:15:00+00:00,2010-09-09 17:20:00+00:00,1253.275,1247.617,0.01,49,5.658000000000129,0.6053159582080982,5.0526840417920305,1.010536808358406,3.5549999999998363,10.764000000000124,stop,2010
-1,131990,132074,2010-09-10 14:00:00+00:00,2010-09-10 21:00:00+00:00,1246.356,1246.12,0.01,84,0.2360000000001037,0.6030364298724988,-0.36703642987239515,-0.07340728597447903,4.0499999999999545,4.167999999999893,session_flat,2010
-1,132309,132321,2010-09-13 13:25:00+00:00,2010-09-13 14:25:00+00:00,1242.571,1247.571,0.01,12,-5.0,0.45857451967571145,-5.458574519675712,-1.0917149039351424,6.211000000000013,0.6759999999999309,stop,2010
1,132597,132638,2010-09-14 13:25:00+00:00,2010-09-14 16:50:00+00:00,1258.539,1269.152,0.01,41,10.613000000000056,0.5814692427270671,10.03153075727299,2.0063061514545977,1.5419999999999163,16.000999999999976,stop,2010
1,132889,132976,2010-09-15 13:45:00+00:00,2010-09-15 21:00:00+00:00,1268.195,1267.856,0.01,87,-0.3389999999999418,0.5640099206349167,-0.9030099206348585,-0.1806019841269717,4.604000000000042,2.8860000000001946,session_flat,2010
1,133168,133264,2010-09-16 13:00:00+00:00,2010-09-16 21:00:00+00:00,1272.935,1275.033,0.01,96,2.0979999999999563,0.6659461279461312,1.4320538720538252,0.286410774410765,1.7690000000000055,3.338000000000193,session_flat,2010
1,133466,133470,2010-09-17 13:50:00+00:00,2010-09-17 14:10:00+00:00,1277.049,1272.049,0.01,4,-5.0,0.5564540837917904,-5.55645408379179,-1.111290816758358,5.123000000000047,0.0,stop,2010
1,133840,133899,2010-09-20 16:05:00+00:00,2010-09-20 21:00:00+00:00,1280.5,1278.1970000000001,0.01,59,-2.3029999999998836,0.6248814876064779,-2.9278814876063617,-0.5855762975212724,3.4829999999999472,0.1449999999999818,session_flat,2010
1,134392,134399,2010-09-22 14:05:00+00:00,2010-09-22 14:40:00+00:00,1293.473,1288.473,0.01,7,-5.0,0.45590154514726916,-5.455901545147269,-1.0911803090294538,5.570999999999913,0.0,stop,2010
1,134675,134763,2010-09-23 13:40:00+00:00,2010-09-23 21:00:00+00:00,1290.885,1292.201,0.01,88,1.316000000000031,0.5811076533839294,0.7348923466161015,0.14697846932322028,2.8680000000001655,5.086000000000013,session_flat,2010
1,134963,135050,2010-09-24 13:45:00+00:00,2010-09-24 21:00:00+00:00,1297.403,1296.297,0.01,87,-1.1059999999999945,0.6520382430070089,-1.7580382430070034,-0.3516076486014007,4.602000000000089,2.1929999999999836,session_flat,2010
1,135088,135112,2010-09-26 17:10:00+00:00,2010-09-26 21:00:00+00:00,1295.95,1295.95,0.01,24,0.0,0.6781826134499871,-0.6781826134499871,-0.13563652268999743,2.2737367544323206e-13,0.6000000000001364,session_flat,2010
1,135303,135399,2010-09-27 13:00:00+00:00,2010-09-27 21:00:00+00:00,1298.381,1294.087,0.01,96,-4.294000000000096,0.5745461216449097,-4.868546121645006,-0.9737092243290013,4.417000000000144,0.696999999999889,session_flat,2010
1,135645,135687,2010-09-28 17:30:00+00:00,2010-09-28 21:00:00+00:00,1307.13,1308.903,0.01,42,1.7729999999999109,0.6820244845360723,1.0909755154638385,0.2181951030927677,0.6300000000001091,2.5979999999999563,session_flat,2010
1,135891,135975,2010-09-29 14:00:00+00:00,2010-09-29 21:00:00+00:00,1307.02,1309.658,0.01,84,2.63799999999992,0.5602999168838951,2.077700083116025,0.41554001662320494,0.8250000000000455,4.777000000000044,session_flat,2010
1,136170,136176,2010-09-30 13:20:00+00:00,2010-09-30 13:50:00+00:00,1312.4,1307.4,0.01,6,-5.0,0.607029707683604,-5.607029707683604,-1.1214059415367208,6.963000000000193,0.13199999999983447,stop,2010
1,136458,136550,2010-10-01 13:20:00+00:00,2010-10-01 21:00:00+00:00,1315.289,1318.67,0.01,92,3.3810000000000855,0.6114059365760471,2.769594063424038,0.5539188126848076,0.4959999999998672,4.7029999999999745,session_flat,2010
1,136588,136603,2010-10-03 18:50:00+00:00,2010-10-03 21:00:00+00:00,1317.9,1317.3000000000002,0.01,15,-0.599999999999909,0.6533283874580391,-1.2533283874579482,-0.25066567749158963,0.6000000000001364,0.27599999999983993,session_flat,2010
1,136867,136891,2010-10-04 19:00:00+00:00,2010-10-04 21:00:00+00:00,1315.328,1315.054,0.01,24,-0.2739999999998872,0.6127358285515501,-0.8867358285514373,-0.17734716571028747,1.0799999999999272,0.16899999999986903,session_flat,2010
1,137092,137179,2010-10-05 13:45:00+00:00,2010-10-05 21:00:00+00:00,1330.567,1340.659,0.01,87,10.092000000000098,0.6103542159180491,9.48164578408205,1.8963291568164098,1.4729999999999563,10.982999999999947,session_flat,2010
1,137387,137465,2010-10-06 14:30:00+00:00,2010-10-06 21:00:00+00:00,1345.374,1348.705,0.01,78,3.3309999999999036,0.5456268969669222,2.785373103032981,0.5570746206065962,1.7290000000000418,3.658000000000129,session_flat,2010
1,137661,137664,2010-10-07 13:20:00+00:00,2010-10-07 13:35:00+00:00,1356.229,1351.229,0.01,3,-5.0,0.5555745576605737,-5.555574557660574,-1.1111149115321148,7.962999999999965,1.231999999999971,stop,2010
1,137980,138040,2010-10-08 15:55:00+00:00,2010-10-08 21:00:00+00:00,1345.065,1346.034,0.01,60,0.9690000000000509,0.6584593311312856,0.3105406688687653,0.06210813377375306,3.199000000000069,2.4229999999997744,session_flat,2010
-1,138279,138287,2010-10-11 13:20:00+00:00,2010-10-11 14:00:00+00:00,1343.96,1348.96,0.01,8,-5.0,0.454973753026637,-5.454973753026637,-1.0909947506053275,5.1059999999999945,3.0219999999999345,stop,2010
1,138631,138659,2010-10-12 18:40:00+00:00,2010-10-12 21:00:00+00:00,1348.077,1350.136,0.01,28,2.058999999999969,0.6965486661860083,1.3624513338139608,0.27249026676279214,0.0,4.6440000000000055,session_flat,2010
1,138853,138946,2010-10-13 13:15:00+00:00,2010-10-13 21:00:00+00:00,1356.674,1372.085,0.01,93,15.411000000000058,0.5626625163826919,14.848337483617366,2.9696674967234733,0.15499999999997272,17.06899999999996,session_flat,2010
1,139138,139141,2010-10-14 13:00:00+00:00,2010-10-14 13:15:00+00:00,1377.2359999999999,1372.2359999999999,0.01,3,-5.0,0.6105780206643343,-5.6105780206643345,-1.1221156041328668,5.651999999999816,0.0,stop,2010
-1,139433,139446,2010-10-15 13:35:00+00:00,2010-10-15 14:40:00+00:00,1372.359,1368.874,0.01,13,3.4849999999999,0.5534785382707632,2.9315214617291367,0.5863042923458274,0.0,9.634999999999991,stop,2010
-1,139560,139585,2010-10-17 17:10:00+00:00,2010-10-17 21:00:00+00:00,1368.15,1368.15,0.01,25,-0.0,0.6972233930453227,-0.6972233930453227,-0.13944467860906454,0.9429999999997563,0.021000000000185537,session_flat,2010
-1,139779,139795,2010-10-18 13:10:00+00:00,2010-10-18 14:30:00+00:00,1364.746,1369.746,0.01,16,-5.0,0.4556193039416701,-5.4556193039416705,-1.091123860788334,5.211000000000013,1.7210000000000036,stop,2010
-1,140075,140103,2010-10-19 13:50:00+00:00,2010-10-19 16:10:00+00:00,1338.914,1343.914,0.01,28,-5.0,0.5529464423522135,-5.552946442352214,-1.1105892884704427,7.121000000000095,1.5329999999999018,stop,2010
-1,140364,140375,2010-10-20 13:55:00+00:00,2010-10-20 14:50:00+00:00,1339.915,1344.915,0.01,11,-5.0,0.4612081141851507,-5.46120811418515,-1.09224162283703,5.220000000000027,5.258000000000038,stop,2010
-1,140647,140649,2010-10-21 13:30:00+00:00,2010-10-21 13:40:00+00:00,1341.344,1346.344,0.01,2,-5.0,0.5542126587258541,-5.554212658725854,-1.110842531745171,5.168999999999869,1.1400000000001,stop,2010
-1,140953,141015,2010-10-22 15:00:00+00:00,2010-10-22 20:10:00+00:00,1322.968,1327.968,0.01,62,-5.0,0.6127552526595716,-5.612755252659571,-1.1225510505319143,5.098999999999933,1.7490000000000236,stop,2010
-1,141062,141089,2010-10-24 17:00:00+00:00,2010-10-24 21:00:00+00:00,1327.2,1327.2,0.01,27,-0.0,0.6483132678132839,-0.6483132678132839,-0.12966265356265677,0.8509999999998854,2.2737367544323206e-13,session_flat,2010
1,141284,141292,2010-10-25 13:15:00+00:00,2010-10-25 13:55:00+00:00,1344.469,1339.469,0.01,8,-5.0,0.45971971009471385,-5.4597197100947135,-1.0919439420189427,5.608999999999924,0.2459999999998672,stop,2010
-1,141589,141605,2010-10-26 14:40:00+00:00,2010-10-26 16:00:00+00:00,1336.091,1341.091,0.01,16,-5.0,0.5210557232704398,-5.52105572327044,-1.1042111446540879,5.524000000000115,3.856999999999971,stop,2010
-1,141862,141924,2010-10-27 13:25:00+00:00,2010-10-27 18:35:00+00:00,1329.792,1325.1970000000001,0.01,62,4.5949999999998,0.5079124851052522,4.087087514894548,0.8174175029789096,0.47299999999995634,10.520999999999958,stop,2010
1,142149,142164,2010-10-28 13:20:00+00:00,2010-10-28 14:35:00+00:00,1334.9070000000002,1329.9070000000002,0.01,15,-5.0,0.5822231716075994,-5.582223171607599,-1.1164446343215197,5.412000000000262,0.26199999999971624,stop,2010
1,142435,142528,2010-10-29 13:15:00+00:00,2010-10-29 21:00:00+00:00,1346.0059999999999,1359.06,0.01,93,13.054000000000087,0.6622916337632598,12.391708366236827,2.4783416732473653,4.113999999999805,13.134000000000015,session_flat,2010
1,142566,142585,2010-10-31 16:45:00+00:00,2010-10-31 21:00:00+00:00,1359.0500000000002,1357.0500000000002,0.01,19,-2.0,0.7150255817791851,-2.715025581779185,-0.543005116355837,2.0000000000002274,0.0,session_flat,2010
1,142792,142808,2010-11-01 14:15:00+00:00,2010-11-01 15:35:00+00:00,1354.187,1349.187,0.01,16,-5.0,0.5326342214100264,-5.532634221410026,-1.1065268442820053,5.1749999999999545,1.4140000000002146,stop,2010
1,143069,143089,2010-11-02 13:20:00+00:00,2010-11-02 15:00:00+00:00,1355.3519999999999,1350.3519999999999,0.01,20,-5.0,0.5560034641311568,-5.556003464131157,-1.1112006928262315,5.031999999999925,1.606000000000222,stop,2010
-1,143388,143399,2010-11-03 16:00:00+00:00,2010-11-03 16:55:00+00:00,1335.018,1340.018,0.01,11,-5.0,0.6082562659354429,-5.608256265935443,-1.1216512531870886,5.449999999999818,1.9880000000000564,stop,2010
1,143650,143669,2010-11-04 13:50:00+00:00,2010-11-04 15:25:00+00:00,1376.7939999999999,1377.76,0.01,19,0.966000000000122,0.5547876033057892,0.41121239669433274,0.08224247933886655,3.018999999999778,6.585000000000036,stop,2010
1,143959,143965,2010-11-05 15:35:00+00:00,2010-11-05 16:05:00+00:00,1393.596,1388.596,0.01,6,-5.0,0.5849755055071604,-5.584975505507161,-1.116995101101432,6.8559999999999945,0.24400000000014188,stop,2010
1,144248,144337,2010-11-08 13:35:00+00:00,2010-11-08 21:00:00+00:00,1391.684,1409.574,0.01,89,17.8900000000001,0.5644278868569654,17.325572113143135,3.465114422628627,3.810999999999922,18.5150000000001,session_flat,2010
1,144531,144593,2010-11-09 13:10:00+00:00,2010-11-09 18:20:00+00:00,1417.79,1418.2359999999999,0.01,62,0.4459999999999127,0.6241780538302351,-0.17817805383032237,-0.035635610766064474,4.7719999999999345,6.402000000000044,stop,2010
-1,144860,144862,2010-11-10 16:35:00+00:00,2010-11-10 16:45:00+00:00,1390.854,1395.854,0.01,2,-5.0,0.553784807645189,-5.553784807645189,-1.1107569615290378,6.1400000000001,0.0,stop,2010
1,145104,145124,2010-11-11 13:00:00+00:00,2010-11-11 14:40:00+00:00,1408.394,1403.394,0.01,20,-5.0,0.5332648742514989,-5.533264874251499,-1.1066529748502998,7.8250000000000455,2.29099999999994,stop,2010
-1,145401,145404,2010-11-12 13:45:00+00:00,2010-11-12 14:00:00+00:00,1388.0929999999998,1393.0929999999998,0.01,3,-5.0,0.5537868617449409,-5.553786861744941,-1.110757372348988,5.391000000000076,0.9039999999999964,stop,2010
-1,145516,145518,2010-11-14 19:05:00+00:00,2010-11-14 21:00:00+00:00,1368.34,1368.48,0.01,2,-0.14000000000010004,0.6126964285714382,-0.7526964285715383,-0.15053928571430766,0.1670000000001437,0.0,session_flat,2010
-1,145723,145725,2010-11-15 14:10:00+00:00,2010-11-15 14:20:00+00:00,1367.051,1372.051,0.01,2,-5.0,0.45307226612495544,-5.4530722661249555,-1.090614453224991,5.878000000000156,0.0,stop,2010
-1,146004,146053,2010-11-16 13:45:00+00:00,2010-11-16 17:50:00+00:00,1357.0259999999998,1336.217,0.01,49,20.80899999999974,0.5008962445958186,20.308103755403923,4.061620751080785,0.45200000000022555,27.23199999999997,stop,2010
-1,146283,146312,2010-11-17 13:00:00+00:00,2010-11-17 15:25:00+00:00,1339.68,1344.68,0.01,29,-5.0,0.45602627464732365,-5.456026274647324,-1.0912052549294649,5.30399999999986,4.413999999999987,stop,2010
1,146571,146587,2010-11-18 13:05:00+00:00,2010-11-18 14:25:00+00:00,1355.871,1350.871,0.01,16,-5.0,0.4561186765108019,-5.456118676510802,-1.0912237353021603,6.392499999999927,1.5099999999997635,stop,2010
-1,146888,146889,2010-11-19 15:30:00+00:00,2010-11-19 15:35:00+00:00,1346.392,1351.392,0.01,1,-5.0,0.45530200540656196,-5.455302005406562,-1.0910604010813123,6.9849999999999,0.0,stop,2010
-1,147214,147232,2010-11-22 16:20:00+00:00,2010-11-22 17:50:00+00:00,1351.321,1356.321,0.01,18,-5.0,0.7568959193874172,-5.756895919387417,-1.1513791838774834,7.557000000000244,0.30199999999990723,stop,2010
1,147497,147513,2010-11-23 15:55:00+00:00,2010-11-23 17:15:00+00:00,1376.46,1371.46,0.01,16,-5.0,0.5560692307692261,-5.556069230769226,-1.1112138461538452,5.072999999999865,0.90300000000002,stop,2010
1,147758,147776,2010-11-24 13:40:00+00:00,2010-11-24 15:10:00+00:00,1375.129,1370.129,0.01,18,-5.0,0.5543953887548689,-5.554395388754869,-1.1108790777509738,5.302999999999884,3.2760000000000673,stop,2010
1,148038,148131,2010-11-25 13:05:00+00:00,2010-11-25 21:00:00+00:00,1372.454,1374.7,0.01,93,2.2460000000000946,0.5171897435897133,1.7288102564103813,0.34576205128207627,0.2039999999999509,2.6590000000001055,session_flat,2010
-1,148326,148348,2010-11-26 13:20:00+00:00,2010-11-26 15:10:00+00:00,1362.1770000000001,1356.991,0.01,22,5.186000000000149,0.5051530873248596,4.68084691267529,0.936169382535058,0.0,11.131000000000085,stop,2010
-1,148662,148673,2010-11-29 15:25:00+00:00,2010-11-29 16:20:00+00:00,1361.018,1366.018,0.01,11,-5.0,0.456347506313132,-5.456347506313132,-1.0912695012626263,5.030999999999949,2.3769999999999527,stop,2010
1,148944,148986,2010-11-30 14:55:00+00:00,2010-11-30 18:25:00+00:00,1382.632,1384.526,0.01,42,1.8940000000000055,0.4586064259432989,1.4353935740567065,0.2870787148113413,1.9760000000001128,7.2999999999999545,stop,2010
1,149212,149217,2010-12-01 13:15:00+00:00,2010-12-01 13:40:00+00:00,1392.76,1387.76,0.01,5,-5.0,0.46529071439616576,-5.465290714396166,-1.0930581428792332,5.538000000000011,0.0,stop,2010
1,149519,149554,2010-12-02 14:50:00+00:00,2010-12-02 17:45:00+00:00,1388.127,1393.359,0.01,35,5.231999999999971,0.45825605735566316,4.773743942644308,0.9547487885288616,0.05199999999990723,10.541999999999916,stop,2010
1,149829,149881,2010-12-03 16:40:00+00:00,2010-12-03 21:00:00+00:00,1406.28,1413.621,0.01,52,7.341000000000123,0.6829801203865078,6.658019879613615,1.331603975922723,1.1800000000000637,9.412000000000035,session_flat,2010
1,150109,150150,2010-12-06 13:45:00+00:00,2010-12-06 17:10:00+00:00,1412.069,1415.459,0.01,41,3.3900000000001,0.4614047619047659,2.928595238095334,0.5857190476190668,0.5429999999998927,8.509000000000015,stop,2010
1,150404,150407,2010-12-07 14:20:00+00:00,2010-12-07 14:35:00+00:00,1427.934,1422.934,0.01,3,-5.0,0.4591426274842955,-5.459142627484296,-1.0918285254968592,6.695999999999913,0.8379999999999654,stop,2010
-1,150684,150712,2010-12-08 13:45:00+00:00,2010-12-08 16:05:00+00:00,1391.518,1377.7530000000002,0.01,28,13.764999999999873,0.500002789400285,13.264997210599589,2.652999442119918,4.400000000000091,19.848999999999933,stop,2010
-1,150972,150976,2010-12-09 13:45:00+00:00,2010-12-09 14:05:00+00:00,1385.681,1390.681,0.01,4,-5.0,0.45688730388996773,-5.4568873038899675,-1.0913774607779936,5.2999999999999545,1.8949999999999818,stop,2010
-1,151270,151287,2010-12-10 14:35:00+00:00,2010-12-10 16:00:00+00:00,1381.6,1379.0,0.01,17,2.599999999999909,0.5462438198801737,2.0537561801197355,0.4107512360239471,0.3000000000001819,9.399999999999864,stop,2010
-1,151377,151388,2010-12-12 19:10:00+00:00,2010-12-12 21:00:00+00:00,1383.15,1383.15,0.01,11,-0.0,0.5800000000000001,-0.5800000000000001,-0.11600000000000002,0.0,0.0,session_flat,2010
1,151581,151598,2010-12-13 13:15:00+00:00,2010-12-13 14:40:00+00:00,1391.683,1392.9479999999999,0.01,17,1.2649999999998727,0.44319758571634993,0.8218024142835227,0.16436048285670454,0.3209999999999127,6.4340000000001965,stop,2010
1,151876,151881,2010-12-14 13:50:00+00:00,2010-12-14 14:15:00+00:00,1399.021,1394.021,0.01,5,-5.0,0.5814025790282167,-5.581402579028216,-1.1162805158056432,6.270999999999958,1.365000000000009,stop,2010
-1,152172,152248,2010-12-15 14:40:00+00:00,2010-12-15 21:00:00+00:00,1388.176,1380.991,0.01,76,7.184999999999945,0.44459843416368855,6.740401565836257,1.3480803131672514,4.193000000000211,8.284999999999854,session_flat,2010
-1,152474,152488,2010-12-16 15:50:00+00:00,2010-12-16 17:00:00+00:00,1365.47,1370.47,0.01,14,-5.0,0.4392415528677382,-5.439241552867738,-1.0878483105735477,5.740000000000009,0.20900000000006003,stop,2010
-1,152730,152771,2010-12-17 13:10:00+00:00,2010-12-17 16:35:00+00:00,1372.6680000000001,1371.011,0.01,41,1.6570000000001528,0.45194399053431494,1.2050560094658378,0.24101120189316755,2.3479999999999563,7.706000000000131,stop,2010
-1,152853,152877,2010-12-19 17:00:00+00:00,2010-12-19 21:00:00+00:00,1375.0,1375.002,0.01,24,-0.0019999999999527063,0.5108333333333772,-0.5128333333333299,-0.10256666666666599,0.047000000000025466,2.0,session_flat,2010
1,153082,153093,2010-12-20 14:05:00+00:00,2010-12-20 15:00:00+00:00,1385.429,1380.429,0.01,11,-5.0,0.4522047081971853,-5.452204708197185,-1.0904409416394372,5.2590000000000146,0.1999999999998181,stop,2010
1,153373,153453,2010-12-21 14:20:00+00:00,2010-12-21 21:00:00+00:00,1384.73,1385.792,0.01,80,1.0619999999998981,0.5527836168524334,0.5092163831474648,0.10184327662949295,3.6949999999999363,4.576000000000022,session_flat,2010
1,153656,153739,2010-12-22 14:00:00+00:00,2010-12-22 20:55:00+00:00,1388.259,1383.259,0.01,83,-5.0,0.5515448022739196,-5.55154480227392,-1.110308960454784,5.087999999999965,1.9729999999999563,stop,2010
-1,153969,154027,2010-12-23 16:10:00+00:00,2010-12-23 21:00:00+00:00,1377.628,1379.334,0.01,58,-1.706000000000131,0.6340834312573407,-2.3400834312574714,-0.4680166862514943,4.1310000000000855,0.4049999999999727,session_flat,2010
1,154247,154307,2010-12-24 15:55:00+00:00,2010-12-24 21:00:00+00:00,1384.25,1384.248,0.01,60,-0.0019999999999527063,0.8441326530612101,-0.8461326530611628,-0.16922653061223256,0.029999999999972715,0.04099999999993997,session_flat,2010
1,154333,154358,2010-12-26 16:55:00+00:00,2010-12-26 21:00:00+00:00,1384.25,1384.25,0.01,25,0.0,0.8712670454545515,-0.8712670454545515,-0.1742534090909103,0.0,0.09400000000005093,session_flat,2010
-1,154576,154644,2010-12-27 15:20:00+00:00,2010-12-27 21:00:00+00:00,1382.2939999999999,1383.076,0.01,68,-0.7820000000001529,0.7396549802646863,-1.5216549802648394,-0.3043309960529679,1.1990000000000691,4.27599999999984,session_flat,2010
1,154848,154932,2010-12-28 14:00:00+00:00,2010-12-28 21:00:00+00:00,1402.437,1405.79,0.01,84,3.3530000000000655,0.5713881673881753,2.7816118326118904,0.5563223665223781,2.4629999999999654,4.501000000000204,session_flat,2010
1,155130,155220,2010-12-29 13:30:00+00:00,2010-12-29 21:00:00+00:00,1402.616,1410.754,0.01,90,8.13799999999992,0.7492294861660136,7.388770513833906,1.4777541027667813,0.4980000000000473,11.682999999999993,session_flat,2010
1,155423,155457,2010-12-30 13:55:00+00:00,2010-12-30 16:45:00+00:00,1408.4830000000002,1403.4830000000002,0.01,34,-5.0,0.8512929683525012,-5.851292968352501,-1.1702585936705003,5.110000000000127,2.1799999999998363,stop,2010
1,155700,155796,2010-12-31 13:00:00+00:00,2010-12-31 21:00:00+00:00,1412.399,1420.654,0.01,96,8.25500000000011,0.7176702006383886,7.5373297993617205,1.507465959872344,1.4104999999999563,8.816000000000258,session_flat,2010
1,155822,155850,2011-01-02 17:00:00+00:00,2011-01-02 21:00:00+00:00,1419.4499999999998,1419.4499999999998,0.01,28,0.0,0.6788764705882566,-0.6788764705882566,-0.13577529411765132,0.0,1.290000000000191,session_flat,2011
1,156050,156127,2011-01-03 13:40:00+00:00,2011-01-03 20:05:00+00:00,1419.435,1414.435,0.01,77,-5.0,0.7538126863511436,-5.753812686351144,-1.1507625372702288,6.052999999999884,4.309999999999945,stop,2011
-1,156347,156410,2011-01-04 14:25:00+00:00,2011-01-04 19:40:00+00:00,1396.3310000000001,1381.481,0.01,63,14.850000000000138,0.6023690476190451,14.247630952381094,2.849526190476219,0.04699999999979809,21.409000000000106,stop,2011
-1,156640,156658,2011-01-05 14:55:00+00:00,2011-01-05 16:25:00+00:00,1368.115,1373.115,0.01,18,-5.0,0.5362305339857467,-5.536230533985747,-1.1072461067971493,5.919000000000096,1.9400000000000546,stop,2011
-1,156915,156920,2011-01-06 13:50:00+00:00,2011-01-06 14:15:00+00:00,1370.95,1375.95,0.01,5,-5.0,0.45228838573940006,-5.4522883857394,-1.09045767714788,5.0090000000000146,0.0,stop,2011
-1,157208,157218,2011-01-07 14:15:00+00:00,2011-01-07 15:05:00+00:00,1367.721,1372.721,0.01,10,-5.0,0.6501367492634269,-5.650136749263427,-1.1300273498526854,6.479000000000042,3.0709999999999127,stop,2011
-1,157317,157345,2011-01-09 17:00:00+00:00,2011-01-09 21:00:00+00:00,1368.615,1368.8,0.01,28,-0.18499999999994543,0.4692777777777766,-0.654277777777722,-0.1308555555555444,0.7279999999998381,0.0,session_flat,2011
-1,157564,157601,2011-01-10 15:20:00+00:00,2011-01-10 18:25:00+00:00,1369.377,1374.377,0.01,37,-5.0,0.4535155942314366,-5.453515594231437,-1.0907031188462875,5.300999999999931,1.155999999999949,stop,2011
1,157828,157843,2011-01-11 13:20:00+00:00,2011-01-11 14:35:00+00:00,1382.098,1377.098,0.01,15,-5.0,0.44929199614411514,-5.449291996144115,-1.089858399228823,5.2409999999999854,4.585000000000036,stop,2011
1,158129,158208,2011-01-12 14:25:00+00:00,2011-01-12 21:00:00+00:00,1379.9229999999998,1387.635,0.01,79,7.712000000000217,0.46551000094796374,7.246489999052254,1.4492979998104507,3.2109999999997854,9.096000000000231,session_flat,2011
-1,158400,158408,2011-01-13 13:05:00+00:00,2011-01-13 13:45:00+00:00,1382.2440000000001,1387.2440000000001,0.01,8,-5.0,0.4367508605138654,-5.4367508605138655,-1.0873501721027732,6.481999999999971,0.34900000000016007,stop,2011
-1,158703,158738,2011-01-14 14:20:00+00:00,2011-01-14 17:15:00+00:00,1365.529,1361.57,0.01,35,3.9590000000000605,0.5163487244105385,3.442651275589522,0.6885302551179044,3.173999999999978,10.365999999999985,stop,2011
-1,158810,158839,2011-01-16 17:00:00+00:00,2011-01-16 21:00:00+00:00,1360.85,1360.85,0.01,29,-0.0,0.4215173252279426,-0.4215173252279426,-0.08430346504558853,1.1870000000001255,0.0004999999998744897,session_flat,2011
-1,159031,159126,2011-01-17 13:00:00+00:00,2011-01-17 21:00:00+00:00,1360.3890000000001,1362.4,0.01,95,-2.0109999999999673,0.3991674641148449,-2.4101674641148123,-0.4820334928229625,2.0459999999998217,1.5080000000002656,session_flat,2011
1,159336,159404,2011-01-18 14:35:00+00:00,2011-01-18 20:15:00+00:00,1370.0819999999999,1365.0819999999999,0.01,68,-5.0,0.5203445768704379,-5.520344576870438,-1.1040689153740877,5.336999999999989,3.1590000000001055,stop,2011
1,159621,159627,2011-01-19 14:20:00+00:00,2011-01-19 14:50:00+00:00,1376.172,1371.172,0.01,6,-5.0,0.4866552826168702,-5.48665528261687,-1.097331056523374,5.018000000000029,1.1320000000000618,stop,2011
-1,159931,159941,2011-01-20 16:20:00+00:00,2011-01-20 17:10:00+00:00,1348.121,1353.121,0.01,10,-5.0,0.45416985731139475,-5.454169857311395,-1.090833971462279,5.492999999999938,0.5030000000001564,stop,2011
-1,160215,160275,2011-01-21 16:00:00+00:00,2011-01-21 21:00:00+00:00,1345.259,1342.8115,0.01,60,2.447499999999991,0.5310784245623744,1.9164215754376164,0.38328431508752325,0.26499999999987267,4.309999999999945,session_flat,2011
-1,160303,160328,2011-01-23 17:00:00+00:00,2011-01-23 21:00:00+00:00,1342.183,1342.25,0.01,25,-0.06700000000000728,0.4296786324786615,-0.4966786324786688,-0.09933572649573376,0.25700000000006185,0.032999999999901775,session_flat,2011
-1,160520,160552,2011-01-24 13:00:00+00:00,2011-01-24 15:40:00+00:00,1348.885,1347.396,0.01,32,1.4890000000000327,0.3828544963481489,1.106145503651884,0.22122910073037677,1.4539999999999509,7.348999999999933,stop,2011
-1,160815,160839,2011-01-25 13:35:00+00:00,2011-01-25 15:35:00+00:00,1329.3110000000001,1328.7455,0.01,24,0.5655000000001564,0.41588320770107373,0.1496167922990827,0.02992335845981654,1.3259999999997945,6.288000000000011,stop,2011
-1,161102,161154,2011-01-26 13:30:00+00:00,2011-01-26 17:50:00+00:00,1333.1280000000002,1330.479,0.01,52,2.6490000000001146,0.4719822419533815,2.177017758046733,0.43540355160934663,0.0,7.964000000000169,stop,2011
-1,161387,161480,2011-01-27 13:15:00+00:00,2011-01-27 21:00:00+00:00,1334.22,1311.7359999999999,0.01,93,22.48400000000015,0.4353428315412103,22.04865716845894,4.409731433691788,2.76949999999988,23.928499999999985,session_flat,2011
-1,161693,161698,2011-01-28 14:50:00+00:00,2011-01-28 15:15:00+00:00,1317.149,1322.149,0.01,5,-5.0,0.5226518295403846,-5.522651829540385,-1.104530365908077,7.524000000000115,0.3389999999999418,stop,2011
1,161796,161820,2011-01-30 17:10:00+00:00,2011-01-30 21:00:00+00:00,1338.3,1338.2995,0.01,24,-0.0004999999998744897,0.5525238636363428,-0.5530238636362172,-0.11060477272724345,1.5004999999998745,2.2737367544323206e-13,session_flat,2011
-1,162032,162057,2011-01-31 14:55:00+00:00,2011-01-31 17:00:00+00:00,1328.7395000000001,1333.7395000000001,0.01,25,-5.0,0.4540800280448705,-5.454080028044871,-1.0908160056089742,7.017499999999927,2.2135000000002947,stop,2011
1,162306,162319,2011-02-01 13:55:00+00:00,2011-02-01 15:00:00+00:00,1337.464,1332.464,0.01,13,-5.0,0.45060201354240875,-5.450602013542409,-1.0901204027084819,6.371999999999844,2.268000000000029,stop,2011
-1,162583,162647,2011-02-02 13:00:00+00:00,2011-02-02 18:20:00+00:00,1336.092,1332.068,0.01,64,4.024000000000115,0.46604568914591404,3.5579543108542007,0.7115908621708401,3.5329999999999018,9.295000000000073,stop,2011
-1,162877,162879,2011-02-03 13:30:00+00:00,2011-02-03 13:40:00+00:00,1330.562,1335.562,0.01,2,-5.0,0.5033393377315183,-5.503339337731518,-1.1006678675463035,6.253000000000156,0.0,stop,2011
1,163162,163192,2011-02-04 13:15:00+00:00,2011-02-04 15:45:00+00:00,1348.2,1352.4215,0.01,30,4.221499999999878,0.4604793364068979,3.7610206635929804,0.7522041327185961,1.8500000000001364,10.028499999999894,stop,2011
1,163280,163306,2011-02-06 17:00:00+00:00,2011-02-06 21:00:00+00:00,1348.9,1346.9,0.01,26,-2.0,0.5209523809522939,-2.520952380952294,-0.5041904761904588,2.100500000000011,0.0,session_flat,2011
1,163512,163519,2011-02-07 14:20:00+00:00,2011-02-07 14:55:00+00:00,1350.3600000000001,1345.3600000000001,0.01,7,-5.0,0.48102821989528793,-5.481028219895288,-1.0962056439790575,5.1180000000001655,0.9020000000000437,stop,2011
1,163850,163879,2011-02-08 18:35:00+00:00,2011-02-08 21:00:00+00:00,1364.415,1364.422,0.01,29,0.0070000000000618465,0.5570163800163799,-0.550016380016318,-0.11000327600326361,1.6799999999998363,0.849999999999909,session_flat,2011
1,164077,164111,2011-02-09 13:30:00+00:00,2011-02-09 16:20:00+00:00,1364.2530000000002,1359.2530000000002,0.01,34,-5.0,0.5969999999999955,-5.596999999999996,-1.1193999999999993,5.164000000000215,2.868999999999687,stop,2011
-1,164375,164393,2011-02-10 14:20:00+00:00,2011-02-10 15:50:00+00:00,1354.9450000000002,1359.9450000000002,0.01,18,-5.0,0.45122018934155367,-5.451220189341553,-1.0902440378683107,5.168999999999869,1.8920000000002801,stop,2011
1,164663,164697,2011-02-11 14:20:00+00:00,2011-02-11 17:10:00+00:00,1362.853,1357.853,0.01,34,-5.0,0.49926779180585695,-5.499267791805857,-1.0998535583611715,5.282500000000027,4.712999999999965,stop,2011
-1,164771,164796,2011-02-13 17:00:00+00:00,2011-02-13 21:00:00+00:00,1356.331,1356.12,0.01,25,0.21100000000001273,0.518763888888889,-0.3077638888888763,-0.06155277777777526,0.3260000000002492,0.21149999999988722,session_flat,2011
1,165025,165084,2011-02-14 16:05:00+00:00,2011-02-14 21:00:00+00:00,1363.26,1362.422,0.01,59,-0.8379999999999656,0.5392956435456382,-1.3772956435456036,-0.2754591287091207,3.0119999999999436,3.658000000000129,session_flat,2011
1,165295,165372,2011-02-15 14:35:00+00:00,2011-02-15 21:00:00+00:00,1372.484,1372.93,0.01,77,0.44600000000014006,0.4925842136150283,-0.04658421361488824,-0.009316842722977647,2.561999999999898,2.798999999999978,session_flat,2011
1,165575,165622,2011-02-16 13:55:00+00:00,2011-02-16 17:50:00+00:00,1372.478,1376.144,0.01,47,3.66599999999994,0.4746391018054689,3.191360898194471,0.6382721796388943,3.910000000000082,9.713999999999942,stop,2011
1,165878,165948,2011-02-17 15:10:00+00:00,2011-02-17 21:00:00+00:00,1379.795,1383.775,0.01,70,3.980000000000018,0.4906565412420472,3.489343458757971,0.6978686917515942,0.18800000000010186,5.272999999999911,session_flat,2011
1,166142,166217,2011-02-18 13:10:00+00:00,2011-02-18 19:25:00+00:00,1383.5835000000002,1386.635,0.01,75,3.0514999999998054,0.4874967191600724,2.564003280839733,0.5128006561679466,1.762000000000171,8.551499999999805,stop,2011
1,166266,166274,2011-02-20 19:40:00+00:00,2011-02-20 21:00:00+00:00,1388.58,1388.58,0.01,8,0.0,0.3884917763158047,-0.3884917763158047,-0.07769835526316095,0.0004999999998744897,1.0300000000002,session_flat,2011
1,166465,166559,2011-02-21 13:00:00+00:00,2011-02-21 21:00:00+00:00,1400.9180000000001,1405.9470000000001,0.01,94,5.028999999999996,0.5041688172042935,4.524831182795703,0.9049662365591405,0.41600000000016735,7.611999999999853,session_flat,2011
1,166801,166846,2011-02-22 17:15:00+00:00,2011-02-22 21:00:00+00:00,1398.4555,1397.547,0.01,45,-0.9085000000000035,0.5404869172932334,-1.448986917293237,-0.2897973834586474,1.4664999999999964,3.6284999999998035,session_flat,2011
1,167045,167108,2011-02-23 13:40:00+00:00,2011-02-23 18:55:00+00:00,1403.863,1411.742,0.01,63,7.878999999999905,0.4795643823923882,7.399435617607518,1.4798871235215034,2.3379999999999654,12.948000000000093,stop,2011
1,167334,167350,2011-02-24 13:45:00+00:00,2011-02-24 15:05:00+00:00,1416.025,1411.025,0.01,16,-5.0,0.4994438414209428,-5.499443841420943,-1.0998887682841887,5.227000000000089,0.8419999999998709,stop,2011
-1,167613,167646,2011-02-25 13:00:00+00:00,2011-02-25 15:45:00+00:00,1404.644,1409.644,0.01,33,-5.0,0.49231665640844596,-5.492316656408446,-1.0984633312816892,6.580999999999904,2.5270000000000437,stop,2011
1,167741,167764,2011-02-27 17:30:00+00:00,2011-02-27 21:00:00+00:00,1409.15,1409.15,0.01,23,0.0,0.5185571428571374,-0.5185571428571374,-0.10371142857142748,0.0,1.1399999999998727,session_flat,2011
1,167965,168032,2011-02-28 13:45:00+00:00,2011-02-28 19:20:00+00:00,1413.098,1408.098,0.01,67,-5.0,0.49039081803289347,-5.4903908180328935,-1.0980781636065786,5.766999999999825,2.8780000000001564,stop,2011
1,168253,168340,2011-03-01 13:45:00+00:00,2011-03-01 21:00:00+00:00,1420.5749999999998,1434.716,0.01,87,14.141000000000076,0.41411096153846366,13.726889038461612,2.7453778076923223,2.3989999999998872,14.470000000000255,session_flat,2011
1,168560,168611,2011-03-02 15:20:00+00:00,2011-03-02 19:35:00+00:00,1435.844,1430.844,0.01,51,-5.0,0.5046981661272942,-5.5046981661272945,-1.1009396332254588,5.220000000000027,4.529999999999973,stop,2011
-1,168822,168831,2011-03-03 13:10:00+00:00,2011-03-03 13:55:00+00:00,1427.09,1425.624,0.01,9,1.4659999999998945,0.5227774403792054,0.9432225596206891,0.18864451192413784,3.3015000000000327,8.156999999999925,stop,2011
-1,169108,169125,2011-03-04 13:05:00+00:00,2011-03-04 14:30:00+00:00,1418.2,1423.2,0.01,17,-5.0,0.6232422360248762,-5.623242236024876,-1.1246484472049754,6.7999999999999545,2.3599999999999,stop,2011
1,169231,169246,2011-03-06 17:00:00+00:00,2011-03-06 21:00:00+00:00,1430.8000000000002,1431.9499999999998,0.01,15,1.1499999999996362,0.836662698412669,0.31333730158696715,0.06266746031739343,0.010000000000218279,1.150499999999738,session_flat,2011
1,169447,169456,2011-03-07 13:45:00+00:00,2011-03-07 14:30:00+00:00,1440.958,1435.958,0.01,9,-5.0,0.9107304910544316,-5.910730491054432,-1.1821460982108865,5.943000000000211,0.8869999999999436,stop,2011
-1,169756,169822,2011-03-08 15:30:00+00:00,2011-03-08 21:00:00+00:00,1428.835,1428.574,0.01,66,0.26099999999996726,0.7764656488549506,-0.5154656488549834,-0.10309312977099667,2.701999999999998,3.7940000000000964,session_flat,2011
1,170025,170051,2011-03-09 14:00:00+00:00,2011-03-09 16:10:00+00:00,1434.621,1429.621,0.01,26,-5.0,0.7392362492066717,-5.739236249206671,-1.1478472498413343,6.649000000000115,1.324999999999818,stop,2011
-1,170310,170361,2011-03-10 13:45:00+00:00,2011-03-10 18:00:00+00:00,1421.127,1409.395,0.01,51,11.731999999999971,0.662555727554184,11.069444272445788,2.2138888544891575,0.07699999999999818,17.9849999999999,stop,2011
-1,170590,170613,2011-03-11 13:05:00+00:00,2011-03-11 15:00:00+00:00,1413.231,1412.444,0.01,23,0.7870000000000346,0.5657017085839269,0.22129829141610768,0.04425965828322154,1.55600000000004,6.604000000000042,stop,2011
-1,170729,170752,2011-03-13 17:20:00+00:00,2011-03-13 21:00:00+00:00,1417.6999999999998,1417.43,0.01,23,0.26999999999975444,0.639611703748844,-0.3696117037490896,-0.07392234074981792,1.0000000000002274,0.32599999999979445,session_flat,2011
1,170969,171040,2011-03-14 15:05:00+00:00,2011-03-14 21:00:00+00:00,1423.3490000000002,1426.766,0.01,71,3.4169999999999168,0.8152918014603969,2.60170819853952,0.5203416397079039,1.3880000000001473,4.894999999999754,session_flat,2011
-1,171232,171239,2011-03-15 13:05:00+00:00,2011-03-15 13:40:00+00:00,1390.71,1395.71,0.01,7,-5.0,0.6212376247470985,-5.621237624747098,-1.1242475249494197,5.613000000000056,3.7519999999999527,stop,2011
-1,171534,171587,2011-03-16 14:15:00+00:00,2011-03-16 18:40:00+00:00,1403.266,1398.755,0.01,53,4.510999999999967,0.4004725599276335,4.1105274400723335,0.8221054880144667,2.893999999999778,10.740999999999985,stop,2011
1,171882,171903,2011-03-17 19:15:00+00:00,2011-03-17 21:00:00+00:00,1403.454,1403.825,0.01,21,0.3710000000000946,0.5267049377760105,-0.15570493777591587,-0.031140987555183176,0.599999999999909,1.6760000000001583,session_flat,2011
1,172101,172142,2011-03-18 13:30:00+00:00,2011-03-18 16:55:00+00:00,1416.69,1417.72,0.01,41,1.0299999999999727,0.41209304743339187,0.6179069525665808,0.12358139051331615,0.0,6.84900000000016,stop,2011
1,172216,172235,2011-03-20 17:00:00+00:00,2011-03-20 21:00:00+00:00,1418.23,1418.23,0.01,19,0.0,0.4421888276947156,-0.4421888276947156,-0.08843776553894313,0.0010000000002037268,1.3400000000001455,session_flat,2011
1,172430,172433,2011-03-21 13:15:00+00:00,2011-03-21 13:30:00+00:00,1432.5030000000002,1427.5030000000002,0.01,3,-5.0,0.4234365480705559,-5.423436548070556,-1.0846873096141112,5.43100000000004,0.6559999999999491,stop,2011
-1,172721,172734,2011-03-22 13:30:00+00:00,2011-03-22 14:35:00+00:00,1423.703,1428.703,0.01,13,-5.0,0.3471362159115429,-5.347136215911543,-1.0694272431823086,5.229000000000042,1.4209999999998217,stop,2011
1,173008,173099,2011-03-23 13:25:00+00:00,2011-03-23 21:00:00+00:00,1431.5459999999998,1437.393,0.01,91,5.847000000000207,0.4614259085213064,5.385574091478901,1.0771148182957802,0.34799999999972897,9.592000000000098,session_flat,2011
1,173297,173335,2011-03-24 13:30:00+00:00,2011-03-24 16:40:00+00:00,1438.667,1442.366,0.01,38,3.699000000000069,0.40284345665192206,3.2961565433481472,0.6592313086696294,0.7349999999999,9.164999999999964,stop,2011
1,173607,173619,2011-03-25 15:20:00+00:00,2011-03-25 16:20:00+00:00,1434.496,1429.496,0.01,12,-5.0,0.4337696481512479,-5.433769648151248,-1.0867539296302495,5.550000000000182,1.0299999999997453,stop,2011
-1,173700,173720,2011-03-27 16:50:00+00:00,2011-03-27 21:00:00+00:00,1428.65,1429.4850000000001,0.01,20,-0.8350000000000364,0.46308488063660175,-1.298084880636638,-0.2596169761273276,1.0499999999999545,0.0,session_flat,2011
-1,173921,173930,2011-03-28 13:45:00+00:00,2011-03-28 14:30:00+00:00,1414.844,1419.844,0.01,9,-5.0,0.4734511269599386,-5.473451126959938,-1.0946902253919877,5.116999999999962,0.2539999999999054,stop,2011
-1,174204,174230,2011-03-29 13:20:00+00:00,2011-03-29 15:30:00+00:00,1417.83,1422.83,0.01,26,-5.0,0.45682063279857704,-5.456820632798577,-1.0913641265597154,5.5770000000002256,2.8649999999997817,stop,2011
1,174494,174505,2011-03-30 13:30:00+00:00,2011-03-30 14:25:00+00:00,1426.9940000000001,1421.9940000000001,0.01,11,-5.0,0.46145869553833235,-5.461458695538332,-1.0922917391076665,8.425000000000182,0.13199999999983447,stop,2011
1,174787,174872,2011-03-31 13:55:00+00:00,2011-03-31 21:00:00+00:00,1435.693,1432.2469999999998,0.01,85,-3.44600000000014,0.5354983181557069,-3.9814983181558468,-0.7962996636311693,3.9199999999998454,3.963999999999942,session_flat,2011
-1,175079,175086,2011-04-01 14:15:00+00:00,2011-04-01 14:50:00+00:00,1418.849,1423.849,0.01,7,-5.0,0.5176592987804927,-5.517659298780493,-1.1035318597560986,5.464999999999918,0.11999999999989086,stop,2011
-1,175197,175225,2011-04-03 16:10:00+00:00,2011-04-03 21:00:00+00:00,1427.88,1428.35,0.01,28,-0.4699999999997999,0.47422727272724796,-0.9442272727270479,-0.18884545454540957,0.7199999999997999,0.0,session_flat,2011
1,175422,175513,2011-04-04 13:25:00+00:00,2011-04-04 21:00:00+00:00,1435.459,1433.761,0.01,91,-1.6980000000000928,0.5105973091364417,-2.2085973091365343,-0.44171946182730687,4.670000000000073,2.83199999999988,session_flat,2011
1,175739,175801,2011-04-05 15:50:00+00:00,2011-04-05 21:00:00+00:00,1447.683,1455.837,0.01,62,8.153999999999996,0.6168485607008729,7.537151439299123,1.5074302878598247,0.1449999999999818,9.572000000000116,session_flat,2011
1,175994,176089,2011-04-06 13:05:00+00:00,2011-04-06 21:00:00+00:00,1458.795,1459.753,0.01,95,0.9579999999998564,0.5651949710837421,0.39280502891611435,0.07856100578322286,4.579999999999927,3.5949999999998,session_flat,2011
1,176280,176293,2011-04-07 13:00:00+00:00,2011-04-07 14:05:00+00:00,1457.132,1459.688,0.01,13,2.55600000000004,0.5901956198513159,1.9658043801487242,0.3931608760297448,0.8830000000002656,7.795999999999822,stop,2011
1,176578,176664,2011-04-08 13:50:00+00:00,2011-04-08 21:00:00+00:00,1467.726,1474.538,0.01,86,6.811999999999899,0.5311157439052274,6.280884256094671,1.2561768512189342,0.4090000000001055,7.510999999999967,session_flat,2011
1,176702,176716,2011-04-10 17:00:00+00:00,2011-04-10 21:00:00+00:00,1472.73,1474.6999999999998,0.01,14,1.9699999999998001,0.5725333333333298,1.3974666666664703,0.27949333333329407,0.0,1.9700000000000273,session_flat,2011
-1,176967,177003,2011-04-11 18:00:00+00:00,2011-04-11 21:00:00+00:00,1468.109,1463.15,0.01,36,4.958999999999833,0.5151959728867642,4.443804027113068,0.8887608054226137,0.0,8.57899999999995,session_flat,2011
1,177200,177206,2011-04-12 13:25:00+00:00,2011-04-12 13:55:00+00:00,1464.737,1459.737,0.01,6,-5.0,0.5364748770471051,-5.536474877047105,-1.107294975409421,5.979000000000042,0.0,stop,2011
1,177489,177520,2011-04-13 13:30:00+00:00,2011-04-13 16:05:00+00:00,1460.585,1455.585,0.01,31,-5.0,0.5817214285714316,-5.581721428571432,-1.1163442857142862,5.753999999999905,1.1340000000000146,stop,2011
1,177804,177867,2011-04-14 15:45:00+00:00,2011-04-14 21:00:00+00:00,1468.0610000000001,1474.143,0.01,63,6.08199999999988,0.5662300084175125,5.515769991582367,1.1031539983164733,0.2070000000003347,6.839999999999691,session_flat,2011
1,178067,178155,2011-04-15 13:40:00+00:00,2011-04-15 21:00:00+00:00,1474.249,1486.382,0.01,88,12.133000000000038,0.5280543449018233,11.604945655098215,2.320989131019643,1.5950000000000273,13.901000000000067,session_flat,2011
1,178194,178252,2011-04-17 16:10:00+00:00,2011-04-17 21:00:00+00:00,1486.1,1485.8000000000002,0.01,58,-0.29999999999972715,0.5573104674796943,-0.8573104674794214,-0.1714620934958843,1.849999999999909,0.0,session_flat,2011
1,178460,178540,2011-04-18 14:20:00+00:00,2011-04-18 21:00:00+00:00,1488.509,1495.263,0.01,80,6.753999999999906,0.53938735805606,6.214612641943846,1.2429225283887693,4.961000000000013,8.608999999999924,session_flat,2011
1,178732,178772,2011-04-19 13:05:00+00:00,2011-04-19 16:25:00+00:00,1492.0145,1493.408,0.01,40,1.3934999999999036,0.4198006822612052,0.9736993177386983,0.19473986354773967,2.97849999999994,7.791999999999916,stop,2011
1,179026,179068,2011-04-20 13:35:00+00:00,2011-04-20 17:05:00+00:00,1501.214,1496.214,0.01,42,-5.0,0.48581558581675355,-5.485815585816754,-1.0971631171633507,5.166999999999916,4.813499999999976,stop,2011
1,179312,179361,2011-04-21 13:25:00+00:00,2011-04-21 17:30:00+00:00,1502.6860000000001,1502.862,0.01,49,0.17599999999993088,0.4864407351151529,-0.310440735115222,-0.0620881470230444,1.5265000000001692,5.654999999999745,stop,2011
1,179605,179686,2011-04-22 14:00:00+00:00,2011-04-22 21:00:00+00:00,1506.19,1509.0120000000002,0.01,81,2.8220000000001164,0.5761574074073572,2.2458425925927594,0.4491685185185519,0.41200000000003456,2.8220000000001164,session_flat,2011
1,179984,179985,2011-04-25 13:45:00+00:00,2011-04-25 13:50:00+00:00,1511.689,1506.689,0.01,1,-5.0,0.6505160384923836,-5.650516038492384,-1.1301032076984767,6.363000000000056,0.0,stop,2011
-1,180280,180309,2011-04-26 14:30:00+00:00,2011-04-26 16:55:00+00:00,1498.059,1503.059,0.01,29,-5.0,0.4893301240606737,-5.4893301240606736,-1.0978660248121348,5.02800000000002,0.0,stop,2011
1,180567,180646,2011-04-27 14:25:00+00:00,2011-04-27 21:00:00+00:00,1506.909,1527.022,0.01,79,20.11299999999983,0.5745417466042531,19.538458253395575,3.907691650679115,3.2800000000002,23.44900000000007,session_flat,2011
1,180858,180870,2011-04-28 14:50:00+00:00,2011-04-28 15:50:00+00:00,1534.853,1529.853,0.01,12,-5.0,0.49469523212872407,-5.494695232128724,-1.098939046425745,7.9500000000000455,3.668999999999869,stop,2011
1,181153,181197,2011-04-29 15:25:00+00:00,2011-04-29 19:05:00+00:00,1542.25,1562.4285,0.01,44,20.178499999999985,0.4853142173615731,19.693185782638412,3.9386371565276823,0.0,27.299999999999955,stop,2011
1,181257,181318,2011-05-01 15:55:00+00:00,2011-05-01 21:00:00+00:00,1563.0,1563.65,0.01,61,0.650000000000091,0.6419222608487107,0.008077739151380214,0.001615547830276043,0.13200000000006185,0.7139999999999418,session_flat,2011
1,181547,181551,2011-05-02 16:10:00+00:00,2011-05-02 16:30:00+00:00,1565.258,1560.258,0.01,4,-5.0,0.618033050624555,-5.618033050624555,-1.123606610124911,6.423000000000002,0.4939999999999145,stop,2011
-1,181800,181814,2011-05-03 13:15:00+00:00,2011-05-03 14:25:00+00:00,1544.741,1540.5,0.01,14,4.2409999999999854,0.5355646293738412,3.7054353706261445,0.7410870741252289,1.02599999999984,11.63000000000011,stop,2011
-1,182134,182138,2011-05-04 17:05:00+00:00,2011-05-04 17:25:00+00:00,1510.788,1515.788,0.01,4,-5.0,0.5420037786259566,-5.542003778625957,-1.1084007557251914,5.291500000000042,2.7359999999998763,stop,2011
-1,182379,182384,2011-05-05 13:30:00+00:00,2011-05-05 13:55:00+00:00,1506.297,1511.297,0.01,5,-5.0,0.5625463792596952,-5.562546379259695,-1.112509275851939,6.929999999999836,2.3700000000001182,stop,2011
-1,182665,182676,2011-05-06 13:20:00+00:00,2011-05-06 14:15:00+00:00,1492.9189999999999,1490.821,0.01,11,2.0979999999999563,0.5901529379193524,1.507847062080604,0.3015694124161208,2.019999999999982,9.111999999999853,stop,2011
-1,182799,182854,2011-05-08 16:25:00+00:00,2011-05-08 21:00:00+00:00,1494.5995,1494.0495,0.01,55,0.5499999999999545,0.5023492063492034,0.04765079365075109,0.009530158730150218,0.703499999999849,0.5499999999999545,session_flat,2011
1,183050,183057,2011-05-09 13:20:00+00:00,2011-05-09 13:55:00+00:00,1502.1709999999998,1502.787,0.01,7,0.6160000000002128,0.5161975988381888,0.09980240116202399,0.0199604802324048,0.04399999999986903,6.3090000000001965,stop,2011
1,183336,183430,2011-05-10 13:10:00+00:00,2011-05-10 21:00:00+00:00,1508.594,1516.156,0.01,94,7.561999999999898,0.5259626937811008,7.036037306218797,1.4072074612437595,0.9619999999999891,10.961000000000013,session_flat,2011
-1,183646,183669,2011-05-11 15:05:00+00:00,2011-05-11 17:00:00+00:00,1508.022,1501.626,0.01,23,6.395999999999959,0.6276039834544702,5.768396016545489,1.1536792033090977,3.0109999999999673,12.18899999999985,stop,2011
-1,183914,183920,2011-05-12 13:25:00+00:00,2011-05-12 13:55:00+00:00,1496.712,1492.836,0.01,6,3.875999999999977,0.4739903964814096,3.402009603518567,0.6804019207037134,0.9839999999999236,9.07699999999977,stop,2011
1,184200,184227,2011-05-13 13:15:00+00:00,2011-05-13 15:30:00+00:00,1507.2035,1502.2035,0.01,27,-5.0,0.46828567028641505,-5.468285670286415,-1.093657134057283,6.198499999999967,3.6864999999997963,stop,2011
-1,184331,184390,2011-05-15 16:05:00+00:00,2011-05-15 21:00:00+00:00,1494.1999999999998,1493.25,0.01,59,0.9499999999998182,0.47282894736840825,0.47717105263140996,0.095434210526282,0.0005000000001018634,1.0369999999998072,session_flat,2011
1,184611,184627,2011-05-16 15:35:00+00:00,2011-05-16 16:55:00+00:00,1499.688,1494.688,0.01,16,-5.0,0.47663327779834314,-5.476633277798343,-1.0953266555596686,6.966000000000122,0.806999999999789,stop,2011
-1,184887,184907,2011-05-17 14:35:00+00:00,2011-05-17 16:15:00+00:00,1483.096,1477.603,0.01,20,5.492999999999938,0.4608578941906419,5.032142105809296,1.0064284211618593,0.5410000000001673,11.110000000000127,stop,2011
1,185202,185250,2011-05-18 17:00:00+00:00,2011-05-18 21:00:00+00:00,1497.0810000000001,1497.255,0.01,48,0.17399999999997817,0.45752291572441744,-0.2835229157244393,-0.056704583144887855,4.351000000000113,1.9549999999999272,session_flat,2011
-1,185454,185538,2011-05-19 14:00:00+00:00,2011-05-19 21:00:00+00:00,1491.673,1493.269,0.01,84,-1.5960000000000036,0.6271992924528311,-2.2231992924528345,-0.4446398584905669,4.624000000000024,5.259999999999991,session_flat,2011
1,185737,185741,2011-05-20 13:35:00+00:00,2011-05-20 13:55:00+00:00,1497.036,1492.036,0.01,4,-5.0,0.4119322319694307,-5.4119322319694305,-1.0823864463938861,9.939000000000078,1.6539999999999964,stop,2011
1,186081,186112,2011-05-22 18:25:00+00:00,2011-05-22 21:00:00+00:00,1512.7005,1511.8000000000002,0.01,31,-0.9004999999997382,0.4476243253851285,-1.3481243253848667,-0.26962486507697336,1.0684999999998581,0.0,session_flat,2011
1,186329,186400,2011-05-23 15:05:00+00:00,2011-05-23 21:00:00+00:00,1512.2869999999998,1517.0435,0.01,71,4.756500000000187,0.4871358561278457,4.269364143872342,0.8538728287744684,2.9709999999997763,5.556000000000267,session_flat,2011
1,186613,186688,2011-05-24 14:45:00+00:00,2011-05-24 21:00:00+00:00,1525.086,1526.6680000000001,0.01,75,1.5820000000001073,0.430339521478376,1.1516604785217313,0.23033209570434626,4.613000000000056,1.9170000000001437,session_flat,2011
1,186895,186919,2011-05-25 14:15:00+00:00,2011-05-25 16:15:00+00:00,1526.685,1527.0639999999999,0.01,24,0.3789999999999054,0.4305302436887636,-0.05153024368885817,-0.010306048737771634,2.5299999999999727,5.682999999999993,stop,2011
-1,187198,187264,2011-05-26 15:30:00+00:00,2011-05-26 21:00:00+00:00,1520.4209999999998,1519.118,0.01,66,1.3029999999998836,0.5635541591223869,0.7394458408774967,0.14788916817549932,4.430000000000291,2.044999999999618,session_flat,2011
1,187476,187528,2011-05-27 14:40:00+00:00,2011-05-27 19:00:00+00:00,1532.685,1533.316,0.01,52,0.6310000000000855,0.49104488754926284,0.13995511245082265,0.02799102249016453,0.6299999999998818,5.796000000000049,stop,2011
1,187590,187649,2011-05-29 16:05:00+00:00,2011-05-29 21:00:00+00:00,1535.8000000000002,1534.85,0.01,59,-0.9500000000002728,0.49999010695186213,-1.449990106952135,-0.289998021390427,1.0010000000002037,0.5,session_flat,2011
1,187886,187932,2011-05-30 16:45:00+00:00,2011-05-30 21:00:00+00:00,1538.7730000000001,1537.6950000000002,0.01,46,-1.0779999999999745,0.4891074804432855,-1.56710748044326,-0.313421496088652,1.6765000000000327,0.49699999999984357,session_flat,2011
1,188143,188219,2011-05-31 14:40:00+00:00,2011-05-31 21:00:00+00:00,1537.254,1535.458,0.01,76,-1.7959999999998217,0.4769618554404765,-2.272961855440298,-0.4545923710880596,3.9199999999998454,3.657000000000153,session_flat,2011
1,188453,188465,2011-06-01 16:30:00+00:00,2011-06-01 17:30:00+00:00,1546.269,1541.269,0.01,12,-5.0,0.46761560060191315,-5.467615600601913,-1.0935231201203828,5.102999999999838,2.0009999999999764,stop,2011
1,188699,188716,2011-06-02 13:00:00+00:00,2011-06-02 14:25:00+00:00,1539.375,1534.375,0.01,17,-5.0,0.48530363518338104,-5.4853036351833815,-1.0970607270366763,5.06899999999996,3.633000000000038,stop,2011
1,189000,189015,2011-06-03 14:10:00+00:00,2011-06-03 15:25:00+00:00,1540.67,1535.67,0.01,15,-5.0,0.46693766830870526,-5.466937668308705,-1.093387533661741,5.285000000000082,2.8730000000000473,stop,2011
1,189119,189179,2011-06-05 16:00:00+00:00,2011-06-05 21:00:00+00:00,1541.5,1541.5,0.01,60,0.0,0.44306195167000356,-0.44306195167000356,-0.08861239033400072,1.0,0.40049999999996544,session_flat,2011
1,189394,189427,2011-06-06 14:55:00+00:00,2011-06-06 17:40:00+00:00,1550.442,1545.442,0.01,33,-5.0,0.48514662110244167,-5.485146621102442,-1.0970293242204883,6.020999999999958,3.2210000000000036,stop,2011
-1,189705,189739,2011-06-07 16:55:00+00:00,2011-06-07 19:45:00+00:00,1541.931,1546.931,0.01,34,-5.0,0.547506356402508,-5.547506356402508,-1.1095012712805015,5.764999999999873,0.009999999999990905,stop,2011
-1,189954,189975,2011-06-08 13:40:00+00:00,2011-06-08 15:25:00+00:00,1540.5749999999998,1538.629,0.01,21,1.9459999999999127,0.4758714251135738,1.4701285748863389,0.29402571497726776,0.19900000000006912,7.935999999999694,stop,2011
1,190276,190289,2011-06-09 16:30:00+00:00,2011-06-09 17:35:00+00:00,1545.996,1540.996,0.01,13,-5.0,0.48694088239506195,-5.486940882395062,-1.0973881764790123,5.061000000000149,0.4169999999999163,stop,2011
-1,190527,190542,2011-06-10 13:30:00+00:00,2011-06-10 14:45:00+00:00,1529.615,1534.615,0.01,15,-5.0,0.4628744349769316,-5.462874434976932,-1.0925748869953864,7.323499999999967,3.5815000000000055,stop,2011
-1,190936,190967,2011-06-13 15:25:00+00:00,2011-06-13 18:00:00+00:00,1526.213,1519.01,0.01,31,7.2029999999999745,0.47249556429838924,6.730504435701585,1.346100887140317,0.10900000000015098,14.724999999999909,stop,2011
-1,191207,191210,2011-06-14 14:00:00+00:00,2011-06-14 14:15:00+00:00,1516.8760000000002,1521.8760000000002,0.01,3,-5.0,0.4606432886913403,-5.46064328869134,-1.092128657738268,5.221999999999753,0.0,stop,2011
-1,191488,191489,2011-06-15 13:25:00+00:00,2011-06-15 13:30:00+00:00,1521.3870000000002,1526.3870000000002,0.01,1,-5.0,0.4789648867121026,-5.478964886712102,-1.0957929773424204,5.242999999999938,0.8910000000000764,stop,2011
1,191776,191780,2011-06-16 13:30:00+00:00,2011-06-16 13:50:00+00:00,1527.2130000000002,1527.245,0.01,4,0.03199999999969805,0.4678660035876745,-0.43586600358797645,-0.0871732007175953,0.525000000000091,5.914999999999964,stop,2011
1,192063,192103,2011-06-17 13:30:00+00:00,2011-06-17 16:50:00+00:00,1527.969,1535.8310000000001,0.01,40,7.86200000000008,0.4447925719458708,7.417207428054209,1.4834414856108418,0.3630000000000564,14.255999999999858,stop,2011
1,192205,192250,2011-06-19 17:15:00+00:00,2011-06-19 21:00:00+00:00,1539.0,1538.4005,0.01,45,-0.5995000000000346,0.45393795518207164,-1.0534379551821063,-0.21068759103642126,0.70049999999992,0.4420000000000073,session_flat,2011
1,192461,192537,2011-06-20 14:40:00+00:00,2011-06-20 21:00:00+00:00,1538.787,1540.702,0.01,76,1.9149999999999636,0.45830535714285575,1.456694642857108,0.2913389285714216,1.6010000000001128,4.323999999999842,session_flat,2011
1,192731,192825,2011-06-21 13:10:00+00:00,2011-06-21 21:00:00+00:00,1542.7150000000001,1546.309,0.01,94,3.5939999999998236,0.4240668266433932,3.1699331733564304,0.6339866346712861,1.7350000000001273,5.4659999999998945,session_flat,2011
1,193043,193076,2011-06-22 15:15:00+00:00,2011-06-22 18:00:00+00:00,1557.047,1552.047,0.01,33,-5.0,0.4082050102907108,-5.408205010290711,-1.0816410020581422,5.313000000000102,1.163000000000011,stop,2011
-1,193309,193335,2011-06-23 13:25:00+00:00,2011-06-23 15:35:00+00:00,1524.9299999999998,1521.4205,0.01,26,3.509499999999889,0.40948203164911573,3.100017968350773,0.6200035936701547,2.2270000000003165,10.32699999999977,stop,2011
-1,193626,193688,2011-06-24 15:50:00+00:00,2011-06-24 21:00:00+00:00,1509.569,1502.252,0.01,62,7.317000000000007,0.40888133802815746,6.90811866197185,1.3816237323943699,0.40399999999999636,10.922500000000127,session_flat,2011
-1,193740,193786,2011-06-26 17:10:00+00:00,2011-06-26 21:00:00+00:00,1500.6680000000001,1499.55,0.01,46,1.1180000000001655,0.4157513879635833,0.7022486120365823,0.14044972240731646,0.0,1.11850000000004,session_flat,2011
-1,193987,194027,2011-06-27 13:55:00+00:00,2011-06-27 17:15:00+00:00,1499.096,1497.194,0.01,40,1.9020000000000437,0.41027233270202107,1.4917276672980226,0.2983455334596045,2.6640000000002146,7.929000000000087,stop,2011
-1,194339,194360,2011-06-28 19:15:00+00:00,2011-06-28 21:00:00+00:00,1499.9115,1501.374,0.01,21,-1.462500000000091,0.44307736658620994,-1.905577366586301,-0.3811154733172602,1.7934999999999945,0.9829999999999472,session_flat,2011
1,194555,194600,2011-06-29 13:20:00+00:00,2011-06-29 17:05:00+00:00,1507.444,1507.723,0.01,45,0.27899999999999636,0.4223796548956666,-0.14337965489567023,-0.028675930979134047,4.134999999999991,5.791999999999916,stop,2011
-1,194881,194935,2011-06-30 16:30:00+00:00,2011-06-30 21:00:00+00:00,1506.842,1500.237,0.01,54,6.605000000000018,0.5004862600730329,6.104513739926985,1.220902747985397,0.0,8.029500000000098,session_flat,2011
-1,195147,195223,2011-07-01 14:40:00+00:00,2011-07-01 21:00:00+00:00,1486.855,1487.3290000000002,0.01,76,-0.47400000000016007,0.44589251497005195,-0.919892514970212,-0.1839785029940424,1.5019999999999527,4.757000000000062,session_flat,2011
-1,195260,195321,2011-07-03 15:55:00+00:00,2011-07-03 21:00:00+00:00,1486.5,1485.8,0.01,61,0.7000000000000455,0.45012946428576656,0.24987053571427892,0.049974107142855786,0.0,1.0,session_flat,2011
1,195519,195606,2011-07-04 13:30:00+00:00,2011-07-04 21:00:00+00:00,1494.1680000000001,1495.474,0.01,87,1.3059999999998126,0.4234675438596401,0.8825324561401726,0.17650649122803452,0.7550000000001091,2.36200000000008,session_flat,2011
1,195803,195894,2011-07-05 13:25:00+00:00,2011-07-05 21:00:00+00:00,1508.3690000000001,1515.92,0.01,91,7.550999999999932,0.4309902570481025,7.120009742951829,1.4240019485903659,0.7770000000000437,8.219000000000051,session_flat,2011
1,196104,196135,2011-07-06 14:30:00+00:00,2011-07-06 17:05:00+00:00,1526.8829999999998,1528.542,0.01,31,1.6590000000001055,0.3950954360954299,1.2639045639046755,0.2527809127809351,0.0,6.973000000000184,stop,2011
1,196381,196467,2011-07-07 13:50:00+00:00,2011-07-07 21:00:00+00:00,1526.612,1532.179,0.01,86,5.567000000000007,0.4843328512507365,5.0826671487492705,1.016533429749854,3.5830000000000837,6.1030000000000655,session_flat,2011
1,196673,196755,2011-07-08 14:10:00+00:00,2011-07-08 21:00:00+00:00,1541.121,1543.74,0.01,82,2.6189999999999145,0.4246237656551077,2.1943762343448068,0.43887524686896134,1.1800000000000637,3.8899999999998727,session_flat,2011
1,196792,196853,2011-07-10 15:55:00+00:00,2011-07-10 21:00:00+00:00,1543.5,1543.5495,0.01,61,0.049500000000080036,0.445688423645287,-0.39618842364520696,-0.07923768472904139,0.3000000000001819,0.3089999999999691,session_flat,2011
1,197071,197141,2011-07-11 15:10:00+00:00,2011-07-11 21:00:00+00:00,1546.2525,1553.477,0.01,70,7.2245000000000354,0.44649058845453976,6.778009411545495,1.3556018823090992,1.6520000000000437,9.878499999999804,session_flat,2011
1,197333,197404,2011-07-12 13:00:00+00:00,2011-07-12 18:55:00+00:00,1549.212,1567.301,0.01,71,18.088999999999942,0.41824568965516995,17.670754310344773,3.5341508620689543,1.2029999999999745,24.432000000000016,stop,2011
1,197654,197686,2011-07-13 15:45:00+00:00,2011-07-13 18:25:00+00:00,1584.864,1579.864,0.01,32,-5.0,0.42787508305648364,-5.427875083056484,-1.0855750166112967,6.90300000000002,2.606999999999971,stop,2011
1,197914,197931,2011-07-14 13:25:00+00:00,2011-07-14 14:50:00+00:00,1588.33,1583.33,0.01,17,-5.0,0.43471853617021144,-5.4347185361702115,-1.0869437072340422,5.309999999999945,5.307999999999993,stop,2011
1,198197,198293,2011-07-15 13:00:00+00:00,2011-07-15 21:00:00+00:00,1583.033,1593.6509999999998,0.01,96,10.617999999999938,0.4661685198687543,10.151831480131184,2.0303662960262367,0.9139999999999873,11.019000000000233,session_flat,2011
1,198330,198391,2011-07-17 15:55:00+00:00,2011-07-17 21:00:00+00:00,1593.0,1593.3,0.01,61,0.2999999999999545,0.45151923076923406,-0.15151923076927953,-0.030303846153855906,0.20049999999991996,0.5005000000001019,session_flat,2011
1,198619,198679,2011-07-18 16:00:00+00:00,2011-07-18 21:00:00+00:00,1604.136,1604.842,0.01,60,0.706000000000131,0.4290455082742272,0.27695449172590375,0.05539089834518075,3.397999999999911,3.0170000000000528,session_flat,2011
1,198879,198927,2011-07-19 13:40:00+00:00,2011-07-19 17:40:00+00:00,1600.866,1595.866,0.01,48,-5.0,0.4315491967803303,-5.43154919678033,-1.086309839356066,7.572000000000116,3.168999999999869,stop,2011
-1,199178,199184,2011-07-20 14:35:00+00:00,2011-07-20 15:05:00+00:00,1589.363,1594.363,0.01,6,-5.0,0.42455920358649624,-5.4245592035864965,-1.0849118407172993,7.372000000000071,0.09300000000007458,stop,2011
1,199471,199491,2011-07-21 15:00:00+00:00,2011-07-21 16:40:00+00:00,1597.445,1592.445,0.01,20,-5.0,0.42199624728850044,-5.421996247288501,-1.0843992494577002,6.6469999999999345,3.984000000000151,stop,2011
1,199757,199773,2011-07-22 14:50:00+00:00,2011-07-22 16:10:00+00:00,1605.123,1600.123,0.01,16,-5.0,0.4142484405096955,-5.414248440509695,-1.082849688101939,6.566499999999905,1.150000000000091,stop,2011
1,199871,199927,2011-07-24 16:15:00+00:00,2011-07-24 21:00:00+00:00,1599.5,1599.8600000000001,0.01,56,0.36000000000012733,0.4316148760330482,-0.07161487603292088,-0.014322975206584177,2.144999999999982,0.41599999999994,session_flat,2011
1,200130,200156,2011-07-25 13:55:00+00:00,2011-07-25 16:05:00+00:00,1616.8319999999999,1611.8319999999999,0.01,26,-5.0,0.41046920870164466,-5.410469208701644,-1.082093841740329,5.170999999999822,0.4190000000003238,stop,2011
1,200407,200503,2011-07-26 13:00:00+00:00,2011-07-26 21:00:00+00:00,1611.848,1619.271,0.01,96,7.423000000000002,0.40932788987110885,7.013672110128893,1.4027344220257787,3.6569999999999254,8.634000000000015,session_flat,2011
-1,200750,200791,2011-07-27 17:35:00+00:00,2011-07-27 21:00:00+00:00,1613.874,1613.65,0.01,41,0.22399999999993273,0.4205972040763048,-0.19659720407637207,-0.039319440815274415,2.354999999999791,1.9600000000000364,session_flat,2011
-1,201019,201023,2011-07-28 16:00:00+00:00,2011-07-28 16:20:00+00:00,1611.557,1616.557,0.01,4,-5.0,0.42328472042733006,-5.42328472042733,-1.084656944085466,5.138999999999896,0.37599999999997635,stop,2011
1,201295,201367,2011-07-29 15:00:00+00:00,2011-07-29 21:00:00+00:00,1625.094,1626.687,0.01,72,1.5929999999998472,0.4446104578838787,1.1483895421159684,0.2296779084231937,3.7220000000002074,4.393000000000029,session_flat,2011
1,201430,201464,2011-07-31 18:10:00+00:00,2011-07-31 21:00:00+00:00,1626.5320000000002,1626.5500000000002,0.01,34,0.018000000000029104,0.4094994282447178,-0.3914994282446887,-0.07829988564893774,0.43250000000011823,0.057999999999992724,session_flat,2011
1,201699,201707,2011-08-01 16:35:00+00:00,2011-08-01 17:15:00+00:00,1628.868,1623.868,0.01,8,-5.0,0.4327583590460083,-5.432758359046009,-1.0865516718092016,6.913000000000011,0.28700000000026193,stop,2011
1,201950,202040,2011-08-02 13:30:00+00:00,2011-08-02 21:00:00+00:00,1636.637,1659.407,0.01,90,22.769999999999982,0.45935147941681387,22.310648520583168,4.4621297041166335,3.9829999999999472,23.545000000000073,session_flat,2011
1,202257,202286,2011-08-03 15:05:00+00:00,2011-08-03 17:30:00+00:00,1667.192,1662.192,0.01,29,-5.0,0.4306858046964207,-5.430685804696421,-1.0861371609392843,8.315000000000055,2.7739999999998872,stop,2011
1,202538,202547,2011-08-04 14:30:00+00:00,2011-08-04 15:15:00+00:00,1677.105,1672.105,0.01,9,-5.0,0.4789439972036192,-5.478943997203619,-1.0957887994407238,5.661000000000058,5.166500000000042,stop,2011
1,202837,202842,2011-08-05 15:25:00+00:00,2011-08-05 15:50:00+00:00,1661.1799999999998,1656.1799999999998,0.01,5,-5.0,0.47616124923114295,-5.476161249231143,-1.0952322498462286,6.793499999999767,0.4450000000001637,stop,2011
1,202942,203002,2011-08-07 16:00:00+00:00,2011-08-07 21:00:00+00:00,1662.8000000000002,1662.25,0.01,60,-0.5500000000001819,0.5001975912975885,-1.0501975912977703,-0.21003951825955408,0.900000000000091,0.20049999999991996,session_flat,2011
1,203199,203213,2011-08-08 13:25:00+00:00,2011-08-08 14:35:00+00:00,1697.064,1698.04,0.01,14,0.9759999999998855,0.5851456002456772,0.3908543997542083,0.07817087995084167,4.649000000000115,8.51649999999995,stop,2011
1,203488,203490,2011-08-09 13:40:00+00:00,2011-08-09 13:50:00+00:00,1738.638,1733.638,0.01,2,-5.0,0.5718398727163692,-5.571839872716369,-1.1143679745432737,6.177999999999884,2.0190000000000055,stop,2011
1,203787,203802,2011-08-10 14:35:00+00:00,2011-08-10 15:50:00+00:00,1772.814,1791.371,0.01,15,18.557000000000016,0.5994510208106689,17.957548979189347,3.5915097958378697,0.3160000000000309,24.680999999999813,stop,2011
1,204058,204059,2011-08-11 13:10:00+00:00,2011-08-11 13:15:00+00:00,1773.9270000000001,1768.9270000000001,0.01,1,-5.0,0.8166844625500269,-5.816684462550027,-1.1633368925100054,9.096000000000004,0.0,stop,2011
-1,204369,204383,2011-08-12 15:05:00+00:00,2011-08-12 16:15:00+00:00,1732.363,1737.363,0.01,14,-5.0,0.618969366027883,-5.618969366027883,-1.1237938732055768,5.504999999999882,4.837999999999965,stop,2011
-1,204690,204712,2011-08-15 13:30:00+00:00,2011-08-15 15:20:00+00:00,1739.257,1744.257,0.01,22,-5.0,0.6377769005260321,-5.637776900526032,-1.1275553801052065,6.632999999999811,3.8209999999999127,stop,2011
1,204977,204997,2011-08-16 13:25:00+00:00,2011-08-16 15:05:00+00:00,1770.2930000000001,1779.745,0.01,20,9.45199999999977,0.590283759306161,8.86171624069361,1.772343248138722,0.0,16.350999999999885,stop,2011
1,205284,205286,2011-08-17 15:05:00+00:00,2011-08-17 15:15:00+00:00,1786.221,1781.221,0.01,2,-5.0,0.5281547588722705,-5.528154758872271,-1.105630951774454,6.648999999999887,0.0,stop,2011
1,205557,205561,2011-08-18 13:55:00+00:00,2011-08-18 14:15:00+00:00,1814.953,1821.288,0.01,4,6.335000000000036,0.4659222083909637,5.869077791609072,1.1738155583218144,0.0,11.461999999999989,stop,2011
1,205842,205845,2011-08-19 13:45:00+00:00,2011-08-19 14:00:00+00:00,1855.9360000000001,1850.9360000000001,0.01,3,-5.0,0.6470561783682254,-5.647056178368225,-1.129411235673645,9.652000000000044,2.5679999999997563,stop,2011
1,205967,205996,2011-08-21 16:40:00+00:00,2011-08-21 21:00:00+00:00,1851.989,1851.6505,0.01,29,-0.3385000000000673,0.6296073950976291,-0.9681073950976964,-0.19362147901953927,0.3489999999999327,0.29899999999997817,session_flat,2011
1,206228,206232,2011-08-22 16:25:00+00:00,2011-08-22 16:45:00+00:00,1883.15,1884.491,0.01,4,1.3409999999998945,0.6296095334129017,0.7113904665869928,0.14227809331739855,0.0,7.163000000000011,stop,2011
-1,206486,206489,2011-08-23 13:55:00+00:00,2011-08-23 14:10:00+00:00,1874.5700000000002,1879.5700000000002,0.01,3,-5.0,0.6325389104151207,-5.6325389104151204,-1.126507782083024,5.207999999999856,0.3565000000000964,stop,2011
-1,206797,206799,2011-08-24 15:50:00+00:00,2011-08-24 16:00:00+00:00,1783.845,1788.845,0.01,2,-5.0,0.5563340009823456,-5.556334000982345,-1.1112668001964692,6.576000000000022,0.61200000000008,stop,2011
-1,207069,207071,2011-08-25 14:35:00+00:00,2011-08-25 14:45:00+00:00,1735.257,1740.257,0.01,2,-5.0,0.5737345070998949,-5.5737345070998945,-1.114746901419979,6.020999999999958,3.0960000000000036,stop,2011
1,207352,207354,2011-08-26 14:10:00+00:00,2011-08-26 14:20:00+00:00,1778.536,1787.976,0.01,2,9.440000000000055,0.7732199390848562,8.666780060915197,1.7333560121830396,0.0,16.822999999999865,stop,2011
1,207471,207532,2011-08-28 15:55:00+00:00,2011-08-28 21:00:00+00:00,1827.3000000000002,1828.5,0.01,61,1.199999999999818,0.5777932692307535,0.6222067307690646,0.12444134615381293,0.0,1.400499999999738,session_flat,2011
1,207726,207729,2011-08-29 13:10:00+00:00,2011-08-29 13:25:00+00:00,1814.5785,1809.5785,0.01,3,-5.0,0.5615400309286729,-5.561540030928673,-1.1123080061857347,8.1875,0.7885000000001128,stop,2011
1,208015,208019,2011-08-30 13:15:00+00:00,2011-08-30 13:35:00+00:00,1824.013,1819.013,0.01,4,-5.0,0.5973508077018055,-5.5973508077018055,-1.119470161540361,6.45699999999988,1.40300000000002,stop,2011
1,208301,208305,2011-08-31 13:10:00+00:00,2011-08-31 13:30:00+00:00,1827.562,1822.562,0.01,4,-5.0,0.505586743494566,-5.5055867434945664,-1.1011173486989132,7.292999999999893,0.6670000000001437,stop,2011
1,208588,208592,2011-09-01 13:05:00+00:00,2011-09-01 13:25:00+00:00,1826.062,1821.062,0.01,4,-5.0,0.5155168021587653,-5.515516802158765,-1.103103360431753,5.572999999999865,0.12600000000020373,stop,2011
1,208884,208950,2011-09-02 13:55:00+00:00,2011-09-02 19:25:00+00:00,1873.906,1879.705,0.01,66,5.798999999999978,0.5933925672594647,5.205607432740513,1.0411214865481027,2.849999999999909,10.798999999999978,stop,2011
1,209006,209067,2011-09-04 15:55:00+00:00,2011-09-04 21:00:00+00:00,1883.1,1883.8,0.01,61,0.7000000000000455,0.5600359649122666,0.13996403508777888,0.027992807017555778,0.0005000000001018634,0.8005000000000564,session_flat,2011
1,209281,209351,2011-09-05 14:50:00+00:00,2011-09-05 21:00:00+00:00,1895.307,1899.087,0.01,70,3.779999999999973,0.6088665167761991,3.171133483223774,0.6342266966447548,0.0,7.251999999999953,session_flat,2011
1,209564,209566,2011-09-06 14:45:00+00:00,2011-09-06 14:55:00+00:00,1899.76,1894.76,0.01,2,-5.0,0.7382837023251374,-5.738283702325138,-1.1476567404650275,6.605000000000018,0.6639999999999873,stop,2011
-1,209856,209858,2011-09-07 15:05:00+00:00,2011-09-07 15:15:00+00:00,1808.689,1813.689,0.01,2,-5.0,0.6408108512999366,-5.640810851299936,-1.1281621702599873,5.351999999999862,3.32100000000014,stop,2011
1,210129,210137,2011-09-08 13:50:00+00:00,2011-09-08 14:30:00+00:00,1853.7959999999998,1848.7959999999998,0.01,8,-5.0,0.6463422920417021,-5.646342292041702,-1.1292684584083403,5.209999999999809,5.023000000000138,stop,2011
-1,210432,210433,2011-09-09 15:10:00+00:00,2011-09-09 15:15:00+00:00,1849.913,1854.913,0.01,1,-5.0,0.7255360477065027,-5.725536047706503,-1.1451072095413006,8.639999999999873,0.0,stop,2011
1,210547,210600,2011-09-11 16:35:00+00:00,2011-09-11 21:00:00+00:00,1855.5,1857.1599999999999,0.01,53,1.6599999999998547,0.6593170172978016,1.0006829827020531,0.20013659654041063,0.0,1.6604999999999563,session_flat,2011
-1,210820,210859,2011-09-12 15:20:00+00:00,2011-09-12 18:35:00+00:00,1833.4589999999998,1808.435,0.01,39,25.023999999999884,0.5520308190642884,24.471969180935595,4.894393836187119,1.7280000000000655,31.924999999999727,stop,2011
-1,211107,211118,2011-09-13 15:15:00+00:00,2011-09-13 16:10:00+00:00,1823.167,1828.167,0.01,11,-5.0,0.6006589836011471,-5.600658983601147,-1.1201317967202296,5.576000000000022,4.58199999999988,stop,2011
-1,211390,211417,2011-09-14 14:50:00+00:00,2011-09-14 17:05:00+00:00,1821.498,1818.876,0.01,27,2.622000000000071,0.5493675754598563,2.0726324245402146,0.4145264849080429,4.06899999999996,9.317000000000007,stop,2011
-1,211661,211688,2011-09-15 13:25:00+00:00,2011-09-15 15:40:00+00:00,1792.1109999999999,1780.605,0.01,27,11.505999999999858,0.5080139456891086,10.997986054310749,2.1995972108621498,3.9600000000000364,19.135999999999967,stop,2011
1,211992,212000,2011-09-16 17:00:00+00:00,2011-09-16 17:40:00+00:00,1815.275,1810.275,0.01,8,-5.0,0.5700391094014132,-5.570039109401414,-1.1140078218802827,5.935500000000047,1.92899999999986,stop,2011
1,212332,212336,2011-09-19 13:15:00+00:00,2011-09-19 13:35:00+00:00,1813.888,1808.888,0.01,4,-5.0,0.5691036629383897,-5.56910366293839,-1.1138207325876779,7.252999999999929,1.2600000000002183,stop,2011
1,212641,212650,2011-09-20 15:20:00+00:00,2011-09-20 16:05:00+00:00,1800.3690000000001,1805.767,0.01,9,5.397999999999911,0.7027364250498354,4.695263574950076,0.9390527149900152,0.0,11.250999999999749,stop,2011
-1,212900,212916,2011-09-21 13:10:00+00:00,2011-09-21 14:30:00+00:00,1799.9360000000001,1791.06,0.01,16,8.876000000000204,0.49007047071702403,8.38592952928318,1.677185905856636,0.8689999999999145,14.63350000000014,stop,2011
-1,213190,213198,2011-09-22 13:30:00+00:00,2011-09-22 14:10:00+00:00,1738.7939999999999,1728.125,0.01,8,10.668999999999869,0.6304273693797984,10.03857263062007,2.007714526124014,3.33600000000024,17.587499999999864,stop,2011
-1,213468,213469,2011-09-23 13:00:00+00:00,2011-09-23 13:05:00+00:00,1689.283,1694.283,0.01,1,-5.0,0.6049149628482378,-5.6049149628482375,-1.1209829925696475,7.455500000000029,0.17200000000002547,stop,2011
-1,213865,213875,2011-09-26 15:30:00+00:00,2011-09-26 16:20:00+00:00,1613.629,1602.431,0.01,10,11.197999999999865,0.766703103736003,10.431296896263863,2.0862593792527724,1.961999999999989,19.17599999999993,stop,2011
1,214120,214133,2011-09-27 13:00:00+00:00,2011-09-27 14:05:00+00:00,1656.3649999999998,1660.7150000000001,0.01,13,4.350000000000364,0.6532622307797715,3.6967377692205923,0.7393475538441184,4.945999999999913,10.932000000000244,stop,2011
-1,214430,214437,2011-09-28 15:00:00+00:00,2011-09-28 15:35:00+00:00,1645.76,1645.5235,0.01,7,0.23649999999997817,0.5694013509710083,-0.33290135097103013,-0.06658027019420602,0.5380000000000109,7.823000000000093,stop,2011
-1,214696,214700,2011-09-29 13:30:00+00:00,2011-09-29 13:50:00+00:00,1624.936,1624.638,0.01,4,0.2980000000000018,0.5200426167964376,-0.22204261679643578,-0.044408523359287154,0.0,8.611999999999853,stop,2011
-1,214979,214981,2011-09-30 13:25:00+00:00,2011-09-30 13:35:00+00:00,1615.6,1620.6,0.01,2,-5.0,0.5953094448193146,-5.595309444819314,-1.1190618889638628,5.2150000000001455,1.8099999999999454,stop,2011
-1,215094,215155,2011-10-02 15:55:00+00:00,2011-10-02 21:00:00+00:00,1623.6999999999998,1623.152,0.01,61,0.5479999999997744,0.4640115384615139,0.08398846153826056,0.01679769230765211,0.0010000000002037268,1.5779999999999745,session_flat,2011
1,215344,215360,2011-10-03 13:05:00+00:00,2011-10-03 14:25:00+00:00,1655.724,1650.724,0.01,16,-5.0,0.5100107330833501,-5.51001073308335,-1.10200214661667,5.401000000000067,3.1380000000001473,stop,2011
-1,215660,215671,2011-10-04 15:50:00+00:00,2011-10-04 16:45:00+00:00,1620.8229999999999,1625.8229999999999,0.01,11,-5.0,0.5908821677679839,-5.590882167767984,-1.1181764335535969,6.614000000000033,4.210999999999785,stop,2011
-1,215942,215946,2011-10-05 15:35:00+00:00,2011-10-05 15:55:00+00:00,1613.66,1618.66,0.01,4,-5.0,0.6137751983908322,-5.613775198390832,-1.1227550396781665,14.038999999999987,2.16800000000012,stop,2011
1,216199,216204,2011-10-06 13:20:00+00:00,2011-10-06 13:45:00+00:00,1641.1109999999999,1636.1109999999999,0.01,5,-5.0,0.5499915815697627,-5.5499915815697625,-1.1099983163139524,6.446999999999889,4.645000000000209,stop,2011
1,216479,216488,2011-10-07 13:00:00+00:00,2011-10-07 13:45:00+00:00,1655.41,1650.41,0.01,9,-5.0,0.5562639827573461,-5.556263982757346,-1.1112527965514691,5.7690000000000055,0.81899999999996,stop,2011
-1,216629,216673,2011-10-09 17:20:00+00:00,2011-10-09 21:00:00+00:00,1637.7995,1637.46,0.01,44,0.33950000000004366,0.6868816616390105,-0.3473816616389669,-0.06947633232779338,0.4014999999999418,0.39249999999992724,session_flat,2011
1,216860,216869,2011-10-10 13:00:00+00:00,2011-10-10 13:45:00+00:00,1664.58,1659.58,0.01,9,-5.0,0.5327773944577736,-5.532777394457773,-1.1065554788915546,5.033999999999878,2.576000000000022,stop,2011
-1,217147,217150,2011-10-11 13:10:00+00:00,2011-10-11 13:25:00+00:00,1661.6950000000002,1666.6950000000002,0.01,3,-5.0,0.5115970048564711,-5.511597004856471,-1.1023194009712942,5.917999999999665,0.07700000000022555,stop,2011
1,217435,217451,2011-10-12 13:30:00+00:00,2011-10-12 14:50:00+00:00,1682.824,1677.824,0.01,16,-5.0,0.46842783899601825,-5.468427838996019,-1.0936855677992037,5.625,1.1829999999999927,stop,2011
-1,217720,217733,2011-10-13 13:30:00+00:00,2011-10-13 14:35:00+00:00,1667.334,1661.126,0.01,13,6.208000000000084,0.5013709410492011,5.706629058950883,1.1413258117901766,0.0,13.6400000000001,stop,2011
1,218000,218005,2011-10-14 13:00:00+00:00,2011-10-14 13:25:00+00:00,1678.098,1678.812,0.01,5,0.7139999999999418,0.4652608779037693,0.2487391220961725,0.0497478244192345,0.0,5.775000000000091,stop,2011
1,218122,218126,2011-10-16 16:40:00+00:00,2011-10-16 21:05:00+00:00,1679.895,1679.4270000000001,0.01,4,-0.4679999999998472,0.5185757618115676,-0.9865757618114148,-0.19731515236228298,0.7049999999999272,0.1449999999999818,session_flat,2011
1,218312,218329,2011-10-17 13:05:00+00:00,2011-10-17 14:30:00+00:00,1684.176,1679.176,0.01,17,-5.0,0.4798909111721562,-5.4798909111721565,-1.0959781822344312,5.684999999999945,2.5579999999999927,stop,2011
-1,218599,218610,2011-10-18 13:15:00+00:00,2011-10-18 14:10:00+00:00,1646.208,1633.231,0.01,11,12.97700000000009,0.4796366395897302,12.49736336041036,2.4994726720820717,0.0,19.041999999999916,stop,2011
-1,218887,218897,2011-10-19 13:20:00+00:00,2011-10-19 14:10:00+00:00,1658.318,1656.3049999999998,0.01,10,2.0130000000001473,0.47898486664003875,1.5340151333601086,0.30680302667202175,0.5319999999999254,9.519999999999982,stop,2011
-1,219176,219179,2011-10-20 13:55:00+00:00,2011-10-20 14:10:00+00:00,1622.771,1627.771,0.01,3,-5.0,0.46490558771211404,-5.464905587712114,-1.0929811175424229,5.067000000000007,3.4889999999998054,stop,2011
1,219465,219470,2011-10-21 14:10:00+00:00,2011-10-21 14:35:00+00:00,1642.97,1637.97,0.01,5,-5.0,0.4694545743639931,-5.4694545743639935,-1.0938909148727987,6.538000000000011,1.5629999999998745,stop,2011
1,219585,219611,2011-10-23 17:00:00+00:00,2011-10-23 21:00:00+00:00,1640.385,1640.3290000000002,0.01,26,-0.055999999999812644,0.4941490159325325,-0.5501490159323452,-0.11002980318646904,0.40200000000004366,0.0,session_flat,2011
1,219803,219842,2011-10-24 13:30:00+00:00,2011-10-24 16:45:00+00:00,1652.881,1647.881,0.01,39,-5.0,0.44748235707520817,-5.4474823570752084,-1.0894964714150417,5.397000000000162,4.968999999999824,stop,2011
1,220091,220127,2011-10-25 13:40:00+00:00,2011-10-25 16:40:00+00:00,1653.208,1697.679,0.01,36,44.471000000000004,0.47206226976253757,43.998937730237465,8.799787546047494,1.11200000000008,50.340999999999894,stop,2011
1,220390,220423,2011-10-26 15:00:00+00:00,2011-10-26 17:45:00+00:00,1714.031,1721.327,0.01,33,7.29600000000005,0.4921750104630826,6.803824989536968,1.3607649979073935,0.0,12.72400000000016,stop,2011
1,220660,220670,2011-10-27 13:40:00+00:00,2011-10-27 14:30:00+00:00,1719.452,1725.4095,0.01,10,5.957499999999982,0.4579214582229256,5.499578541777057,1.0999157083554114,3.2920000000001437,12.739000000000033,stop,2011
1,220940,220948,2011-10-28 13:10:00+00:00,2011-10-28 13:50:00+00:00,1737.25,1740.107,0.01,8,2.856999999999971,0.48811404068904113,2.36888595931093,0.473777191862186,1.1620000000000346,8.009000000000015,stop,2011
-1,221270,221281,2011-10-31 13:30:00+00:00,2011-10-31 14:25:00+00:00,1723.758,1722.7930000000001,0.01,11,0.9649999999999181,0.4881895092718427,0.47681049072807546,0.0953620981456151,0.4230000000000018,7.93100000000004,stop,2011
-1,221558,221559,2011-11-01 13:40:00+00:00,2011-11-01 13:45:00+00:00,1687.585,1692.585,0.01,1,-5.0,0.4469387419408997,-5.4469387419409,-1.08938774838818,5.911000000000058,0.0,stop,2011
1,221865,221875,2011-11-02 15:25:00+00:00,2011-11-02 16:15:00+00:00,1741.155,1736.155,0.01,10,-5.0,0.4683192913489019,-5.468319291348902,-1.0936638582697804,5.0759999999997945,0.0,stop,2011
1,222129,222132,2011-11-03 13:30:00+00:00,2011-11-03 13:45:00+00:00,1759.243,1754.243,0.01,3,-5.0,0.46719446125907604,-5.467194461259076,-1.0934388922518152,5.503000000000156,0.0,stop,2011
1,222414,222419,2011-11-04 13:25:00+00:00,2011-11-04 13:50:00+00:00,1757.627,1752.627,0.01,5,-5.0,0.4709790296687365,-5.470979029668737,-1.0941958059337473,5.692999999999984,3.1790000000000873,stop,2011
1,222531,222558,2011-11-06 17:10:00+00:00,2011-11-06 21:00:00+00:00,1753.929,1753.703,0.01,27,-0.22600000000011278,0.47219531249998387,-0.6981953125000966,-0.1396390625000193,0.5289999999999964,0.08100000000013097,session_flat,2011
1,222746,222838,2011-11-07 13:20:00+00:00,2011-11-07 21:00:00+00:00,1775.4005,1798.282,0.01,92,22.88149999999996,0.6007792181070057,22.280720781892953,4.45614415637859,3.583499999999958,23.1545000000001,session_flat,2011
1,223034,223053,2011-11-08 13:35:00+00:00,2011-11-08 15:10:00+00:00,1788.297,1790.301,0.01,19,2.0039999999999054,0.4559171917996698,1.5480828082002356,0.30961656164004714,0.0,8.088000000000193,stop,2011
1,223322,223328,2011-11-09 13:40:00+00:00,2011-11-09 14:10:00+00:00,1792.375,1794.131,0.01,6,1.7560000000000857,0.4529392129293043,1.3030607870707813,0.2606121574141563,0.0,7.2840000000001055,stop,2011
-1,223599,223631,2011-11-10 13:00:00+00:00,2011-11-10 15:40:00+00:00,1771.6840000000002,1745.636,0.01,32,26.048000000000233,0.44961762044509584,25.598382379555137,5.119676475911027,3.786999999999807,34.659000000000106,stop,2011
1,223893,223981,2011-11-11 13:40:00+00:00,2011-11-11 21:00:00+00:00,1768.786,1788.3110000000001,0.01,88,19.52500000000009,0.6938345186559463,18.831165481344144,3.7662330962688286,4.817000000000007,19.79399999999987,session_flat,2011
1,224012,224036,2011-11-13 17:10:00+00:00,2011-11-13 21:00:00+00:00,1787.33,1787.3200000000002,0.01,24,-0.009999999999763531,0.5064721407624596,-0.5164721407622231,-0.10329442815244463,0.010999999999967258,0.18100000000004002,session_flat,2011
-1,224221,224232,2011-11-14 13:20:00+00:00,2011-11-14 14:15:00+00:00,1779.6,1784.6,0.01,11,-5.0,0.46492262292493336,-5.4649226229249335,-1.0929845245849867,6.416000000000167,1.8679999999999382,stop,2011
-1,224505,224516,2011-11-15 13:10:00+00:00,2011-11-15 14:05:00+00:00,1770.8895,1775.8895,0.01,11,-5.0,0.4698049201075772,-5.469804920107578,-1.0939609840215154,5.81899999999996,2.8199999999999363,stop,2011
-1,224801,224809,2011-11-16 14:10:00+00:00,2011-11-16 14:50:00+00:00,1771.8899999999999,1760.6660000000002,0.01,8,11.223999999999705,0.4367395212971032,10.787260478702603,2.1574520957405205,0.18800000000010186,16.826000000000022,stop,2011
-1,225071,225077,2011-11-17 13:05:00+00:00,2011-11-17 13:35:00+00:00,1751.231,1746.905,0.01,6,4.326000000000022,0.430507260528761,3.895492739471261,0.7790985478942523,0.0,10.634999999999991,stop,2011
-1,225381,225384,2011-11-18 15:20:00+00:00,2011-11-18 15:35:00+00:00,1724.032,1729.032,0.01,3,-5.0,0.4550396697944839,-5.455039669794484,-1.0910079339588967,8.899000000000115,1.9500000000000455,stop,2011
-1,225651,225655,2011-11-21 13:10:00+00:00,2011-11-21 13:30:00+00:00,1706.751,1711.751,0.01,4,-5.0,0.46018611111111957,-5.46018611111112,-1.0920372222222239,5.127999999999929,1.558999999999969,stop,2011
-1,225947,225952,2011-11-22 14:10:00+00:00,2011-11-22 14:35:00+00:00,1690.163,1695.163,0.01,5,-5.0,0.41418873749202006,-5.41418873749202,-1.082837747498404,8.179999999999836,0.0,stop,2011
-1,226217,226222,2011-11-23 13:10:00+00:00,2011-11-23 13:35:00+00:00,1690.12,1695.12,0.01,5,-5.0,0.4283340301428335,-5.4283340301428336,-1.0856668060285668,5.525000000000091,0.0,stop,2011
-1,226526,226573,2011-11-24 15:30:00+00:00,2011-11-24 21:00:00+00:00,1695.587,1694.694,0.01,47,0.8930000000000292,0.6190356699270247,0.27396433007300447,0.05479286601460089,1.586999999999989,3.050999999999931,session_flat,2011
-1,226768,226769,2011-11-25 14:30:00+00:00,2011-11-25 14:35:00+00:00,1679.158,1684.158,0.01,1,-5.0,0.48783888906125716,-5.4878388890612575,-1.0975677778122515,11.463999999999942,0.0,stop,2011
1,227035,227052,2011-11-28 14:30:00+00:00,2011-11-28 15:55:00+00:00,1716.317,1711.317,0.01,17,-5.0,0.43572650616901776,-5.435726506169018,-1.0871453012338035,5.697000000000116,1.4929999999999382,stop,2011
1,227302,227337,2011-11-29 13:00:00+00:00,2011-11-29 15:55:00+00:00,1711.353,1711.452,0.01,35,0.0989999999999327,0.43815994623656024,-0.33915994623662754,-0.0678319892473255,4.637000000000171,5.598999999999933,stop,2011
1,227607,227624,2011-11-30 15:00:00+00:00,2011-11-30 16:25:00+00:00,1743.2359999999999,1744.471,0.01,17,1.2350000000001273,0.4487379536097628,0.7862620463903645,0.15725240927807288,3.5719999999996617,7.108000000000175,stop,2011
1,227874,227897,2011-12-01 13:40:00+00:00,2011-12-01 15:35:00+00:00,1747.5500000000002,1747.719,0.01,23,0.16899999999986903,0.43933734759070014,-0.2703373475908311,-0.054067469518166225,4.463000000000193,5.917999999999665,stop,2011
1,228151,228156,2011-12-02 13:15:00+00:00,2011-12-02 13:40:00+00:00,1755.584,1750.584,0.01,5,-5.0,0.46927893447292757,-5.469278934472928,-1.0938557868945855,5.7439999999999145,5.274000000000115,stop,2011
-1,228465,228468,2011-12-05 14:10:00+00:00,2011-12-05 14:25:00+00:00,1733.774,1738.774,0.01,3,-5.0,0.44635027681715783,-5.446350276817157,-1.0892700553634316,5.394000000000233,0.27599999999983993,stop,2011
-1,228764,228782,2011-12-06 15:35:00+00:00,2011-12-06 17:05:00+00:00,1709.299,1714.299,0.01,18,-5.0,0.4606782590361472,-5.460678259036147,-1.0921356518072294,5.204999999999927,4.1909999999998035,stop,2011
1,229045,229049,2011-12-07 15:15:00+00:00,2011-12-07 15:35:00+00:00,1734.335,1729.335,0.01,4,-5.0,0.4813257385827232,-5.481325738582723,-1.0962651477165446,6.210000000000036,1.086999999999989,stop,2011
1,229304,229311,2011-12-08 13:15:00+00:00,2011-12-08 13:50:00+00:00,1742.287,1746.9789999999998,0.01,7,4.69199999999978,0.46148108457661235,4.2305189154231675,0.8461037830846335,0.0,12.843000000000075,stop,2011
-1,229601,229618,2011-12-09 14:30:00+00:00,2011-12-09 15:55:00+00:00,1711.0410000000002,1716.0410000000002,0.01,17,-5.0,0.49974640375893364,-5.499746403758934,-1.0999492807517868,5.307999999999765,2.657000000000153,stop,2011
-1,229919,229925,2011-12-12 16:05:00+00:00,2011-12-12 16:35:00+00:00,1663.463,1668.463,0.01,6,-5.0,0.48381819376972174,-5.4838181937697215,-1.0967636387539443,5.360000000000127,0.23400000000015098,stop,2011
-1,230188,230208,2011-12-13 14:55:00+00:00,2011-12-13 16:35:00+00:00,1672.851,1661.9070000000002,0.01,20,10.94399999999996,0.47164321733643877,10.472356782663521,2.094471356532704,1.3049999999998363,18.813000000000102,stop,2011
-1,230453,230471,2011-12-14 13:10:00+00:00,2011-12-14 14:40:00+00:00,1628.838,1614.868,0.01,18,13.970000000000027,0.5103365198293215,13.459663480170706,2.691932696034141,3.254000000000133,22.014999999999873,stop,2011
-1,230753,230763,2011-12-15 14:30:00+00:00,2011-12-15 15:20:00+00:00,1590.027,1578.559,0.01,10,11.468000000000075,0.46991112392185097,10.998088876078224,2.199617775215645,0.0,18.037000000000035,stop,2011
1,231021,231025,2011-12-16 13:10:00+00:00,2011-12-16 13:30:00+00:00,1596.675,1591.675,0.01,4,-5.0,0.4688422684277836,-5.4688422684277835,-1.0937684536855568,6.174499999999853,0.5620000000001255,stop,2011
1,231326,231329,2011-12-19 13:50:00+00:00,2011-12-19 14:05:00+00:00,1603.644,1598.644,0.01,3,-5.0,0.4384649807091551,-5.438464980709155,-1.0876929961418311,6.413999999999987,1.6820000000000164,stop,2011
1,231602,231643,2011-12-20 13:15:00+00:00,2011-12-20 16:40:00+00:00,1604.463,1612.835,0.01,41,8.372000000000071,0.4603832130701144,7.911616786929956,1.5823233573859912,0.9230000000000018,14.057999999999993,stop,2011
1,231887,231891,2011-12-21 13:00:00+00:00,2011-12-21 13:20:00+00:00,1617.5549999999998,1612.5549999999998,0.01,4,-5.0,0.44557054295705273,-5.445570542957053,-1.0891141085914104,9.631999999999834,0.0,stop,2011
-1,232212,232271,2011-12-22 16:05:00+00:00,2011-12-22 21:00:00+00:00,1604.698,1604.641,0.01,59,0.05700000000001637,0.6229153455398071,-0.5659153455397907,-0.11318306910795814,4.808999999999969,1.8019999999999072,session_flat,2011
-1,232484,232553,2011-12-23 15:15:00+00:00,2011-12-23 21:00:00+00:00,1606.6095,1607.806,0.01,69,-1.1965000000000146,0.7110795062154647,-1.9075795062154792,-0.38151590124309587,2.8125,3.552500000000009,session_flat,2011
-1,232760,232852,2011-12-27 13:20:00+00:00,2011-12-27 21:00:00+00:00,1594.996,1593.2959999999998,0.01,92,1.7000000000002728,0.6173530038995654,1.0826469961007075,0.2165293992201415,4.745999999999867,5.2590000000000146,session_flat,2011
-1,233045,233095,2011-12-28 13:25:00+00:00,2011-12-28 17:35:00+00:00,1589.099,1564.193,0.01,50,24.90599999999995,0.501689537712898,24.40431046228705,4.88086209245741,3.9895000000001346,32.65249999999992,stop,2011
-1,233324,233327,2011-12-29 13:00:00+00:00,2011-12-29 13:15:00+00:00,1529.452,1534.452,0.01,3,-5.0,0.47194733590114274,-5.471947335901143,-1.0943894671802286,6.053000000000111,0.0625,stop,2011
1,233617,233655,2011-12-30 13:55:00+00:00,2011-12-30 17:05:00+00:00,1564.2559999999999,1575.1930000000002,0.01,38,10.937000000000353,0.5634269041218734,10.373573095878479,2.0747146191756958,2.6499999999998636,17.292000000000144,stop,2011
1,233729,233733,2012-01-02 13:20:00+00:00,2012-01-02 22:00:00+00:00,1564.1,1564.5,0.01,4,0.400000000000091,0.5040410628019201,-0.10404106280182907,-0.020808212560365812,0.0005000000001018634,0.40000000000009095,session_flat,2012
1,233908,233952,2012-01-03 13:30:00+00:00,2012-01-03 17:10:00+00:00,1588.365,1602.036,0.01,44,13.67100000000005,0.4543361308238097,13.216663869176239,2.643332773835248,0.42049999999994725,19.152499999999918,stop,2012
1,234184,234193,2012-01-04 13:10:00+00:00,2012-01-04 13:55:00+00:00,1595.0565000000001,1595.7420000000002,0.01,9,0.6855000000000473,0.5119381287726374,0.17356187122740985,0.03471237424548197,1.52150000000006,6.419999999999845,stop,2012
1,234468,234472,2012-01-05 13:25:00+00:00,2012-01-05 13:45:00+00:00,1610.2105,1605.2105,0.01,4,-5.0,0.4975153422993078,-5.497515342299308,-1.0995030684598617,6.339499999999816,1.7205000000001291,stop,2012
1,234773,234777,2012-01-06 15:00:00+00:00,2012-01-06 15:20:00+00:00,1619.02,1614.02,0.01,4,-5.0,0.5018909535972726,-5.501890953597273,-1.1003781907194545,6.395500000000084,0.0,stop,2012
1,235056,235071,2012-01-09 14:30:00+00:00,2012-01-09 15:45:00+00:00,1619.046,1614.046,0.01,15,-5.0,0.4444045569714043,-5.444404556971405,-1.088880911394281,5.18100000000004,1.808999999999969,stop,2012
1,235336,235344,2012-01-10 14:00:00+00:00,2012-01-10 14:40:00+00:00,1637.1575,1632.1575,0.01,8,-5.0,0.44729062984060036,-5.447290629840601,-1.0894581259681202,6.426000000000158,3.155999999999949,stop,2012
1,235611,235667,2012-01-11 13:30:00+00:00,2012-01-11 18:10:00+00:00,1636.607,1640.2295,0.01,56,3.6224999999999454,0.4560853747005683,3.1664146252993772,0.6332829250598755,1.8859999999999673,9.394999999999982,stop,2012
1,235892,235917,2012-01-12 13:10:00+00:00,2012-01-12 15:15:00+00:00,1653.823,1657.005,0.01,25,3.182000000000017,0.4453952174164825,2.7366047825835342,0.5473209565167069,1.627999999999929,8.326999999999998,stop,2012
-1,236193,236206,2012-01-13 14:40:00+00:00,2012-01-13 15:45:00+00:00,1639.6125,1632.83,0.01,13,6.782500000000027,0.4483334096849802,6.334166590315047,1.2668333180630094,1.3075000000001182,14.136499999999842,stop,2012
1,236468,236540,2012-01-16 13:45:00+00:00,2012-01-16 21:10:00+00:00,1643.0805,1643.1,0.01,72,0.019499999999879947,0.5010334761085435,-0.4815334761086636,-0.09630669522173271,2.177500000000009,2.794499999999971,session_flat,2012
1,236727,236741,2012-01-17 13:50:00+00:00,2012-01-17 15:00:00+00:00,1661.21,1656.21,0.01,14,-5.0,0.4412088486597609,-5.441208848659761,-1.0882417697319522,5.246000000000095,0.25349999999980355,stop,2012
-1,237021,237036,2012-01-18 14:45:00+00:00,2012-01-18 16:00:00+00:00,1647.214,1652.214,0.01,15,-5.0,0.42781423314340333,-5.427814233143403,-1.0855628466286806,6.7719999999999345,4.242999999999938,stop,2012
1,237288,237302,2012-01-19 13:10:00+00:00,2012-01-19 14:20:00+00:00,1660.3825,1655.3825,0.01,14,-5.0,0.45592550040280705,-5.455925500402807,-1.0911851000805615,5.902000000000044,2.41150000000016,stop,2012
-1,237578,237587,2012-01-20 13:30:00+00:00,2012-01-20 14:15:00+00:00,1648.4445,1653.4445,0.01,9,-5.0,0.44603531542168834,-5.446035315421688,-1.0892070630843376,5.007999999999811,0.0,stop,2012
1,237863,237908,2012-01-23 13:30:00+00:00,2012-01-23 17:15:00+00:00,1671.006,1676.085,0.01,45,5.078999999999951,0.48861722595078055,4.5903827740491705,0.9180765548098341,4.589000000000169,10.591499999999769,stop,2012
-1,238142,238235,2012-01-24 13:15:00+00:00,2012-01-24 21:00:00+00:00,1666.7595000000001,1666.6480000000001,0.01,93,0.11149999999997817,0.46033995201717853,-0.34883995201720036,-0.06976799040344007,3.367999999999938,5.122499999999945,session_flat,2012
-1,238425,238456,2012-01-25 13:20:00+00:00,2012-01-25 15:55:00+00:00,1654.7495,1659.7495,0.01,31,-5.0,0.4302528528528507,-5.430252852852851,-1.08605057057057,5.6340000000000146,5.512499999999818,stop,2012
1,238716,238752,2012-01-26 14:20:00+00:00,2012-01-26 17:20:00+00:00,1725.45,1720.45,0.01,36,-5.0,0.4312367070895478,-5.431236707089548,-1.0862473414179097,6.093000000000075,5.044999999999845,stop,2012
1,238988,239080,2012-01-27 13:20:00+00:00,2012-01-27 21:00:00+00:00,1722.741,1738.3020000000001,0.01,92,15.56100000000015,0.41365213831631914,15.14734786168383,3.029469572336766,4.8940000000000055,15.760999999999967,session_flat,2012
1,239290,239363,2012-01-30 14:55:00+00:00,2012-01-30 21:00:00+00:00,1728.5455000000002,1729.018,0.01,73,0.4724999999998545,0.4869338722244084,-0.014433872224553945,-0.002886774444910789,2.4200000000000728,5.210999999999785,session_flat,2012
1,239576,239585,2012-01-31 14:50:00+00:00,2012-01-31 15:35:00+00:00,1743.7514999999999,1738.7514999999999,0.01,9,-5.0,0.41973815040176155,-5.419738150401762,-1.0839476300803523,5.1944999999998345,2.3435000000001764,stop,2012
1,239842,239861,2012-02-01 13:05:00+00:00,2012-02-01 14:40:00+00:00,1747.5645,1742.5645,0.01,19,-5.0,0.43087026650163535,-5.4308702665016355,-1.086174053300327,6.101999999999862,2.1240000000000236,stop,2012
1,240142,240172,2012-02-02 14:10:00+00:00,2012-02-02 16:40:00+00:00,1746.7604999999999,1755.402,0.01,30,8.641500000000178,0.415968666651552,8.225531333348627,1.6451062666697254,1.0034999999998035,14.249000000000251,stop,2012
-1,240443,240510,2012-02-03 15:25:00+00:00,2012-02-03 21:00:00+00:00,1740.2055,1725.113,0.01,67,15.092499999999973,0.4788599814516276,14.613640018548345,2.9227280037096692,4.634999999999991,16.24850000000015,session_flat,2012
-1,240716,240737,2012-02-06 14:25:00+00:00,2012-02-06 16:10:00+00:00,1718.839,1723.839,0.01,21,-5.0,0.42373975308641304,-5.423739753086413,-1.0847479506172826,6.494500000000016,4.259999999999991,stop,2012
-1,240987,240989,2012-02-07 13:20:00+00:00,2012-02-07 13:30:00+00:00,1714.649,1719.649,0.01,2,-5.0,0.41127931849273563,-5.411279318492736,-1.082255863698547,6.1965000000000146,0.0,stop,2012
1,241278,241294,2012-02-08 14:05:00+00:00,2012-02-08 15:25:00+00:00,1741.4955,1743.1129999999998,0.01,16,1.6174999999998365,0.4118684880403845,1.205631511959452,0.24112630239189042,1.1655000000000655,7.216499999999996,stop,2012
1,241580,241606,2012-02-09 15:40:00+00:00,2012-02-09 17:50:00+00:00,1745.5529999999999,1740.5529999999999,0.01,26,-5.0,0.42372272605957095,-5.423722726059571,-1.0847445452119142,6.186499999999796,3.9300000000000637,stop,2012
-1,241851,241856,2012-02-10 14:25:00+00:00,2012-02-10 14:50:00+00:00,1712.577,1717.577,0.01,5,-5.0,0.4202206519865113,-5.4202206519865115,-1.0840441303973023,5.58400000000006,0.49149999999985994,stop,2012
1,242122,242125,2012-02-13 13:20:00+00:00,2012-02-13 13:35:00+00:00,1730.228,1725.228,0.01,3,-5.0,0.43039721940784675,-5.430397219407847,-1.0860794438815693,5.626000000000204,0.0,stop,2012
-1,242470,242497,2012-02-14 18:45:00+00:00,2012-02-14 21:00:00+00:00,1716.909,1719.5555,0.01,27,-2.6464999999998327,0.4051865041342742,-3.051686504134107,-0.6103373008268214,3.127999999999929,2.9570000000001073,session_flat,2012
1,242685,242711,2012-02-15 13:00:00+00:00,2012-02-15 15:10:00+00:00,1728.3525,1731.3739999999998,0.01,26,3.0214999999998327,0.4314214267041386,2.590078573295694,0.5180157146591389,4.407999999999902,9.141000000000076,stop,2012
-1,242996,243013,2012-02-16 15:10:00+00:00,2012-02-16 16:35:00+00:00,1716.4180000000001,1721.4180000000001,0.01,17,-5.0,0.4292606961999674,-5.429260696199967,-1.0858521392399934,6.477999999999838,2.0534999999999854,stop,2012
1,243274,243277,2012-02-17 14:30:00+00:00,2012-02-17 14:45:00+00:00,1731.8474999999999,1726.8474999999999,0.01,3,-5.0,0.4202034659090899,-5.42020346590909,-1.084040693181818,7.071499999999787,0.0,stop,2012
-1,243393,243417,2012-02-19 18:50:00+00:00,2012-02-19 21:00:00+00:00,1722.8,1723.1,0.01,24,-0.2999999999999545,0.43436363636362313,-0.7343636363635777,-0.14687272727271555,0.2999999999999545,0.0004999999998744897,session_flat,2012
1,243612,243704,2012-02-20 13:20:00+00:00,2012-02-20 21:00:00+00:00,1732.951,1733.812,0.01,92,0.8609999999998763,0.4653078185212017,0.39569218147867463,0.07913843629573493,1.00649999999996,2.566000000000031,session_flat,2012
1,243948,243991,2012-02-21 17:25:00+00:00,2012-02-21 21:00:00+00:00,1753.5725,1759.3915,0.01,43,5.81899999999996,0.4050863503531292,5.4139136496468305,1.0827827299293662,1.9394999999999527,6.6375000000000455,session_flat,2012
1,244190,244261,2012-02-22 13:45:00+00:00,2012-02-22 19:40:00+00:00,1751.52,1776.7089999999998,0.01,71,25.18899999999985,0.42772858576895795,24.761271414230894,4.952254282846178,0.5574999999998909,30.292500000000018,stop,2012
1,244469,244485,2012-02-23 13:00:00+00:00,2012-02-23 14:20:00+00:00,1775.5095000000001,1779.7044999999998,0.01,16,4.194999999999709,0.4330461182889912,3.761953881710718,0.7523907763421436,0.0,9.449499999999944,stop,2012
1,244772,244836,2012-02-24 14:15:00+00:00,2012-02-24 19:35:00+00:00,1777.34,1772.34,0.01,64,-5.0,0.4390302832244061,-5.439030283224406,-1.0878060566448813,6.749000000000024,3.335499999999911,stop,2012
-1,245116,245129,2012-02-27 13:05:00+00:00,2012-02-27 14:10:00+00:00,1767.9955,1772.9955,0.01,13,-5.0,0.41209633861129175,-5.412096338611292,-1.0824192677222584,5.664999999999964,0.8910000000000764,stop,2012
1,245414,245470,2012-02-28 14:05:00+00:00,2012-02-28 18:45:00+00:00,1780.475,1784.4279999999999,0.01,56,3.9529999999999745,0.4105264229888724,3.542473577011102,0.7084947154022204,4.018999999999778,9.327000000000226,stop,2012
1,245697,245703,2012-02-29 13:40:00+00:00,2012-02-29 14:10:00+00:00,1783.7330000000002,1778.7330000000002,0.01,6,-5.0,0.3993651627983409,-5.399365162798341,-1.0798730325596682,5.06650000000036,0.4804999999998927,stop,2012
-1,245988,245992,2012-03-01 14:10:00+00:00,2012-03-01 14:30:00+00:00,1708.195,1713.195,0.01,4,-5.0,0.4440205897028922,-5.444020589702892,-1.0888041179405783,5.3659999999999854,0.0,stop,2012
-1,246273,246289,2012-03-02 13:55:00+00:00,2012-03-02 15:15:00+00:00,1709.598,1714.598,0.01,16,-5.0,0.41945934151803244,-5.419459341518032,-1.0838918683036065,5.067500000000109,4.099999999999909,stop,2012
-1,246378,246422,2012-03-04 17:20:00+00:00,2012-03-04 21:00:00+00:00,1711.7,1711.7,0.01,44,-0.0,0.44104761904763773,-0.44104761904763773,-0.08820952380952754,0.0004999999998744897,0.7999999999999545,session_flat,2012
-1,246616,246626,2012-03-05 13:10:00+00:00,2012-03-05 14:00:00+00:00,1703.391,1708.391,0.01,10,-5.0,0.41628976831868286,-5.416289768318683,-1.0832579536637366,5.533500000000004,1.5715000000000146,stop,2012
-1,246929,246958,2012-03-06 15:40:00+00:00,2012-03-06 18:05:00+00:00,1672.2530000000002,1671.257,0.01,29,0.9960000000000946,0.43353318619263276,0.5624668138074618,0.11249336276149235,3.6414999999997235,6.85550000000012,stop,2012
-1,247205,247216,2012-03-07 15:05:00+00:00,2012-03-07 16:00:00+00:00,1676.5169999999998,1681.5169999999998,0.01,11,-5.0,0.4124711142171085,-5.412471114217109,-1.0824942228434218,5.831000000000131,1.671999999999798,stop,2012
1,247475,247491,2012-03-08 13:35:00+00:00,2012-03-08 14:55:00+00:00,1696.9935,1691.9935,0.01,16,-5.0,0.39792706142288997,-5.39792706142289,-1.079585412284578,5.171000000000049,5.36850000000004,stop,2012
1,247758,247762,2012-03-09 13:10:00+00:00,2012-03-09 13:30:00+00:00,1699.305,1694.305,0.01,4,-5.0,0.4668566792346062,-5.466856679234606,-1.0933713358469213,8.348999999999933,2.220500000000129,stop,2012
1,247893,247930,2012-03-11 17:55:00+00:00,2012-03-11 21:00:00+00:00,1713.7,1713.4,0.01,37,-0.2999999999999545,0.43314046920819477,-0.7331404692081493,-0.14662809384162986,0.2999999999999545,0.0004999999998744897,session_flat,2012
-1,248125,248147,2012-03-12 13:15:00+00:00,2012-03-12 15:05:00+00:00,1701.3785,1699.6680000000001,0.01,22,1.710499999999911,0.41938547318775105,1.29111452681216,0.258222905362432,2.6404999999999745,8.453000000000202,stop,2012
-1,248416,248417,2012-03-13 13:30:00+00:00,2012-03-13 13:35:00+00:00,1687.276,1692.276,0.01,1,-5.0,0.41477844813524195,-5.414778448135242,-1.0829556896270485,5.296499999999924,1.4220000000000255,stop,2012
-1,248709,248744,2012-03-14 14:00:00+00:00,2012-03-14 16:55:00+00:00,1648.6835,1647.6395,0.01,35,1.0440000000000964,0.42353245883951723,0.6204675411605791,0.12409350823211582,4.0090000000000146,7.086999999999989,stop,2012
-1,248985,249005,2012-03-15 13:00:00+00:00,2012-03-15 14:40:00+00:00,1645.23,1650.23,0.01,20,-5.0,0.4306586718556373,-5.430658671855637,-1.0861317343711274,6.321999999999889,5.362999999999829,stop,2012
-1,249279,249280,2012-03-16 13:30:00+00:00,2012-03-16 13:35:00+00:00,1646.5665,1651.5665,0.01,1,-5.0,0.4204935903702795,-5.420493590370279,-1.0840987180740558,5.846000000000004,0.23949999999990723,stop,2012
1,249382,249441,2012-03-18 16:00:00+00:00,2012-03-18 21:00:00+00:00,1659.346,1659.0995,0.01,59,-0.2464999999999691,0.44729491341988786,-0.693794913419857,-0.1387589826839714,0.24650000000019645,0.054500000000189175,session_flat,2012
-1,249642,249654,2012-03-19 13:45:00+00:00,2012-03-19 14:45:00+00:00,1657.5059999999999,1662.5059999999999,0.01,12,-5.0,0.3937570124770669,-5.393757012477067,-1.0787514024954135,6.496000000000095,2.80399999999986,stop,2012
-1,249920,249929,2012-03-20 13:00:00+00:00,2012-03-20 13:45:00+00:00,1646.9344999999998,1651.9344999999998,0.01,9,-5.0,0.4187485976129552,-5.4187485976129555,-1.0837497195225911,5.233000000000175,1.2514999999998508,stop,2012
-1,250273,250304,2012-03-21 18:25:00+00:00,2012-03-21 21:00:00+00:00,1653.127,1650.5995,0.01,31,2.527499999999918,0.4286813765182171,2.098818623481701,0.4197637246963402,0.3400000000001455,4.3530000000000655,session_flat,2012
-1,250517,250526,2012-03-22 14:45:00+00:00,2012-03-22 15:30:00+00:00,1636.6509999999998,1641.6509999999998,0.01,9,-5.0,0.40425595238095224,-5.404255952380952,-1.0808511904761904,5.804500000000189,2.0544999999997344,stop,2012
1,250793,250824,2012-03-23 13:45:00+00:00,2012-03-23 16:20:00+00:00,1654.9895000000001,1660.159,0.01,31,5.169499999999971,0.41581273276478986,4.753687267235181,0.9507374534470362,0.7850000000003092,11.210000000000036,stop,2012
1,250893,250950,2012-03-25 16:00:00+00:00,2012-03-25 21:00:00+00:00,1661.4005000000002,1660.643,0.01,57,-0.7575000000001637,0.4331071428571471,-1.1906071428573108,-0.23812142857146218,0.9015000000001692,0.08149999999977808,session_flat,2012
1,251151,251238,2012-03-26 13:45:00+00:00,2012-03-26 21:00:00+00:00,1679.5720000000001,1690.189,0.01,87,10.616999999999962,0.42037763975155684,10.196622360248405,2.039324472049681,1.9390000000000782,14.129999999999882,session_flat,2012
1,251437,251449,2012-03-27 13:40:00+00:00,2012-03-27 14:40:00+00:00,1692.623,1687.623,0.01,12,-5.0,0.41233642484191657,-5.412336424841916,-1.0824672849683832,5.537000000000035,4.150000000000091,stop,2012
-1,251741,251796,2012-03-28 15:05:00+00:00,2012-03-28 19:40:00+00:00,1673.337,1662.0120000000002,0.01,55,11.324999999999818,0.43153381962864545,10.893466180371172,2.1786932360742344,2.4099999999998545,18.61200000000008,stop,2012
-1,252005,252019,2012-03-29 13:05:00+00:00,2012-03-29 14:15:00+00:00,1662.1064999999999,1661.603,0.01,14,0.5034999999998035,0.3957976789542923,0.10770232104551125,0.02154046420910225,0.5665000000001328,5.625999999999749,stop,2012
1,252292,252302,2012-03-30 13:00:00+00:00,2012-03-30 13:50:00+00:00,1666.7330000000002,1661.7330000000002,0.01,10,-5.0,0.41238312966436147,-5.412383129664361,-1.0824766259328722,5.63550000000032,1.712999999999738,stop,2012
1,252396,252440,2012-04-01 16:05:00+00:00,2012-04-01 21:00:00+00:00,1667.8000000000002,1667.6,0.01,44,-0.20000000000027282,0.44508659003830225,-0.645086590038575,-0.12901731800771502,0.20050000000014734,0.0,session_flat,2012
1,252624,252674,2012-04-02 13:10:00+00:00,2012-04-02 17:20:00+00:00,1667.355,1678.316,0.01,50,10.961000000000013,0.4408373088184064,10.520162691181607,2.1040325382363214,1.51949999999988,16.232999999999947,stop,2012
1,252958,252966,2012-04-03 17:15:00+00:00,2012-04-03 17:55:00+00:00,1674.4555,1669.4555,0.01,8,-5.0,0.4427447399313713,-5.4427447399313715,-1.0885489479862742,5.057499999999891,1.3315000000000055,stop,2012
-1,253205,253226,2012-04-04 13:50:00+00:00,2012-04-04 15:35:00+00:00,1625.481,1618.7365,0.01,21,6.744500000000017,0.4170694401100055,6.327430559890011,1.2654861119780023,0.3730000000000473,12.28300000000013,stop,2012
-1,253487,253492,2012-04-05 13:20:00+00:00,2012-04-05 13:45:00+00:00,1626.045,1631.045,0.01,5,-5.0,0.5428222806481824,-5.542822280648182,-1.1085644561296364,5.009999999999991,1.3150000000000546,stop,2012
1,253766,253786,2012-04-06 15:35:00+00:00,2012-04-06 21:20:00+00:00,1637.6,1639.225,0.01,20,1.625,0.5008743589743742,1.1241256410256257,0.22482512820512515,0.599999999999909,1.625,session_flat,2012
1,254046,254065,2012-04-09 13:30:00+00:00,2012-04-09 15:05:00+00:00,1645.079,1640.079,0.01,19,-5.0,0.45353919899085693,-5.453539198990857,-1.0907078397981713,5.38149999999996,2.5060000000000855,stop,2012
1,254331,254343,2012-04-10 13:15:00+00:00,2012-04-10 14:15:00+00:00,1644.9524999999999,1639.9524999999999,0.01,12,-5.0,0.41537395292096074,-5.415373952920961,-1.0830747905841922,6.92699999999968,1.2460000000000946,stop,2012
1,254643,254712,2012-04-11 15:15:00+00:00,2012-04-11 21:00:00+00:00,1658.518,1658.82,0.01,69,0.30199999999990723,0.41368282168475984,-0.1116828216848526,-0.02233656433697052,3.113499999999931,2.4839999999999236,session_flat,2012
1,254946,255000,2012-04-12 16:30:00+00:00,2012-04-12 21:00:00+00:00,1674.1019999999999,1675.689,0.01,54,1.5870000000002165,0.6073801742919374,0.9796198257082791,0.19592396514165583,0.0,6.011500000000069,session_flat,2012
1,255201,255227,2012-04-13 13:45:00+00:00,2012-04-13 15:55:00+00:00,1668.8535000000002,1663.8535000000002,0.01,26,-5.0,0.43315280674448575,-5.433152806744486,-1.0866305613488971,6.356000000000222,2.4049999999997453,stop,2012
-1,255554,255559,2012-04-16 13:05:00+00:00,2012-04-16 13:30:00+00:00,1651.5045,1656.5045,0.01,5,-5.0,0.40733332780868164,-5.407333327808682,-1.0814666655617364,6.197499999999991,0.0,stop,2012
-1,255844,255859,2012-04-17 13:15:00+00:00,2012-04-17 14:30:00+00:00,1653.026,1642.746,0.01,15,10.279999999999973,0.41495072234452407,9.865049277655448,1.9730098555310895,1.7049999999999272,18.28300000000013,stop,2012
-1,256133,256137,2012-04-18 13:20:00+00:00,2012-04-18 13:40:00+00:00,1641.1975,1646.1975,0.01,4,-5.0,0.4126977144289505,-5.41269771442895,-1.08253954288579,5.594499999999925,0.0,stop,2012
1,256433,256455,2012-04-19 14:20:00+00:00,2012-04-19 16:10:00+00:00,1646.3425,1641.3425,0.01,22,-5.0,0.4099899347389588,-5.409989934738959,-1.0819979869477918,6.844499999999925,4.900000000000091,stop,2012
-1,256714,256801,2012-04-20 13:45:00+00:00,2012-04-20 21:00:00+00:00,1641.658,1642.456,0.01,87,-0.7980000000000018,0.43462839109970314,-1.232628391099705,-0.24652567821994098,4.844000000000051,1.5744999999997162,session_flat,2012
-1,256809,256867,2012-04-22 16:00:00+00:00,2012-04-22 21:00:00+00:00,1642.2,1642.2,0.01,58,-0.0,0.4346989898990244,-0.4346989898990244,-0.08693979797980488,0.20000000000004547,0.2999999999999545,session_flat,2012
-1,257067,257118,2012-04-23 13:45:00+00:00,2012-04-23 18:00:00+00:00,1630.248,1635.248,0.01,51,-5.0,0.40168841148819073,-5.401688411488191,-1.0803376822976383,5.554499999999962,4.34900000000016,stop,2012
1,257372,257442,2012-04-24 15:10:00+00:00,2012-04-24 21:00:00+00:00,1642.842,1642.142,0.01,70,-0.7000000000000455,0.44151073208455177,-1.1415107320845972,-0.22830214641691943,2.3300000000001546,1.481499999999869,session_flat,2012
-1,257651,257682,2012-04-25 14:25:00+00:00,2012-04-25 17:00:00+00:00,1639.601,1633.7820000000002,0.01,31,5.81899999999996,0.43047320678060813,5.388526793219352,1.0777053586438705,2.0799999999999272,14.130500000000211,stop,2012
1,257922,258014,2012-04-26 13:20:00+00:00,2012-04-26 21:00:00+00:00,1652.814,1657.3,0.01,92,4.485999999999876,0.595951335380333,3.8900486646195436,0.7780097329239087,4.011999999999944,8.087999999999965,session_flat,2012
1,258214,258299,2012-04-27 13:55:00+00:00,2012-04-27 21:00:00+00:00,1663.3305,1662.257,0.01,85,-1.0734999999999673,0.4354106758832546,-1.5089106758832218,-0.3017821351766444,1.5305000000000746,4.171499999999924,session_flat,2012
1,258336,258369,2012-04-29 18:15:00+00:00,2012-04-29 21:00:00+00:00,1662.4,1661.8,0.01,33,-0.6000000000001364,0.43898029556652846,-1.038980295566665,-0.207796059113333,0.9529999999999745,0.0005000000001018634,session_flat,2012
-1,258569,258581,2012-04-30 13:50:00+00:00,2012-04-30 14:50:00+00:00,1655.4375,1660.4375,0.01,12,-5.0,0.3938363689898325,-5.393836368989833,-1.0787672737979666,5.124499999999898,4.435500000000047,stop,2012
1,258851,258859,2012-05-01 13:20:00+00:00,2012-05-01 14:00:00+00:00,1668.7785,1663.7785,0.01,8,-5.0,0.4995395569038425,-5.4995395569038426,-1.0999079113807686,6.458499999999731,1.4340000000001965,stop,2012
-1,259150,259185,2012-05-02 14:15:00+00:00,2012-05-02 17:10:00+00:00,1650.359,1655.359,0.01,35,-5.0,0.4354808573965147,-5.435480857396515,-1.087096171479303,5.134500000000116,0.9114999999999327,stop,2012
-1,259440,259516,2012-05-03 14:40:00+00:00,2012-05-03 21:00:00+00:00,1636.734,1635.796,0.01,76,0.9379999999998745,0.5713713042566693,0.3666286957432052,0.07332573914864104,1.4480000000000928,5.435999999999922,session_flat,2012
-1,259710,259717,2012-05-04 13:10:00+00:00,2012-05-04 13:45:00+00:00,1637.563,1642.563,0.01,7,-5.0,0.42274370073472106,-5.4227437007347215,-1.0845487401469442,6.084999999999809,1.9350000000001728,stop,2012
-1,260028,260046,2012-05-07 15:15:00+00:00,2012-05-07 16:45:00+00:00,1635.6075,1640.6075,0.01,18,-5.0,0.4324690494324171,-5.4324690494324175,-1.0864938098864836,5.223500000000058,0.0,stop,2012
-1,260323,260363,2012-05-08 15:50:00+00:00,2012-05-08 19:10:00+00:00,1603.01,1608.01,0.01,40,-5.0,0.4154738894753693,-5.415473889475369,-1.083094777895074,5.292500000000018,3.0125000000000455,stop,2012
-1,260580,260603,2012-05-09 13:15:00+00:00,2012-05-09 15:10:00+00:00,1586.655,1591.655,0.01,23,-5.0,0.4371289515042665,-5.437128951504267,-1.0874257903008533,6.856500000000096,4.448000000000093,stop,2012
-1,260871,260961,2012-05-10 13:30:00+00:00,2012-05-10 21:00:00+00:00,1597.411,1594.005,0.01,90,3.4059999999999495,0.6001029457605915,2.8058970542393578,0.5611794108478716,4.522999999999911,4.811000000000149,session_flat,2012
-1,261161,261165,2012-05-11 13:50:00+00:00,2012-05-11 14:10:00+00:00,1583.1979999999999,1588.1979999999999,0.01,4,-5.0,0.4285064444837362,-5.4285064444837365,-1.0857012888967472,5.764000000000124,0.8699999999998909,stop,2012
-1,261260,261320,2012-05-13 16:00:00+00:00,2012-05-13 21:00:00+00:00,1578.9,1578.9,0.01,60,-0.0,0.4337893925011889,-0.4337893925011889,-0.08675787850023778,0.0005000000001018634,0.77800000000002,session_flat,2012
-1,261532,261608,2012-05-14 14:40:00+00:00,2012-05-14 21:00:00+00:00,1560.8925,1556.593,0.01,76,4.299499999999853,0.43690876612771695,3.8625912338721355,0.7725182467744272,4.8275000000001,4.992499999999836,session_flat,2012
-1,261815,261896,2012-05-15 14:15:00+00:00,2012-05-15 21:00:00+00:00,1556.165,1544.02,0.01,81,12.144999999999982,0.4254399999999993,11.719559999999982,2.3439119999999964,3.7145000000000437,14.496000000000095,session_flat,2012
-1,262100,262114,2012-05-16 14:05:00+00:00,2012-05-16 15:15:00+00:00,1547.633,1543.575,0.01,14,4.057999999999993,0.4171258611755863,3.6408741388244064,0.7281748277648813,4.759499999999889,12.028999999999996,stop,2012
1,262377,262384,2012-05-17 13:10:00+00:00,2012-05-17 13:45:00+00:00,1554.9755,1549.9755,0.01,7,-5.0,0.4155749194019757,-5.415574919401975,-1.083114983880395,5.850500000000011,1.5354999999999563,stop,2012
1,262698,262759,2012-05-18 15:55:00+00:00,2012-05-18 21:00:00+00:00,1590.897,1593.1,0.01,61,2.2029999999999745,0.42341006842620027,1.7795899315737742,0.35591798631475485,4.7905000000000655,3.407000000000153,session_flat,2012
1,263029,263046,2012-05-21 13:25:00+00:00,2012-05-21 14:50:00+00:00,1586.879,1589.502,0.01,17,2.6230000000000473,0.4149980934839525,2.208001906516095,0.441600381303219,1.8244999999997162,9.113000000000056,stop,2012
-1,263316,263327,2012-05-22 13:20:00+00:00,2012-05-22 14:15:00+00:00,1581.7244999999998,1586.7244999999998,0.01,11,-5.0,0.4092143119019485,-5.409214311901948,-1.0818428623803897,5.603500000000167,3.8274999999998727,stop,2012
-1,263602,263623,2012-05-23 13:10:00+00:00,2012-05-23 14:55:00+00:00,1563.0935,1542.017,0.01,21,21.076499999999896,0.41574647946952764,20.660753520530367,4.132150704106073,0.0,28.003499999999804,stop,2012
1,263900,263921,2012-05-24 14:00:00+00:00,2012-05-24 15:45:00+00:00,1569.2649999999999,1569.4755,0.01,21,0.21050000000013827,0.4122002871456895,-0.20170028714555124,-0.040340057429110246,0.7054999999998017,5.936500000000251,stop,2012
1,264200,264272,2012-05-25 15:00:00+00:00,2012-05-25 21:00:00+00:00,1563.9675,1572.5,0.01,72,8.532500000000027,0.44069393090571135,8.091806069094316,1.6183612138188632,0.0,10.34699999999998,session_flat,2012
1,264581,264626,2012-05-28 16:40:00+00:00,2012-05-28 21:00:00+00:00,1574.5065,1573.0,0.01,45,-1.50649999999996,0.4260252060439719,-1.932525206043932,-0.38650504120878637,2.7725000000000364,0.7505000000001019,session_flat,2012
1,264841,264846,2012-05-29 14:55:00+00:00,2012-05-29 15:20:00+00:00,1578.9135,1573.9135,0.01,5,-5.0,0.4102342565248585,-5.410234256524858,-1.0820468513049717,5.466499999999996,0.2159999999998945,stop,2012
-1,265121,265130,2012-05-30 14:15:00+00:00,2012-05-30 15:00:00+00:00,1541.5925,1546.5925,0.01,9,-5.0,0.4277236577358878,-5.427723657735887,-1.0855447315471776,8.99350000000004,3.6324999999999363,stop,2012
-1,265411,265413,2012-05-31 14:25:00+00:00,2012-05-31 14:35:00+00:00,1558.8105,1563.8105,0.01,2,-5.0,0.4104576760463435,-5.410457676046343,-1.0820915352092686,5.101000000000113,0.5869999999999891,stop,2012
1,265754,265778,2012-06-01 19:00:00+00:00,2012-06-01 21:00:00+00:00,1621.312,1623.9,0.01,24,2.588000000000193,0.4415437543804012,2.1464562456197918,0.42929124912395833,0.10599999999976717,4.975000000000136,session_flat,2012
1,265790,265851,2012-06-03 15:55:00+00:00,2012-06-03 21:00:00+00:00,1624.1,1623.5,0.01,61,-0.599999999999909,0.44598315228530633,-1.0459831522852154,-0.2091966304570431,0.800499999999829,0.9005000000001928,session_flat,2012
1,266052,266061,2012-06-04 13:45:00+00:00,2012-06-04 14:30:00+00:00,1618.745,1613.745,0.01,9,-5.0,0.41953270750205174,-5.419532707502052,-1.0839065415004103,5.226999999999862,3.165000000000191,stop,2012
1,266345,266427,2012-06-05 14:10:00+00:00,2012-06-05 21:00:00+00:00,1615.4645,1617.116,0.01,82,1.6514999999999418,0.40590584063178653,1.2455941593681552,0.24911883187363104,1.1784999999999854,4.81899999999996,session_flat,2012
1,266648,266663,2012-06-06 15:45:00+00:00,2012-06-06 17:00:00+00:00,1636.6685,1631.6685,0.01,15,-5.0,0.4187186045155968,-5.418718604515597,-1.0837437209031193,6.47849999999994,3.6245000000001255,stop,2012
-1,266937,266942,2012-06-07 15:50:00+00:00,2012-06-07 16:15:00+00:00,1587.003,1592.003,0.01,5,-5.0,0.4107872535389276,-5.410787253538928,-1.0821574507077856,6.627500000000055,2.314000000000078,stop,2012
-1,267217,267246,2012-06-08 15:10:00+00:00,2012-06-08 17:35:00+00:00,1587.4904999999999,1592.4904999999999,0.01,29,-5.0,0.40242649953738147,-5.402426499537381,-1.0804852999074763,5.732500000000073,5.692499999999882,stop,2012
-1,267300,267360,2012-06-10 16:00:00+00:00,2012-06-10 21:00:00+00:00,1593.0,1593.3,0.01,60,-0.2999999999999545,0.4463201871657823,-0.7463201871657368,-0.14926403743314737,1.5370000000000346,0.0,session_flat,2012
-1,267571,267587,2012-06-11 14:40:00+00:00,2012-06-11 16:00:00+00:00,1587.8435,1592.8435,0.01,16,-5.0,0.4021180490782665,-5.4021180490782665,-1.0804236098156532,5.905999999999949,4.913000000000011,stop,2012
1,267876,267896,2012-06-12 16:30:00+00:00,2012-06-12 18:10:00+00:00,1613.5035,1608.5035,0.01,20,-5.0,0.4061652911097163,-5.406165291109716,-1.0812330582219434,8.47199999999998,3.479000000000042,stop,2012
1,268124,268157,2012-06-13 13:20:00+00:00,2012-06-13 16:05:00+00:00,1619.6064999999999,1614.6064999999999,0.01,33,-5.0,0.43418553032032364,-5.434185530320324,-1.0868371060640647,5.4594999999999345,5.231999999999971,stop,2012
1,268451,268504,2012-06-14 16:35:00+00:00,2012-06-14 21:00:00+00:00,1619.007,1623.569,0.01,53,4.561999999999898,0.6314821956889269,3.930517804310971,0.7861035608621942,1.5289999999999964,8.2199999999998,session_flat,2012
1,268696,268723,2012-06-15 13:00:00+00:00,2012-06-15 15:15:00+00:00,1623.813,1627.143,0.01,27,3.3299999999999272,0.4285384795726226,2.9014615204273047,0.580292304085461,1.211999999999989,8.809999999999945,stop,2012
1,268806,268865,2012-06-17 16:05:00+00:00,2012-06-17 21:00:00+00:00,1626.9005000000002,1626.9,0.01,59,-0.0005000000001018634,0.5060952380952227,-0.5065952380953246,-0.10131904761906492,0.0005000000001018634,0.0,session_flat,2012
-1,269060,269072,2012-06-18 13:15:00+00:00,2012-06-18 14:15:00+00:00,1621.587,1621.2955000000002,0.01,12,0.29149999999981446,0.44747242203950555,-0.15597242203969108,-0.031194484407938216,1.412499999999909,6.889000000000124,stop,2012
1,269349,269353,2012-06-19 13:20:00+00:00,2012-06-19 13:40:00+00:00,1628.4555,1623.4555,0.01,4,-5.0,0.42013166265918184,-5.420131662659182,-1.0840263325318364,6.307499999999891,1.0695000000000618,stop,2012
-1,269638,269652,2012-06-20 13:25:00+00:00,2012-06-20 14:35:00+00:00,1607.417,1601.0715,0.01,14,6.345499999999901,0.41991260222681553,5.925587397773086,1.185117479554617,0.32600000000002183,11.719499999999925,stop,2012
-1,269938,269954,2012-06-21 14:25:00+00:00,2012-06-21 15:45:00+00:00,1584.6570000000002,1572.8980000000001,0.01,16,11.759000000000015,0.42292409581855467,11.33607590418146,2.267215180836292,4.309999999999945,17.263000000000147,stop,2012
-1,270211,270242,2012-06-22 13:10:00+00:00,2012-06-22 15:45:00+00:00,1567.8155000000002,1564.711,0.01,31,3.1045000000001437,0.4183884490250926,2.6861115509750513,0.5372223101950102,1.4434999999998581,9.20450000000028,stop,2012
-1,270319,270359,2012-06-24 16:05:00+00:00,2012-06-24 21:00:00+00:00,1572.0994999999998,1572.1,0.01,40,-0.0005000000001018634,0.43047643020594034,-0.4309764302060422,-0.08619528604120844,0.3265000000001237,3.252499999999827,session_flat,2012
-1,270545,270575,2012-06-25 13:10:00+00:00,2012-06-25 15:40:00+00:00,1572.677,1577.677,0.01,30,-5.0,0.40666467985812754,-5.406664679858127,-1.0813329359716255,5.046500000000151,3.5299999999999727,stop,2012
-1,270863,270927,2012-06-26 15:40:00+00:00,2012-06-26 21:00:00+00:00,1571.0725,1572.827,0.01,64,-1.7545000000000075,0.4280685793116406,-2.1825685793116483,-0.4365137158623297,4.000999999999976,0.6490000000001146,session_flat,2012
-1,271158,271215,2012-06-27 16:15:00+00:00,2012-06-27 21:00:00+00:00,1573.701,1574.273,0.01,57,-0.571999999999889,0.40413230240549536,-0.9761323024053844,-0.1952264604810769,4.901499999999942,1.4014999999999418,session_flat,2012
-1,271434,271474,2012-06-28 15:15:00+00:00,2012-06-28 18:35:00+00:00,1555.498,1553.4405000000002,0.01,40,2.057499999999891,0.4337204614604402,1.6237795385394507,0.32475590770789015,1.1529999999997926,7.323499999999967,stop,2012
1,271703,271755,2012-06-29 13:40:00+00:00,2012-06-29 18:00:00+00:00,1595.379,1600.0720000000001,0.01,52,4.693000000000211,0.4409307059529049,4.252069294047306,0.8504138588094612,2.1295000000000073,11.738000000000056,stop,2012
1,271805,271864,2012-07-01 16:05:00+00:00,2012-07-01 21:00:00+00:00,1597.3000000000002,1597.524,0.01,59,0.22399999999970532,0.4042833333333516,-0.18028333333364627,-0.036056666666729256,0.0005000000001018634,0.29999999999972715,session_flat,2012
1,272068,272073,2012-07-02 14:00:00+00:00,2012-07-02 14:25:00+00:00,1592.547,1593.4335,0.01,5,0.8865000000000691,0.41705980385906527,0.46944019614100385,0.09388803922820077,0.0,7.354499999999916,stop,2012
1,272357,272423,2012-07-03 14:10:00+00:00,2012-07-03 19:40:00+00:00,1617.3020000000001,1618.7855,0.01,66,1.4834999999998217,0.44621196487198705,1.0372880351278346,0.20745760702556693,1.3875000000002728,7.656500000000051,stop,2012
1,272642,272727,2012-07-04 13:55:00+00:00,2012-07-04 21:00:00+00:00,1616.1195,1615.058,0.01,85,-1.0615000000000236,0.440117870410827,-1.5016178704108507,-0.30032357408217014,3.279499999999871,1.0119999999999436,session_flat,2012
-1,272928,272940,2012-07-05 13:45:00+00:00,2012-07-05 14:45:00+00:00,1604.8625,1609.8625,0.01,12,-5.0,0.45314299133501706,-5.453142991335017,-1.0906285982670034,6.339999999999918,1.9804999999998927,stop,2012
-1,273226,273285,2012-07-06 14:35:00+00:00,2012-07-06 19:30:00+00:00,1590.5295,1582.0545000000002,0.01,59,8.474999999999909,0.4345550730930735,8.040444926906835,1.608088985381367,1.5839999999998327,13.903000000000247,stop,2012
-1,273316,273375,2012-07-08 16:05:00+00:00,2012-07-08 21:00:00+00:00,1583.2995,1582.57,0.01,59,0.7295000000001437,0.4258025312067014,0.3036974687934423,0.06073949375868846,0.23299999999994725,1.0,session_flat,2012
-1,273579,273622,2012-07-09 14:00:00+00:00,2012-07-09 17:35:00+00:00,1586.1655,1591.1655,0.01,43,-5.0,0.4059134896821562,-5.405913489682156,-1.0811826979364312,5.017499999999927,1.0464999999999236,stop,2012
-1,273892,273951,2012-07-10 16:05:00+00:00,2012-07-10 21:00:00+00:00,1586.2065,1567.2015000000001,0.01,59,19.00499999999988,0.4375332444782956,18.567466755521586,3.7134933511043173,1.102999999999838,21.541500000000042,session_flat,2012
-1,274155,274212,2012-07-11 14:00:00+00:00,2012-07-11 18:45:00+00:00,1576.9144999999999,1574.0465,0.01,57,2.867999999999938,0.4526267755002888,2.4153732244996493,0.48307464489992985,4.587500000000091,9.556499999999915,stop,2012
-1,274445,274459,2012-07-12 14:35:00+00:00,2012-07-12 15:45:00+00:00,1559.1525000000001,1564.1525000000001,0.01,14,-5.0,0.411698649609095,-5.411698649609095,-1.082339729921819,8.067999999999756,4.055000000000291,stop,2012
1,274718,274741,2012-07-13 13:20:00+00:00,2012-07-13 15:15:00+00:00,1580.721,1590.542,0.01,23,9.820999999999913,0.43202135145927584,9.388978648540636,1.8777957297081271,0.0,16.181500000000142,stop,2012
1,274823,274883,2012-07-15 16:00:00+00:00,2012-07-15 21:00:00+00:00,1588.5230000000001,1588.0,0.01,60,-0.5230000000001382,0.4549215070643668,-0.9779215070645051,-0.195584301412901,0.5230000000001382,0.07699999999977081,session_flat,2012
1,275086,275119,2012-07-16 13:55:00+00:00,2012-07-16 16:40:00+00:00,1589.226,1589.9144999999999,0.01,33,0.688499999999749,0.4144826382945315,0.27401736170521745,0.05480347234104349,1.8659999999999854,5.777499999999918,stop,2012
-1,275397,275400,2012-07-17 15:50:00+00:00,2012-07-17 16:05:00+00:00,1580.721,1585.721,0.01,3,-5.0,0.4117352988175067,-5.411735298817507,-1.0823470597635014,6.482999999999947,0.0,stop,2012
-1,275657,275663,2012-07-18 13:30:00+00:00,2012-07-18 14:00:00+00:00,1573.4389999999999,1578.4389999999999,0.01,6,-5.0,0.4106070490768184,-5.410607049076819,-1.0821214098153638,5.606500000000324,0.0,stop,2012
1,275940,275993,2012-07-19 13:05:00+00:00,2012-07-19 17:30:00+00:00,1585.115,1580.115,0.01,53,-5.0,0.43561079988970003,-5.4356107998897,-1.08712215997794,6.117500000000064,5.219499999999925,stop,2012
-1,276228,276252,2012-07-20 13:05:00+00:00,2012-07-20 15:05:00+00:00,1576.857,1581.857,0.01,24,-5.0,0.3998433224468981,-5.399843322446898,-1.0799686644893796,6.300999999999931,2.26299999999992,stop,2012
-1,276588,276595,2012-07-23 13:00:00+00:00,2012-07-23 13:35:00+00:00,1568.817,1573.817,0.01,7,-5.0,0.4093180346893082,-5.409318034689308,-1.0818636069378615,5.552500000000009,1.0945000000001528,stop,2012
1,276894,276912,2012-07-24 14:30:00+00:00,2012-07-24 16:00:00+00:00,1578.5945000000002,1573.5945000000002,0.01,18,-5.0,0.4204530211713772,-5.420453021171377,-1.0840906042342753,6.104500000000144,0.7984999999998763,stop,2012
1,277168,277238,2012-07-25 13:35:00+00:00,2012-07-25 19:25:00+00:00,1601.7735,1604.6255,0.01,70,2.852000000000089,0.39507245876329994,2.456927541236789,0.4913855082473578,3.4004999999999654,8.823499999999967,stop,2012
1,277471,277484,2012-07-26 14:50:00+00:00,2012-07-26 15:55:00+00:00,1616.513,1611.513,0.01,13,-5.0,0.40898743479589267,-5.408987434795892,-1.0817974869591784,6.726499999999987,1.693000000000211,stop,2012
1,277746,277763,2012-07-27 13:45:00+00:00,2012-07-27 15:10:00+00:00,1620.4805000000001,1615.4805000000001,0.01,17,-5.0,0.4112167926059698,-5.41121679260597,-1.082243358521194,5.086500000000115,2.149499999999989,stop,2012
1,278081,278136,2012-07-30 16:25:00+00:00,2012-07-30 21:00:00+00:00,1619.4135,1621.926,0.01,55,2.512499999999818,0.42880056980056586,2.0836994301992524,0.41673988603985046,1.199500000000171,5.76949999999988,session_flat,2012
1,278332,278340,2012-07-31 13:25:00+00:00,2012-07-31 14:05:00+00:00,1622.7514999999999,1617.7514999999999,0.01,8,-5.0,0.41536295103484216,-5.415362951034842,-1.0830725902069684,5.479999999999791,3.0505000000002838,stop,2012
-1,278629,278642,2012-08-01 14:10:00+00:00,2012-08-01 15:15:00+00:00,1599.7865,1604.7865,0.01,13,-5.0,0.4108505284120723,-5.410850528412072,-1.0821701056824145,5.016000000000076,2.4099999999998545,stop,2012
-1,278915,278989,2012-08-02 14:00:00+00:00,2012-08-02 20:10:00+00:00,1596.3295,1590.625,0.01,74,5.704500000000053,0.46345558309792695,5.241044416902126,1.048208883380425,2.973499999999831,11.573000000000093,stop,2012
-1,279197,279200,2012-08-03 13:30:00+00:00,2012-08-03 13:45:00+00:00,1594.018,1599.018,0.01,3,-5.0,0.4050086208980592,-5.405008620898059,-1.0810017241796117,5.4845000000000255,1.9200000000000728,stop,2012
1,279291,279351,2012-08-05 16:00:00+00:00,2012-08-05 21:00:00+00:00,1602.9,1602.7995,0.01,60,-0.10050000000001091,0.4141092275943668,-0.5146092275943777,-0.10292184551887554,0.10050000000001091,0.0005000000001018634,session_flat,2012
1,279588,279632,2012-08-06 17:20:00+00:00,2012-08-06 21:00:00+00:00,1612.6329999999998,1610.6875,0.01,44,-1.9454999999998108,0.42899234997627095,-2.374492349976082,-0.4748984699952164,2.37299999999982,1.3845000000001164,session_flat,2012
1,279826,279835,2012-08-07 13:10:00+00:00,2012-08-07 13:55:00+00:00,1615.4705,1610.4705,0.01,9,-5.0,0.42318239967107335,-5.423182399671074,-1.0846364799342147,5.853499999999713,0.6655000000000655,stop,2012
-1,280112,280116,2012-08-08 13:00:00+00:00,2012-08-08 13:20:00+00:00,1608.045,1613.045,0.01,4,-5.0,0.42178235063986763,-5.421782350639868,-1.0843564701279735,6.284499999999753,0.2785000000001219,stop,2012
1,280430,280496,2012-08-09 15:30:00+00:00,2012-08-09 21:00:00+00:00,1614.4025000000001,1617.1865,0.01,66,2.783999999999878,0.5544792960662508,2.2295207039336273,0.44590414078672547,1.2560000000000855,4.099999999999909,session_flat,2012
1,280714,280784,2012-08-10 15:10:00+00:00,2012-08-10 21:00:00+00:00,1622.702,1619.879,0.01,70,-2.8230000000000928,0.413416176470586,-3.2364161764706787,-0.6472832352941358,4.02800000000002,0.34600000000000364,session_flat,2012
1,280794,280853,2012-08-12 16:05:00+00:00,2012-08-12 21:00:00+00:00,1619.4005000000002,1618.964,0.01,59,-0.436500000000251,0.41692542857143616,-0.8534254285716871,-0.17068508571433744,1.1010000000001128,0.19949999999971624,session_flat,2012
1,281045,281068,2012-08-13 13:00:00+00:00,2012-08-13 14:55:00+00:00,1620.4755,1615.4755,0.01,23,-5.0,0.42210760697001226,-5.4221076069700125,-1.0844215213940025,5.217499999999973,2.824000000000069,stop,2012
-1,281343,281423,2012-08-14 14:20:00+00:00,2012-08-14 21:00:00+00:00,1600.598,1599.0975,0.01,80,1.5004999999998745,0.4130494358385894,1.087450564161285,0.217490112832257,3.3915000000001783,2.298000000000002,session_flat,2012
-1,281618,281711,2012-08-15 13:15:00+00:00,2012-08-15 21:00:00+00:00,1601.569,1602.9695,0.01,93,-1.4004999999999654,0.41203776525199165,-1.8125377652519572,-0.36250755305039145,4.733500000000049,0.8730000000000473,session_flat,2012
1,281914,281999,2012-08-16 13:55:00+00:00,2012-08-16 21:00:00+00:00,1605.2575000000002,1615.164,0.01,85,9.906499999999824,0.509529828567282,9.396970171432542,1.8793940342865085,1.6404999999999745,13.244499999999789,session_flat,2012
1,282201,282287,2012-08-17 13:50:00+00:00,2012-08-17 21:00:00+00:00,1616.2255,1615.404,0.01,86,-0.8215000000000146,0.41898697351773884,-1.2404869735177533,-0.24809739470355066,4.327499999999873,1.2799999999999727,session_flat,2012
1,282600,282649,2012-08-20 16:55:00+00:00,2012-08-20 21:00:00+00:00,1620.1734999999999,1620.421,0.01,49,0.2475000000001728,0.423035830618888,-0.1755358306187152,-0.03510716612374304,0.265999999999849,2.528500000000122,session_flat,2012
1,282859,282937,2012-08-21 14:30:00+00:00,2012-08-21 21:00:00+00:00,1638.5025,1637.879,0.01,78,-0.6235000000001492,0.4133969688276928,-1.036896968827842,-0.2073793937655684,2.3535000000001673,2.2999999999999545,session_flat,2012
1,283151,283183,2012-08-22 14:50:00+00:00,2012-08-22 17:30:00+00:00,1640.005,1635.005,0.01,32,-5.0,0.40723954382638033,-5.40723954382638,-1.081447908765276,5.066000000000031,2.0969999999997526,stop,2012
1,283428,283468,2012-08-23 13:55:00+00:00,2012-08-23 17:15:00+00:00,1664.182,1669.798,0.01,40,5.6159999999999854,0.4068679629180461,5.20913203708194,1.0418264074163879,1.5570000000000164,10.824499999999944,stop,2012
1,283736,283801,2012-08-24 15:35:00+00:00,2012-08-24 21:00:00+00:00,1667.0635,1670.0349999999999,0.01,65,2.971499999999878,0.4951185978004703,2.476381402199408,0.4952762804398816,0.0,6.9500000000000455,session_flat,2012
1,284086,284141,2012-08-27 14:40:00+00:00,2012-08-27 19:15:00+00:00,1669.25,1664.25,0.01,55,-5.0,0.4458151252408481,-5.445815125240848,-1.0891630250481696,5.349499999999807,4.251999999999953,stop,2012
1,284383,284450,2012-08-28 15:25:00+00:00,2012-08-28 21:00:00+00:00,1670.2035,1666.5205,0.01,67,-3.6829999999999927,0.4181804781122084,-4.101180478112201,-0.8202360956224402,4.305499999999938,2.25649999999996,session_flat,2012
1,284648,284652,2012-08-29 13:30:00+00:00,2012-08-29 13:50:00+00:00,1666.567,1661.567,0.01,4,-5.0,0.4112601496246188,-5.411260149624619,-1.0822520299249239,5.845499999999902,0.54950000000008,stop,2012
1,284932,284947,2012-08-30 13:10:00+00:00,2012-08-30 14:25:00+00:00,1662.6019999999999,1657.6019999999999,0.01,15,-5.0,0.4266014540543943,-5.426601454054394,-1.0853202908108788,5.329999999999927,0.8680000000001655,stop,2012
1,285284,285314,2012-08-31 18:30:00+00:00,2012-08-31 21:00:00+00:00,1686.9025000000001,1691.268,0.01,30,4.365499999999884,0.43420025701024073,3.931299742989643,0.7862599485979286,0.968000000000302,6.247499999999945,session_flat,2012
1,285354,285387,2012-09-02 18:15:00+00:00,2012-09-02 21:00:00+00:00,1691.4,1691.6,0.01,33,0.19999999999981813,0.42679177323101797,-0.22679177323119984,-0.04535835464623997,0.20000000000027285,0.34999999999990905,session_flat,2012
1,285632,285674,2012-09-03 17:25:00+00:00,2012-09-03 21:00:00+00:00,1692.3,1691.9,0.01,42,-0.3999999999998636,0.4200349936143071,-0.8200349936141706,-0.16400699872283414,0.9970000000000709,0.10050000000023829,session_flat,2012
1,285865,285883,2012-09-04 13:00:00+00:00,2012-09-04 14:30:00+00:00,1691.2055,1692.5155,0.01,18,1.3099999999999454,0.41911689034572314,0.8908831096542222,0.17817662193084444,3.09900000000016,7.7849999999998545,stop,2012
1,286196,286249,2012-09-05 16:35:00+00:00,2012-09-05 21:00:00+00:00,1692.56,1693.0525,0.01,53,0.4925000000000636,0.4338394638183492,0.05866053618171441,0.011732107236342881,2.121499999999969,1.8890000000001237,session_flat,2012
1,286453,286467,2012-09-06 14:00:00+00:00,2012-09-06 15:10:00+00:00,1701.6315,1703.9,0.01,14,2.268500000000131,0.42880031909567135,1.8396996809044597,0.36793993618089194,0.1334999999999127,7.921499999999924,stop,2012
1,286759,286825,2012-09-07 15:30:00+00:00,2012-09-07 21:00:00+00:00,1735.27,1735.137,0.01,66,-0.1330000000000382,0.468387292744395,-0.6013872927444333,-0.12027745854888665,1.100500000000011,4.079999999999927,session_flat,2012
1,287050,287114,2012-09-10 14:25:00+00:00,2012-09-10 19:45:00+00:00,1731.8935000000001,1726.8935000000001,0.01,64,-5.0,0.4310359380614489,-5.431035938061449,-1.0862071876122896,5.808500000000095,1.649499999999989,stop,2012
1,287340,287355,2012-09-11 14:35:00+00:00,2012-09-11 15:50:00+00:00,1736.0625,1731.0625,0.01,15,-5.0,0.42217024562115596,-5.422170245621156,-1.0844340491242312,5.382000000000062,0.0,stop,2012
1,287604,287620,2012-09-12 13:00:00+00:00,2012-09-12 14:20:00+00:00,1738.0684999999999,1733.0684999999999,0.01,16,-5.0,0.42700492141301083,-5.427004921413011,-1.0854009842826022,5.3914999999997235,3.6310000000000855,stop,2012
1,287960,287988,2012-09-13 18:40:00+00:00,2012-09-13 21:00:00+00:00,1763.3020000000001,1767.0705,0.01,28,3.768499999999904,0.5543106188574776,3.2141893811424262,0.6428378762284852,1.0095000000001164,3.837999999999738,session_flat,2012
1,288201,288233,2012-09-14 14:45:00+00:00,2012-09-14 17:25:00+00:00,1770.281,1770.5665,0.01,32,0.28549999999995634,0.4263095928605593,-0.14080959286060296,-0.02816191857212059,0.6604999999999563,5.918500000000222,stop,2012
1,288281,288341,2012-09-16 16:00:00+00:00,2012-09-16 21:00:00+00:00,1770.1,1770.0995,0.01,60,-0.0004999999998744897,0.4724090909091273,-0.4729090909090018,-0.09458181818180036,0.5004999999998745,0.12800000000015643,session_flat,2012
1,288547,288591,2012-09-17 14:10:00+00:00,2012-09-17 17:50:00+00:00,1769.629,1764.629,0.01,44,-5.0,0.44124214160224523,-5.441242141602245,-1.088248428320449,7.952499999999873,2.0230000000001382,stop,2012
1,288888,288917,2012-09-18 18:35:00+00:00,2012-09-18 21:00:00+00:00,1767.0995,1771.75,0.01,29,4.650499999999965,0.4949170242245553,4.15558297577541,0.831116595155082,1.7149999999999181,4.975000000000136,session_flat,2012
1,289120,289205,2012-09-19 13:55:00+00:00,2012-09-19 21:00:00+00:00,1769.17,1769.9855,0.01,85,0.8154999999999292,0.5158177835691247,0.2996822164308045,0.0599364432861609,2.3350000000000364,5.154999999999973,session_flat,2012
-1,289397,289416,2012-09-20 13:00:00+00:00,2012-09-20 14:35:00+00:00,1765.6,1763.275,0.01,19,2.324999999999818,0.48211290679960284,1.8428870932002153,0.36857741864004306,0.25500000000010914,8.789999999999964,stop,2012
1,289692,289707,2012-09-21 13:35:00+00:00,2012-09-21 14:50:00+00:00,1783.862,1778.862,0.01,15,-5.0,0.4247620112119605,-5.4247620112119606,-1.0849524022423922,8.641500000000178,2.2480000000000473,stop,2012
1,289790,289850,2012-09-23 16:00:00+00:00,2012-09-23 21:00:00+00:00,1772.9,1772.6779999999999,0.01,60,-0.22200000000020736,0.43102824858757277,-0.6530282485877801,-0.130605649717556,0.5960000000000036,0.0005000000001018634,session_flat,2012
-1,290051,290138,2012-09-24 13:45:00+00:00,2012-09-24 21:00:00+00:00,1763.5575,1764.3825000000002,0.01,87,-0.825000000000273,0.436754384528469,-1.261754384528742,-0.2523508769057484,4.055499999999938,3.1599999999998545,session_flat,2012
1,290350,290365,2012-09-25 14:40:00+00:00,2012-09-25 15:55:00+00:00,1772.002,1767.002,0.01,15,-5.0,0.40259629685581555,-5.402596296855815,-1.080519259371163,6.255499999999984,0.8910000000000764,stop,2012
-1,290633,290644,2012-09-26 14:15:00+00:00,2012-09-26 15:10:00+00:00,1748.175,1742.672,0.01,11,5.502999999999929,0.41543109873634143,5.087568901263587,1.0175137802527174,0.31999999999993634,10.502999999999929,stop,2012
1,290916,291002,2012-09-27 13:50:00+00:00,2012-09-27 21:00:00+00:00,1762.6195,1777.435,0.01,86,14.815499999999929,0.5959885257806776,14.219511474219251,2.84390229484385,0.8800000000001091,17.825999999999794,session_flat,2012
1,291198,291203,2012-09-28 13:20:00+00:00,2012-09-28 13:45:00+00:00,1775.9144999999999,1770.9144999999999,0.01,5,-5.0,0.43681279260955963,-5.43681279260956,-1.087362558521912,5.216499999999996,0.0,stop,2012
1,291303,291363,2012-09-30 16:00:00+00:00,2012-09-30 21:00:00+00:00,1771.7005,1771.9,0.01,60,0.19950000000017099,0.42790746753248093,-0.22840746753230995,-0.04568149350646199,0.0005000000001018634,0.7805000000000746,session_flat,2012
1,291563,291575,2012-10-01 13:40:00+00:00,2012-10-01 14:40:00+00:00,1784.1765,1779.1765,0.01,12,-5.0,0.4562864012074053,-5.4562864012074055,-1.091257280241481,10.489500000000135,6.699000000000069,stop,2012
1,291852,291856,2012-10-02 13:45:00+00:00,2012-10-02 14:05:00+00:00,1776.8809999999999,1771.8809999999999,0.01,4,-5.0,0.4302391883116869,-5.4302391883116865,-1.0860478376623373,5.455999999999904,0.0,stop,2012
1,292145,292227,2012-10-03 14:10:00+00:00,2012-10-03 21:00:00+00:00,1776.2275,1777.853,0.01,82,1.6255000000001019,0.4332424982307137,1.1922575017693882,0.23845150035387763,0.6455000000000837,4.07549999999992,session_flat,2012
1,292418,292478,2012-10-04 13:05:00+00:00,2012-10-04 18:05:00+00:00,1787.6985,1789.1025,0.01,60,1.4039999999999964,0.4302660841440167,0.9737339158559797,0.19474678317119593,3.6914999999999054,7.601000000000113,stop,2012
-1,292720,292785,2012-10-05 14:15:00+00:00,2012-10-05 19:40:00+00:00,1785.645,1779.868,0.01,65,5.777000000000044,0.44244466718554787,5.334555332814496,1.0669110665628991,2.5830000000000837,10.947499999999991,stop,2012
-1,292846,292874,2012-10-07 18:40:00+00:00,2012-10-07 21:00:00+00:00,1780.3,1780.3,0.01,28,-0.0,0.4541668742216949,-0.4541668742216949,-0.09083337484433898,0.5510000000001583,0.0004999999998744897,session_flat,2012
-1,293079,293162,2012-10-08 14:05:00+00:00,2012-10-08 21:00:00+00:00,1773.3865,1774.915,0.01,83,-1.5284999999998945,0.4252189705271852,-1.9537189705270797,-0.39074379410541593,3.7390000000000327,0.18900000000007822,session_flat,2012
-1,293370,293392,2012-10-09 14:20:00+00:00,2012-10-09 16:10:00+00:00,1774.5345000000002,1766.8975,0.01,22,7.637000000000171,0.42213522058655745,7.214864779413613,1.4429729558827227,1.4674999999997453,14.010000000000218,stop,2012
-1,293662,293693,2012-10-10 14:40:00+00:00,2012-10-10 17:15:00+00:00,1765.307,1764.969,0.01,31,0.33799999999996544,0.4182141061640225,-0.08021410616405705,-0.01604282123281141,0.5415000000000418,6.433999999999969,stop,2012
1,293961,294026,2012-10-11 15:35:00+00:00,2012-10-11 21:00:00+00:00,1770.3400000000001,1767.2350000000001,0.01,65,-3.105000000000018,0.6599199175870467,-3.764919917587065,-0.752983983517413,3.703000000000202,0.009499999999889042,session_flat,2012
-1,294289,294312,2012-10-12 19:05:00+00:00,2012-10-12 21:00:00+00:00,1754.9495,1753.4245,0.01,23,1.5249999999998636,0.4548633649455592,1.0701366350543045,0.21402732701086088,2.0004999999998745,1.9494999999999436,session_flat,2012
-1,294325,294380,2012-10-14 16:00:00+00:00,2012-10-14 21:00:00+00:00,1753.5,1752.9725,0.01,55,0.5274999999999181,0.45750568181820395,0.0699943181817142,0.01399886363634284,0.0005000000001018634,1.099999999999909,session_flat,2012
-1,294593,294615,2012-10-15 14:55:00+00:00,2012-10-15 16:45:00+00:00,1733.1195,1738.1195,0.01,22,-5.0,0.4709265258760822,-5.470926525876083,-1.0941853051752166,5.082499999999982,0.6695000000001983,stop,2012
-1,294869,294954,2012-10-16 13:55:00+00:00,2012-10-16 21:00:00+00:00,1744.2395,1747.495,0.01,85,-3.2554999999999836,0.4890342617951122,-3.7445342617950956,-0.7489068523590191,3.9175000000002456,1.2994999999998527,session_flat,2012
1,295172,295213,2012-10-17 15:10:00+00:00,2012-10-17 18:35:00+00:00,1747.8355000000001,1748.2865,0.01,41,0.45099999999979445,0.4718934617455283,-0.020893461745733866,-0.0041786923491467735,0.0,5.4509999999997945,stop,2012
-1,295440,295530,2012-10-18 13:30:00+00:00,2012-10-18 21:00:00+00:00,1741.75,1741.3980000000001,0.01,90,0.35199999999986176,0.7553993800591072,-0.40339938005924547,-0.08067987601184909,4.704999999999927,2.1404999999999745,session_flat,2012
-1,295723,295775,2012-10-19 13:05:00+00:00,2012-10-19 17:25:00+00:00,1736.8505,1723.2755000000002,0.01,52,13.574999999999818,0.46401472057354337,13.110985279426275,2.622197055885255,1.8420000000000982,19.717499999999973,stop,2012
-1,295831,295891,2012-10-21 16:00:00+00:00,2012-10-21 21:00:00+00:00,1721.0995,1721.0,0.01,60,0.09950000000003456,0.4783750000000419,-0.37887500000000734,-0.07577500000000147,0.5885000000000673,0.09950000000003456,session_flat,2012
-1,296092,296179,2012-10-22 13:45:00+00:00,2012-10-22 21:00:00+00:00,1725.8895,1728.4299999999998,0.01,87,-2.540499999999838,0.4606077309987038,-3.001107730998542,-0.6002215461997084,3.52800000000002,1.7349999999999,session_flat,2012
-1,296373,296467,2012-10-23 13:10:00+00:00,2012-10-23 21:00:00+00:00,1710.2295,1707.826,0.01,94,2.4034999999998945,0.5041442307692392,1.8993557692306553,0.37987115384613107,3.5305000000000746,6.231999999999971,session_flat,2012
-1,296659,296720,2012-10-24 13:10:00+00:00,2012-10-24 18:15:00+00:00,1711.4299999999998,1704.0805,0.01,61,7.349499999999807,0.5258646942892219,6.823635305710585,1.364727061142117,0.0,12.43249999999989,stop,2012
1,296967,297036,2012-10-25 14:50:00+00:00,2012-10-25 20:35:00+00:00,1714.926,1709.926,0.01,69,-5.0,0.47785361015604694,-5.477853610156047,-1.0955707220312094,5.199000000000069,1.9190000000000964,stop,2012
1,297257,297329,2012-10-26 15:00:00+00:00,2012-10-26 21:00:00+00:00,1715.5025,1710.5025,0.01,72,-5.0,0.47856963325684226,-5.478569633256842,-1.0957139266513685,5.602499999999964,0.5019999999999527,stop,2012
-1,297624,297690,2012-10-29 15:30:00+00:00,2012-10-29 21:00:00+00:00,1709.2845,1709.3455,0.01,66,-0.06099999999992178,0.48310705577437774,-0.5441070557742995,-0.10882141115485991,0.8659999999999854,3.1445000000001073,session_flat,2012
1,297882,297978,2012-10-30 13:00:00+00:00,2012-10-30 21:00:00+00:00,1713.155,1709.6625,0.01,96,-3.4925000000000637,0.4539689217032859,-3.9464689217033495,-0.7892937843406699,3.994999999999891,0.5975000000000819,session_flat,2012
1,298225,298266,2012-10-31 17:35:00+00:00,2012-10-31 21:00:00+00:00,1720.174,1720.7350000000001,0.01,41,0.5610000000001492,0.5100847736625564,0.05091522633759271,0.010183045267518542,1.0045000000000073,1.5520000000001346,session_flat,2012
1,298460,298466,2012-11-01 13:10:00+00:00,2012-11-01 13:40:00+00:00,1723.345,1718.345,0.01,6,-5.0,0.47171210191082963,-5.471712101910829,-1.094342420382166,5.469000000000051,0.7999999999999545,stop,2012
-1,298804,298842,2012-11-02 17:50:00+00:00,2012-11-02 21:00:00+00:00,1676.9395,1677.3429999999998,0.01,38,-0.4034999999998945,0.4753403664989017,-0.8788403664987963,-0.17576807329975924,3.5625,0.8899999999998727,session_flat,2012
-1,299053,299149,2012-11-05 13:00:00+00:00,2012-11-05 21:00:00+00:00,1681.8020000000001,1684.4735,0.01,96,-2.6714999999999236,0.45992329445033775,-3.1314232944502614,-0.6262846588900522,4.483499999999822,1.9155000000000655,session_flat,2012
1,299344,299407,2012-11-06 13:15:00+00:00,2012-11-06 18:30:00+00:00,1690.1045,1714.1405,0.01,63,24.03600000000006,0.46514038129304264,23.57085961870702,4.714171923741404,1.3334999999999582,30.90599999999995,stop,2012
1,299647,299649,2012-11-07 14:30:00+00:00,2012-11-07 14:40:00+00:00,1723.1905,1718.1905,0.01,2,-5.0,0.4041382124161113,-5.404138212416111,-1.0808276424832222,6.349999999999909,0.0,stop,2012
1,299932,300013,2012-11-08 14:15:00+00:00,2012-11-08 21:00:00+00:00,1714.6100000000001,1733.429,0.01,81,18.81899999999996,0.4585127217553697,18.36048727824459,3.672097455648918,1.7545000000000073,20.454999999999927,session_flat,2012
1,300207,300232,2012-11-09 13:10:00+00:00,2012-11-09 15:15:00+00:00,1729.0845,1732.7195,0.01,25,3.634999999999991,0.44894967696517973,3.186050323034811,0.6372100646069623,0.7399999999997817,9.845000000000027,stop,2012
1,300315,300323,2012-11-11 17:10:00+00:00,2012-11-11 21:00:00+00:00,1730.4005000000002,1730.5995,0.01,8,0.19899999999984175,0.4371467996289299,-0.23814679962908814,-0.04762935992581763,0.0005000000001018634,0.19949999999971624,session_flat,2012
1,300497,300531,2012-11-12 13:15:00+00:00,2012-11-12 16:05:00+00:00,1736.6399999999999,1731.6399999999999,0.01,34,-5.0,0.4608292716292041,-5.460829271629204,-1.0921658543258408,7.089999999999691,1.4100000000003092,stop,2012
-1,300804,300807,2012-11-13 14:50:00+00:00,2012-11-13 15:05:00+00:00,1722.77,1727.77,0.01,3,-5.0,0.4421451907542055,-5.442145190754205,-1.088429038150841,5.254500000000007,0.0,stop,2012
-1,301071,301075,2012-11-14 13:05:00+00:00,2012-11-14 13:25:00+00:00,1722.8865,1727.8865,0.01,4,-5.0,0.47308705965955705,-5.473087059659557,-1.0946174119319114,5.79950000000008,0.0,stop,2012
-1,301368,301383,2012-11-15 13:50:00+00:00,2012-11-15 15:05:00+00:00,1722.5645,1713.76,0.01,15,8.804499999999962,0.4463965222058427,8.358103477794119,1.6716206955588238,2.4505000000001473,17.49000000000001,stop,2012
-1,301649,301667,2012-11-16 13:15:00+00:00,2012-11-16 14:45:00+00:00,1711.632,1716.632,0.01,18,-5.0,0.4395641287292233,-5.439564128729224,-1.0879128257458448,5.023000000000138,1.4320000000002437,stop,2012
-1,301756,301782,2012-11-18 17:05:00+00:00,2012-11-18 21:05:00+00:00,1713.6999999999998,1713.7,0.01,26,-2.2737367544323206e-13,0.4929499999999565,-0.49295000000018385,-0.09859000000003677,0.0005000000001018634,0.40049999999973807,session_flat,2012
1,302025,302059,2012-11-19 18:10:00+00:00,2012-11-19 21:00:00+00:00,1733.5495,1732.7075,0.01,34,-0.8420000000000982,0.4564096045197736,-1.2984096045198719,-0.25968192090397435,2.8150000000000546,1.3999999999998636,session_flat,2012
1,302259,302302,2012-11-20 13:40:00+00:00,2012-11-20 17:15:00+00:00,1732.2135,1727.2135,0.01,43,-5.0,0.44543782306451307,-5.445437823064513,-1.0890875646129026,5.828000000000202,1.8450000000000273,stop,2012
1,302604,302633,2012-11-21 18:35:00+00:00,2012-11-21 21:00:00+00:00,1729.3645000000001,1729.445,0.01,29,0.08049999999980173,0.493574624060146,-0.4130746240603443,-0.08261492481206886,1.3250000000000455,0.6904999999999291,session_flat,2012
1,302835,302912,2012-11-22 14:00:00+00:00,2012-11-22 21:05:00+00:00,1730.9095,1729.3049999999998,0.01,77,-1.6045000000001437,0.48322531769307175,-2.0877253176932156,-0.4175450635386431,1.7304999999998927,1.384999999999991,session_flat,2012
1,303105,303183,2012-11-23 13:40:00+00:00,2012-11-23 21:55:00+00:00,1732.825,1748.953,0.01,78,16.12799999999993,0.43677326589594606,15.691226734103983,3.1382453468207965,0.8300000000001546,21.402499999999918,session_flat,2012
1,303185,303209,2012-11-25 17:05:00+00:00,2012-11-25 21:05:00+00:00,1752.0,1752.0,0.01,24,0.0,0.4528120300752431,-0.4528120300752431,-0.09056240601504863,0.0,0.0005000000001018634,session_flat,2012
1,303394,303486,2012-11-26 13:20:00+00:00,2012-11-26 21:00:00+00:00,1749.65,1748.7775,0.01,92,-0.8725000000001728,0.4724204240472318,-1.3449204240474046,-0.26898408480948094,2.599999999999909,2.5494999999998527,session_flat,2012
1,303691,303705,2012-11-27 14:10:00+00:00,2012-11-27 15:20:00+00:00,1748.1019999999999,1743.1019999999999,0.01,14,-5.0,0.450677299740088,-5.450677299740088,-1.0901354599480175,5.225500000000011,0.3125,stop,2012
-1,303968,303992,2012-11-28 13:20:00+00:00,2012-11-28 15:20:00+00:00,1735.4454999999998,1712.4645,0.01,24,22.980999999999767,0.49623831095371884,22.48476168904605,4.49695233780921,0.0,29.267499999999927,stop,2012
-1,304252,304269,2012-11-29 13:00:00+00:00,2012-11-29 14:25:00+00:00,1726.3899999999999,1726.1195,0.01,17,0.2704999999998563,0.4529858061749595,-0.18248580617510318,-0.036497161235020635,1.5900000000001455,5.320999999999913,stop,2012
-1,304564,304587,2012-11-30 15:05:00+00:00,2012-11-30 17:00:00+00:00,1724.5845,1717.7575000000002,0.01,23,6.826999999999771,0.4300423194494481,6.396957680550322,1.2793915361100645,1.0199999999999818,12.686999999999898,stop,2012
-1,304648,304672,2012-12-02 17:05:00+00:00,2012-12-02 21:00:00+00:00,1714.8000000000002,1711.75,0.01,24,3.050000000000182,0.4834488636363459,2.566551136363836,0.5133102272727672,0.0,3.050000000000182,session_flat,2012
-1,304855,304951,2012-12-03 13:00:00+00:00,2012-12-03 21:00:00+00:00,1718.326,1714.8870000000002,0.01,96,3.4389999999998513,0.4587689958896025,2.980231004110249,0.5960462008220497,3.8034999999999854,5.425999999999931,session_flat,2012
-1,305166,305216,2012-12-04 15:15:00+00:00,2012-12-04 19:25:00+00:00,1699.6970000000001,1697.4499999999998,0.01,50,2.2470000000002983,0.43528941251115855,1.8117105874891397,0.36234211749782796,1.0084999999999127,7.733000000000175,stop,2012
-1,305445,305471,2012-12-05 14:45:00+00:00,2012-12-05 16:55:00+00:00,1696.51,1691.217,0.01,26,5.292999999999893,0.4062710357207682,4.886728964279125,0.9773457928558249,0.8464999999998781,11.503999999999905,stop,2012
-1,305711,305732,2012-12-06 13:05:00+00:00,2012-12-06 14:50:00+00:00,1692.3865,1691.99,0.01,21,0.39650000000006,0.4234452663917811,-0.026945266391721068,-0.0053890532783442135,3.0279999999997926,6.394000000000233,stop,2012
-1,306000,306007,2012-12-07 13:20:00+00:00,2012-12-07 13:55:00+00:00,1697.71,1693.8285,0.01,7,3.88149999999996,0.43071911947303726,3.450780880526923,0.6901561761053846,0.7674999999999272,12.297000000000025,stop,2012
1,306106,306130,2012-12-09 17:10:00+00:00,2012-12-09 21:00:00+00:00,1703.8000000000002,1703.8,0.01,24,-2.2737367544323206e-13,0.4942504743832949,-0.49425047438352226,-0.09885009487670446,0.7290000000002692,0.0,session_flat,2012
1,306322,306408,2012-12-10 13:50:00+00:00,2012-12-10 21:00:00+00:00,1715.4695000000002,1711.7505,0.01,86,-3.719000000000051,0.47683093420044215,-4.195830934200493,-0.8391661868400986,4.519500000000335,0.7399999999997817,session_flat,2012
1,306606,306620,2012-12-11 13:30:00+00:00,2012-12-11 14:40:00+00:00,1711.7890000000002,1706.7890000000002,0.01,14,-5.0,0.4529184534276537,-5.452918453427654,-1.0905836906855308,5.146500000000287,2.2739999999998872,stop,2012
1,306890,306920,2012-12-12 13:10:00+00:00,2012-12-12 15:40:00+00:00,1714.6085,1709.6085,0.01,30,-5.0,0.45251001927357415,-5.452510019273574,-1.0905020038547149,6.863000000000056,4.541999999999916,stop,2012
-1,307186,307203,2012-12-13 13:50:00+00:00,2012-12-13 15:15:00+00:00,1693.8654999999999,1698.8654999999999,0.01,17,-5.0,0.46111570022714826,-5.461115700227149,-1.0922231400454296,5.436500000000251,4.278999999999996,stop,2012
-1,307484,307560,2012-12-14 14:40:00+00:00,2012-12-14 21:00:00+00:00,1695.7345,1694.599,0.01,76,1.1355000000000928,0.4623755618338242,0.6731244381662685,0.1346248876332537,2.369000000000142,1.9520000000002256,session_flat,2012
-1,307573,307597,2012-12-16 17:00:00+00:00,2012-12-16 21:00:00+00:00,1695.6,1695.2005,0.01,24,0.3994999999999891,0.4766256410256285,-0.0771256410256394,-0.01542512820512788,0.0,2.949999999999818,session_flat,2012
1,307823,307877,2012-12-17 16:30:00+00:00,2012-12-17 21:00:00+00:00,1696.045,1697.954,0.01,54,1.9089999999998781,0.44584732762134843,1.4631526723785298,0.292630534475706,0.2744999999999891,2.2454999999999927,session_flat,2012
-1,308149,308165,2012-12-18 19:40:00+00:00,2012-12-18 21:00:00+00:00,1669.355,1673.1734999999999,0.01,16,-3.818499999999858,0.4905258622957827,-4.309025862295641,-0.8618051724591282,4.0974999999998545,0.5050000000001091,session_flat,2012
-1,308357,308376,2012-12-19 13:00:00+00:00,2012-12-19 14:35:00+00:00,1673.702,1669.6305,0.01,19,4.0715000000000146,0.43617664097342596,3.6353233590265885,0.7270646718053178,0.0,9.200000000000045,stop,2012
-1,308679,308697,2012-12-20 15:50:00+00:00,2012-12-20 17:20:00+00:00,1647.06,1641.848,0.01,18,5.211999999999989,0.4717041502027591,4.74029584979723,0.948059169959446,0.0,11.209499999999935,stop,2012
-1,308937,308960,2012-12-21 13:20:00+00:00,2012-12-21 15:15:00+00:00,1649.4389999999999,1654.4389999999999,0.01,23,-5.0,0.453032232469827,-5.453032232469827,-1.0906064464939653,5.880500000000211,2.974999999999909,stop,2012
1,309043,309066,2012-12-23 17:10:00+00:00,2012-12-23 21:05:00+00:00,1656.7005,1656.6999999999998,0.01,23,-0.0005000000001018634,0.5124004065040434,-0.5129004065041453,-0.10258008130082905,0.0005000000001018634,0.0,session_flat,2012
1,309253,309333,2012-12-24 13:30:00+00:00,2012-12-24 21:00:00+00:00,1660.525,1658.2,0.01,80,-2.3250000000000455,0.5022507782101344,-2.82725077821018,-0.565450155642036,3.6080000000001746,2.1454999999998563,session_flat,2012
-1,309384,309418,2012-12-25 15:05:00+00:00,2012-12-25 21:05:00+00:00,1658.205,1658.2045,0.01,34,0.0004999999998744897,0.4956554188829519,-0.4951554188830774,-0.09903108377661549,0.0,0.0014999999998508429,session_flat,2012
1,309628,309695,2012-12-26 15:25:00+00:00,2012-12-26 21:00:00+00:00,1663.6605,1660.3,0.01,67,-3.360500000000002,0.5087394555989667,-3.8692394555989686,-0.7738478911197937,4.706000000000131,1.3130000000001019,session_flat,2012
-1,309887,309919,2012-12-27 13:00:00+00:00,2012-12-27 15:40:00+00:00,1655.4499999999998,1660.4499999999998,0.01,32,-5.0,0.48170427302996416,-5.4817042730299645,-1.096340854605993,5.900000000000091,2.494499999999789,stop,2012
1,310192,310202,2012-12-28 14:25:00+00:00,2012-12-28 15:15:00+00:00,1660.9605,1655.9605,0.01,10,-5.0,0.4827627263536582,-5.482762726353658,-1.0965525452707316,5.610999999999876,1.0640000000000782,stop,2012
1,310470,310546,2012-12-31 13:55:00+00:00,2012-12-31 20:15:00+00:00,1662.0805,1674.1905,0.01,76,12.1099999999999,0.4706371531100319,11.639362846889869,2.327872569377974,1.8904999999999745,17.965000000000146,stop,2012
1,310749,310786,2013-01-02 13:00:00+00:00,2013-01-02 16:05:00+00:00,1687.9465,1689.4195,0.01,37,1.4729999999999563,0.45431924226474024,1.0186807577352162,0.20373615154704322,2.7020000000002256,7.076999999999998,stop,2013
-1,311041,311122,2013-01-03 14:15:00+00:00,2013-01-03 21:00:00+00:00,1678.522,1664.9119999999998,0.01,81,13.610000000000127,0.5078322450776331,13.102167754922494,2.6204335509844987,3.4535000000000764,17.522500000000036,session_flat,2013
-1,311304,311309,2013-01-04 13:05:00+00:00,2013-01-04 13:30:00+00:00,1635.7485000000001,1640.7485000000001,0.01,5,-5.0,0.5283699845679046,-5.528369984567904,-1.105673996913581,6.307999999999993,5.3215000000000146,stop,2013
-1,311599,311675,2013-01-07 14:40:00+00:00,2013-01-07 21:00:00+00:00,1647.0395,1646.9850000000001,0.01,76,0.05449999999996181,0.4687095061211811,-0.4142095061212193,-0.08284190122424387,4.836000000000013,3.1440000000000055,session_flat,2013
1,311878,311952,2013-01-08 14:50:00+00:00,2013-01-08 21:00:00+00:00,1655.9755,1658.3780000000002,0.01,74,2.4025000000001455,0.45455903030301925,1.9479409696971262,0.38958819393942523,3.4200000000000728,6.67450000000008,session_flat,2013
1,312150,312165,2013-01-09 14:25:00+00:00,2013-01-09 15:40:00+00:00,1660.0555,1655.0555,0.01,15,-5.0,0.46937279967030815,-5.4693727996703085,-1.0938745599340618,5.76949999999988,0.8560000000002219,stop,2013
1,312412,312503,2013-01-10 13:10:00+00:00,2013-01-10 20:45:00+00:00,1660.4295,1673.4505,0.01,91,13.020999999999958,0.46032558424980174,12.560674415750157,2.5121348831500314,0.084999999999809,18.46049999999991,stop,2013
1,312705,312706,2013-01-11 14:30:00+00:00,2013-01-11 14:35:00+00:00,1671.77,1666.77,0.01,1,-5.0,0.46257027505648507,-5.4625702750564855,-1.092514055011297,6.212500000000091,0.0,stop,2013
1,312977,312984,2013-01-14 14:10:00+00:00,2013-01-14 14:45:00+00:00,1671.85,1666.85,0.01,7,-5.0,0.46641054753320205,-5.466410547533202,-1.0932821095066403,6.299499999999853,1.4720000000002074,stop,2013
1,313261,313311,2013-01-15 14:45:00+00:00,2013-01-15 18:55:00+00:00,1678.173,1680.1174999999998,0.01,50,1.9444999999998345,0.4083377748606043,1.5361622251392302,0.307232445027846,0.0,7.141499999999951,stop,2013
1,313577,313612,2013-01-16 18:05:00+00:00,2013-01-16 21:00:00+00:00,1680.66,1679.812,0.01,35,-0.8480000000001837,0.3960211951447326,-1.2440211951449163,-0.24880423902898324,0.8645000000001346,3.1420000000000528,session_flat,2013
-1,313813,313818,2013-01-17 14:40:00+00:00,2013-01-17 15:05:00+00:00,1674.106,1679.106,0.01,5,-5.0,0.40293704054299545,-5.402937040542995,-1.080587408108599,7.895999999999958,1.334999999999809,stop,2013
1,314072,314144,2013-01-18 13:10:00+00:00,2013-01-18 19:10:00+00:00,1689.7285,1684.7285,0.01,72,-5.0,0.43452007781353,-5.43452007781353,-1.0869040155627059,5.02800000000002,5.6310000000000855,stop,2013
1,314346,314395,2013-01-21 13:00:00+00:00,2013-01-21 23:00:00+00:00,1688.9555,1689.3519999999999,0.01,49,0.39649999999983265,0.5279434751261676,-0.13144347512633492,-0.026288695025266984,2.9484999999999673,1.7469999999998436,session_flat,2013
1,314577,314659,2013-01-22 14:10:00+00:00,2013-01-22 21:00:00+00:00,1691.2714999999998,1690.798,0.01,82,-0.47349999999983083,0.41155409768213197,-0.8850540976819627,-0.17701081953639256,4.360999999999876,4.943000000000211,session_flat,2013
1,314841,314870,2013-01-23 13:05:00+00:00,2013-01-23 15:30:00+00:00,1693.6055000000001,1688.6055000000001,0.01,29,-5.0,0.41305196418990314,-5.413051964189903,-1.0826103928379807,5.783000000000129,1.5944999999999254,stop,2013
-1,315156,315213,2013-01-24 16:15:00+00:00,2013-01-24 21:00:00+00:00,1674.377,1667.772,0.01,57,6.605000000000018,0.3931067710960941,6.211893228903924,1.2423786457807848,0.40599999999994907,8.416999999999916,session_flat,2013
-1,315420,315490,2013-01-25 15:10:00+00:00,2013-01-25 21:00:00+00:00,1659.3195,1659.2914999999998,0.01,70,0.028000000000247386,0.47516841637153423,-0.44716841637128685,-0.08943368327425737,3.9825000000000728,2.3025000000002365,session_flat,2013
-1,315671,315766,2013-01-28 13:05:00+00:00,2013-01-28 21:00:00+00:00,1657.4904999999999,1655.6354999999999,0.01,95,1.8550000000000182,0.3992574509803824,1.4557425490196358,0.29114850980392715,2.6910000000002583,5.305499999999938,session_flat,2013
1,316245,316298,2013-01-30 14:50:00+00:00,2013-01-30 19:15:00+00:00,1677.242,1677.7890000000002,0.01,53,0.5470000000002528,0.549071013941588,-0.0020710139413351314,-0.00041420278826702627,0.65300000000002,5.866500000000087,stop,2013
1,316511,316521,2013-01-31 13:55:00+00:00,2013-01-31 14:45:00+00:00,1672.5145,1667.5145,0.01,10,-5.0,0.4280064387994564,-5.428006438799456,-1.0856012877598913,5.986000000000104,0.0,stop,2013
1,316803,316867,2013-02-01 15:10:00+00:00,2013-02-01 21:00:00+00:00,1668.5214999999998,1667.9,0.01,64,-0.6214999999997417,0.48745301190840173,-1.1089530119081434,-0.22179060238162868,1.0715000000000146,5.4835000000002765,session_flat,2013
-1,317049,317082,2013-02-04 13:10:00+00:00,2013-02-04 15:55:00+00:00,1665.1495,1670.1495,0.01,33,-5.0,0.40676320144081707,-5.406763201440817,-1.0813526402881632,5.252500000000055,3.175000000000182,stop,2013
1,317325,317343,2013-02-05 13:05:00+00:00,2013-02-05 14:35:00+00:00,1674.8055,1678.897,0.01,18,4.091499999999996,0.4036343209876569,3.6878656790123396,0.737573135802468,0.17549999999982901,10.231999999999971,stop,2013
1,317612,317697,2013-02-06 13:55:00+00:00,2013-02-06 21:00:00+00:00,1674.2089999999998,1677.6665,0.01,85,3.457500000000209,0.3922294034090927,3.0652705965911164,0.6130541193182233,0.7789999999999964,5.55600000000004,session_flat,2013
1,317890,317893,2013-02-07 14:00:00+00:00,2013-02-07 14:15:00+00:00,1676.8004999999998,1671.8004999999998,0.01,3,-5.0,0.4037926349247081,-5.4037926349247085,-1.0807585269849418,13.69549999999981,1.1765000000002601,stop,2013
-1,318183,318251,2013-02-08 15:20:00+00:00,2013-02-08 21:00:00+00:00,1670.5465,1668.85,0.01,68,1.6965000000000146,0.4491174893262905,1.2473825106737242,0.24947650213474484,2.076000000000022,4.936999999999898,session_flat,2013
-1,318442,318526,2013-02-11 14:00:00+00:00,2013-02-11 21:00:00+00:00,1649.623,1649.911,0.01,84,-0.2880000000000109,0.39532104591837364,-0.6833210459183845,-0.1366642091836769,3.1504999999999654,4.420500000000175,session_flat,2013
-1,318720,318755,2013-02-12 14:05:00+00:00,2013-02-12 17:00:00+00:00,1647.105,1652.105,0.01,35,-5.0,0.4288600840336137,-5.428860084033614,-1.0857720168067229,5.288999999999987,5.495499999999993,stop,2013
-1,318989,319080,2013-02-13 13:25:00+00:00,2013-02-13 21:00:00+00:00,1648.616,1643.1979999999999,0.01,91,5.41800000000012,0.3924592190252468,5.025540780974874,1.0051081561949746,4.486499999999978,8.065999999999804,session_flat,2013
-1,319334,319357,2013-02-14 19:05:00+00:00,2013-02-14 21:00:00+00:00,1634.6005,1635.809,0.01,23,-1.2084999999999582,0.42345014102715833,-1.6319501410271164,-0.3263900282054233,2.855000000000018,0.9025000000001455,session_flat,2013
-1,319580,319634,2013-02-15 16:30:00+00:00,2013-02-15 21:00:00+00:00,1606.268,1609.1435000000001,0.01,54,-2.875500000000102,0.46478536384979996,-3.340285363849902,-0.6680570727699804,4.680000000000064,2.369999999999891,session_flat,2013
-1,319813,319876,2013-02-18 13:05:00+00:00,2013-02-18 23:00:00+00:00,1612.0555,1609.9499999999998,0.01,63,2.10550000000012,0.5472470862470825,1.5582529137530376,0.31165058275060753,0.9785000000001673,4.816000000000031,session_flat,2013
-1,320046,320100,2013-02-19 13:10:00+00:00,2013-02-19 17:40:00+00:00,1613.595,1606.0300000000002,0.01,54,7.564999999999827,0.39695513310076874,7.168044866899058,1.4336089733798116,0.0,12.816000000000031,stop,2013
-1,320364,320405,2013-02-20 16:35:00+00:00,2013-02-20 20:00:00+00:00,1583.098,1564.18,0.01,41,18.917999999999893,0.4347059642521866,18.483294035747708,3.6966588071495416,0.5765000000001237,24.327499999999873,stop,2013
-1,320599,320621,2013-02-21 13:05:00+00:00,2013-02-21 14:55:00+00:00,1571.665,1576.665,0.01,22,-5.0,0.3909431312044342,-5.390943131204434,-1.0781886262408868,5.554999999999836,3.5499999999999545,stop,2013
-1,320896,320968,2013-02-22 14:45:00+00:00,2013-02-22 20:45:00+00:00,1574.7855,1579.7855,0.01,72,-5.0,0.41795642137960853,-5.417956421379609,-1.0835912842759217,5.216499999999996,3.20699999999988,stop,2013
1,321159,321178,2013-02-25 13:40:00+00:00,2013-02-25 15:15:00+00:00,1589.723,1584.723,0.01,19,-5.0,0.4100970250169052,-5.410097025016905,-1.0820194050033811,5.425999999999931,0.1675000000000182,stop,2013
1,321447,321451,2013-02-26 14:40:00+00:00,2013-02-26 15:00:00+00:00,1594.5700000000002,1589.5700000000002,0.01,4,-5.0,0.4218083920281386,-5.421808392028138,-1.0843616784056276,5.67450000000008,1.731999999999971,stop,2013
1,321717,321743,2013-02-27 14:05:00+00:00,2013-02-27 16:15:00+00:00,1607.3564999999999,1602.3564999999999,0.01,26,-5.0,0.420231667663536,-5.420231667663536,-1.0840463335327073,5.156500000000051,1.186500000000251,stop,2013
-1,321981,322035,2013-02-28 13:00:00+00:00,2013-02-28 17:30:00+00:00,1591.8995,1581.1565,0.01,54,10.742999999999938,0.4063125297362828,10.336687470263655,2.067337494052731,4.910499999999956,16.86949999999979,stop,2013
-1,322266,322354,2013-03-01 13:40:00+00:00,2013-03-01 21:00:00+00:00,1583.5645,1575.6970000000001,0.01,88,7.867499999999837,0.4432648030663581,7.424235196933479,1.4848470393866957,3.837500000000091,11.166999999999916,session_flat,2013
-1,322550,322631,2013-03-04 14:15:00+00:00,2013-03-04 21:00:00+00:00,1577.9705,1574.002,0.01,81,3.968499999999949,0.40951292724967053,3.5589870727502784,0.7117974145500556,0.4155000000000655,8.415499999999838,session_flat,2013
1,322824,322841,2013-03-05 14:00:00+00:00,2013-03-05 15:25:00+00:00,1582.5430000000001,1577.5430000000001,0.01,17,-5.0,0.38731098159509386,-5.3873109815950935,-1.0774621963190187,5.156500000000051,2.6169999999997344,stop,2013
-1,323091,323113,2013-03-06 13:10:00+00:00,2013-03-06 15:00:00+00:00,1576.3490000000002,1573.687,0.01,22,2.662000000000262,0.3891807750167557,2.272819224983506,0.4545638449967012,2.7239999999997053,8.946500000000015,stop,2013
1,323368,323389,2013-03-07 13:10:00+00:00,2013-03-07 14:55:00+00:00,1581.827,1576.827,0.01,21,-5.0,0.3882049506387934,-5.3882049506387935,-1.0776409901277586,5.229500000000144,3.2409999999999854,stop,2013
-1,323699,323739,2013-03-08 17:40:00+00:00,2013-03-08 21:00:00+00:00,1577.6280000000002,1578.246,0.01,40,-0.6179999999999382,0.47380108173076424,-1.0918010817307024,-0.2183602163461405,1.877999999999929,1.4360000000001492,session_flat,2013
1,323952,324015,2013-03-11 15:45:00+00:00,2013-03-11 21:00:00+00:00,1579.4650000000001,1581.57,0.01,63,2.104999999999791,0.5720342624854629,1.532965737514328,0.3065931475028656,1.5675000000001091,2.6230000000000473,session_flat,2013
1,324196,324291,2013-03-12 13:05:00+00:00,2013-03-12 21:00:00+00:00,1594.08,1592.775,0.01,95,-1.3049999999998363,0.5033018092105084,-1.8083018092103447,-0.36166036184206896,3.54300000000012,4.450000000000273,session_flat,2013
1,324490,324502,2013-03-13 14:30:00+00:00,2013-03-13 15:30:00+00:00,1591.299,1586.299,0.01,12,-5.0,0.38908696688315,-5.38908696688315,-1.07781739337663,5.625,0.0,stop,2013
-1,324753,324758,2013-03-14 13:20:00+00:00,2013-03-14 13:45:00+00:00,1582.098,1587.098,0.01,5,-5.0,0.38775669325881007,-5.38775669325881,-1.077551338651762,5.9435000000000855,0.6210000000000946,stop,2013
1,325030,325122,2013-03-15 13:20:00+00:00,2013-03-15 21:00:00+00:00,1592.219,1592.1999999999998,0.01,92,-0.01900000000023283,0.4031369680850632,-0.42213696808529605,-0.08442739361705921,0.9470000000001164,6.744000000000142,session_flat,2013
1,325321,325325,2013-03-18 14:30:00+00:00,2013-03-18 14:50:00+00:00,1607.2445,1602.2445,0.01,4,-5.0,0.3924755229625268,-5.392475522962527,-1.0784951045925053,5.0775000000001,0.0,stop,2013
1,325636,325676,2013-03-19 17:40:00+00:00,2013-03-19 21:00:00+00:00,1612.4279999999999,1612.938,0.01,40,0.5100000000002183,0.5151649214659844,-0.005164921465766081,-0.0010329842931532164,2.9209999999998217,1.4484999999999673,session_flat,2013
1,325894,325953,2013-03-20 16:05:00+00:00,2013-03-20 21:00:00+00:00,1607.7705,1606.922,0.01,59,-0.8485000000000582,0.4593220720720928,-1.307822072072151,-0.2615644144144302,4.238000000000284,1.6774999999997817,session_flat,2013
1,326142,326230,2013-03-21 13:40:00+00:00,2013-03-21 21:00:00+00:00,1612.7325,1614.838,0.01,88,2.1054999999998927,0.45312171052634376,1.6523782894735488,0.3304756578947098,0.55600000000004,3.9699999999998,session_flat,2013
-1,326420,326507,2013-03-22 13:45:00+00:00,2013-03-24 22:00:00+00:00,1607.8765,1609.73,0.01,87,-1.85349999999994,0.4343360329639124,-2.2878360329638525,-0.4575672065927705,3.5370000000000346,1.5265000000001692,session_flat,2013
-1,326693,326713,2013-03-25 13:30:00+00:00,2013-03-25 15:10:00+00:00,1598.397,1603.397,0.01,20,-5.0,0.39477069116915664,-5.394770691169157,-1.0789541382338315,6.416500000000042,2.894999999999982,stop,2013
-1,326977,327059,2013-03-26 14:10:00+00:00,2013-03-26 21:00:00+00:00,1597.527,1599.785,0.01,82,-2.258000000000038,0.500876344086006,-2.758876344086044,-0.5517752688172088,3.5679999999999836,2.2035000000000764,session_flat,2013
-1,327241,327253,2013-03-27 13:05:00+00:00,2013-03-27 14:05:00+00:00,1599.009,1604.009,0.01,12,-5.0,0.3938231069200186,-5.393823106920019,-1.0787646213840039,6.104499999999916,2.1030000000000655,stop,2013
-1,327526,327613,2013-03-28 13:45:00+00:00,2013-03-31 22:00:00+00:00,1598.502,1597.6799999999998,0.01,87,0.8220000000001164,0.4859049347643147,0.33609506523580174,0.06721901304716035,2.7029999999999745,4.429000000000087,session_flat,2013
-1,327829,327889,2013-04-01 16:00:00+00:00,2013-04-01 21:00:00+00:00,1599.1655,1599.587,0.01,60,-0.4214999999999236,0.477194174757313,-0.8986941747572366,-0.17973883495144732,1.9294999999999618,1.274499999999989,session_flat,2013
-1,328098,328166,2013-04-02 15:20:00+00:00,2013-04-02 21:00:00+00:00,1582.8805,1575.856,0.01,68,7.024499999999989,0.5095118644067598,6.51498813559323,1.3029976271186459,0.5705000000000382,8.986999999999853,session_flat,2013
-1,328356,328416,2013-04-03 13:45:00+00:00,2013-04-03 18:45:00+00:00,1573.0320000000002,1557.313,0.01,60,15.719000000000053,0.3894302607494967,15.329569739250555,3.065913947850111,3.7094999999999345,23.028999999999996,stop,2013
-1,328635,328678,2013-04-04 14:00:00+00:00,2013-04-04 17:35:00+00:00,1549.306,1554.306,0.01,43,-5.0,0.4010426198665398,-5.40104261986654,-1.080208523973308,5.286499999999933,3.344000000000051,stop,2013
1,328917,328995,2013-04-05 14:30:00+00:00,2013-04-07 22:00:00+00:00,1564.7905,1581.35,0.01,78,16.559499999999844,0.5601686724918364,15.999331327508006,3.1998662655016012,1.0640000000000782,18.484500000000025,session_flat,2013
1,329194,329203,2013-04-08 14:35:00+00:00,2013-04-08 15:20:00+00:00,1573.6905,1568.6905,0.01,9,-5.0,0.3983196252465489,-5.398319625246549,-1.0796639250493096,6.194999999999936,0.0,stop,2013
1,329492,329548,2013-04-09 16:20:00+00:00,2013-04-09 22:00:00+00:00,1588.2305000000001,1585.35,0.01,56,-2.880500000000211,0.5686203980099467,-3.449120398010158,-0.6898240796020316,3.98050000000012,0.019499999999879947,session_flat,2013
-1,329735,329791,2013-04-10 13:35:00+00:00,2013-04-10 18:15:00+00:00,1577.836,1563.039,0.01,56,14.797000000000027,0.40085328435609674,14.39614671564393,2.879229343128786,0.0,20.937999999999874,stop,2013
-1,330015,330017,2013-04-11 13:50:00+00:00,2013-04-11 14:00:00+00:00,1561.5929999999998,1566.5929999999998,0.01,2,-5.0,0.392451482149853,-5.392451482149853,-1.0784902964299705,6.141500000000178,0.5949999999997999,stop,2013
-1,330318,330378,2013-04-12 16:00:00+00:00,2013-04-14 22:00:00+00:00,1505.5495,1481.745,0.01,60,23.80450000000019,0.5614259065374763,23.243074093462713,4.6486148186925424,2.565499999999929,27.08550000000014,session_flat,2013
-1,330590,330592,2013-04-15 15:40:00+00:00,2013-04-15 15:50:00+00:00,1374.35,1379.35,0.01,2,-5.0,0.5195302704256122,-5.519530270425612,-1.1039060540851224,5.700000000000273,1.1879999999998745,stop,2013
-1,330837,330852,2013-04-16 13:10:00+00:00,2013-04-16 14:25:00+00:00,1395.7,1377.9499999999998,0.01,15,17.750000000000227,0.5137373199352002,17.23626268006503,3.4472525360130057,2.1625000000001364,24.10250000000019,stop,2013
-1,331121,331122,2013-04-17 13:55:00+00:00,2013-04-17 14:00:00+00:00,1386.0265,1391.0265,0.01,1,-5.0,0.4737750056900053,-5.473775005690006,-1.0947550011380012,6.418999999999869,0.0,stop,2013
1,331405,331418,2013-04-18 14:30:00+00:00,2013-04-18 15:35:00+00:00,1387.186,1393.242,0.01,13,6.05600000000004,0.444635114503819,5.611364885496221,1.1222729770992443,0.0,11.822000000000116,stop,2013
1,331672,331708,2013-04-19 13:40:00+00:00,2013-04-19 16:40:00+00:00,1402.047,1397.047,0.01,36,-5.0,0.4334378181818202,-5.433437818181821,-1.0866875636363642,5.548999999999978,4.150499999999965,stop,2013
1,331951,331957,2013-04-22 13:55:00+00:00,2013-04-22 14:25:00+00:00,1424.917,1419.917,0.01,6,-5.0,0.461243585056898,-5.461243585056898,-1.0922487170113795,5.502500000000055,0.0,stop,2013
1,332225,332226,2013-04-23 13:40:00+00:00,2013-04-23 13:45:00+00:00,1417.249,1412.249,0.01,1,-5.0,0.43235870847657765,-5.432358708476578,-1.0864717416953156,6.990000000000009,0.0,stop,2013
1,332496,332511,2013-04-24 13:10:00+00:00,2013-04-24 14:25:00+00:00,1429.2224999999999,1424.2224999999999,0.01,15,-5.0,0.41609427278516603,-5.416094272785166,-1.0832188545570332,5.687499999999773,2.7775000000001455,stop,2013
1,332775,332854,2013-04-25 13:20:00+00:00,2013-04-25 19:55:00+00:00,1449.214,1463.2559999999999,0.01,79,14.041999999999916,0.42833292097766135,13.613667079022255,2.722733415804451,3.6165000000000873,19.836000000000013,stop,2013
1,333052,333074,2013-04-26 13:20:00+00:00,2013-04-26 15:10:00+00:00,1469.23,1477.471,0.01,22,8.240999999999985,0.4075252047349061,7.833474795265079,1.566694959053016,0.7845000000002074,13.884000000000015,stop,2013
1,333334,333360,2013-04-29 13:50:00+00:00,2013-04-29 16:00:00+00:00,1465.151,1469.5684999999999,0.01,26,4.417499999999791,0.43367821417949304,3.9838217858202976,0.7967643571640595,0.7815000000000509,9.918999999999869,stop,2013
1,333603,333613,2013-04-30 13:10:00+00:00,2013-04-30 14:00:00+00:00,1470.119,1465.119,0.01,10,-5.0,0.4326289697752866,-5.432628969775287,-1.0865257939550574,5.149000000000115,1.9075000000000273,stop,2013
-1,333919,333932,2013-05-01 16:30:00+00:00,2013-05-01 17:35:00+00:00,1444.4499999999998,1449.4499999999998,0.01,13,-5.0,0.5033307247899153,-5.503330724789915,-1.100666144957983,5.938500000000204,1.1134999999999309,stop,2013
1,334163,334250,2013-05-02 13:45:00+00:00,2013-05-02 21:00:00+00:00,1468.3690000000001,1467.1779999999999,0.01,87,-1.1910000000002583,0.6285388888888044,-1.8195388888890627,-0.3639077777778125,3.720500000000129,4.578499999999849,session_flat,2013
-1,334472,334527,2013-05-03 16:25:00+00:00,2013-05-05 22:00:00+00:00,1467.25,1470.45,0.01,55,-3.200000000000046,0.5452119289340001,-3.745211928934046,-0.7490423857868092,3.8769999999999527,4.798000000000002,session_flat,2013
1,334708,334717,2013-05-06 13:05:00+00:00,2013-05-06 13:50:00+00:00,1472.15,1467.15,0.01,9,-5.0,0.4685490430622024,-5.468549043062202,-1.0937098086124404,5.599500000000035,1.132499999999709,stop,2013
-1,335004,335018,2013-05-07 14:50:00+00:00,2013-05-07 16:00:00+00:00,1447.706,1452.706,0.01,14,-5.0,0.4019691316580916,-5.401969131658092,-1.0803938263316184,5.929499999999962,3.765999999999849,stop,2013
1,335279,335328,2013-05-08 14:40:00+00:00,2013-05-08 18:45:00+00:00,1465.116,1471.13,0.01,49,6.014000000000124,0.4471498691099433,5.56685013089018,1.113370026178036,1.5295000000000982,11.711000000000013,stop,2013
-1,335547,335578,2013-05-09 14:05:00+00:00,2013-05-09 16:40:00+00:00,1465.798,1470.798,0.01,31,-5.0,0.3929688301282094,-5.3929688301282095,-1.078593766025642,5.632499999999936,2.0,stop,2013
-1,335812,335820,2013-05-10 13:05:00+00:00,2013-05-10 13:45:00+00:00,1434.4,1431.9450000000002,0.01,8,2.4549999999999272,0.39232266992463216,2.062677330075295,0.41253546601505897,0.0,9.075000000000045,stop,2013
-1,336105,336182,2013-05-13 14:35:00+00:00,2013-05-13 21:00:00+00:00,1434.4,1430.5140000000001,0.01,77,3.8859999999999673,0.45173710073701673,3.4342628992629507,0.6868525798525902,2.76949999999988,4.9340000000001965,session_flat,2013
-1,336367,336372,2013-05-14 13:20:00+00:00,2013-05-14 13:45:00+00:00,1427.311,1432.311,0.01,5,-5.0,0.414586980639897,-5.414586980639897,-1.0829173961279794,5.000500000000102,1.2135000000000673,stop,2013
-1,336645,336672,2013-05-15 13:25:00+00:00,2013-05-15 15:40:00+00:00,1413.679,1395.994,0.01,27,17.685000000000173,0.41716509988249206,17.26783490011768,3.453566980023536,2.9839999999999236,23.10850000000005,stop,2013
-1,336926,336929,2013-05-16 13:45:00+00:00,2013-05-16 14:00:00+00:00,1378.65,1383.65,0.01,3,-5.0,0.4324705880177539,-5.432470588017754,-1.0864941176035507,6.799999999999727,0.0,stop,2013
-1,337194,337221,2013-05-17 13:00:00+00:00,2013-05-17 15:15:00+00:00,1377.0974999999999,1365.598,0.01,27,11.499499999999898,0.4434133762200523,11.056086623779846,2.211217324755969,4.252500000000055,17.50949999999966,stop,2013
-1,337483,337489,2013-05-20 14:20:00+00:00,2013-05-20 14:50:00+00:00,1356.816,1361.816,0.01,6,-5.0,0.44907051737436005,-5.44907051737436,-1.089814103474872,7.185999999999922,0.0,stop,2013
-1,337766,337771,2013-05-21 14:55:00+00:00,2013-05-21 15:20:00+00:00,1369.078,1374.078,0.01,5,-5.0,0.4401291269841276,-5.440129126984128,-1.0880258253968256,5.706000000000131,4.079999999999927,stop,2013
1,338025,338027,2013-05-22 13:30:00+00:00,2013-05-22 13:40:00+00:00,1389.7905,1384.7905,0.01,2,-5.0,0.3961358302082005,-5.3961358302082,-1.07922716604164,6.740499999999884,1.4239999999999782,stop,2013
1,338296,338307,2013-05-23 13:00:00+00:00,2013-05-23 13:55:00+00:00,1387.65,1382.65,0.01,11,-5.0,0.4480745628896709,-5.448074562889671,-1.0896149125779342,5.2000000000000455,7.051999999999907,stop,2013
1,338578,338644,2013-05-24 13:30:00+00:00,2013-05-24 19:00:00+00:00,1388.546,1383.546,0.01,66,-5.0,0.414739618184826,-5.414739618184826,-1.0829479236369652,5.857000000000198,2.6569999999999254,stop,2013
1,338864,338897,2013-05-27 14:30:00+00:00,2013-05-27 17:45:00+00:00,1394.0535,1389.0535,0.01,33,-5.0,1.1934744186046407,-6.193474418604641,-1.2386948837209282,5.523500000000013,1.4850000000001273,stop,2013
-1,339081,339101,2013-05-28 13:10:00+00:00,2013-05-28 14:50:00+00:00,1384.85,1379.8200000000002,0.01,20,5.029999999999745,0.405934022854001,4.624065977145745,0.924813195429149,0.0,11.029999999999745,stop,2013
1,339664,339727,2013-05-30 15:45:00+00:00,2013-05-30 21:00:00+00:00,1413.4105,1413.9140000000002,0.01,63,0.5035000000002583,0.8763969631236432,-0.37289696312338494,-0.07457939262467699,2.2604999999998654,3.291500000000042,session_flat,2013
-1,339944,340000,2013-05-31 16:00:00+00:00,2013-06-02 22:00:00+00:00,1395.513,1390.15,0.01,56,5.362999999999829,0.6586241441020846,4.704375855897744,0.9408751711795489,1.6815000000001419,10.413000000000011,stop,2013
1,340203,340227,2013-06-03 15:05:00+00:00,2013-06-03 17:05:00+00:00,1403.901,1410.058,0.01,24,6.156999999999925,0.46356980446803825,5.693430195531887,1.1386860391063773,0.0,13.065499999999929,stop,2013
-1,340486,340549,2013-06-04 15:45:00+00:00,2013-06-04 21:00:00+00:00,1396.4099999999999,1399.46,0.01,63,-3.050000000000182,0.7062462077013156,-3.7562462077014978,-0.7512492415402996,3.4900000000002365,0.36199999999985266,session_flat,2013
1,340764,340781,2013-06-05 15:50:00+00:00,2013-06-05 17:15:00+00:00,1404.7585,1399.7585,0.01,17,-5.0,0.4572958460660559,-5.457295846066056,-1.0914591692132112,7.978499999999713,0.94399999999996,stop,2013
-1,341019,341028,2013-06-06 14:00:00+00:00,2013-06-06 14:45:00+00:00,1399.598,1404.598,0.01,9,-5.0,0.439832338634058,-5.439832338634058,-1.0879664677268115,5.0219999999999345,0.0,stop,2013
-1,341325,341375,2013-06-07 16:50:00+00:00,2013-06-09 22:00:00+00:00,1383.9195,1383.4299999999998,0.01,50,0.4895000000001346,0.6888510033623265,-0.19935100336219191,-0.039870200672438384,0.9135000000001128,5.574499999999944,session_flat,2013
-1,341570,341615,2013-06-10 14:15:00+00:00,2013-06-10 18:00:00+00:00,1383.318,1388.318,0.01,45,-5.0,0.30425463899697613,-5.3042546389969765,-1.0608509277993954,5.823000000000093,1.7810000000001764,stop,2013
-1,341841,341848,2013-06-11 13:45:00+00:00,2013-06-11 14:20:00+00:00,1372.0465,1377.0465,0.01,7,-5.0,0.28194549507596656,-5.281945495075966,-1.0563890990151932,7.0154999999999745,1.7644999999997708,stop,2013
1,342138,342205,2013-06-12 15:25:00+00:00,2013-06-12 22:00:00+00:00,1390.4265,1388.215,0.01,67,-2.2115000000001146,0.3902929845904232,-2.6017929845905376,-0.5203585969181075,3.7509999999999764,3.666500000000042,session_flat,2013
-1,342400,342464,2013-06-13 14:15:00+00:00,2013-06-13 19:35:00+00:00,1383.9050000000002,1381.0529999999999,0.01,64,2.8520000000003165,0.29402689797181786,2.5579731020284986,0.5115946204056997,1.5149999999998727,9.31100000000015,stop,2013
1,342679,342758,2013-06-14 14:25:00+00:00,2013-06-16 22:00:00+00:00,1388.4740000000002,1391.155,0.01,79,2.6809999999998126,0.47369900446973684,2.2073009955300757,0.44146019910601514,2.046500000000151,2.994499999999789,session_flat,2013
-1,342940,343034,2013-06-17 13:10:00+00:00,2013-06-17 22:00:00+00:00,1384.8785,1385.1100000000001,0.01,94,-0.23150000000009643,0.3547810751359321,-0.5862810751360286,-0.1172562150272057,2.6935000000000855,3.2805000000000746,session_flat,2013
-1,343247,343310,2013-06-18 15:45:00+00:00,2013-06-18 21:00:00+00:00,1364.7379999999998,1367.608,0.01,63,-2.8700000000001182,0.25445383931839044,-3.124453839318509,-0.6248907678637018,4.478500000000167,1.1349999999997635,session_flat,2013
-1,343491,343553,2013-06-19 13:00:00+00:00,2013-06-19 18:10:00+00:00,1371.956,1371.1605,0.01,62,0.7954999999999472,0.4601938943647444,0.33530610563520286,0.06706122112704058,4.860500000000002,8.026999999999816,stop,2013
-1,343779,343784,2013-06-20 13:55:00+00:00,2013-06-20 14:20:00+00:00,1302.4769999999999,1297.9295,0.01,5,4.5474999999999,0.3677009860307728,4.179799013969127,0.8359598027938254,0.0,10.13299999999981,stop,2013
-1,344046,344057,2013-06-21 13:05:00+00:00,2013-06-21 14:00:00+00:00,1292.496,1297.496,0.01,11,-5.0,0.3411961200454853,-5.341196120045486,-1.0682392240090972,5.57549999999992,1.3540000000000418,stop,2013
-1,344321,344380,2013-06-24 13:00:00+00:00,2013-06-24 17:55:00+00:00,1288.511,1281.996,0.01,59,6.514999999999873,0.3465112571158405,6.1684887428840325,1.2336977485768066,0.9290000000000873,12.267499999999927,stop,2013
-1,344620,344692,2013-06-25 15:00:00+00:00,2013-06-25 22:00:00+00:00,1275.833,1277.615,0.01,72,-1.7819999999999254,0.4448071581139802,-2.2268071581139055,-0.4453614316227811,3.3029999999998836,1.7330000000001746,session_flat,2013
-1,344873,344905,2013-06-26 13:05:00+00:00,2013-06-26 15:45:00+00:00,1244.091,1235.5104999999999,0.01,32,8.580500000000029,0.36885193313340464,8.211648066866625,1.642329613373325,0.3045000000001892,13.886999999999944,stop,2013
-1,345160,345183,2013-06-27 13:55:00+00:00,2013-06-27 15:50:00+00:00,1233.6399999999999,1231.6795,0.01,23,1.9604999999999109,0.36615301141926904,1.5943469885806418,0.3188693977161284,1.3034999999999854,7.7849999999998545,stop,2013
-1,345444,345458,2013-06-28 14:45:00+00:00,2013-06-28 15:55:00+00:00,1214.747,1219.747,0.01,14,-5.0,0.4459758354797511,-5.445975835479751,-1.08919516709595,6.3315000000000055,4.571999999999889,stop,2013
1,345709,345756,2013-07-01 14:00:00+00:00,2013-07-01 17:55:00+00:00,1238.0785,1255.05,0.01,47,16.971499999999878,0.31842402718080914,16.653075972819067,3.3306151945638134,1.2330000000001746,23.79099999999994,stop,2013
1,345974,345986,2013-07-02 13:10:00+00:00,2013-07-02 14:10:00+00:00,1253.3600000000001,1248.3600000000001,0.01,12,-5.0,0.35932142788637333,-5.359321427886373,-1.0718642855772746,6.4520000000002256,3.69399999999996,stop,2013
1,346252,346277,2013-07-03 13:25:00+00:00,2013-07-03 15:30:00+00:00,1249.379,1253.44,0.01,25,4.061000000000149,0.5014950876007866,3.5595049123993627,0.7119009824798725,0.8659999999999854,10.774499999999989,stop,2013
-1,346524,346570,2013-07-04 13:10:00+00:00,2013-07-04 23:55:00+00:00,1249.195,1248.645,0.01,46,0.5499999999999545,1.0083611111110866,-0.4583611111111321,-0.09167222222222642,3.8050000000000637,2.0599999999999454,session_flat,2013
-1,346753,346807,2013-07-05 15:10:00+00:00,2013-07-05 19:40:00+00:00,1215.5235,1220.5235,0.01,54,-5.0,0.7084400373164963,-5.708440037316496,-1.1416880074632991,6.127999999999929,1.878500000000031,stop,2013
1,347038,347099,2013-07-08 15:55:00+00:00,2013-07-08 22:00:00+00:00,1234.9850000000001,1236.94,0.01,61,1.9549999999999272,0.7565951056729756,1.1984048943269516,0.23968097886539033,0.38000000000010914,3.2749999999998636,session_flat,2013
1,347281,347294,2013-07-09 13:10:00+00:00,2013-07-09 14:15:00+00:00,1250.42,1251.855,0.01,13,1.4349999999999454,0.5265531349247713,0.9084468650751741,0.18168937301503482,1.025000000000091,7.324999999999818,stop,2013
1,347563,347585,2013-07-10 13:40:00+00:00,2013-07-10 15:30:00+00:00,1253.8584999999998,1256.145,0.01,22,2.28650000000016,0.5822217108977998,1.7042782891023602,0.34085565782047206,1.0384999999998854,8.241500000000087,stop,2013
1,347843,347856,2013-07-11 13:55:00+00:00,2013-07-11 15:00:00+00:00,1284.79,1279.79,0.01,13,-5.0,0.5532197908721872,-5.553219790872188,-1.1106439581744376,6.475500000000011,1.5900000000001455,stop,2013
1,348129,348205,2013-07-12 14:40:00+00:00,2013-07-14 22:00:00+00:00,1279.0185000000001,1285.23,0.01,76,6.211499999999887,0.6436590373997224,5.567840962600165,1.1135681925200331,2.73050000000012,10.201000000000022,session_flat,2013
1,348404,348481,2013-07-15 14:35:00+00:00,2013-07-15 22:00:00+00:00,1284.4285,1283.105,0.01,77,-1.3234999999999673,0.6714109375000095,-1.9949109374999767,-0.39898218749999537,2.6024999999999636,1.7739999999998872,session_flat,2013
1,348686,348694,2013-07-16 15:05:00+00:00,2013-07-16 15:45:00+00:00,1293.028,1288.028,0.01,8,-5.0,0.5468366991499118,-5.546836699149912,-1.1093673398299824,5.932500000000118,0.0,stop,2013
1,348955,348956,2013-07-17 14:30:00+00:00,2013-07-17 14:35:00+00:00,1296.3755,1291.3755,0.01,1,-5.0,0.5245896953962097,-5.52458969539621,-1.1049179390792419,11.153000000000247,0.0,stop,2013
1,349228,349310,2013-07-18 14:10:00+00:00,2013-07-18 21:00:00+00:00,1284.696,1284.206,0.01,82,-0.4900000000000091,0.7666378378378367,-1.2566378378378458,-0.25132756756756913,3.3799999999998818,3.6204999999999927,session_flat,2013
1,349510,349587,2013-07-19 14:35:00+00:00,2013-07-21 22:00:00+00:00,1295.2305000000001,1297.4650000000001,0.01,77,2.2345000000000255,0.7091315533980627,1.5253684466019628,0.3050736893203926,3.3200000000001637,3.0045000000000073,session_flat,2013
1,349768,349863,2013-07-22 13:05:00+00:00,2013-07-22 22:00:00+00:00,1321.8564999999999,1335.24,0.01,95,13.38350000000014,0.6222835823534068,12.761216417646732,2.5522432835293465,1.2399999999997817,17.841000000000122,session_flat,2013
1,350054,350139,2013-07-23 13:55:00+00:00,2013-07-23 21:00:00+00:00,1330.3519999999999,1345.1275,0.01,85,14.775500000000195,0.777544262295063,13.997955737705132,2.7995911475410264,0.0,16.50200000000018,session_flat,2013
1,350321,350334,2013-07-24 13:05:00+00:00,2013-07-24 14:10:00+00:00,1336.09,1331.09,0.01,13,-5.0,0.5174783143398567,-5.517478314339857,-1.1034956628679713,5.792999999999893,3.033500000000231,stop,2013
1,350634,350693,2013-07-25 16:05:00+00:00,2013-07-25 21:00:00+00:00,1328.45,1333.9305,0.01,59,5.480499999999893,1.1205921985815874,4.359907801418306,0.8719815602836611,2.227500000000191,9.580999999999904,session_flat,2013
-1,350880,350886,2013-07-26 13:30:00+00:00,2013-07-26 14:00:00+00:00,1325.4415,1330.4415,0.01,6,-5.0,0.5866644852824945,-5.586664485282494,-1.1173328970564989,6.367500000000064,1.7100000000000364,stop,2013
1,351151,351246,2013-07-29 13:05:00+00:00,2013-07-29 22:00:00+00:00,1329.91,1327.48,0.01,95,-2.4300000000000637,0.8795543319143226,-3.309554331914386,-0.6619108663828772,3.266499999999951,3.1599999999998545,session_flat,2013
-1,351440,351522,2013-07-30 14:10:00+00:00,2013-07-30 22:00:00+00:00,1323.545,1327.42,0.01,82,-3.875,0.7830277777777785,-4.658027777777779,-0.9316055555555558,4.452499999999873,1.2460000000000946,session_flat,2013
-1,351719,351739,2013-07-31 14:25:00+00:00,2013-07-31 16:05:00+00:00,1316.641,1312.2975000000001,0.01,20,4.343499999999949,0.5142239455586195,3.82927605444133,0.7658552108882659,0.25900000000001455,10.091000000000122,stop,2013
-1,352004,352018,2013-08-01 15:10:00+00:00,2013-08-01 16:20:00+00:00,1315.495,1313.845,0.01,14,1.6499999999998638,0.5870968406593313,1.0629031593405325,0.2125806318681065,0.4250000000001819,7.614999999999782,stop,2013
1,352287,352351,2013-08-02 15:40:00+00:00,2013-08-04 22:00:00+00:00,1312.04,1312.915,0.01,64,0.8750000000000001,0.9087618964135471,-0.03376189641354699,-0.006752379282709398,4.261999999999944,1.4500000000000455,session_flat,2013
-1,352539,352578,2013-08-05 13:40:00+00:00,2013-08-05 16:55:00+00:00,1309.2015000000001,1303.37,0.01,39,5.831500000000233,0.587047295202674,5.244452704797559,1.0488905409595117,1.0249999999998636,11.587500000000091,stop,2013
-1,352828,352902,2013-08-06 14:50:00+00:00,2013-08-06 22:00:00+00:00,1286.1125000000002,1282.7150000000001,0.01,74,3.3975000000000364,0.7865290560471985,2.6109709439528377,0.5221941887905676,3.043999999999869,4.692000000000235,session_flat,2013
-1,353089,353116,2013-08-07 13:35:00+00:00,2013-08-07 15:50:00+00:00,1283.9175,1288.9175,0.01,27,-5.0,0.5330840269489558,-5.533084026948956,-1.1066168053897911,5.630999999999858,1.5760000000000218,stop,2013
1,353364,353455,2013-08-08 13:25:00+00:00,2013-08-08 22:00:00+00:00,1292.8375,1312.425,0.01,91,19.587499999999864,0.5882780986762879,18.999221901323576,3.799844380264715,0.9205000000001746,21.61949999999979,session_flat,2013
1,353636,353685,2013-08-09 13:05:00+00:00,2013-08-09 17:10:00+00:00,1309.496,1311.283,0.01,49,1.7869999999998072,0.41230431254259564,1.3746956874572116,0.27493913749144233,1.9639999999999418,7.8784999999998035,stop,2013
1,353939,353949,2013-08-12 15:30:00+00:00,2013-08-12 16:20:00+00:00,1340.423,1335.423,0.01,10,-5.0,0.4165729616095762,-5.416572961609576,-1.0833145923219152,5.107999999999947,0.3264999999998963,stop,2013
1,354192,354193,2013-08-13 13:30:00+00:00,2013-08-13 13:35:00+00:00,1330.564,1325.564,0.01,1,-5.0,0.3676785683197669,-5.367678568319767,-1.0735357136639534,5.5870000000002165,0.0,stop,2013
-1,354744,354763,2013-08-15 13:40:00+00:00,2013-08-15 15:15:00+00:00,1325.9695000000002,1330.9695000000002,0.01,19,-5.0,0.34086369420267576,-5.3408636942026755,-1.068172738840535,5.54549999999972,1.0345000000002074,stop,2013
1,355022,355031,2013-08-16 13:45:00+00:00,2013-08-16 14:30:00+00:00,1363.9899999999998,1364.0839999999998,0.01,9,0.09400000000005093,0.3638809755558192,-0.2698809755557683,-0.05397619511115366,1.2549999999996544,5.500500000000102,stop,2013
1,355291,355301,2013-08-19 13:10:00+00:00,2013-08-19 14:00:00+00:00,1370.739,1365.739,0.01,10,-5.0,0.32820960292580964,-5.32820960292581,-1.065641920585162,6.505500000000211,2.1484999999997854,stop,2013
1,355592,355661,2013-08-20 15:15:00+00:00,2013-08-20 22:00:00+00:00,1374.1545,1369.1545,0.01,69,-5.0,0.508899287089023,-5.508899287089023,-1.1017798574178046,7.026000000000067,1.696999999999889,stop,2013
1,355871,355901,2013-08-21 15:30:00+00:00,2013-08-21 18:00:00+00:00,1368.2245,1368.2959999999998,0.01,30,0.07149999999978718,0.4948767576509505,-0.42337675765116334,-0.08467535153023267,4.078000000000202,5.19199999999978,stop,2013
1,356133,356144,2013-08-22 14:25:00+00:00,2013-08-22 15:20:00+00:00,1377.6354999999999,1372.6354999999999,0.01,11,-5.0,0.3172867386850425,-5.317286738685042,-1.0634573477370084,7.119499999999789,0.9850000000001273,stop,2013
1,356435,356489,2013-08-23 16:30:00+00:00,2013-08-25 22:00:00+00:00,1396.4540000000002,1399.02,0.01,54,2.5659999999998035,0.6448975413638351,1.9211024586359684,0.3842204917271937,1.8550000000000182,3.7979999999997744,session_flat,2013
1,356674,356708,2013-08-26 13:25:00+00:00,2013-08-26 16:15:00+00:00,1395.217,1390.217,0.01,34,-5.0,0.3645231191578748,-5.364523119157875,-1.072904623831575,5.526499999999942,4.585000000000036,stop,2013
1,356950,357042,2013-08-27 13:20:00+00:00,2013-08-27 22:00:00+00:00,1418.1149999999998,1416.075,0.01,92,-2.0399999999997362,0.45853702080473313,-2.4985370208044695,-0.4997074041608939,4.3224999999997635,5.757500000000164,session_flat,2013
1,357228,357231,2013-08-28 13:30:00+00:00,2013-08-28 13:45:00+00:00,1421.103,1416.103,0.01,3,-5.0,0.3491429774925407,-5.349142977492541,-1.069828595498508,5.608500000000049,1.9650000000001455,stop,2013
-1,357547,357574,2013-08-29 17:00:00+00:00,2013-08-29 19:15:00+00:00,1411.024,1410.374,0.01,27,0.6499999999998636,0.433371746319615,0.21662825368024857,0.043325650736049715,2.9484999999999673,6.140999999999849,stop,2013
-1,357793,357803,2013-08-30 14:25:00+00:00,2013-08-30 15:15:00+00:00,1397.1125,1402.1125,0.01,10,-5.0,0.3825990910482768,-5.382599091048276,-1.0765198182096554,6.670000000000073,1.8599999999999,stop,2013
-1,358055,358101,2013-09-02 13:15:00+00:00,2013-09-02 22:00:00+00:00,1392.112,1391.725,0.01,46,0.387000000000171,0.5682006197841063,-0.1812006197839353,-0.036240123956787065,2.7199999999998,3.0774999999998727,session_flat,2013
1,358348,358377,2013-09-03 18:35:00+00:00,2013-09-03 22:00:00+00:00,1413.1545,1411.7,0.01,29,-1.4545000000000528,0.47939017861804584,-1.9338901786180986,-0.38677803572361974,1.5895000000000437,0.7929999999998927,session_flat,2013
-1,358583,358637,2013-09-04 15:10:00+00:00,2013-09-04 19:40:00+00:00,1390.7685000000001,1395.7685000000001,0.01,54,-5.0,0.31430677436398774,-5.314306774363987,-1.0628613548727974,5.026999999999816,6.005500000000211,stop,2013
-1,358842,358879,2013-09-05 13:45:00+00:00,2013-09-05 16:50:00+00:00,1390.4099999999999,1371.866,0.01,37,18.54399999999987,0.3717454239161578,18.172254576083713,3.6344509152167426,0.0,25.311499999999796,stop,2013
1,359111,359132,2013-09-06 13:10:00+00:00,2013-09-06 14:55:00+00:00,1383.932,1384.5755,0.01,21,0.6434999999999036,0.32576898720993297,0.3177310127899706,0.06354620255799412,3.1755000000000564,7.687499999999773,stop,2013
1,359420,359481,2013-09-09 15:55:00+00:00,2013-09-09 21:00:00+00:00,1386.626,1386.972,0.01,61,0.34600000000000364,0.8874450867052677,-0.541445086705264,-0.10828901734105281,2.216000000000122,1.2839999999998781,session_flat,2013
-1,359667,359680,2013-09-10 13:25:00+00:00,2013-09-10 14:30:00+00:00,1365.42,1363.2525,0.01,13,2.167500000000018,0.3561608092674236,1.8113391907325946,0.3622678381465189,0.543999999999869,7.492500000000064,stop,2013
-1,359940,360034,2013-09-11 13:10:00+00:00,2013-09-11 21:00:00+00:00,1362.449,1365.1970000000001,0.01,94,-2.7480000000000473,1.191633333333294,-3.939633333333341,-0.7879266666666682,3.050999999999931,2.8589999999999236,session_flat,2013
-1,360231,360311,2013-09-12 14:20:00+00:00,2013-09-12 22:00:00+00:00,1329.7205,1321.3105,0.01,80,8.409999999999854,0.5503672582122263,7.859632741787628,1.5719265483575255,4.01050000000032,8.970499999999902,session_flat,2013
-1,360492,360502,2013-09-13 13:05:00+00:00,2013-09-13 13:55:00+00:00,1319.058,1318.8274999999999,0.01,10,0.23050000000012005,0.390822638997764,-0.16032263899764393,-0.032064527799528786,0.84699999999998,5.905500000000075,stop,2013
-1,360770,360779,2013-09-16 13:15:00+00:00,2013-09-16 14:00:00+00:00,1317.7845,1322.7845,0.01,9,-5.0,0.3761617049276227,-5.376161704927623,-1.0752323409855244,7.923000000000002,0.15449999999987085,stop,2013
-1,361066,361101,2013-09-17 14:55:00+00:00,2013-09-17 17:50:00+00:00,1311.466,1311.406,0.01,35,0.05999999999994543,0.3335970687608408,-0.27359706876089535,-0.05471941375217907,0.874000000000251,5.189499999999953,stop,2013
-1,361331,361366,2013-09-18 13:55:00+00:00,2013-09-18 16:50:00+00:00,1299.1999999999998,1304.1999999999998,0.01,35,-5.0,0.33957229632567276,-5.339572296325673,-1.0679144592651346,5.070000000000164,2.2259999999998854,stop,2013
1,361606,361631,2013-09-19 13:45:00+00:00,2013-09-19 15:50:00+00:00,1362.85,1369.25,0.01,25,6.400000000000092,0.3774706938891606,6.022529306110931,1.2045058612221862,3.630000000000109,12.289999999999964,stop,2013
-1,361947,361969,2013-09-20 19:10:00+00:00,2013-09-22 22:00:00+00:00,1332.495,1326.74,0.01,22,5.754999999999882,0.6944018240847907,5.060598175915091,1.0121196351830182,0.6750000000001819,7.624499999999898,session_flat,2013
-1,362159,362168,2013-09-23 13:50:00+00:00,2013-09-23 14:35:00+00:00,1321.9955,1326.9955,0.01,9,-5.0,0.3824690823943719,-5.382469082394372,-1.0764938164788744,7.43100000000004,0.0,stop,2013
-1,362434,362438,2013-09-24 13:40:00+00:00,2013-09-24 14:00:00+00:00,1310.2314999999999,1315.2314999999999,0.01,4,-5.0,0.387288954607069,-5.387288954607069,-1.0774577909214138,6.005500000000211,0.49499999999989086,stop,2013
-1,362704,362723,2013-09-25 13:05:00+00:00,2013-09-25 14:40:00+00:00,1321.318,1326.318,0.01,19,-5.0,0.4466333247468563,-5.446633324746856,-1.0893266649493714,5.109000000000151,0.6209999999998672,stop,2013
1,362985,362994,2013-09-26 13:25:00+00:00,2013-09-26 14:10:00+00:00,1331.8045000000002,1326.8045000000002,0.01,9,-5.0,0.3625497045390254,-5.362549704539026,-1.0725099409078052,7.644500000000107,4.320499999999811,stop,2013
1,363259,363272,2013-09-27 13:10:00+00:00,2013-09-27 14:15:00+00:00,1336.4645,1336.7199999999998,0.01,13,0.25549999999975626,0.3710280403714646,-0.11552804037170833,-0.023105608074341664,2.92450000000008,5.755499999999756,stop,2013
-1,363548,363554,2013-09-30 14:15:00+00:00,2013-09-30 14:45:00+00:00,1326.6844999999998,1331.6844999999998,0.01,6,-5.0,0.3603573537260328,-5.360357353726033,-1.0720714707452066,10.86200000000008,0.7794999999998709,stop,2013
-1,363838,363872,2013-10-01 15:25:00+00:00,2013-10-01 18:15:00+00:00,1290.8095,1289.0900000000001,0.01,34,1.7194999999999256,0.44889679553285566,1.2706032044670699,0.25412064089341396,1.6299999999998818,8.25200000000018,stop,2013
-1,364086,364097,2013-10-02 13:00:00+00:00,2013-10-02 13:55:00+00:00,1300.9255,1305.9255,0.01,11,-5.0,0.37851799559963906,-5.378517995599639,-1.0757035991199277,5.964499999999816,2.643000000000029,stop,2013
1,364411,364459,2013-10-03 17:00:00+00:00,2013-10-03 21:00:00+00:00,1316.5549999999998,1316.8690000000001,0.01,48,0.3140000000003056,0.6007856115107924,-0.28678561151048676,-0.05735712230209735,1.4649999999996908,4.788500000000113,session_flat,2013
-1,364662,364736,2013-10-04 14:50:00+00:00,2013-10-06 22:00:00+00:00,1311.0,1312.1,0.01,74,-1.099999999999909,0.584516277457753,-1.684516277457662,-0.33690325549153244,3.7999999999999545,4.007500000000164,session_flat,2013
1,364923,364927,2013-10-07 13:35:00+00:00,2013-10-07 13:55:00+00:00,1318.1399999999999,1322.0774999999999,0.01,4,3.9375,0.35029893168058274,3.587201068319417,0.7174402136638834,0.0,10.79300000000012,stop,2013
1,365230,365264,2013-10-08 16:10:00+00:00,2013-10-08 19:00:00+00:00,1323.88,1318.88,0.01,34,-5.0,0.36027208161621943,-5.36027208161622,-1.072054416323244,5.629000000000133,1.319999999999709,stop,2013
-1,365472,365494,2013-10-09 13:15:00+00:00,2013-10-09 15:05:00+00:00,1308.8355000000001,1302.1909999999998,0.01,22,6.644500000000335,0.3643974156712499,6.280102584329085,1.256020516865817,0.453499999999849,13.994000000000142,stop,2013
-1,365760,365841,2013-10-10 14:15:00+00:00,2013-10-10 21:00:00+00:00,1300.6554999999998,1287.493,0.01,81,13.16249999999991,0.8477995058912318,12.31470049410868,2.462940098821736,2.531500000000051,18.152999999999793,session_flat,2013
-1,366048,366118,2013-10-11 15:10:00+00:00,2013-10-13 22:00:00+00:00,1268.971,1273.971,0.01,70,-5.0,0.5687336117257311,-5.568733611725731,-1.1137467223451463,10.369000000000142,4.111499999999978,stop,2013
1,366301,366331,2013-10-14 13:20:00+00:00,2013-10-14 15:50:00+00:00,1284.1999999999998,1279.1999999999998,0.01,30,-5.0,0.3852072130361733,-5.385207213036173,-1.0770414426072346,5.385999999999967,2.6710000000002765,stop,2013
-1,366519,366521,2013-10-15 13:10:00+00:00,2013-10-15 13:20:00+00:00,1263.325,1268.325,0.01,2,-5.0,0.3494960620025179,-5.349496062002518,-1.0698992124005036,6.032500000000027,0.012500000000045475,stop,2013
1,366798,366802,2013-10-16 13:20:00+00:00,2013-10-16 13:40:00+00:00,1278.94,1273.94,0.01,4,-5.0,0.3284210850325658,-5.3284210850325655,-1.065684217006513,5.470000000000027,0.8355000000001382,stop,2013
1,367070,367149,2013-10-17 13:00:00+00:00,2013-10-17 19:35:00+00:00,1315.692,1318.6,0.01,79,2.9079999999999018,0.3448266940071209,2.563173305992781,0.5126346611985562,1.6130000000000564,8.79300000000012,stop,2013
1,367351,367392,2013-10-18 13:20:00+00:00,2013-10-18 16:45:00+00:00,1317.96,1312.96,0.01,41,-5.0,0.3788992557307745,-5.378899255730775,-1.075779851146155,6.127500000000055,1.0674999999998818,stop,2013
1,367651,367719,2013-10-21 15:20:00+00:00,2013-10-21 21:00:00+00:00,1316.1354999999999,1315.891,0.01,68,-0.244499999999789,0.6720049627790923,-0.9165049627788813,-0.18330099255577625,2.3854999999998654,1.67450000000008,session_flat,2013
1,367930,367996,2013-10-22 15:30:00+00:00,2013-10-22 21:00:00+00:00,1341.4195,1340.1745,0.01,66,-1.2449999999998909,0.5841730769231399,-1.8291730769230308,-0.36583461538460615,1.7670000000000528,1.724999999999909,session_flat,2013
1,368182,368273,2013-10-23 13:25:00+00:00,2013-10-23 22:00:00+00:00,1332.277,1332.095,0.01,91,-0.18200000000001637,0.4532633284671469,-0.6352633284671633,-0.12705266569343265,2.28449999999998,5.194500000000062,session_flat,2013
1,368453,368530,2013-10-24 13:00:00+00:00,2013-10-24 19:40:00+00:00,1341.1100000000001,1346.2105000000001,0.01,77,5.100500000000011,0.35167680843045157,4.748823191569559,0.9497646383139118,1.380500000000211,10.957499999999982,stop,2013
1,368729,368821,2013-10-25 13:10:00+00:00,2013-10-25 20:50:00+00:00,1342.1064999999999,1350.51,0.01,92,8.403500000000122,0.5266143383055859,7.876885661694536,1.5753771323389072,0.5625,13.801000000000158,stop,2013
1,369009,369035,2013-10-28 13:30:00+00:00,2013-10-28 15:40:00+00:00,1351.375,1355.96,0.01,26,4.585000000000036,0.34636290591114555,4.238637094088891,0.8477274188177782,3.240000000000009,10.49350000000004,stop,2013
-1,369282,369376,2013-10-29 13:10:00+00:00,2013-10-29 22:00:00+00:00,1348.1979999999999,1344.6999999999998,0.01,94,3.4980000000000477,0.46628335851378905,3.0317166414862586,0.6063433282972517,4.8745000000001255,5.4604999999996835,session_flat,2013
1,369575,369609,2013-10-30 14:35:00+00:00,2013-10-30 17:25:00+00:00,1355.5349999999999,1350.5349999999999,0.01,34,-5.0,0.34137579989162176,-5.341375799891622,-1.0682751599783242,6.669499999999971,0.8980000000001382,stop,2013
-1,369841,369886,2013-10-31 13:40:00+00:00,2013-10-31 17:25:00+00:00,1328.83,1324.7465000000002,0.01,45,4.083499999999731,0.37821242535350363,3.7052875746462273,0.7410575149292454,0.0,9.579999999999927,stop,2013
-1,370141,370152,2013-11-01 15:35:00+00:00,2013-11-01 16:30:00+00:00,1308.4724999999999,1313.4724999999999,0.01,11,-5.0,0.3894517513406404,-5.389451751340641,-1.077890350268128,6.415000000000191,0.4864999999997508,stop,2013
-1,370375,370470,2013-11-04 13:05:00+00:00,2013-11-04 21:00:00+00:00,1320.0585,1314.3200000000002,0.01,95,5.738499999999931,0.3944265046777458,5.344073495322185,1.068814699064437,1.1140000000000327,6.5685000000000855,session_flat,2013
-1,370653,370692,2013-11-05 13:10:00+00:00,2013-11-05 16:25:00+00:00,1317.1025,1312.2745,0.01,39,4.8279999999999745,0.3815591330855164,4.446440866914458,0.8892881733828917,1.2530000000001564,11.102499999999964,stop,2013
1,370937,371024,2013-11-06 13:45:00+00:00,2013-11-06 21:00:00+00:00,1317.721,1317.83,0.01,87,0.10899999999992362,0.4130837430726367,-0.3040837430727131,-0.060816748614542615,3.025000000000091,2.14449999999988,session_flat,2013
1,371209,371211,2013-11-07 13:20:00+00:00,2013-11-07 13:30:00+00:00,1317.96,1312.96,0.01,2,-5.0,0.4075758728466588,-5.4075758728466585,-1.0815151745693317,20.204500000000053,0.0,stop,2013
-1,371482,371519,2013-11-08 13:00:00+00:00,2013-11-08 16:05:00+00:00,1309.1,1287.2075,0.01,37,21.892499999999927,0.3971693700888537,21.495330629911074,4.299066125982215,4.740499999999884,27.86850000000004,stop,2013
-1,371772,371854,2013-11-11 14:10:00+00:00,2013-11-11 21:00:00+00:00,1283.6805,1283.8000000000002,0.01,82,-0.11950000000024374,0.40027468240818215,-0.519774682408426,-0.10395493648168519,1.0895000000000437,2.0605000000000473,session_flat,2013
-1,372039,372121,2013-11-12 13:20:00+00:00,2013-11-12 20:10:00+00:00,1284.51,1267.7800000000002,0.01,82,16.72999999999979,0.37908177830188955,16.350918221697903,3.2701836443395806,0.0,22.994500000000016,stop,2013
-1,372312,372356,2013-11-13 13:00:00+00:00,2013-11-13 16:40:00+00:00,1277.5265,1277.0155,0.01,44,0.5109999999999673,0.3749472718242393,0.13605272817572794,0.027210545635145588,2.4139999999999873,5.630000000000109,stop,2013
1,372605,372619,2013-11-14 14:20:00+00:00,2013-11-14 15:30:00+00:00,1283.233,1287.49,0.01,14,4.257000000000062,0.3844590767907638,3.872540923209298,0.7745081846418597,0.0,11.124500000000126,stop,2013
1,372892,372962,2013-11-15 15:10:00+00:00,2013-11-15 21:00:00+00:00,1287.725,1288.256,0.01,70,0.5310000000001764,0.33108687082352056,0.19991312917665588,0.03998262583533117,1.8229999999998654,2.626500000000078,session_flat,2013
-1,373157,373238,2013-11-18 14:15:00+00:00,2013-11-18 21:00:00+00:00,1283.7125,1273.8809999999999,0.01,81,9.831500000000233,0.3741338185155963,9.457366181484636,1.891473236296927,1.024499999999989,13.544000000000096,session_flat,2013
-1,373442,373515,2013-11-19 14:55:00+00:00,2013-11-19 21:00:00+00:00,1277.1660000000002,1274.3715,0.01,73,2.7945000000001983,0.3939062768393726,2.4005937231608256,0.48011874463216514,1.4049999999997453,3.9255000000002838,session_flat,2013
-1,373724,373725,2013-11-20 15:20:00+00:00,2013-11-20 15:25:00+00:00,1258.9945,1263.9945,0.01,1,-5.0,0.3898669177059146,-5.389866917705914,-1.0779733835411829,9.803000000000111,0.0,stop,2013
-1,373998,374024,2013-11-21 15:10:00+00:00,2013-11-21 17:20:00+00:00,1241.4785,1246.4785,0.01,26,-5.0,0.3913276682624552,-5.391327668262456,-1.0782655336524911,5.529499999999871,2.433499999999867,stop,2013
-1,374251,374345,2013-11-22 13:10:00+00:00,2013-11-22 21:00:00+00:00,1247.8545,1243.3319999999999,0.01,94,4.522500000000036,0.42356507842450525,4.098934921575531,0.8197869843151062,0.724999999999909,5.686499999999796,session_flat,2013
-1,374538,374544,2013-11-25 14:05:00+00:00,2013-11-25 14:35:00+00:00,1234.677,1239.677,0.01,6,-5.0,0.397143372138915,-5.397143372138915,-1.079428674427783,7.801500000000033,0.5769999999999982,stop,2013
-1,374828,374898,2013-11-26 15:10:00+00:00,2013-11-26 21:00:00+00:00,1246.3090000000002,1242.2185,0.01,70,4.090500000000247,0.3612640056022271,3.7292359943980204,0.745847198879604,1.3714999999997417,6.5590000000001965,session_flat,2013
1,375079,375102,2013-11-27 13:00:00+00:00,2013-11-27 14:55:00+00:00,1250.185,1245.185,0.01,23,-5.0,0.3806179309017755,-5.380617930901775,-1.076123586180355,5.242999999999938,3.71349999999984,stop,2013
1,375370,375406,2013-11-28 14:10:00+00:00,2013-11-28 23:00:00+00:00,1243.9,1244.0,0.01,36,0.09999999999990906,0.5205816552557444,-0.42058165525583535,-0.08411633105116707,0.5160000000000764,1.9890000000000327,session_flat,2013
1,375613,375643,2013-11-29 16:15:00+00:00,2013-12-01 23:00:00+00:00,1253.627,1251.005,0.01,30,-2.6219999999998436,0.4281778524891287,-3.0501778524889724,-0.6100355704977944,3.936999999999898,0.40000000000009095,session_flat,2013
-1,375822,375907,2013-12-02 13:55:00+00:00,2013-12-02 21:00:00+00:00,1238.0535,1219.0795,0.01,85,18.973999999999933,0.4034328428351321,18.5705671571648,3.71411343143296,0.7350000000001273,20.082499999999982,session_flat,2013
-1,376090,376121,2013-12-03 13:10:00+00:00,2013-12-03 15:45:00+00:00,1223.6205,1222.2525,0.01,31,1.3679999999999382,0.3918085123222374,0.9761914876777007,0.19523829753554015,1.6475000000000364,8.240000000000009,stop,2013
-1,376368,376370,2013-12-04 13:15:00+00:00,2013-12-04 13:25:00+00:00,1220.3400000000001,1225.3400000000001,0.01,2,-5.0,0.43512885785101835,-5.435128857851018,-1.0870257715702036,8.180499999999938,2.3850000000002183,stop,2013
-1,376678,376680,2013-12-05 16:00:00+00:00,2013-12-05 16:10:00+00:00,1222.1115,1227.1115,0.01,2,-5.0,0.39180270722995186,-5.391802707229952,-1.0783605414459905,6.064499999999953,0.0,stop,2013
1,376962,376993,2013-12-06 16:35:00+00:00,2013-12-06 19:10:00+00:00,1233.6689999999999,1228.6689999999999,0.01,31,-5.0,0.3741701517370731,-5.374170151737073,-1.0748340303474146,5.124499999999898,0.6550000000002001,stop,2013
1,377208,377291,2013-12-09 14:05:00+00:00,2013-12-09 21:00:00+00:00,1231.8235,1240.9425,0.01,83,9.119000000000142,0.3873727272727264,8.731627272727415,1.7463254545454832,0.5574999999998909,11.413500000000113,session_flat,2013
1,377471,377506,2013-12-10 13:00:00+00:00,2013-12-10 15:55:00+00:00,1248.441,1261.394,0.01,35,12.952999999999976,0.377349284873233,12.575650715126743,2.5151301430253485,0.0,19.526499999999942,stop,2013
1,377770,377775,2013-12-11 14:50:00+00:00,2013-12-11 15:15:00+00:00,1260.1844999999998,1255.1844999999998,0.01,5,-5.0,0.36979307517878895,-5.369793075178789,-1.0739586150357578,5.038499999999885,2.602500000000191,stop,2013
-1,378065,378121,2013-12-12 16:20:00+00:00,2013-12-12 21:00:00+00:00,1230.269,1226.5790000000002,0.01,56,3.6899999999998276,0.4098548302300125,3.280145169769815,0.6560290339539631,1.0824999999999818,6.274999999999864,session_flat,2013
-1,378308,378313,2013-12-13 13:30:00+00:00,2013-12-13 13:55:00+00:00,1230.3964999999998,1235.3964999999998,0.01,5,-5.0,0.37676348050329495,-5.376763480503295,-1.075352696100659,5.4025000000001455,0.0,stop,2013
1,378636,378664,2013-12-16 17:45:00+00:00,2013-12-16 20:05:00+00:00,1247.0810000000001,1242.0810000000001,0.01,28,-5.0,0.3412538766788732,-5.3412538766788735,-1.0682507753357746,5.037000000000262,0.0,stop,2013
-1,378868,378874,2013-12-17 14:00:00+00:00,2013-12-17 14:30:00+00:00,1234.0815,1239.0815,0.01,6,-5.0,0.40043241337813384,-5.400432413378134,-1.0800864826756267,8.495999999999867,1.5440000000000964,stop,2013
-1,379135,379194,2013-12-18 13:10:00+00:00,2013-12-18 18:05:00+00:00,1232.966,1237.966,0.01,59,-5.0,0.40399360955878266,-5.403993609558783,-1.0807987219117565,5.163500000000113,5.158500000000004,stop,2013
-1,379456,379506,2013-12-19 16:50:00+00:00,2013-12-19 21:00:00+00:00,1199.979,1190.8809999999999,0.01,50,9.098000000000184,0.41036371459480653,8.687636285405377,1.7375272570810754,1.1989999999998417,10.642000000000053,session_flat,2013
-1,379704,379716,2013-12-20 14:25:00+00:00,2013-12-20 15:25:00+00:00,1197.1335,1202.1335,0.01,12,-5.0,0.35955200426068645,-5.359552004260687,-1.0719104008521374,5.878000000000156,3.897999999999911,stop,2013
-1,379965,380059,2013-12-23 13:10:00+00:00,2013-12-23 21:00:00+00:00,1200.3400000000001,1198.6525,0.01,94,1.6875000000002274,0.45717402597403684,1.2303259740261905,0.24606519480523809,3.695499999999811,3.397000000000162,session_flat,2013
1,380258,380529,2013-12-24 14:35:00+00:00,2013-12-26 20:35:00+00:00,1201.5,1210.437,0.01,271,8.936999999999898,0.4590908586448459,8.477909141355052,1.6955818282710104,1.3575000000000728,14.492999999999938,stop,2013
1,380736,380811,2013-12-27 14:45:00+00:00,2013-12-27 21:00:00+00:00,1216.0529999999999,1214.3200000000002,0.01,75,-1.7329999999997199,0.47952427427427624,-2.212524274273996,-0.44250485485479923,4.357500000000073,0.9970000000002983,session_flat,2013
-1,380995,381088,2013-12-30 13:15:00+00:00,2013-12-30 21:00:00+00:00,1203.8220000000001,1196.703,0.01,93,7.119000000000142,0.44567624321878835,6.673323756781354,1.3346647513562708,4.837500000000091,9.022500000000036,session_flat,2013
1,381306,381333,2013-12-31 16:05:00+00:00,2013-12-31 18:20:00+00:00,1208.557,1203.557,0.01,27,-5.0,0.431279818059293,-5.431279818059293,-1.0862559636118587,5.214500000000044,2.0809999999999036,stop,2013
1,381545,381571,2014-01-02 13:00:00+00:00,2014-01-02 15:10:00+00:00,1216.4634999999998,1221.04,0.01,26,4.576500000000124,0.4144284919146921,4.162071508085432,0.8324143016170863,0.09249999999974534,10.499500000000126,stop,2014
1,381829,381918,2014-01-03 13:35:00+00:00,2014-01-03 21:00:00+00:00,1229.2525,1237.3809999999999,0.01,89,8.128499999999804,0.5036431294531356,7.624856870546668,1.5249713741093336,0.8455000000001291,11.085000000000036,session_flat,2014
1,382127,382194,2014-01-06 15:25:00+00:00,2014-01-06 21:00:00+00:00,1238.3609999999999,1239.355,0.01,67,0.9940000000001418,0.45373300944309675,0.540266990557045,0.10805339811140899,1.0049999999998818,5.241500000000087,session_flat,2014
-1,382429,382471,2014-01-07 17:30:00+00:00,2014-01-07 21:00:00+00:00,1228.885,1232.1765,0.01,42,-3.291500000000042,0.4404908658761068,-3.7319908658761487,-0.7463981731752297,4.20049999999992,0.12049999999999272,session_flat,2014
-1,382654,382717,2014-01-08 13:10:00+00:00,2014-01-08 18:25:00+00:00,1230.2334999999998,1225.7130000000002,0.01,63,4.520499999999629,0.40326452328687484,4.117235476712754,0.8234470953425508,0.0,10.91749999999979,stop,2014
-1,382987,383025,2014-01-09 17:50:00+00:00,2014-01-09 21:00:00+00:00,1226.8395,1228.3665,0.01,38,-1.5270000000000439,0.44606035707039093,-1.9730603570704348,-0.39461207141408694,3.8344999999999345,0.0,session_flat,2014
1,383248,383302,2014-01-10 16:30:00+00:00,2014-01-10 21:00:00+00:00,1244.471,1247.2579999999998,0.01,54,2.786999999999807,0.5076851223084025,2.2793148776914047,0.4558629755382809,1.17450000000008,4.567999999999984,session_flat,2014
1,383486,383578,2014-01-13 13:20:00+00:00,2014-01-13 21:00:00+00:00,1245.722,1255.005,0.01,92,9.28300000000013,0.43989450354609627,8.843105496454033,1.7686210992908067,0.9894999999999072,9.439999999999827,session_flat,2014
-1,383814,383855,2014-01-14 17:35:00+00:00,2014-01-14 21:00:00+00:00,1244.967,1243.5,0.01,41,1.4670000000000982,0.4458401565437583,1.0211598434563398,0.20423196869126797,1.5234999999997854,3.1545000000000982,session_flat,2014
-1,384042,384132,2014-01-15 13:30:00+00:00,2014-01-15 21:00:00+00:00,1238.7945,1240.866,0.01,90,-2.0715000000000146,0.43469437814473927,-2.506194378144754,-0.5012388756289508,3.608500000000049,4.4034999999998945,session_flat,2014
-1,384321,384409,2014-01-16 13:40:00+00:00,2014-01-16 21:00:00+00:00,1240.9544999999998,1242.4935,0.01,88,-1.5390000000002146,0.4113307247966991,-1.9503307247969137,-0.39006614495938274,4.404500000000098,0.9009999999998399,session_flat,2014
1,384610,384686,2014-01-17 14:40:00+00:00,2014-01-17 21:00:00+00:00,1247.814,1254.1570000000002,0.01,76,6.343000000000075,0.4800651745865196,5.862934825413555,1.172586965082711,0.4420000000000073,7.242999999999938,session_flat,2014
1,384877,384914,2014-01-20 13:55:00+00:00,2014-01-20 23:00:00+00:00,1255.945,1255.0500000000002,0.01,37,-0.8949999999997545,0.5434950726344612,-1.4384950726342156,-0.2876990145268431,1.0370000000000346,1.1450000000002092,session_flat,2014
-1,385105,385178,2014-01-21 14:55:00+00:00,2014-01-21 21:00:00+00:00,1239.8415,1241.391,0.01,73,-1.5495000000000803,0.41211921625456593,-1.9616192162546462,-0.3923238432509292,4.463999999999942,1.5675000000001091,session_flat,2014
-1,385365,385455,2014-01-22 13:30:00+00:00,2014-01-22 21:00:00+00:00,1242.185,1236.3899999999999,0.01,90,5.795000000000073,0.42353116038865873,5.371468839611414,1.0742937679222828,0.01499999999987267,6.078999999999951,session_flat,2014
1,385669,385732,2014-01-23 15:45:00+00:00,2014-01-23 21:00:00+00:00,1262.096,1262.9615,0.01,63,0.8654999999998836,0.44045137421358754,0.42504862578629604,0.08500972515725921,4.542500000000018,2.9225000000001273,session_flat,2014
1,385921,385957,2014-01-24 13:40:00+00:00,2014-01-24 16:40:00+00:00,1266.493,1261.493,0.01,36,-5.0,0.3849808169686651,-5.384980816968665,-1.076996163393733,5.684999999999945,3.931500000000142,stop,2014
-1,386218,386285,2014-01-27 15:25:00+00:00,2014-01-27 21:00:00+00:00,1261.7925,1254.4115,0.01,67,7.381000000000086,0.42184428498932675,6.95915571501076,1.391831143002152,4.127500000000055,9.67100000000005,session_flat,2014
-1,386466,386475,2014-01-28 13:00:00+00:00,2014-01-28 13:45:00+00:00,1256.511,1261.511,0.01,9,-5.0,0.4127661997028156,-5.412766199702816,-1.082553239940563,5.06899999999996,2.730999999999767,stop,2014
1,386768,386815,2014-01-29 15:05:00+00:00,2014-01-29 19:00:00+00:00,1264.493,1259.493,0.01,47,-5.0,0.523033398829617,-5.523033398829617,-1.1046066797659235,8.172000000000025,4.507000000000062,stop,2014
-1,387041,387116,2014-01-30 14:45:00+00:00,2014-01-30 21:00:00+00:00,1242.9015,1242.5715,0.01,75,0.32999999999992724,0.4003509895833332,-0.07035098958340597,-0.014070197916681192,3.9515000000001237,2.361499999999978,session_flat,2014
1,387310,387322,2014-01-31 14:05:00+00:00,2014-01-31 15:05:00+00:00,1251.9879999999998,1246.9879999999998,0.01,12,-5.0,0.4105156500208049,-5.410515650020805,-1.082103130004161,5.549499999999853,1.61200000000008,stop,2014
1,387631,387670,2014-02-03 17:45:00+00:00,2014-02-03 21:00:00+00:00,1259.299,1258.3145,0.01,39,-0.9845000000000255,0.3911482796656987,-1.3756482796657241,-0.2751296559331448,3.7795000000000982,2.6520000000000437,session_flat,2014
-1,387872,387947,2014-02-04 14:45:00+00:00,2014-02-04 21:00:00+00:00,1251.3365,1254.835,0.01,75,-3.4985000000001496,0.4320328977272608,-3.9305328977274105,-0.7861065795454821,4.576500000000124,2.69399999999996,session_flat,2014
1,388141,388147,2014-02-05 14:05:00+00:00,2014-02-05 14:35:00+00:00,1266.149,1261.149,0.01,6,-5.0,0.37091324569383416,-5.370913245693834,-1.0741826491387667,9.843499999999949,0.20600000000013097,stop,2014
1,388411,388417,2014-02-06 13:30:00+00:00,2014-02-06 14:00:00+00:00,1259.487,1261.2404999999999,0.01,6,1.7534999999998035,0.40579098067286895,1.3477090193269345,0.2695418038653869,0.10200000000008913,7.449000000000069,stop,2014
1,388698,388778,2014-02-07 14:20:00+00:00,2014-02-07 21:00:00+00:00,1259.609,1267.3020000000001,0.01,80,7.693000000000211,0.4867959129106068,7.2062040870896045,1.441240817417921,2.055499999999938,8.335000000000036,session_flat,2014
1,388969,389054,2014-02-10 13:55:00+00:00,2014-02-10 21:00:00+00:00,1274.339,1274.8355000000001,0.01,85,0.49650000000019645,0.43107236842105207,0.06542763157914439,0.013085526315828877,1.5139999999998963,3.10550000000012,session_flat,2014
1,389245,389331,2014-02-11 13:50:00+00:00,2014-02-11 21:00:00+00:00,1280.158,1290.1599999999999,0.01,86,10.001999999999953,0.4278125403090531,9.574187459690899,1.9148374919381799,3.1440000000000055,13.842000000000098,session_flat,2014
1,389523,389594,2014-02-12 13:55:00+00:00,2014-02-12 19:50:00+00:00,1290.7205,1290.9395,0.01,71,0.21900000000005093,0.4137788811485869,-0.19477888114853598,-0.038955776229707195,2.8975000000000364,5.682000000000244,stop,2014
1,389802,389885,2014-02-13 14:05:00+00:00,2014-02-13 21:00:00+00:00,1293.0745,1301.924,0.01,83,8.849500000000035,0.4391207703981282,8.410379229601906,1.6820758459203813,0.1009999999998854,9.790500000000065,session_flat,2014
1,390076,390101,2014-02-14 13:50:00+00:00,2014-02-14 15:55:00+00:00,1314.871,1315.2485,0.01,25,0.3774999999998272,0.39924260537206907,-0.021742605372241874,-0.004348521074448375,0.0,6.418499999999767,stop,2014
1,390361,390403,2014-02-17 14:35:00+00:00,2014-02-17 23:00:00+00:00,1326.56,1329.95,0.01,42,3.3900000000001,0.5573910060975587,2.832608993902541,0.5665217987805082,0.0,4.329999999999927,session_flat,2014
1,390592,390667,2014-02-18 14:45:00+00:00,2014-02-18 21:00:00+00:00,1319.7395,1321.867,0.01,75,2.1275000000000546,0.4245156029177087,1.702984397082346,0.3405968794164692,0.0,5.4155000000000655,session_flat,2014
-1,390850,390944,2014-02-19 13:10:00+00:00,2014-02-19 21:00:00+00:00,1318.275,1310.172,0.01,94,8.103000000000065,0.3792532363297368,7.723746763670329,1.5447493527340659,3.855999999999767,9.289000000000215,session_flat,2014
-1,391134,391206,2014-02-20 13:45:00+00:00,2014-02-20 19:45:00+00:00,1315.0705,1320.0705,0.01,72,-5.0,0.35573730083158733,-5.355737300831588,-1.0711474601663176,5.929499999999962,3.690499999999929,stop,2014
1,391415,391498,2014-02-21 14:05:00+00:00,2014-02-21 21:00:00+00:00,1322.192,1323.6709999999998,0.01,83,1.4789999999998145,0.4500918377516249,1.0289081622481895,0.2057816324496379,2.949999999999818,6.447999999999865,session_flat,2014
1,391684,391770,2014-02-24 13:30:00+00:00,2014-02-24 21:00:00+00:00,1331.882,1338.106,0.01,86,6.223999999999933,0.3512035661422112,5.872796433857721,1.1745592867715442,3.1700000000000728,7.155499999999847,session_flat,2014
1,391961,392047,2014-02-25 13:50:00+00:00,2014-02-25 21:00:00+00:00,1336.2109999999998,1340.604,0.01,86,4.3930000000002565,0.40279667909407496,3.9902033209061814,0.7980406641812363,2.543999999999869,7.548000000000229,session_flat,2014
-1,392238,392288,2014-02-26 13:50:00+00:00,2014-02-26 18:00:00+00:00,1333.92,1329.667,0.01,50,4.253000000000156,0.3580314432989674,3.894968556701189,0.7789937113402379,1.7739999999998872,11.50500000000011,stop,2014
1,392542,392578,2014-02-27 16:05:00+00:00,2014-02-27 19:05:00+00:00,1333.235,1328.235,0.01,36,-5.0,0.33961694844932505,-5.339616948449325,-1.067923389689865,5.489499999999907,1.1190000000001419,stop,2014
-1,392827,392878,2014-02-28 16:45:00+00:00,2014-02-28 21:00:00+00:00,1325.3049999999998,1323.882,0.01,51,1.4229999999997744,0.44049192085435424,0.9825080791454202,0.19650161582908404,3.44600000000014,5.461499999999887,session_flat,2014
1,393092,393143,2014-03-03 16:45:00+00:00,2014-03-03 21:00:00+00:00,1353.2575,1351.977,0.01,51,-1.2804999999998472,0.3826954040224783,-1.6631954040223256,-0.33263908080446514,4.540499999999838,1.5105000000000928,session_flat,2014
-1,393337,393394,2014-03-04 14:05:00+00:00,2014-03-04 18:50:00+00:00,1334.056,1339.056,0.01,57,-5.0,0.35283150172425315,-5.352831501724253,-1.0705663003448507,6.094000000000051,2.673000000000229,stop,2014
-1,393607,393697,2014-03-05 13:30:00+00:00,2014-03-05 21:00:00+00:00,1337.777,1337.478,0.01,90,0.29899999999997817,0.35216114679829336,-0.053161146798315184,-0.010632229359663037,4.153999999999996,3.548000000000229,session_flat,2014
-1,393881,393891,2014-03-06 13:15:00+00:00,2014-03-06 14:05:00+00:00,1337.037,1342.037,0.01,10,-5.0,0.3261647056775091,-5.326164705677509,-1.0652329411355017,6.357499999999845,1.72199999999998,stop,2014
-1,394191,394194,2014-03-07 16:00:00+00:00,2014-03-07 16:15:00+00:00,1334.4920000000002,1339.4920000000002,0.01,3,-5.0,0.3224613879297339,-5.322461387929734,-1.0644922775859469,5.413499999999658,0.0,stop,2014
-1,394438,394449,2014-03-10 13:45:00+00:00,2014-03-10 14:40:00+00:00,1338.4355,1343.4355,0.01,11,-5.0,0.32456491292167894,-5.324564912921679,-1.0649129825843358,6.211499999999887,1.5015000000000782,stop,2014
1,394699,394730,2014-03-11 13:10:00+00:00,2014-03-11 15:45:00+00:00,1348.4279999999999,1343.4279999999999,0.01,31,-5.0,0.38476154694678716,-5.3847615469467875,-1.0769523093893576,9.250999999999749,2.035000000000082,stop,2014
1,394995,395061,2014-03-12 15:30:00+00:00,2014-03-12 21:00:00+00:00,1364.2265,1366.875,0.01,66,2.6485000000000127,0.47996405967448924,2.1685359403255235,0.4337071880651047,0.63799999999992,6.759499999999889,session_flat,2014
1,395241,395328,2014-03-13 13:45:00+00:00,2014-03-13 21:00:00+00:00,1366.317,1370.324,0.01,87,4.007000000000062,0.5808441494591916,3.4261558505408702,0.685231170108174,0.7159999999998945,8.784000000000106,session_flat,2014
1,395515,395532,2014-03-14 14:15:00+00:00,2014-03-14 15:40:00+00:00,1383.9470000000001,1378.9470000000001,0.01,17,-5.0,0.4013004168374212,-5.4013004168374215,-1.0802600833674842,6.6710000000002765,1.731999999999971,stop,2014
1,395768,395802,2014-03-17 13:20:00+00:00,2014-03-17 16:10:00+00:00,1377.9095,1372.9095,0.01,34,-5.0,0.3498892219283033,-5.349889221928303,-1.0699778443856607,6.307500000000118,4.434500000000071,stop,2014
-1,396043,396069,2014-03-18 14:00:00+00:00,2014-03-18 16:10:00+00:00,1353.7350000000001,1358.7350000000001,0.01,26,-5.0,0.3617626375317426,-5.361762637531743,-1.0723525275063486,5.152499999999918,0.32900000000017826,stop,2014
-1,396306,396337,2014-03-19 13:40:00+00:00,2014-03-19 16:15:00+00:00,1344.6080000000002,1342.83,0.01,31,1.7780000000002474,0.35817028865793993,1.4198297113423075,0.2839659422684615,0.4764999999997599,7.302000000000135,stop,2014
-1,396579,396661,2014-03-20 14:10:00+00:00,2014-03-20 21:00:00+00:00,1328.2725,1327.754,0.01,82,0.518500000000131,0.5311442559711839,-0.012644255971052898,-0.0025288511942105794,4.135499999999865,2.9549999999999272,session_flat,2014
-1,396885,396929,2014-03-21 17:20:00+00:00,2014-03-23 22:00:00+00:00,1335.1219999999998,1332.884,0.01,44,2.237999999999829,1.1610180180179495,1.0769819819818796,0.21539639639637592,2.531500000000051,2.4099999999998545,session_flat,2014
-1,397369,397461,2014-03-25 13:20:00+00:00,2014-03-25 21:00:00+00:00,1311.944,1311.0590000000002,0.01,92,0.8849999999997635,0.5293020334928262,0.3556979665069373,0.07113959330138746,4.258000000000038,1.6159999999999854,session_flat,2014
-1,397641,397720,2014-03-26 13:45:00+00:00,2014-03-26 20:20:00+00:00,1310.81,1304.3290000000002,0.01,79,6.480999999999767,0.36904537429378265,6.111954625705985,1.2223909251411968,0.6960000000001401,12.052500000000009,stop,2014
-1,397902,397996,2014-03-27 13:10:00+00:00,2014-03-27 21:00:00+00:00,1297.8290000000002,1291.295,0.01,94,6.534000000000105,0.5143155493155429,6.0196844506845615,1.2039368901369123,2.2929999999996653,8.635999999999967,session_flat,2014
-1,398168,398180,2014-03-28 13:05:00+00:00,2014-03-28 14:05:00+00:00,1290.2535,1295.2535,0.01,12,-5.0,0.33412070757880635,-5.334120707578807,-1.0668241415157613,5.109499999999798,4.46550000000002,stop,2014
-1,398495,398527,2014-03-31 18:20:00+00:00,2014-03-31 21:00:00+00:00,1284.342,1284.0815,0.01,32,0.26050000000009277,0.5362399057183884,-0.27573990571829565,-0.05514798114365913,0.4079999999999018,1.6759999999999309,session_flat,2014
-1,398729,398794,2014-04-01 15:35:00+00:00,2014-04-01 21:00:00+00:00,1281.3470000000002,1278.955,0.01,65,2.39200000000028,0.486799251252047,1.9052007487482332,0.3810401497496466,0.24299999999993815,3.5400000000004184,session_flat,2014
1,398971,399061,2014-04-02 13:30:00+00:00,2014-04-02 21:00:00+00:00,1291.687,1289.893,0.01,90,-1.793999999999869,0.4966139610389741,-2.290613961038843,-0.45812279220776864,2.6799999999998363,2.96100000000024,session_flat,2014
-1,399249,399328,2014-04-03 14:25:00+00:00,2014-04-03 21:00:00+00:00,1285.208,1286.676,0.01,79,-1.4679999999998472,0.4846035487500911,-1.9526035487499382,-0.39052070974998765,3.894999999999982,1.030999999999949,session_flat,2014
1,399508,399595,2014-04-04 13:45:00+00:00,2014-04-06 22:00:00+00:00,1298.1190000000001,1304.0635,0.01,87,5.9444999999998345,0.6028839018551437,5.341616098144691,1.068323219628938,1.9864999999999782,8.685999999999922,session_flat,2014
1,399768,399860,2014-04-07 13:20:00+00:00,2014-04-07 21:00:00+00:00,1298.096,1297.3365,0.01,92,-0.7595000000001164,0.5129755704365049,-1.2724755704366213,-0.2544951140873243,2.3649999999997817,4.259500000000116,session_flat,2014
1,400035,400127,2014-04-08 13:20:00+00:00,2014-04-08 21:00:00+00:00,1311.118,1308.5970000000002,0.01,92,-2.520999999999731,0.47978464404629595,-3.0007846440460266,-0.6001569288092053,4.179999999999836,0.5380000000000109,session_flat,2014
-1,400314,400359,2014-04-09 14:15:00+00:00,2014-04-09 18:00:00+00:00,1303.6999999999998,1308.6999999999998,0.01,45,-5.0,0.33945755640297526,-5.339457556402976,-1.0678915112805951,7.574000000000069,0.6399999999998727,stop,2014
1,400567,400663,2014-04-10 13:00:00+00:00,2014-04-10 21:00:00+00:00,1318.38,1318.9140000000002,0.01,96,0.5340000000001055,0.5221592405772701,0.011840759422835356,0.0023681518845670713,1.9729999999999563,3.68100000000004,session_flat,2014
1,400835,400930,2014-04-11 13:05:00+00:00,2014-04-13 23:00:00+00:00,1318.174,1327.675,0.01,95,9.500999999999976,0.4531537356321966,9.047846264367779,1.8095692528735559,2.5839999999998327,10.001000000000204,session_flat,2014
1,401113,401194,2014-04-14 14:15:00+00:00,2014-04-14 21:00:00+00:00,1325.761,1327.866,0.01,81,2.105000000000018,0.4876685393258219,1.6173314606741962,0.32346629213483924,0.8874999999998181,5.47400000000016,session_flat,2014
-1,401381,401397,2014-04-15 14:20:00+00:00,2014-04-15 15:40:00+00:00,1298.7395000000001,1303.7395000000001,0.01,16,-5.0,0.308747613771175,-5.308747613771175,-1.0617495227542348,5.626999999999953,0.0,stop,2014
-1,401663,401728,2014-04-16 15:35:00+00:00,2014-04-16 21:00:00+00:00,1301.377,1302.4430000000002,0.01,65,-1.0660000000002583,0.5083563988095183,-1.5743563988097766,-0.31487127976195534,2.1910000000002583,1.4075000000000273,session_flat,2014
-1,401907,401995,2014-04-17 13:40:00+00:00,2014-04-17 21:00:00+00:00,1302.3760000000002,1295.1860000000001,0.01,88,7.190000000000055,0.7939944414832829,6.396005558516771,1.2792011117033542,0.0,9.111500000000206,session_flat,2014
-1,402174,402267,2014-04-21 13:15:00+00:00,2014-04-21 21:00:00+00:00,1290.202,1289.7440000000001,0.01,93,0.45799999999985636,0.3182874149659985,0.13971258503385786,0.027942517006771573,0.30500000000006366,5.236999999999853,session_flat,2014
-1,402484,402530,2014-04-22 16:00:00+00:00,2014-04-22 19:50:00+00:00,1280.634,1285.634,0.01,46,-5.0,0.3336675752271305,-5.33366757522713,-1.066733515045426,5.105999999999767,0.15999999999985448,stop,2014
-1,402739,402821,2014-04-23 14:10:00+00:00,2014-04-23 21:00:00+00:00,1285.2930000000001,1283.858,0.01,82,1.4350000000001728,0.3946236203091027,1.04037637969107,0.208075275938214,0.11999999999989086,4.301000000000158,session_flat,2014
1,403022,403098,2014-04-24 14:40:00+00:00,2014-04-24 21:00:00+00:00,1289.511,1293.287,0.01,76,3.7760000000000673,0.3947158516020221,3.3812841483980454,0.6762568296796091,1.683999999999969,4.047500000000127,session_flat,2014
1,403281,403375,2014-04-25 13:10:00+00:00,2014-04-27 22:00:00+00:00,1300.0140000000001,1303.35,0.01,94,3.335999999999786,0.4255777940844395,2.910422205915346,0.5820844411830692,1.33600000000024,5.5090000000000146,session_flat,2014
1,403564,403569,2014-04-28 13:45:00+00:00,2014-04-28 14:10:00+00:00,1300.663,1295.663,0.01,5,-5.0,0.3305140720367647,-5.330514072036765,-1.066102814407353,6.8960000000001855,0.0,stop,2014
1,403852,403928,2014-04-29 14:40:00+00:00,2014-04-29 21:00:00+00:00,1298.576,1295.8829999999998,0.01,76,-2.693000000000211,0.31278851174936095,-3.005788511749572,-0.6011577023499144,4.3409999999998945,1.2829999999999018,session_flat,2014
-1,404110,404129,2014-04-30 13:05:00+00:00,2014-04-30 14:40:00+00:00,1293.5680000000002,1291.3455,0.01,19,2.2225000000003092,0.32582384985854235,1.8966761501417668,0.37933523002835334,0.0,7.932999999999993,stop,2014
-1,404395,404424,2014-05-01 13:45:00+00:00,2014-05-01 16:10:00+00:00,1280.2935,1285.2935,0.01,29,-5.0,0.34572001879698316,-5.3457200187969836,-1.0691440037593967,5.1254999999998745,2.384499999999889,stop,2014
-1,404665,404680,2014-05-02 13:10:00+00:00,2014-05-02 14:25:00+00:00,1283.944,1288.944,0.01,15,-5.0,0.32857990425540534,-5.328579904255405,-1.065715980851081,7.746499999999969,3.462999999999738,stop,2014
1,404955,405035,2014-05-05 14:20:00+00:00,2014-05-05 21:00:00+00:00,1311.783,1310.259,0.01,80,-1.5239999999998872,0.3264124087591,-1.8504124087589873,-0.3700824817517975,3.4659999999998945,0.6860000000001492,session_flat,2014
1,405230,405312,2014-05-06 14:10:00+00:00,2014-05-06 21:00:00+00:00,1306.467,1308.02,0.01,82,1.5529999999998836,0.39765625000005733,1.1553437499998263,0.23106874999996524,1.22400000000016,2.8170000000000073,session_flat,2014
-1,405551,405589,2014-05-07 17:50:00+00:00,2014-05-07 21:00:00+00:00,1288.8825000000002,1289.929,0.01,38,-1.0464999999999236,0.33078896103893646,-1.3772889610388601,-0.275457792207772,2.6765000000000327,0.0,session_flat,2014
-1,405778,405866,2014-05-08 13:40:00+00:00,2014-05-08 21:00:00+00:00,1290.255,1289.449,0.01,88,0.80600000000004,0.3139806678383286,0.4920193321617114,0.09840386643234228,1.7464999999997417,3.8265000000001237,session_flat,2014
-1,406053,406143,2014-05-09 13:30:00+00:00,2014-05-11 22:00:00+00:00,1291.6419999999998,1289.719,0.01,90,1.9229999999997744,0.39849330429471935,1.524506695705055,0.30490133914101103,0.6200000000003456,6.029999999999745,session_flat,2014
1,406337,406419,2014-05-12 14:10:00+00:00,2014-05-12 21:00:00+00:00,1299.4814999999999,1295.857,0.01,82,-3.624499999999898,0.29768248772505695,-3.922182487724955,-0.784436497544991,4.659499999999753,1.7925000000000182,session_flat,2014
1,406604,406696,2014-05-13 13:20:00+00:00,2014-05-13 21:00:00+00:00,1296.067,1293.6770000000001,0.01,92,-2.3899999999998727,0.39612662337662624,-2.7861266233764987,-0.5572253246752997,3.32549999999992,2.8264999999998963,session_flat,2014
1,406879,406973,2014-05-14 13:10:00+00:00,2014-05-14 21:00:00+00:00,1305.7435,1305.964,0.01,94,0.22049999999990177,0.33093400000001794,-0.11043400000011616,-0.02208680000002323,3.23050000000012,2.1149999999997817,session_flat,2014
-1,407159,407168,2014-05-15 13:25:00+00:00,2014-05-15 14:10:00+00:00,1296.5949999999998,1301.5949999999998,0.01,9,-5.0,0.3245673987810748,-5.324567398781075,-1.064913479756215,6.028000000000247,1.268999999999778,stop,2014
-1,407455,407527,2014-05-16 15:00:00+00:00,2014-05-18 22:00:00+00:00,1294.5935,1293.2,0.01,72,1.3934999999999036,0.4404035487991379,0.9530964512007657,0.19061929024015314,0.0,5.141000000000076,session_flat,2014
1,407711,407740,2014-05-19 13:20:00+00:00,2014-05-19 15:45:00+00:00,1301.687,1296.687,0.01,29,-5.0,0.3272753756582004,-5.327275375658201,-1.06545507513164,5.2029999999999745,1.1705000000001746,stop,2014
1,408039,408080,2014-05-20 17:35:00+00:00,2014-05-20 21:00:00+00:00,1294.8075,1294.217,0.01,41,-0.5904999999997926,0.3982615658362392,-0.9887615658360318,-0.19775231316720637,0.7905000000000655,0.41049999999995634,session_flat,2014
-1,408279,408323,2014-05-21 14:30:00+00:00,2014-05-21 18:10:00+00:00,1289.882,1289.656,0.01,44,0.22600000000011278,0.33056273132909153,-0.10456273132897875,-0.02091254626579575,1.0679999999997563,6.434999999999945,stop,2014
1,408540,408566,2014-05-22 13:15:00+00:00,2014-05-22 15:25:00+00:00,1299.9475,1294.9475,0.01,26,-5.0,0.32006245610716705,-5.320062456107167,-1.0640124912214335,5.280999999999949,0.6535000000001219,stop,2014
-1,408816,408910,2014-05-23 13:10:00+00:00,2014-05-25 22:00:00+00:00,1293.2145,1293.935,0.01,94,-0.7204999999999018,0.4362669818529193,-1.156766981852821,-0.2313533963705642,1.5320000000001528,3.5734999999999673,session_flat,2014
-1,409109,409139,2014-05-26 14:35:00+00:00,2014-05-26 22:00:00+00:00,1292.7800000000002,1292.798,0.01,30,-0.01799999999980173,0.4263813353390721,-0.4443813353388738,-0.08887626706777477,0.30649999999968713,0.5050000000001091,session_flat,2014
-1,409374,409414,2014-05-27 17:40:00+00:00,2014-05-27 21:00:00+00:00,1266.3180000000002,1264.88,0.01,40,1.4380000000001019,0.3916809523808949,1.046319047619207,0.2092638095238414,1.7569999999998345,1.5950000000002547,session_flat,2014
-1,409595,409691,2014-05-28 13:00:00+00:00,2014-05-28 21:00:00+00:00,1265.7965,1258.233,0.01,96,7.563499999999977,0.43398507462688124,7.129514925373096,1.4259029850746192,0.0,9.73849999999993,session_flat,2014
-1,409898,409968,2014-05-29 15:10:00+00:00,2014-05-29 21:00:00+00:00,1258.186,1255.766,0.01,70,2.4199999999998454,0.4300534420289998,1.9899465579708455,0.3979893115941691,0.7549999999998818,3.134999999999991,session_flat,2014
-1,410191,410231,2014-05-30 16:30:00+00:00,2014-05-30 19:50:00+00:00,1244.8290000000002,1249.8290000000002,0.01,40,-5.0,0.3349883936157379,-5.334988393615738,-1.0669976787231477,5.889999999999873,0.2319999999999709,stop,2014
-1,410428,410521,2014-06-02 13:15:00+00:00,2014-06-02 21:00:00+00:00,1246.589,1243.817,0.01,93,2.7719999999999345,0.4232600446428652,2.348739955357069,0.46974799107141385,4.273999999999887,4.308999999999969,session_flat,2014
-1,410726,410798,2014-06-03 15:00:00+00:00,2014-06-03 21:00:00+00:00,1245.2939999999999,1244.9569999999999,0.01,72,0.3369999999999891,0.33327918781726446,0.003720812182724631,0.0007441624365449262,1.8020000000001346,1.600999999999658,session_flat,2014
1,410979,411075,2014-06-04 13:00:00+00:00,2014-06-04 21:00:00+00:00,1247.0885,1243.98,0.01,96,-3.108500000000049,0.43753197674420125,-3.5460319767442505,-0.7092063953488501,4.142500000000155,0.8704999999997654,session_flat,2014
1,411284,411351,2014-06-05 15:25:00+00:00,2014-06-05 21:00:00+00:00,1253.8645000000001,1253.6390000000001,0.01,67,-0.22550000000001094,0.4362219917012236,-0.6617219917012346,-0.13234439834024692,1.3515000000002146,1.2839999999998781,session_flat,2014
-1,411554,411628,2014-06-06 14:50:00+00:00,2014-06-08 22:00:00+00:00,1250.031,1252.935,0.01,74,-2.9039999999999964,0.3474293705172877,-3.251429370517284,-0.6502858741034567,3.7984999999998763,0.22550000000001091,session_flat,2014
1,411812,411904,2014-06-09 13:20:00+00:00,2014-06-09 21:00:00+00:00,1253.967,1252.267,0.01,92,-1.7000000000000455,0.4353002232143052,-2.1353002232143505,-0.4270600446428701,1.836999999999989,1.168999999999869,session_flat,2014
1,412097,412181,2014-06-10 14:00:00+00:00,2014-06-10 21:00:00+00:00,1260.745,1259.878,0.01,84,-0.8669999999999619,0.4297899543379183,-1.2967899543378802,-0.25935799086757605,1.5499999999997272,0.8480000000001837,session_flat,2014
1,412377,412458,2014-06-11 14:15:00+00:00,2014-06-11 21:00:00+00:00,1262.0100000000002,1261.022,0.01,81,-0.9880000000002838,0.3843257575757608,-1.3723257575760446,-0.2744651515152089,3.3370000000002165,1.091499999999769,session_flat,2014
1,412674,412735,2014-06-12 15:55:00+00:00,2014-06-12 21:00:00+00:00,1271.5645,1273.349,0.01,61,1.7844999999999802,0.42660237388725947,1.3578976261127207,0.27157952522254414,0.30949999999984357,3.3515000000002146,session_flat,2014
1,412932,413012,2014-06-13 14:20:00+00:00,2014-06-15 22:00:00+00:00,1273.2895,1276.625,0.01,80,3.335499999999911,0.35722575035561843,2.9782742496442927,0.5956548499288585,0.0,4.836500000000115,session_flat,2014
1,413194,413206,2014-06-16 13:10:00+00:00,2014-06-16 14:10:00+00:00,1278.721,1273.721,0.01,12,-5.0,0.3169682753469194,-5.31696827534692,-1.0633936550693839,6.285000000000082,0.0,stop,2014
-1,413473,413490,2014-06-17 13:20:00+00:00,2014-06-17 14:45:00+00:00,1264.377,1269.377,0.01,17,-5.0,0.3158209380505621,-5.315820938050562,-1.0631641876101123,5.02599999999984,0.0,stop,2014
1,413774,413842,2014-06-18 15:20:00+00:00,2014-06-18 21:00:00+00:00,1270.612,1278.2849999999999,0.01,68,7.6729999999997744,0.3785274261603207,7.294472573839454,1.458894514767891,2.2170000000000982,7.982999999999947,session_flat,2014
1,414098,414119,2014-06-19 19:15:00+00:00,2014-06-19 22:00:00+00:00,1318.6145000000001,1319.775,0.01,21,1.1604999999999563,0.3245887298428225,0.8359112701571338,0.16718225403142678,2.7015000000001237,3.206499999999778,session_flat,2014
1,414303,414323,2014-06-20 13:20:00+00:00,2014-06-20 15:00:00+00:00,1310.7485,1314.4295,0.01,20,3.68100000000004,0.28834725756910695,3.392652742430933,0.6785305484861867,0.11249999999995453,9.127500000000282,stop,2014
1,414586,414671,2014-06-23 13:55:00+00:00,2014-06-23 21:00:00+00:00,1313.4955,1317.478,0.01,85,3.9825000000000728,0.3884344473007571,3.5940655526993157,0.7188131105398632,0.1590000000001055,5.065500000000156,session_flat,2014
1,414866,414948,2014-06-24 14:10:00+00:00,2014-06-24 21:00:00+00:00,1318.8495,1318.279,0.01,82,-0.5705000000000382,0.43133228346458413,-1.0018322834646223,-0.20036645669292447,2.2430000000001655,2.6584999999997763,session_flat,2014
1,415132,415212,2014-06-25 13:15:00+00:00,2014-06-25 19:55:00+00:00,1316.4989999999998,1319.2669999999998,0.01,80,2.768000000000029,0.3272381670582829,2.440761832941746,0.4881523665883492,0.6469999999999345,8.422000000000025,stop,2014
-1,415424,415502,2014-06-26 14:30:00+00:00,2014-06-26 21:00:00+00:00,1314.6235000000001,1316.686,0.01,78,-2.0624999999997726,0.43321476510068474,-2.495714765100457,-0.49914295302009143,3.2914999999998145,1.0600000000001728,session_flat,2014
1,415691,415779,2014-06-27 13:40:00+00:00,2014-06-29 22:00:00+00:00,1317.8564999999999,1316.47,0.01,88,-1.3864999999998417,0.4455998286509874,-1.8320998286508292,-0.36641996573016583,2.581499999999778,3.2474999999999454,session_flat,2014
-1,415961,415999,2014-06-30 13:10:00+00:00,2014-06-30 16:20:00+00:00,1314.8615,1319.8615,0.01,38,-5.0,0.3180870716959367,-5.3180870716959365,-1.0636174143391872,5.002500000000055,2.156500000000051,stop,2014
1,416268,416332,2014-07-01 15:40:00+00:00,2014-07-01 21:00:00+00:00,1326.6785,1326.4180000000001,0.01,64,-0.2604999999998654,0.43442469879507933,-0.6949246987949447,-0.13898493975898893,1.8579999999999472,1.84699999999998,session_flat,2014
1,416542,416609,2014-07-02 15:25:00+00:00,2014-07-02 21:00:00+00:00,1328.7759999999998,1326.9589999999998,0.01,67,-1.817000000000007,0.38472472924183027,-2.201724729241837,-0.4403449458483674,3.2419999999997344,1.7200000000002547,session_flat,2014
-1,416792,416805,2014-07-03 13:10:00+00:00,2014-07-03 14:15:00+00:00,1316.7910000000002,1321.7910000000002,0.01,13,-5.0,0.32654086271471094,-5.326540862714711,-1.065308172542942,5.608999999999924,1.352500000000191,stop,2014
-1,417090,417116,2014-07-04 14:55:00+00:00,2014-07-06 22:00:00+00:00,1320.15,1320.7350000000001,0.01,26,-0.5850000000000364,0.37185898115130206,-0.9568589811513384,-0.19137179623026768,1.0405000000000655,0.4680000000000746,session_flat,2014
-1,417304,417392,2014-07-07 13:40:00+00:00,2014-07-07 21:00:00+00:00,1315.292,1319.984,0.01,88,-4.692000000000007,0.4277755834829609,-5.119775583482968,-1.0239551166965937,4.766000000000076,3.719000000000051,session_flat,2014
-1,417616,417669,2014-07-08 16:35:00+00:00,2014-07-08 21:00:00+00:00,1315.3335000000002,1319.277,0.01,53,-3.943499999999858,0.4236091954023231,-4.367109195402181,-0.8734218390804361,4.7534999999998035,0.6225000000001728,session_flat,2014
1,417855,417946,2014-07-09 13:25:00+00:00,2014-07-09 21:00:00+00:00,1324.696,1327.7649999999999,0.01,91,3.06899999999996,0.3526834862385075,2.7163165137614524,0.5432633027522905,3.1875,7.769999999999982,session_flat,2014
1,418127,418203,2014-07-10 13:00:00+00:00,2014-07-10 19:20:00+00:00,1340.3980000000001,1335.3980000000001,0.01,76,-5.0,0.31128064204871453,-5.311280642048715,-1.062256128409743,5.1870000000001255,2.119999999999891,stop,2014
1,418411,418500,2014-07-11 13:35:00+00:00,2014-07-13 22:00:00+00:00,1335.2399999999998,1339.35,0.01,89,4.110000000000127,0.4463498934619311,3.663650106538196,0.7327300213076392,1.2159999999998945,4.494000000000142,session_flat,2014
-1,418696,418776,2014-07-14 14:20:00+00:00,2014-07-14 21:00:00+00:00,1307.3899999999999,1307.278,0.01,80,0.11199999999985266,0.4265687361419276,-0.3145687361420749,-0.06291374722841499,1.9070000000001528,3.5459999999998217,session_flat,2014
-1,418971,418983,2014-07-15 14:10:00+00:00,2014-07-15 15:10:00+00:00,1310.35,1297.8275,0.01,12,12.522499999999809,0.31673298964936686,12.205767010350442,2.4411534020700882,0.9700000000002547,18.092499999999973,stop,2014
-1,419243,419330,2014-07-16 13:45:00+00:00,2014-07-16 22:00:00+00:00,1301.663,1298.87,0.01,87,2.79300000000012,0.44244848931467345,2.3505515106854467,0.4701103021370893,2.1575000000000273,4.876000000000204,session_flat,2014
1,419514,419552,2014-07-17 13:20:00+00:00,2014-07-17 16:30:00+00:00,1304.4319999999998,1317.1095,0.01,38,12.677500000000236,0.2938779379536391,12.383622062046598,2.4767244124093195,2.5614999999997963,19.6695000000002,stop,2014
-1,419794,419882,2014-07-18 13:40:00+00:00,2014-07-20 22:00:00+00:00,1307.788,1310.549,0.01,88,-2.7609999999999673,0.3877172558109575,-3.148717255810925,-0.629743451162185,3.5275000000001455,2.0214999999998327,session_flat,2014
1,420064,420092,2014-07-21 13:10:00+00:00,2014-07-21 15:30:00+00:00,1315.5639999999999,1310.5639999999999,0.01,28,-5.0,0.3339096296296404,-5.33390962962964,-1.0667819259259281,5.087999999999738,0.17800000000011096,stop,2014
-1,420373,420435,2014-07-22 15:50:00+00:00,2014-07-22 21:00:00+00:00,1306.9810000000002,1306.46,0.01,62,0.5210000000001855,0.43409051724139797,0.08690948275878757,0.017381896551757516,3.4359999999996944,1.262000000000171,session_flat,2014
-1,420625,420712,2014-07-23 13:45:00+00:00,2014-07-23 21:00:00+00:00,1308.0705,1304.6129999999998,0.01,87,3.457500000000209,0.37018808411209436,3.087311915888115,0.6174623831776229,1.6929999999999836,4.87050000000022,session_flat,2014
-1,420935,420989,2014-07-24 16:30:00+00:00,2014-07-24 21:00:00+00:00,1291.3490000000002,1293.8029999999999,0.01,54,-2.4539999999997235,0.42005972696236055,-2.8740597269620842,-0.5748119453924169,2.765999999999849,2.1710000000002765,session_flat,2014
-1,421179,421218,2014-07-25 13:45:00+00:00,2014-07-25 17:00:00+00:00,1295.174,1300.174,0.01,39,-5.0,0.3099198832816795,-5.30991988328168,-1.061983976656336,5.822999999999865,1.900000000000091,stop,2014
1,421446,421542,2014-07-28 13:00:00+00:00,2014-07-28 21:00:00+00:00,1304.4430000000002,1304.106,0.01,96,-0.33700000000021646,0.435886993603433,-0.7728869936036495,-0.1545773987207299,2.605000000000018,1.5974999999998545,session_flat,2014
1,421727,421731,2014-07-29 13:20:00+00:00,2014-07-29 13:40:00+00:00,1308.865,1303.865,0.01,4,-5.0,0.2804136582623269,-5.280413658262327,-1.0560827316524652,8.042000000000144,0.0,stop,2014
-1,422000,422095,2014-07-30 13:05:00+00:00,2014-07-30 21:00:00+00:00,1298.808,1296.248,0.01,95,2.5599999999999454,0.4762874682472654,2.08371253175268,0.416742506350536,0.0,5.893000000000029,session_flat,2014
-1,422316,422372,2014-07-31 16:20:00+00:00,2014-07-31 22:00:00+00:00,1287.875,1283.231,0.01,56,4.6440000000000055,0.3463072598697431,4.2976927401302625,0.8595385480260525,0.0,7.037000000000035,session_flat,2014
1,422580,422648,2014-08-01 15:20:00+00:00,2014-08-03 22:00:00+00:00,1294.4409999999998,1294.3,0.01,68,-0.14099999999984902,0.4388762961339315,-0.5798762961337804,-0.11597525922675608,1.631999999999607,1.4710000000000036,session_flat,2014
1,422834,422857,2014-08-04 13:30:00+00:00,2014-08-04 15:25:00+00:00,1292.6725000000001,1287.6725000000001,0.01,23,-5.0,0.32577846979794517,-5.325778469797945,-1.065155693959589,5.502500000000055,1.0344999999997526,stop,2014
-1,423126,423165,2014-08-05 14:45:00+00:00,2014-08-05 18:00:00+00:00,1284.73,1289.73,0.01,39,-5.0,0.32383256250152803,-5.323832562501528,-1.0647665125003056,6.838000000000193,1.29300000000012,stop,2014
1,423396,423478,2014-08-06 14:10:00+00:00,2014-08-06 21:00:00+00:00,1307.0210000000002,1305.864,0.01,82,-1.1570000000001528,0.4360844504021629,-1.5930844504023156,-0.3186168900804631,2.449000000000069,2.6095000000000255,session_flat,2014
1,423665,423755,2014-08-07 13:30:00+00:00,2014-08-07 22:00:00+00:00,1304.307,1313.4720000000002,0.01,90,9.165000000000191,0.41561430814084604,8.749385691859345,1.749877138371869,1.2035000000000764,10.392499999999927,session_flat,2014
1,423948,424031,2014-08-08 14:05:00+00:00,2014-08-10 22:00:00+00:00,1310.6685,1309.0,0.01,83,-1.6684999999999945,0.42858663836295535,-2.09708663836295,-0.41941732767259,1.9919999999999618,3.0119999999999436,session_flat,2014
-1,424229,424307,2014-08-11 14:30:00+00:00,2014-08-11 22:00:00+00:00,1308.1509999999998,1308.08,0.01,78,0.07099999999991269,0.4715337462336817,-0.40053374623376903,-0.0801067492467538,1.8279999999999745,2.1984999999999673,session_flat,2014
1,424493,424539,2014-08-12 13:30:00+00:00,2014-08-12 17:20:00+00:00,1314.211,1309.211,0.01,46,-5.0,0.35187963888577417,-5.351879638885774,-1.0703759277771547,5.8250000000000455,3.7295000000001437,stop,2014
1,424791,424859,2014-08-13 15:20:00+00:00,2014-08-13 22:00:00+00:00,1312.4775,1312.225,0.01,68,-0.25250000000005457,0.38169213256483575,-0.6341921325648903,-0.12683842651297805,3.902499999999918,1.0925000000002,session_flat,2014
1,425043,425135,2014-08-14 13:20:00+00:00,2014-08-14 22:00:00+00:00,1312.7435,1312.2465000000002,0.01,92,-0.49699999999984357,0.3990886729691741,-0.8960886729690176,-0.17921773459380352,1.64850000000024,2.432499999999891,session_flat,2014
-1,425342,425351,2014-08-15 15:15:00+00:00,2014-08-15 16:00:00+00:00,1304.829,1309.829,0.01,9,-5.0,0.35551362351763754,-5.355513623517638,-1.0711027247035276,5.449499999999944,1.3540000000000418,stop,2014
-1,425613,425687,2014-08-18 14:50:00+00:00,2014-08-18 21:00:00+00:00,1298.628,1298.3319999999999,0.01,74,0.2960000000000491,0.46120833333338906,-0.16520833333333995,-0.03304166666666799,1.3750000000002274,1.6014999999999873,session_flat,2014
-1,425906,425964,2014-08-19 16:10:00+00:00,2014-08-19 21:00:00+00:00,1295.521,1295.753,0.01,58,-0.2319999999999709,0.4907908415841512,-0.7227908415841221,-0.14455816831682441,1.1434999999999036,1.3205000000000382,session_flat,2014
-1,426200,426241,2014-08-20 17:35:00+00:00,2014-08-20 21:00:00+00:00,1294.112,1291.8609999999999,0.01,41,2.2510000000002037,0.45779503105598207,1.7932049689442215,0.3586409937888443,1.4454999999998108,6.1215000000001965,session_flat,2014
-1,426438,426518,2014-08-21 14:20:00+00:00,2014-08-21 21:00:00+00:00,1278.737,1276.768,0.01,80,1.969000000000051,0.4446772030651008,1.5243227969349502,0.30486455938699003,1.1124999999999545,5.677000000000135,session_flat,2014
-1,426702,427023,2014-08-22 13:15:00+00:00,2014-08-25 21:00:00+00:00,1279.106,1276.834,0.01,321,2.2719999999999345,0.44460804020097716,1.8273919597989574,0.3654783919597915,2.80600000000004,4.817000000000007,session_flat,2014
1,427213,427218,2014-08-26 13:45:00+00:00,2014-08-26 14:10:00+00:00,1288.0075000000002,1283.0075000000002,0.01,5,-5.0,0.3879408654845703,-5.387940865484571,-1.0775881730969141,5.209500000000162,0.0,stop,2014
1,427488,427577,2014-08-27 13:35:00+00:00,2014-08-27 22:00:00+00:00,1284.998,1282.6100000000001,0.01,89,-2.38799999999992,0.44440680461909227,-2.832406804619012,-0.5664813609238024,3.6635000000001128,0.9825000000000728,session_flat,2014
1,427760,427853,2014-08-28 13:15:00+00:00,2014-08-28 21:00:00+00:00,1291.7585,1289.616,0.01,93,-2.1424999999999272,0.5117123287671328,-2.65421232876706,-0.530842465753412,4.443499999999858,0.8725000000001728,session_flat,2014
1,428061,428130,2014-08-29 15:15:00+00:00,2014-08-31 22:00:00+00:00,1288.0245,1287.413,0.01,69,-0.6114999999999782,0.44860227272728637,-1.0601022727272644,-0.21202045454545287,2.72849999999994,0.5789999999999509,session_flat,2014
-1,428322,428358,2014-09-01 14:00:00+00:00,2014-09-01 22:00:00+00:00,1287.2345,1287.516,0.01,36,-0.28150000000005093,0.5239704454952541,-0.805470445495305,-0.161094089099061,0.28150000000005093,0.8085000000000946,session_flat,2014
-1,428540,428634,2014-09-02 13:10:00+00:00,2014-09-02 22:00:00+00:00,1268.691,1265.8585,0.01,94,2.832499999999982,0.42286940836941883,2.409630591630563,0.48192611832611265,0.41849999999999454,6.1590000000001055,session_flat,2014
-1,428816,428910,2014-09-03 13:10:00+00:00,2014-09-03 21:00:00+00:00,1266.8815,1269.399,0.01,94,-2.5174999999999272,0.5186387362637881,-3.036138736263715,-0.607227747252743,3.7265000000002146,1.905999999999949,session_flat,2014
-1,429121,429187,2014-09-04 15:30:00+00:00,2014-09-04 21:00:00+00:00,1269.87,1261.81,0.01,66,8.059999999999945,0.5175292479109015,7.542470752089044,1.5084941504178089,0.2925000000000182,9.189999999999827,session_flat,2014
-1,429418,429464,2014-09-05 17:10:00+00:00,2014-09-07 22:00:00+00:00,1265.732,1268.8400000000001,0.01,46,-3.108000000000175,0.641181141372033,-3.7491811413722083,-0.7498362282744416,4.367000000000189,0.0,session_flat,2014
-1,429699,429740,2014-09-08 17:35:00+00:00,2014-09-08 21:00:00+00:00,1253.7065,1255.453,0.01,41,-1.7464999999999693,0.5643414634145465,-2.3108414634145156,-0.4621682926829031,2.484000000000151,0.1755000000000564,session_flat,2014
-1,429930,429997,2014-09-09 13:45:00+00:00,2014-09-09 19:20:00+00:00,1256.121,1252.988,0.01,67,3.1330000000000386,0.41955763054776635,2.7134423694522725,0.5426884738904545,0.27700000000004366,8.47700000000009,stop,2014
-1,430210,430276,2014-09-10 14:00:00+00:00,2014-09-10 19:30:00+00:00,1251.6390000000001,1249.557,0.01,66,2.0820000000001073,0.4151878348973139,1.6668121651027934,0.3333624330205587,0.0,7.727000000000089,stop,2014
-1,430477,430553,2014-09-11 13:10:00+00:00,2014-09-11 19:30:00+00:00,1244.628,1241.37,0.01,76,3.2580000000000378,0.41468466687750377,2.843315333122534,0.5686630666245068,0.0,9.579500000000053,stop,2014
-1,430761,430785,2014-09-12 13:50:00+00:00,2014-09-12 15:50:00+00:00,1235.022,1233.274,0.01,24,1.7480000000000475,0.4127009049102411,1.3352990950898065,0.2670598190179613,0.0,6.878999999999905,stop,2014
-1,431032,431123,2014-09-15 13:25:00+00:00,2014-09-15 22:00:00+00:00,1235.0915,1232.319,0.01,91,2.7725000000000364,0.4628121648044698,2.3096878351955668,0.4619375670391134,0.7384999999999309,3.401499999999942,session_flat,2014
-1,431307,431339,2014-09-16 13:20:00+00:00,2014-09-16 16:00:00+00:00,1236.2314999999999,1241.2314999999999,0.01,32,-5.0,0.4096960603640715,-5.409696060364071,-1.0819392120728142,5.699500000000171,4.414499999999862,stop,2014
-1,431624,431646,2014-09-17 16:40:00+00:00,2014-09-17 18:30:00+00:00,1235.9705,1235.174,0.01,22,0.7964999999999236,0.4271626209778131,0.3693373790221105,0.0738674758044221,3.694500000000062,8.352999999999838,stop,2014
-1,431856,431874,2014-09-18 13:00:00+00:00,2014-09-18 14:30:00+00:00,1220.007,1225.007,0.01,18,-5.0,0.3995948394224452,-5.399594839422445,-1.079918967884489,6.156999999999925,1.2164999999999964,stop,2014
-1,432132,432228,2014-09-19 13:00:00+00:00,2014-09-21 22:00:00+00:00,1224.5030000000002,1215.82,0.01,96,8.68300000000022,0.47732555332163806,8.205674446678582,1.6411348893357165,0.05099999999993088,10.678000000000111,session_flat,2014
-1,432438,432443,2014-09-22 15:30:00+00:00,2014-09-22 15:55:00+00:00,1214.0445,1219.0445,0.01,5,-5.0,0.39894858927803506,-5.398948589278035,-1.079789717855607,5.639999999999873,0.0,stop,2014
1,432694,432701,2014-09-23 13:45:00+00:00,2014-09-23 14:20:00+00:00,1225.7725,1220.7725,0.01,7,-5.0,0.3697129584194924,-5.369712958419492,-1.0739425916838985,5.726499999999987,0.0,stop,2014
-1,432983,433058,2014-09-24 14:45:00+00:00,2014-09-24 21:00:00+00:00,1221.1135,1217.077,0.01,75,4.036499999999933,0.46214096573206687,3.5743590342678657,0.7148718068535731,0.0,5.307499999999891,session_flat,2014
-1,433251,433259,2014-09-25 14:00:00+00:00,2014-09-25 14:40:00+00:00,1214.6415000000002,1219.6415000000002,0.01,8,-5.0,0.40400511551843304,-5.404005115518433,-1.0808010231036866,9.500499999999874,0.9765000000002146,stop,2014
-1,433542,433612,2014-09-26 15:10:00+00:00,2014-09-28 22:00:00+00:00,1215.4715,1218.8400000000001,0.01,70,-3.36850000000004,0.4162333073413029,-3.7847333073413427,-0.7569466614682685,3.5944999999999254,1.8475000000000819,session_flat,2014
1,433804,433888,2014-09-29 14:00:00+00:00,2014-09-29 21:00:00+00:00,1219.3325,1215.819,0.01,84,-3.5135000000000223,0.5014234550561167,-4.014923455056139,-0.8029846910112278,4.304499999999962,0.41649999999981446,session_flat,2014
-1,434073,434078,2014-09-30 13:20:00+00:00,2014-09-30 13:45:00+00:00,1211.3029999999999,1216.3029999999999,0.01,5,-5.0,0.42058915644835276,-5.420589156448353,-1.0841178312896704,8.955500000000029,0.0,stop,2014
1,434351,434399,2014-10-01 13:30:00+00:00,2014-10-01 17:30:00+00:00,1213.069,1214.3285,0.01,48,1.2595000000001164,0.3825483392645335,0.876951660735583,0.17539033214711658,0.03499999999985448,6.4155000000000655,stop,2014
1,434664,434718,2014-10-02 16:30:00+00:00,2014-10-02 21:00:00+00:00,1216.3310000000001,1214.4879999999998,0.01,54,-1.843000000000302,0.6017031039135854,-2.4447031039138873,-0.48894062078277745,4.451500000000124,0.9769999999998618,session_flat,2014
-1,434925,434995,2014-10-03 15:10:00+00:00,2014-10-05 22:00:00+00:00,1193.6080000000002,1191.663,0.01,70,1.9450000000001637,0.456771812434139,1.4882281875660248,0.29764563751320494,2.9094999999997526,7.166000000000167,session_flat,2014
-1,435178,435207,2014-10-06 13:15:00+00:00,2014-10-06 15:40:00+00:00,1197.5915,1202.5915,0.01,29,-5.0,0.39075727944926725,-5.390757279449267,-1.0781514558898535,5.045499999999947,1.9800000000000182,stop,2014
1,435466,435548,2014-10-07 14:10:00+00:00,2014-10-07 22:00:00+00:00,1209.8785,1209.525,0.01,82,-0.35349999999994,0.4821287016309473,-0.8356287016308872,-0.16712574032617744,2.403500000000122,3.0550000000000637,session_flat,2014
1,435748,435766,2014-10-08 14:40:00+00:00,2014-10-08 16:10:00+00:00,1210.829,1205.829,0.01,18,-5.0,0.38159491652907873,-5.381594916529079,-1.0763189833058158,5.163000000000011,0.7525000000000546,stop,2014
1,436010,436101,2014-10-09 13:25:00+00:00,2014-10-09 21:00:00+00:00,1226.429,1224.4830000000002,0.01,91,-1.9459999999999127,0.5994451476793194,-2.5454451476792324,-0.5090890295358464,4.315000000000055,3.6030000000000655,session_flat,2014
1,436282,436378,2014-10-10 13:00:00+00:00,2014-10-12 22:00:00+00:00,1222.0135,1223.8400000000001,0.01,96,1.826500000000124,0.4693465008502476,1.3571534991498764,0.27143069982997525,2.8834999999999127,7.0534999999999854,session_flat,2014
1,436584,436607,2014-10-13 15:10:00+00:00,2014-10-13 22:00:00+00:00,1230.29,1237.125,0.01,23,6.835000000000037,0.46479561781608014,6.370204382183957,1.2740408764367914,2.4515000000001237,6.934999999999945,session_flat,2014
1,436795,436883,2014-10-14 13:40:00+00:00,2014-10-14 21:00:00+00:00,1232.507,1232.753,0.01,88,0.2459999999998672,0.5073874833554878,-0.26138748335562056,-0.052277496671124114,1.4670000000000982,3.2795000000000982,session_flat,2014
1,437079,437121,2014-10-15 14:15:00+00:00,2014-10-15 17:45:00+00:00,1238.048,1241.795,0.01,42,3.747000000000071,0.40183028835513274,3.3451697116449384,0.6690339423289877,1.1420000000000528,9.990000000000009,stop,2014
1,437342,437429,2014-10-16 13:05:00+00:00,2014-10-16 20:20:00+00:00,1238.2285,1239.0065,0.01,87,0.77800000000002,0.3928562743015578,0.3851437256984622,0.07702874513969245,2.7879999999997835,6.207000000000107,stop,2014
-1,437641,437665,2014-10-17 14:55:00+00:00,2014-10-17 16:55:00+00:00,1234.0120000000002,1239.0120000000002,0.01,24,-5.0,0.3832916738768745,-5.383291673876874,-1.0766583347753749,6.0349999999998545,1.3290000000001783,stop,2014
1,437895,437990,2014-10-20 13:05:00+00:00,2014-10-20 22:00:00+00:00,1244.953,1246.48,0.01,95,1.5270000000000439,0.46150250838292917,1.0654974916171147,0.21309949832342295,1.4300000000000637,2.8200000000001637,session_flat,2014
1,438177,438266,2014-10-21 13:35:00+00:00,2014-10-21 21:00:00+00:00,1252.0135,1248.658,0.01,89,-3.35550000000012,0.5016388888889658,-3.857138888889086,-0.7714277777778171,4.5844999999999345,1.5729999999998654,session_flat,2014
-1,438453,438543,2014-10-22 13:30:00+00:00,2014-10-22 22:00:00+00:00,1244.8615,1241.964,0.01,90,2.8975000000000364,0.46822542366764297,2.4292745763323933,0.48585491526647867,1.17450000000008,4.27599999999984,session_flat,2014
-1,438733,438796,2014-10-23 13:50:00+00:00,2014-10-23 19:05:00+00:00,1234.99,1231.933,0.01,63,3.0570000000000164,0.36562399911524196,2.6913760008847745,0.5382752001769548,0.27150000000006,8.558500000000095,stop,2014
-1,439002,439095,2014-10-24 13:15:00+00:00,2014-10-26 22:00:00+00:00,1232.9850000000001,1230.658,0.01,93,2.3270000000002256,0.40394758278396187,1.9230524172162637,0.38461048344325277,1.1219999999998436,4.179500000000189,session_flat,2014
-1,439290,439371,2014-10-27 14:15:00+00:00,2014-10-27 21:00:00+00:00,1230.3075,1226.5970000000002,0.01,81,3.7104999999996835,0.5382876190476531,3.1722123809520304,0.6344424761904061,0.4390000000003056,4.745499999999993,session_flat,2014
1,439561,439648,2014-10-28 13:45:00+00:00,2014-10-28 21:00:00+00:00,1231.5610000000001,1228.525,0.01,87,-3.0360000000000587,0.4333865168539817,-3.4693865168540405,-0.6938773033708081,3.8040000000000873,0.15649999999982356,session_flat,2014
-1,439837,439925,2014-10-29 13:40:00+00:00,2014-10-29 21:00:00+00:00,1223.6664999999998,1212.163,0.01,88,11.503499999999804,0.48868699186985326,11.01481300812995,2.2029626016259902,3.0405000000000655,15.28399999999965,session_flat,2014
-1,440107,440156,2014-10-30 13:05:00+00:00,2014-10-30 17:10:00+00:00,1205.527,1201.8674999999998,0.01,49,3.659500000000208,0.39684742424242475,3.262652575757783,0.6525305151515566,1.2699999999999818,9.481999999999971,stop,2014
-1,440395,440431,2014-10-31 14:05:00+00:00,2014-10-31 17:05:00+00:00,1166.866,1171.866,0.01,36,-5.0,0.36043309408745633,-5.3604330940874565,-1.0720866188174913,7.642000000000053,5.1404999999999745,stop,2014
-1,440652,440731,2014-11-03 13:30:00+00:00,2014-11-03 21:00:00+00:00,1170.3809999999999,1167.0655000000002,0.01,79,3.315499999999702,0.3957430397078854,2.9197569602918167,0.5839513920583633,1.9370000000001255,5.03899999999976,session_flat,2014
-1,440915,440999,2014-11-04 14:00:00+00:00,2014-11-04 21:00:00+00:00,1169.251,1167.5430000000001,0.01,84,1.7079999999998565,0.3924330550402095,1.315566944959647,0.2631133889919294,3.2174999999999727,3.294499999999971,session_flat,2014
-1,441187,441221,2014-11-05 13:40:00+00:00,2014-11-05 16:30:00+00:00,1145.6025,1150.6025,0.01,34,-5.0,0.384195567450911,-5.384195567450911,-1.0768391134901822,7.461499999999887,3.376499999999851,stop,2014
-1,441458,441552,2014-11-06 13:10:00+00:00,2014-11-06 21:00:00+00:00,1144.8944999999999,1143.531,0.01,94,1.3634999999999309,0.3820058377841317,0.9814941622157991,0.19629883244315982,4.805499999999938,3.5314999999998236,session_flat,2014
1,441744,441829,2014-11-07 13:55:00+00:00,2014-11-07 21:00:00+00:00,1149.9945,1175.279,0.01,85,25.284499999999984,0.42729040509604405,24.85720959490394,4.971441918980788,1.3680000000001655,27.420499999999947,session_flat,2014
1,442034,442053,2014-11-10 15:05:00+00:00,2014-11-10 16:40:00+00:00,1163.725,1158.725,0.01,19,-5.0,0.3769134225276935,-5.376913422527694,-1.0753826845055388,5.983999999999924,1.4400000000000546,stop,2014
-1,442289,442326,2014-11-11 13:20:00+00:00,2014-11-11 16:25:00+00:00,1154.8835,1159.8835,0.01,37,-5.0,0.38779783712204424,-5.3877978371220445,-1.077559567424409,6.505000000000109,1.1875,stop,2014
1,442578,442625,2014-11-12 14:20:00+00:00,2014-11-12 18:15:00+00:00,1165.1395,1160.1395,0.01,47,-5.0,0.3905014121365375,-5.390501412136538,-1.0781002824273076,5.404499999999871,1.9984999999999218,stop,2014
1,442856,442911,2014-11-13 14:25:00+00:00,2014-11-13 19:00:00+00:00,1163.5410000000002,1158.5410000000002,0.01,55,-5.0,0.37305121764886534,-5.373051217648865,-1.074610243529773,5.717000000000098,4.501999999999953,stop,2014
-1,443136,443138,2014-11-14 14:40:00+00:00,2014-11-14 14:50:00+00:00,1153.5610000000001,1158.5610000000001,0.01,2,-5.0,0.38451521338314926,-5.384515213383149,-1.0769030426766297,5.580500000000029,0.0,stop,2014
1,443419,443489,2014-11-17 15:10:00+00:00,2014-11-17 21:00:00+00:00,1184.133,1186.464,0.01,70,2.3309999999999036,0.3818663452299201,1.9491336547699836,0.3898267309539967,2.279499999999871,4.738499999999931,session_flat,2014
1,443674,443689,2014-11-18 13:20:00+00:00,2014-11-18 14:35:00+00:00,1197.6835,1192.6835,0.01,15,-5.0,0.3883780890054492,-5.38837808900545,-1.07767561780109,5.572500000000218,2.5414999999998145,stop,2014
1,443949,443977,2014-11-19 13:10:00+00:00,2014-11-19 15:30:00+00:00,1195.395,1190.395,0.01,28,-5.0,0.35841942781687725,-5.3584194278168775,-1.0716838855633755,5.150000000000091,3.9480000000000928,stop,2014
1,444227,444247,2014-11-20 13:20:00+00:00,2014-11-20 15:00:00+00:00,1189.38,1190.411,0.01,20,1.030999999999949,0.3770082423963921,0.653991757603557,0.1307983515207114,1.8645000000001346,6.989999999999782,stop,2014
1,444510,444547,2014-11-21 13:50:00+00:00,2014-11-21 16:55:00+00:00,1202.87,1197.87,0.01,37,-5.0,0.39350234961355907,-5.393502349613559,-1.0787004699227118,5.1965000000000146,3.742000000000189,stop,2014
1,444792,444873,2014-11-24 14:15:00+00:00,2014-11-24 21:00:00+00:00,1197.1535,1197.9615,0.01,81,0.8079999999999927,0.4037644913403062,0.40423550865968655,0.08084710173193731,2.587999999999738,3.3234999999999673,session_flat,2014
1,445089,445150,2014-11-25 15:55:00+00:00,2014-11-25 21:00:00+00:00,1199.1905000000002,1200.2385,0.01,61,1.0479999999997744,0.3882678571428609,0.6597321428569136,0.13194642857138272,3.598500000000058,1.5594999999998436,session_flat,2014
-1,445379,445427,2014-11-26 17:00:00+00:00,2014-11-26 21:00:00+00:00,1198.3,1198.214,0.01,48,0.08600000000001273,0.33728958468528397,-0.25128958468527124,-0.050257916937054246,0.8360000000000127,1.2940000000000964,session_flat,2014
-1,445617,445669,2014-11-27 13:45:00+00:00,2014-11-27 23:00:00+00:00,1195.915,1190.9450000000002,0.01,52,4.9699999999998,0.5694126653796341,4.400587334620166,0.8801174669240333,1.1145000000001346,7.369999999999891,session_flat,2014
-1,445837,445863,2014-11-28 13:00:00+00:00,2014-11-28 15:10:00+00:00,1184.846,1183.6965,0.01,26,1.149499999999989,0.33614859657413343,0.8133514034258557,0.16267028068517114,4.577499999999873,7.317000000000007,stop,2014
1,446110,446151,2014-12-01 16:15:00+00:00,2014-12-01 19:40:00+00:00,1195.6635,1214.85,0.01,41,19.186499999999796,0.4201620710784219,18.766337928921374,3.7532675857842746,0.0,25.548499999999876,stop,2014
1,446368,446403,2014-12-02 14:40:00+00:00,2014-12-02 17:35:00+00:00,1197.0140000000001,1197.4679999999998,0.01,35,0.45399999999972357,0.3798713001356286,0.07412869986409498,0.014825739972818996,3.0790000000001783,6.919999999999845,stop,2014
1,446636,446672,2014-12-03 13:55:00+00:00,2014-12-03 16:55:00+00:00,1203.851,1209.0565000000001,0.01,36,5.205500000000029,0.3319839231547022,4.873516076845327,0.9747032153690653,1.6870000000001255,11.311499999999796,stop,2014
1,446919,446998,2014-12-04 14:25:00+00:00,2014-12-04 21:00:00+00:00,1206.868,1206.152,0.01,79,-0.7159999999998945,0.3982745435479815,-1.114274543547876,-0.2228549087095752,3.759499999999889,3.865000000000009,session_flat,2014
-1,447193,447275,2014-12-05 14:10:00+00:00,2014-12-05 21:00:00+00:00,1196.818,1191.2605,0.01,82,5.557499999999891,0.42222592105260565,5.135274078947285,1.027054815789457,2.970500000000129,7.6720000000000255,session_flat,2014
-1,447471,447527,2014-12-08 14:20:00+00:00,2014-12-08 19:00:00+00:00,1196.5865,1201.5865,0.01,56,-5.0,0.39468206279544943,-5.394682062795449,-1.07893641255909,6.8185000000000855,5.154499999999871,stop,2014
1,447766,447775,2014-12-09 15:50:00+00:00,2014-12-09 16:35:00+00:00,1231.8,1226.8,0.01,9,-5.0,0.3956656663465664,-5.3956656663465665,-1.0791331332693133,5.773999999999887,2.519999999999982,stop,2014
1,448016,448021,2014-12-10 13:35:00+00:00,2014-12-10 14:00:00+00:00,1232.2314999999999,1227.2314999999999,0.01,5,-5.0,0.3575695431996663,-5.357569543199666,-1.0715139086399332,6.462999999999965,0.0,stop,2014
-1,448319,448327,2014-12-11 15:45:00+00:00,2014-12-11 16:25:00+00:00,1221.98,1226.98,0.01,8,-5.0,0.38067111181959284,-5.380671111819593,-1.0761342223639185,5.54300000000012,0.0,stop,2014
1,448574,448587,2014-12-12 13:55:00+00:00,2014-12-12 15:00:00+00:00,1223.8005,1218.8005,0.01,13,-5.0,0.3850017798013224,-5.385001779801322,-1.0770003559602643,9.261000000000195,0.0,stop,2014
-1,448850,448877,2014-12-15 13:50:00+00:00,2014-12-15 16:05:00+00:00,1210.591,1215.591,0.01,27,-5.0,0.35973930107818725,-5.3597393010781875,-1.0719478602156376,5.059999999999945,2.5494999999998527,stop,2014
1,449123,449139,2014-12-16 13:30:00+00:00,2014-12-16 14:50:00+00:00,1209.5685,1204.5685,0.01,16,-5.0,0.37458350889865494,-5.374583508898655,-1.074916701779731,7.476499999999987,3.2135000000000673,stop,2014
-1,449429,449468,2014-12-17 15:55:00+00:00,2014-12-17 19:10:00+00:00,1197.1875,1196.368,0.01,39,0.8195000000000618,0.42145654984514247,0.3980434501549194,0.07960869003098388,4.52150000000006,10.947000000000116,stop,2014
1,449672,449695,2014-12-18 13:05:00+00:00,2014-12-18 15:00:00+00:00,1203.8690000000001,1198.8690000000001,0.01,23,-5.0,0.3910426622163418,-5.391042662216342,-1.0782085324432684,5.279500000000098,3.2409999999999854,stop,2014
-1,449949,450044,2014-12-19 13:05:00+00:00,2014-12-19 21:00:00+00:00,1197.115,1195.276,0.01,95,1.8389999999999418,0.4928075831847889,1.346192416815153,0.2692384833630306,3.38149999999996,3.1079999999999472,session_flat,2014
-1,450232,450321,2014-12-22 13:35:00+00:00,2014-12-22 21:00:00+00:00,1196.7815,1172.594,0.01,89,24.1875,0.42958171923028016,23.75791828076972,4.751583656153944,1.5,25.957499999999982,session_flat,2014
-1,450500,450596,2014-12-23 13:00:00+00:00,2014-12-23 21:00:00+00:00,1178.5279999999998,1174.204,0.01,96,4.323999999999842,0.3973813129419223,3.9266186870579194,0.7853237374115839,3.0100000000002183,5.80849999999964,session_flat,2014
-1,450778,450846,2014-12-24 13:05:00+00:00,2014-12-25 23:00:00+00:00,1178.115,1176.55,0.01,68,1.5650000000000546,0.7298818865530994,0.8351181134469552,0.16702362268939103,1.2349999999999,5.130499999999984,session_flat,2014
1,451018,451110,2014-12-26 13:20:00+00:00,2014-12-26 21:00:00+00:00,1194.075,1195.478,0.01,92,1.40300000000002,0.5263633920704662,0.8766366079295538,0.17532732158591074,1.75,4.004999999999882,session_flat,2014
1,451301,451311,2014-12-29 13:55:00+00:00,2014-12-29 14:45:00+00:00,1193.99,1188.99,0.01,10,-5.0,0.37182938125605763,-5.371829381256058,-1.0743658762512116,5.472500000000082,0.1675000000000182,stop,2014
1,451611,451650,2014-12-30 16:45:00+00:00,2014-12-30 20:00:00+00:00,1203.83,1198.83,0.01,39,-5.0,0.4106386554621843,-5.410638655462185,-1.0821277310924369,5.302999999999884,2.3185000000000855,stop,2014
1,451854,451871,2014-12-31 14:00:00+00:00,2014-12-31 15:25:00+00:00,1196.829,1191.829,0.01,17,-5.0,0.43180039682540233,-5.431800396825403,-1.0863600793650805,5.895999999999958,0.6730000000000018,stop,2014
-1,452129,452149,2015-01-02 13:55:00+00:00,2015-01-02 15:35:00+00:00,1174.481,1179.481,0.01,20,-5.0,0.35234095948827654,-5.352340959488276,-1.0704681918976553,10.614000000000033,5.149999999999864,stop,2015
-1,452395,452400,2015-01-05 13:00:00+00:00,2015-01-05 13:25:00+00:00,1188.955,1193.955,0.01,5,-5.0,0.3852879526375796,-5.385287952637579,-1.077057590527516,7.171000000000049,1.4089999999998781,stop,2015
1,452685,452701,2015-01-06 14:05:00+00:00,2015-01-06 15:25:00+00:00,1210.784,1205.784,0.01,16,-5.0,0.37040074379290727,-5.370400743792907,-1.0740801487585814,5.218499999999949,2.667500000000018,stop,2015
1,452956,453045,2015-01-07 13:35:00+00:00,2015-01-07 21:00:00+00:00,1210.7725,1212.3609999999999,0.01,89,1.58849999999984,0.3982417716307606,1.1902582283690792,0.23805164567381584,1.1424999999999272,6.012499999999818,session_flat,2015
1,453246,453314,2015-01-08 14:40:00+00:00,2015-01-08 20:20:00+00:00,1211.6915,1206.6915,0.01,68,-5.0,0.3780494404415063,-5.378049440441506,-1.0756098880883012,5.268000000000029,4.867500000000291,stop,2015
1,453547,453599,2015-01-09 16:40:00+00:00,2015-01-09 21:00:00+00:00,1217.3035,1220.8925,0.01,52,3.5889999999999413,0.4089027664352835,3.180097233564658,0.6360194467129315,1.8115000000000236,4.1525000000001455,session_flat,2015
1,454055,454079,2015-01-13 13:00:00+00:00,2015-01-13 15:00:00+00:00,1238.038,1233.038,0.01,24,-5.0,0.380653696713161,-5.380653696713161,-1.076130739342632,5.54950000000008,4.985500000000002,stop,2015
1,454356,454407,2015-01-14 15:00:00+00:00,2015-01-14 19:15:00+00:00,1237.601,1232.601,0.01,51,-5.0,0.3896474713709957,-5.389647471370996,-1.077929494274199,6.957000000000107,3.6219999999998436,stop,2015
1,454625,454638,2015-01-15 14:20:00+00:00,2015-01-15 15:25:00+00:00,1252.5819999999999,1257.6770000000001,0.01,13,5.095000000000255,0.39449794438566876,4.700502055614586,0.9401004111229172,0.024999999999863576,11.566500000000133,stop,2015
1,454886,454915,2015-01-16 13:00:00+00:00,2015-01-16 15:25:00+00:00,1260.9434999999999,1272.04,0.01,29,11.096500000000106,0.37859918212643273,10.717900817873673,2.1435801635747347,0.0,17.819500000000062,stop,2015
1,455174,455223,2015-01-19 14:00:00+00:00,2015-01-19 23:00:00+00:00,1276.847,1276.4,0.01,49,-0.44699999999988904,0.6153571560993898,-1.0623571560992788,-0.21247143121985576,4.673500000000104,0.84050000000002,session_flat,2015
1,455398,455461,2015-01-20 13:35:00+00:00,2015-01-20 18:50:00+00:00,1286.1264999999999,1291.7044999999998,0.01,63,5.5779999999999745,0.34413243974421265,5.233867560255762,1.0467735120511523,1.0674999999998818,11.100000000000364,stop,2015
1,455689,455690,2015-01-21 14:45:00+00:00,2015-01-21 14:50:00+00:00,1299.5115,1294.5115,0.01,1,-5.0,0.3725008104822356,-5.372500810482236,-1.0745001620964472,9.643000000000029,0.0,stop,2015
1,455968,455999,2015-01-22 15:00:00+00:00,2015-01-22 17:35:00+00:00,1295.73,1300.233,0.01,31,4.502999999999929,0.36083713526997524,4.142162864729954,0.8284325729459908,1.0370000000000346,11.945999999999913,stop,2015
1,456225,456247,2015-01-23 13:20:00+00:00,2015-01-23 15:10:00+00:00,1296.7085,1291.7085,0.01,22,-5.0,0.36800631966835423,-5.368006319668354,-1.073601263933671,9.722500000000082,1.900000000000091,stop,2015
-1,456497,456593,2015-01-26 13:00:00+00:00,2015-01-26 21:00:00+00:00,1283.966,1280.483,0.01,96,3.4829999999999472,0.39892491240958394,3.0840750875903633,0.6168150175180727,3.6575000000002547,7.8409999999998945,session_flat,2015
-1,456775,456784,2015-01-27 13:05:00+00:00,2015-01-27 13:50:00+00:00,1283.156,1288.156,0.01,9,-5.0,0.3461456313223128,-5.346145631322313,-1.0692291262644624,5.420000000000073,3.068499999999858,stop,2015
1,457059,457065,2015-01-28 13:45:00+00:00,2015-01-28 14:15:00+00:00,1289.194,1284.194,0.01,6,-5.0,0.3595217770174605,-5.35952177701746,-1.071904355403492,5.766000000000076,0.0,stop,2015
-1,457331,457384,2015-01-29 13:20:00+00:00,2015-01-29 17:45:00+00:00,1271.9505,1258.2179999999998,0.01,53,13.732500000000073,0.43099919487007915,13.301500805129994,2.6603001610259986,1.9549999999999272,19.679999999999836,stop,2015
-1,457613,457634,2015-01-30 13:45:00+00:00,2015-01-30 15:30:00+00:00,1263.939,1268.939,0.01,21,-5.0,0.39856251476445637,-5.398562514764456,-1.0797125029528911,5.135499999999865,5.02150000000006,stop,2015
-1,457907,457929,2015-02-02 15:15:00+00:00,2015-02-02 17:05:00+00:00,1273.2930000000001,1278.2930000000001,0.01,22,-5.0,0.3731244470511524,-5.373124447051152,-1.0746248894102304,5.536499999999705,2.9050000000002,stop,2015
-1,458174,458198,2015-02-03 14:25:00+00:00,2015-02-03 16:25:00+00:00,1267.618,1261.0555,0.01,24,6.5625,0.3905885931467313,6.171911406853269,1.2343822813706538,0.2615000000000691,11.978000000000065,stop,2015
-1,458501,458530,2015-02-04 18:35:00+00:00,2015-02-04 21:00:00+00:00,1263.94,1265.7404999999999,0.01,29,-1.800499999999829,0.4534821503404832,-2.2539821503403124,-0.45079643006806247,3.5700000000001637,0.34950000000003456,session_flat,2015
-1,458713,458755,2015-02-05 13:15:00+00:00,2015-02-05 16:45:00+00:00,1263.8815,1262.9499999999998,0.01,42,0.9315000000001419,0.38662885229502814,0.5448711477051138,0.10897422954102276,1.8265000000001237,7.559999999999945,stop,2015
-1,459051,459082,2015-02-06 18:25:00+00:00,2015-02-06 21:00:00+00:00,1234.3955,1235.5974999999999,0.01,31,-1.2019999999997708,0.4918761724960303,-1.6938761724958011,-0.33877523449916025,3.314999999999827,1.1784999999999854,session_flat,2015
-1,459266,459358,2015-02-09 13:20:00+00:00,2015-02-09 21:00:00+00:00,1240.1575,1240.941,0.01,92,-0.7835000000000036,0.4023561283829103,-1.1858561283829139,-0.23717122567658278,3.046000000000049,3.973500000000058,session_flat,2015
-1,459539,459569,2015-02-10 13:05:00+00:00,2015-02-10 15:35:00+00:00,1238.661,1238.124,0.01,30,0.5370000000000346,0.39983274880043623,0.13716725119959833,0.027433450239919666,0.5715000000000146,6.2800000000002,stop,2015
-1,459831,459910,2015-02-11 14:25:00+00:00,2015-02-11 21:00:00+00:00,1234.6109999999999,1219.5285,0.01,79,15.082499999999982,0.3890819336285398,14.693418066371443,2.9386836132742884,0.17750000000023647,15.970499999999902,session_flat,2015
-1,460098,460131,2015-02-12 13:40:00+00:00,2015-02-12 16:25:00+00:00,1226.402,1226.0475000000001,0.01,33,0.3544999999999163,0.3926512293033237,-0.038151229303407364,-0.007630245860681473,0.9735000000000582,6.231999999999971,stop,2015
1,460381,460409,2015-02-13 14:10:00+00:00,2015-02-13 16:30:00+00:00,1227.812,1229.2424999999998,0.01,28,1.4304999999999382,0.3608743867864334,1.0696256132135047,0.21392512264270094,0.0,7.198000000000093,stop,2015
1,460662,460697,2015-02-16 14:35:00+00:00,2015-02-16 23:00:00+00:00,1231.5245,1230.98,0.01,35,-0.5444999999999709,0.5643048454469455,-1.1088048454469164,-0.22176096908938328,1.5914999999999964,2.73050000000012,session_flat,2015
-1,460870,460930,2015-02-17 13:25:00+00:00,2015-02-17 18:25:00+00:00,1222.665,1209.08,0.01,60,13.585000000000036,0.4207443440186443,13.164255655981393,2.6328511311962783,2.6210000000000946,18.779999999999973,stop,2015
-1,461153,461214,2015-02-18 13:55:00+00:00,2015-02-18 19:00:00+00:00,1207.7620000000002,1203.299,0.01,61,4.463000000000193,0.4556287768971992,4.007371223102994,0.8014742446205988,3.762499999999818,10.052000000000135,stop,2015
1,461425,461434,2015-02-19 13:30:00+00:00,2015-02-19 14:15:00+00:00,1217.3085,1212.3085,0.01,9,-5.0,0.4141643149807502,-5.41416431498075,-1.0828328629961501,5.416500000000042,0.0,stop,2015
-1,461740,461792,2015-02-20 16:40:00+00:00,2015-02-20 21:00:00+00:00,1207.2849999999999,1201.01,0.01,52,6.274999999999864,0.4437680236626262,5.8312319763372376,1.1662463952674476,1.6400000000003274,8.93899999999985,session_flat,2015
-1,461975,461978,2015-02-23 13:10:00+00:00,2015-02-23 13:25:00+00:00,1196.905,1201.905,0.01,3,-5.0,0.41128104447982755,-5.411281044479828,-1.0822562088959655,5.845000000000027,0.4500000000000455,stop,2015
-1,462279,462308,2015-02-24 15:25:00+00:00,2015-02-24 17:50:00+00:00,1199.3005,1198.02,0.01,29,1.2805000000000746,0.38998744360472354,0.8905125563953511,0.17810251127907023,3.9459999999999127,7.319000000000187,stop,2015
1,462537,462588,2015-02-25 13:50:00+00:00,2015-02-25 18:05:00+00:00,1207.324,1202.324,0.01,51,-5.0,0.3639725528797572,-5.3639725528797575,-1.0727945105759515,5.774000000000115,0.3505000000000109,stop,2015
1,462818,462827,2015-02-26 14:10:00+00:00,2015-02-26 14:55:00+00:00,1214.1770000000001,1209.1770000000001,0.01,9,-5.0,0.3888711957668805,-5.388871195766881,-1.0777742391533762,6.044499999999971,0.6784999999999854,stop,2015
1,463094,463133,2015-02-27 14:05:00+00:00,2015-02-27 17:20:00+00:00,1209.095,1214.1055000000001,0.01,39,5.010500000000093,0.36742658278678203,4.64307341721331,0.9286146834426621,0.0,10.358999999999924,stop,2015
1,463367,463391,2015-03-02 13:45:00+00:00,2015-03-02 15:45:00+00:00,1215.022,1210.022,0.01,24,-5.0,0.35751017361110987,-5.35751017361111,-1.071502034722222,7.182999999999993,1.2615000000000691,stop,2015
1,463663,463667,2015-03-03 15:25:00+00:00,2015-03-03 15:45:00+00:00,1212.0665,1207.0665,0.01,4,-5.0,0.37828867817940454,-5.378288678179405,-1.075657735635881,9.106999999999971,0.9230000000000018,stop,2015
-1,463916,464006,2015-03-04 13:30:00+00:00,2015-03-04 21:00:00+00:00,1205.464,1199.4189999999999,0.01,90,6.045000000000074,0.41140755910941634,5.6335924408906575,1.1267184881781316,1.7960000000000491,7.0779999999999745,session_flat,2015
-1,464202,464216,2015-03-05 14:20:00+00:00,2015-03-05 15:30:00+00:00,1203.051,1208.051,0.01,14,-5.0,0.3701177961338013,-5.370117796133801,-1.0740235592267602,5.379000000000133,2.0534999999999854,stop,2015
-1,464467,464558,2015-03-06 13:25:00+00:00,2015-03-06 21:00:00+00:00,1196.7894999999999,1165.489,0.01,91,31.300499999999833,0.48197637802933024,30.818523621970503,6.1637047243941,0.11950000000024374,32.906999999999925,session_flat,2015
-1,464752,464834,2015-03-09 14:10:00+00:00,2015-03-09 21:00:00+00:00,1171.6799999999998,1167.192,0.01,82,4.487999999999829,0.893042767295593,3.5949572327042363,0.7189914465408472,1.2600000000002183,5.711499999999887,session_flat,2015
-1,465015,465101,2015-03-10 13:50:00+00:00,2015-03-10 22:00:00+00:00,1169.204,1162.025,0.01,86,7.178999999999861,0.4887950941784289,6.690204905821432,1.3380409811642864,0.08750000000009095,10.268000000000029,session_flat,2015
-1,465317,465377,2015-03-11 16:00:00+00:00,2015-03-11 21:00:00+00:00,1152.4144999999999,1155.281,0.01,60,-2.8665000000000873,0.7957066993463731,-3.66220669934646,-0.732441339869292,2.930499999999938,3.938499999999749,session_flat,2015
-1,465561,465613,2015-03-12 13:15:00+00:00,2015-03-12 17:35:00+00:00,1158.351,1154.862,0.01,52,3.489000000000033,0.36511593309630347,3.1238840669037296,0.6247768133807459,0.43899999999985084,9.681500000000142,stop,2015
-1,465867,465929,2015-03-13 15:45:00+00:00,2015-03-13 20:55:00+00:00,1153.5075000000002,1158.5075000000002,0.01,62,-5.0,0.5524821928198291,-5.552482192819829,-1.1104964385639657,5.795999999999822,0.949500000000171,stop,2015
-1,466139,466206,2015-03-16 15:25:00+00:00,2015-03-16 22:00:00+00:00,1152.3715,1154.6395,0.01,67,-2.268000000000029,0.49613433014352665,-2.764134330143556,-0.5528268660287112,2.958499999999958,0.9714999999998781,session_flat,2015
-1,466399,466482,2015-03-17 14:05:00+00:00,2015-03-17 21:00:00+00:00,1154.5405,1149.5259999999998,0.01,83,5.0145000000002256,0.689592592592525,4.3249074074077,0.86498148148154,3.17450000000008,7.635999999999967,session_flat,2015
-1,466666,466707,2015-03-18 13:15:00+00:00,2015-03-18 16:40:00+00:00,1148.975,1153.975,0.01,41,-5.0,0.3477439226519204,-5.347743922651921,-1.0695487845303842,5.010500000000093,1.7519999999999527,stop,2015
1,466964,467035,2015-03-19 15:05:00+00:00,2015-03-19 22:00:00+00:00,1166.0700000000002,1171.141,0.01,71,5.070999999999913,0.5265141054948639,4.544485894505049,0.9088971789010097,0.0,7.061999999999898,session_flat,2015
1,467247,467280,2015-03-20 15:40:00+00:00,2015-03-20 18:25:00+00:00,1181.7,1182.5365000000002,0.01,33,0.8365000000001146,0.37118297406871303,0.46531702593140156,0.09306340518628031,0.0,6.383499999999913,stop,2015
1,467503,467587,2015-03-23 14:00:00+00:00,2015-03-23 22:00:00+00:00,1183.6599999999999,1189.4,0.01,84,5.7400000000002365,0.46107456254176105,5.278925437458476,1.0557850874916952,0.0,8.035499999999956,session_flat,2015
1,467773,467774,2015-03-24 13:30:00+00:00,2015-03-24 13:35:00+00:00,1191.4850000000001,1186.4850000000001,0.01,1,-5.0,0.3664185832642937,-5.366418583264294,-1.0732837166528588,5.072000000000116,0.0,stop,2015
1,468066,468140,2015-03-25 14:50:00+00:00,2015-03-25 21:00:00+00:00,1196.557,1195.3890000000001,0.01,74,-1.1679999999998927,0.7756379310344659,-1.9436379310343586,-0.3887275862068717,1.247000000000071,2.044499999999971,session_flat,2015
1,468324,468417,2015-03-26 13:15:00+00:00,2015-03-26 21:00:00+00:00,1203.6495,1204.879,0.01,93,1.2294999999999163,0.6677526881720373,0.5617473118278791,0.11234946236557582,1.5760000000000218,3.47400000000016,session_flat,2015
1,468598,468607,2015-03-27 13:00:00+00:00,2015-03-27 13:45:00+00:00,1200.4965000000002,1195.4965000000002,0.01,9,-5.0,0.34231057217656585,-5.342310572176566,-1.0684621144353132,7.226500000000215,1.5174999999999272,stop,2015
-1,468883,468970,2015-03-30 13:45:00+00:00,2015-03-30 22:00:00+00:00,1187.117,1185.882,0.01,87,1.2349999999999,0.41016596596596544,0.8248340340339345,0.1649668068067869,0.8379999999999654,4.02150000000006,session_flat,2015
-1,469158,469246,2015-03-31 13:40:00+00:00,2015-03-31 21:00:00+00:00,1187.0675,1183.4050000000002,0.01,88,3.662499999999909,0.7902775090689083,2.8722224909310006,0.5744444981862001,3.794499999999971,5.445500000000266,session_flat,2015
1,469429,469506,2015-04-01 13:10:00+00:00,2015-04-01 19:35:00+00:00,1192.219,1203.6680000000001,0.01,77,11.44900000000007,0.34299824386876004,11.10600175613131,2.221200351226262,0.0,16.464500000000044,stop,2015
1,469718,469728,2015-04-02 14:10:00+00:00,2015-04-02 15:00:00+00:00,1200.2489999999998,1195.2489999999998,0.01,10,-5.0,0.354999262907397,-5.354999262907397,-1.0709998525814792,5.208499999999731,0.0,stop,2015
1,469990,470056,2015-04-06 13:45:00+00:00,2015-04-06 19:15:00+00:00,1220.237,1215.237,0.01,66,-5.0,0.4141839887640307,-5.414183988764031,-1.0828367977528062,5.345000000000027,4.097999999999956,stop,2015
1,470290,470354,2015-04-07 15:40:00+00:00,2015-04-07 22:00:00+00:00,1211.67,1208.9825,0.01,64,-2.6875,0.4669795528096609,-3.154479552809661,-0.6308959105619322,3.3070000000000164,0.8384999999998399,session_flat,2015
-1,470536,470616,2015-04-08 13:10:00+00:00,2015-04-08 19:50:00+00:00,1207.807,1203.471,0.01,80,4.336000000000013,0.38535503304445357,3.9506449669555592,0.7901289933911119,1.5395000000000891,10.207000000000107,stop,2015
-1,470833,470906,2015-04-09 14:55:00+00:00,2015-04-09 21:00:00+00:00,1195.3725,1194.804,0.01,73,0.5684999999998581,0.6635191570880916,-0.0950191570882335,-0.0190038314176467,0.8609999999998763,2.2339999999999236,session_flat,2015
1,471102,471183,2015-04-10 14:15:00+00:00,2015-04-12 22:00:00+00:00,1207.5695,1207.335,0.01,81,-0.2345000000000255,0.4975968198529466,-0.7320968198529721,-0.14641936397059443,3.719500000000153,2.099499999999807,session_flat,2015
-1,471400,471459,2015-04-13 16:05:00+00:00,2015-04-13 21:00:00+00:00,1199.25,1198.8429999999998,0.01,59,0.4070000000001528,0.6643606060605907,-0.25736060606043787,-0.05147212121208757,1.8605000000000018,0.7705000000000837,session_flat,2015
-1,471645,471736,2015-04-14 13:25:00+00:00,2015-04-14 21:00:00+00:00,1196.1255,1192.701,0.01,91,3.42450000000008,1.0836532887402803,2.3408467112597995,0.4681693422519599,3.0074999999999363,3.9234999999998763,session_flat,2015
-1,471933,471967,2015-04-15 14:20:00+00:00,2015-04-15 17:10:00+00:00,1194.7615,1199.7615,0.01,34,-5.0,0.33317528088061,-5.33317528088061,-1.066635056176122,5.645999999999958,0.22749999999996362,stop,2015
1,472197,472206,2015-04-16 13:20:00+00:00,2015-04-16 14:05:00+00:00,1204.521,1199.521,0.01,9,-5.0,0.33544799847565904,-5.335447998475659,-1.0670895996951317,5.092499999999973,1.0235000000000127,stop,2015
1,472470,472566,2015-04-17 13:00:00+00:00,2015-04-19 22:00:00+00:00,1202.724,1204.9099999999999,0.01,96,2.185999999999922,0.47896666666667215,1.7070333333332497,0.3414066666666499,1.6979999999998654,3.941000000000031,session_flat,2015
-1,472783,472842,2015-04-20 16:05:00+00:00,2015-04-20 21:00:00+00:00,1195.4735,1195.681,0.01,59,-0.20749999999998184,0.8786387900355193,-1.086138790035501,-0.2172277580071002,0.6464999999998327,2.0635000000002037,session_flat,2015
-1,473040,473065,2015-04-21 14:25:00+00:00,2015-04-21 16:30:00+00:00,1197.2465000000002,1202.2465000000002,0.01,25,-5.0,0.3154159902729801,-5.31541599027298,-1.063083198054596,5.112999999999829,0.25500000000010914,stop,2015
-1,473330,473396,2015-04-22 15:30:00+00:00,2015-04-22 21:00:00+00:00,1189.426,1187.245,0.01,66,2.18100000000004,0.5792319665907777,1.6017680334092623,0.3203536066818525,1.9340000000001965,3.0614999999997963,session_flat,2015
-1,473578,473626,2015-04-23 13:05:00+00:00,2015-04-23 17:05:00+00:00,1189.347,1194.347,0.01,48,-5.0,0.35880753014182526,-5.358807530141825,-1.071761506028365,5.55399999999986,3.0575000000001182,stop,2015
-1,473890,473950,2015-04-24 16:00:00+00:00,2015-04-26 22:00:00+00:00,1179.4185,1180.175,0.01,60,-0.75649999999996,0.4995198108922668,-1.256019810892227,-0.2512039621784454,0.8865000000000691,4.09050000000002,session_flat,2015
1,474186,474226,2015-04-27 17:40:00+00:00,2015-04-27 21:00:00+00:00,1203.3545,1202.116,0.01,40,-1.2384999999999309,0.5974144295301544,-1.8359144295300853,-0.36718288590601705,1.5084999999999127,1.3034999999999854,session_flat,2015
1,474454,474503,2015-04-28 16:55:00+00:00,2015-04-28 21:00:00+00:00,1213.097,1212.2640000000001,0.01,49,-0.8329999999998563,0.9780384615384383,-1.8110384615382946,-0.3622076923076589,1.5985000000000582,2.0795000000000528,session_flat,2015
1,474685,474744,2015-04-29 13:05:00+00:00,2015-04-29 18:00:00+00:00,1208.9720000000002,1203.9720000000002,0.01,59,-5.0,0.4237399257731432,-5.423739925773143,-1.0847479851546287,7.367500000000291,3.81899999999996,stop,2015
-1,474983,475057,2015-04-30 14:50:00+00:00,2015-04-30 21:00:00+00:00,1180.9099999999999,1184.259,0.01,74,-3.34900000000016,0.876356542616987,-4.225356542617147,-0.8450713085234295,4.076000000000022,2.1849999999999454,session_flat,2015
-1,475253,475334,2015-05-01 14:15:00+00:00,2015-05-03 22:00:00+00:00,1175.025,1180.025,0.01,81,-5.0,0.43104755934169453,-5.431047559341694,-1.0862095118683388,5.2654999999999745,4.144000000000233,stop,2015
1,475522,475610,2015-05-04 13:40:00+00:00,2015-05-04 21:00:00+00:00,1189.0115,1188.476,0.01,88,-0.5354999999999563,0.995488324175835,-1.5309883241757913,-0.30619766483515826,1.8740000000000236,3.9364999999997963,session_flat,2015
1,475805,475887,2015-05-05 14:10:00+00:00,2015-05-05 21:00:00+00:00,1196.906,1193.403,0.01,82,-3.502999999999929,0.5891866438355531,-4.092186643835483,-0.8184373287670965,4.444999999999936,2.483500000000049,session_flat,2015
1,476070,476077,2015-05-06 14:10:00+00:00,2015-05-06 14:45:00+00:00,1194.6329999999998,1189.6329999999998,0.01,7,-5.0,0.3499429370318985,-5.349942937031899,-1.0699885874063797,5.363999999999805,0.0,stop,2015
-1,476341,476429,2015-05-07 13:40:00+00:00,2015-05-07 21:00:00+00:00,1187.1644999999999,1184.481,0.01,88,2.683499999999867,0.5958296874999194,2.087670312499948,0.4175340624999896,0.6005000000000109,5.829499999999825,session_flat,2015
1,476672,476706,2015-05-08 18:10:00+00:00,2015-05-10 22:00:00+00:00,1188.7995,1189.885,0.01,34,1.0854999999999109,0.42886190981430256,0.6566380901856084,0.13132761803712167,1.0284999999998945,1.0854999999999109,session_flat,2015
1,476907,476912,2015-05-11 14:45:00+00:00,2015-05-11 15:10:00+00:00,1189.7045,1184.7045,0.01,5,-5.0,0.3677504613885743,-5.3677504613885745,-1.0735500922777148,7.434500000000071,0.23600000000010368,stop,2015
1,477165,477167,2015-05-12 13:10:00+00:00,2015-05-12 13:20:00+00:00,1193.702,1188.702,0.01,2,-5.0,0.36894450122357997,-5.36894450122358,-1.073788900244716,5.4939999999999145,0.0,stop,2015
1,477463,477536,2015-05-13 14:55:00+00:00,2015-05-13 21:00:00+00:00,1213.663,1215.732,0.01,73,2.06899999999996,0.7758107947805539,1.293189205219406,0.2586378410438812,0.06300000000010186,5.33849999999984,session_flat,2015
1,477741,477813,2015-05-14 15:00:00+00:00,2015-05-14 21:00:00+00:00,1222.0115,1221.267,0.01,72,-0.7445000000000164,0.876387323943598,-1.6208873239436143,-0.3241774647887229,1.6230000000000473,3.7849999999998545,session_flat,2015
1,478056,478090,2015-05-15 18:10:00+00:00,2015-05-17 22:05:00+00:00,1224.472,1224.38,0.01,34,-0.09199999999987085,0.7596295454545763,-0.8516295454544471,-0.17032590909088943,0.8354999999999109,1.29099999999994,session_flat,2015
1,478280,478365,2015-05-18 13:55:00+00:00,2015-05-18 21:00:00+00:00,1224.088,1225.603,0.01,85,1.5150000000001,0.9949274809160045,0.5200725190840956,0.10401450381681912,0.09799999999995634,5.011000000000195,session_flat,2015
-1,478603,478642,2015-05-19 17:45:00+00:00,2015-05-19 21:00:00+00:00,1208.3835,1207.938,0.01,39,0.4454999999998108,0.8945609756097974,-0.4490609756099866,-0.08981219512199731,0.9605000000001382,0.8959999999999582,session_flat,2015
-1,478835,478919,2015-05-20 14:00:00+00:00,2015-05-20 21:00:00+00:00,1211.379,1209.775,0.01,84,1.6039999999998147,0.6540189445196163,0.9499810554801984,0.18999621109603967,2.2210000000000036,4.26949999999988,session_flat,2015
-1,479105,479196,2015-05-21 13:25:00+00:00,2015-05-21 21:00:00+00:00,1205.2069999999999,1206.355,0.01,91,-1.1480000000001382,0.9292398081534827,-2.077239808153621,-0.41544796163072417,3.9025000000001455,1.2614999999998417,session_flat,2015
-1,479388,479473,2015-05-22 13:55:00+00:00,2015-05-24 22:00:00+00:00,1204.0345,1205.76,0.01,85,-1.7255000000000111,0.4107158296159705,-2.1362158296159817,-0.42724316592319633,4.8275000000001,0.884499999999889,session_flat,2015
-1,479660,479702,2015-05-25 13:35:00+00:00,2015-05-25 22:00:00+00:00,1206.145,1207.13,0.01,42,-0.9850000000001272,0.5101589633688353,-1.4951589633689624,-0.2990317926737925,2.6304999999999836,1.1104999999997744,session_flat,2015
-1,479891,479978,2015-05-26 13:45:00+00:00,2015-05-26 21:00:00+00:00,1188.9865,1187.23,0.01,87,1.7564999999999602,0.6540845752608087,1.1024154247391516,0.2204830849478303,0.599999999999909,3.3695000000000164,session_flat,2015
-1,480162,480255,2015-05-27 13:15:00+00:00,2015-05-27 21:00:00+00:00,1186.2894999999999,1188.0549999999998,0.01,93,-1.7654999999999748,0.9292669082125871,-2.6947669082125616,-0.5389533816425123,2.525500000000193,1.344499999999698,session_flat,2015
-1,480453,480532,2015-05-28 14:25:00+00:00,2015-05-28 22:00:00+00:00,1186.8110000000001,1187.9850000000001,0.01,79,-1.1739999999999782,0.4446448160535206,-1.6186448160534987,-0.32372896321069977,3.3539999999998145,0.9960000000000946,session_flat,2015
1,480784,480808,2015-05-29 19:00:00+00:00,2015-05-31 22:00:00+00:00,1191.0445,1189.74,0.01,24,-1.3044999999999618,0.4579454591442871,-1.7624454591442489,-0.3524890918288498,1.3044999999999618,1.1905000000001564,session_flat,2015
1,481003,481013,2015-06-01 14:15:00+00:00,2015-06-01 15:05:00+00:00,1200.5615,1195.5615,0.01,10,-5.0,0.3401450561686285,-5.340145056168629,-1.0680290112337256,5.733500000000049,1.7570000000000618,stop,2015
1,481295,481361,2015-06-02 15:30:00+00:00,2015-06-02 21:00:00+00:00,1192.0355,1192.96,0.01,66,0.9245000000000801,0.8111447916667083,0.11335520833337187,0.022671041666674375,0.5009999999999764,3.280999999999949,session_flat,2015
-1,481545,481602,2015-06-03 13:15:00+00:00,2015-06-03 18:00:00+00:00,1190.325,1187.055,0.01,57,3.269999999999982,0.39576832998358963,2.874231670016392,0.5748463340032784,2.22849999999994,10.753500000000031,stop,2015
-1,481837,481915,2015-06-04 14:30:00+00:00,2015-06-04 21:00:00+00:00,1176.292,1176.825,0.01,78,-0.5330000000001291,0.7837922222222442,-1.3167922222223734,-0.26335844444447465,2.533000000000129,3.241999999999962,session_flat,2015
-1,482111,482192,2015-06-05 14:15:00+00:00,2015-06-07 22:00:00+00:00,1168.5034999999998,1170.965,0.01,81,-2.4615000000001146,0.47053452841877713,-2.9320345284188916,-0.5864069056837783,3.731000000000222,0.8984999999997854,session_flat,2015
-1,482376,482468,2015-06-08 13:20:00+00:00,2015-06-08 21:00:00+00:00,1172.8400000000001,1174.025,0.01,92,-1.1849999999999454,0.4082361111111222,-1.5932361111110676,-0.31864722222221353,2.1479999999996835,3.234000000000151,session_flat,2015
1,482657,482745,2015-06-09 13:40:00+00:00,2015-06-09 21:00:00+00:00,1179.987,1176.74,0.01,88,-3.2470000000000705,0.7159518796992461,-3.9629518796993164,-0.7925903759398633,4.416000000000167,0.9744999999998072,session_flat,2015
1,482938,483022,2015-06-10 14:00:00+00:00,2015-06-10 21:00:00+00:00,1189.0500000000002,1186.1399999999999,0.01,84,-2.9100000000003092,0.7865807086614278,-3.6965807086617373,-0.7393161417323475,3.3005000000002838,1.2184999999997217,session_flat,2015
-1,483218,483299,2015-06-11 14:15:00+00:00,2015-06-11 21:00:00+00:00,1179.6965,1182.03,0.01,81,-2.333499999999958,0.6572489035087843,-2.9907489035087425,-0.5981497807017485,2.9890000000000327,2.055499999999938,session_flat,2015
-1,483555,483576,2015-06-12 19:15:00+00:00,2015-06-14 22:00:00+00:00,1180.8654999999999,1180.865,0.01,21,0.0004999999998744897,0.4569707079441832,-0.4564707079443087,-0.09129414158886175,1.6800000000000637,0.41899999999986903,session_flat,2015
1,483778,483852,2015-06-15 14:50:00+00:00,2015-06-15 21:00:00+00:00,1182.425,1186.4250000000002,0.01,74,4.000000000000227,0.6713648648648698,3.3286351351353574,0.6657270270270714,1.134999999999991,8.16599999999994,session_flat,2015
-1,484062,484129,2015-06-16 15:25:00+00:00,2015-06-16 21:00:00+00:00,1178.4695000000002,1182.0500000000002,0.01,67,-3.5805000000000295,0.9099582677165152,-4.490458267716544,-0.8980916535433089,4.471999999999753,0.44450000000006185,session_flat,2015
-1,484316,484373,2015-06-17 13:30:00+00:00,2015-06-17 18:15:00+00:00,1179.17,1184.17,0.01,57,-5.0,0.3953462359750194,-5.395346235975019,-1.0790692471950039,5.349999999999909,4.444500000000062,stop,2015
1,484623,484683,2015-06-18 16:00:00+00:00,2015-06-18 21:00:00+00:00,1199.4665,1201.825,0.01,60,2.358500000000049,0.8030827664399289,1.5554172335601202,0.31108344671202404,0.10500000000001819,3.740000000000009,session_flat,2015
1,484891,484960,2015-06-19 15:15:00+00:00,2015-06-21 22:00:00+00:00,1200.226,1200.175,0.01,69,-0.05100000000015825,0.44499833683909323,-0.4959983368392515,-0.0991996673678503,0.42600000000015825,3.3859999999999673,session_flat,2015
-1,485164,485236,2015-06-22 15:00:00+00:00,2015-06-22 21:00:00+00:00,1185.0705,1185.975,0.01,72,-0.9044999999998709,0.9427445355191095,-1.8472445355189804,-0.3694489071037961,2.1884999999999764,1.9975000000001728,session_flat,2015
-1,485426,485513,2015-06-23 13:45:00+00:00,2015-06-23 21:00:00+00:00,1179.2735,1178.685,0.01,87,0.5885000000000673,0.9460991887905577,-0.35759918879049035,-0.07151983775809807,0.8769999999999527,2.815499999999929,session_flat,2015
-1,485703,485790,2015-06-24 13:45:00+00:00,2015-06-24 22:00:00+00:00,1174.834,1175.02,0.01,87,-0.18599999999992178,0.4336992848421407,-0.6196992848420625,-0.1239398569684125,0.765999999999849,3.302500000000009,session_flat,2015
-1,485979,486066,2015-06-25 13:45:00+00:00,2015-06-25 21:00:00+00:00,1173.9845,1173.33,0.01,87,0.6545000000000982,0.678221153846176,-0.023721153846077758,-0.004744230769215552,0.6855000000000473,1.5399999999999636,session_flat,2015
-1,486270,486343,2015-06-26 14:55:00+00:00,2015-06-28 22:00:00+00:00,1172.0394999999999,1177.0394999999999,0.01,73,-5.0,0.4775848616489247,-5.477584861648925,-1.095516972329785,16.030500000000075,0.7344999999997981,stop,2015
1,486590,486619,2015-06-29 18:35:00+00:00,2015-06-29 22:00:00+00:00,1179.7955000000002,1180.31,0.01,29,0.5144999999997708,0.44452075125971763,0.06997924874005318,0.013995849748010636,0.9900000000002365,0.8449999999997999,session_flat,2015
-1,486831,486835,2015-06-30 15:40:00+00:00,2015-06-30 16:00:00+00:00,1172.469,1177.469,0.01,4,-5.0,0.36536435233703596,-5.365364352337036,-1.073072870467407,5.877500000000055,0.17849999999998545,stop,2015
-1,487058,487139,2015-07-01 14:15:00+00:00,2015-07-01 22:00:00+00:00,1169.0265,1168.6,0.01,81,0.42650000000003274,0.45374854271356707,-0.02724854271353433,-0.005449708542706866,4.539000000000215,1.324999999999818,session_flat,2015
-1,487322,487415,2015-07-02 13:15:00+00:00,2015-07-02 22:00:00+00:00,1166.7355,1166.2,0.01,93,0.5354999999999563,0.45326216776870715,0.0822378322312492,0.01644756644624984,2.8695000000000164,4.520999999999958,session_flat,2015
-1,487838,487871,2015-07-06 14:10:00+00:00,2015-07-06 16:55:00+00:00,1166.6045,1171.6045,0.01,33,-5.0,0.34798871522197866,-5.3479887152219785,-1.0695977430443957,5.725500000000011,0.5509999999999309,stop,2015
-1,488134,488197,2015-07-07 15:45:00+00:00,2015-07-07 22:00:00+00:00,1154.366,1155.18,0.01,63,-0.8140000000000782,0.42106569388422627,-1.2350656938843045,-0.2470131387768609,4.604000000000042,2.2059999999999036,session_flat,2015
1,488440,488468,2015-07-08 18:15:00+00:00,2015-07-08 20:35:00+00:00,1162.2849999999999,1157.2849999999999,0.01,28,-5.0,0.4506893822023189,-5.450689382202319,-1.090137876440464,7.460000000000036,1.1215000000001965,stop,2015
1,488696,488749,2015-07-09 16:35:00+00:00,2015-07-09 22:00:00+00:00,1161.224,1159.815,0.01,53,-1.4089999999998781,0.46642861258592644,-1.8754286125858046,-0.37508572251716094,2.972999999999729,0.6445000000001073,session_flat,2015
-1,488985,489025,2015-07-10 17:40:00+00:00,2015-07-12 22:00:00+00:00,1160.0095000000001,1165.0095000000001,0.01,40,-5.0,0.5110581503378424,-5.511058150337842,-1.1022116300675684,5.030499999999847,1.4005000000001928,stop,2015
-1,489222,489235,2015-07-13 14:25:00+00:00,2015-07-13 15:30:00+00:00,1154.0255,1159.0255,0.01,13,-5.0,0.3609374395264162,-5.360937439526416,-1.0721874879052833,5.4845000000000255,0.38449999999988904,stop,2015
-1,489546,489577,2015-07-14 18:25:00+00:00,2015-07-14 22:00:00+00:00,1154.7385,1155.3000000000002,0.01,31,-0.561500000000251,0.456148154213271,-1.017648154213522,-0.20352963084270442,1.2719999999999345,0.2480000000000473,session_flat,2015
-1,489778,489853,2015-07-15 14:45:00+00:00,2015-07-15 21:00:00+00:00,1148.85,1149.47,0.01,75,-0.6200000000001182,0.6456404040404604,-1.2656404040405786,-0.2531280808081157,1.2699999999999818,5.51949999999988,session_flat,2015
-1,490064,490130,2015-07-16 15:30:00+00:00,2015-07-16 21:00:00+00:00,1144.835,1145.4450000000002,0.01,66,-0.6100000000001273,0.693275280898864,-1.3032752808989914,-0.2606550561797983,1.6399999999998727,0.4490000000000691,session_flat,2015
-1,490351,490407,2015-07-17 16:20:00+00:00,2015-07-19 22:00:00+00:00,1132.423,1133.85,0.01,56,-1.4269999999999072,0.44262682913207746,-1.8696268291319846,-0.3739253658263969,2.865500000000111,0.14250000000015461,session_flat,2015
-1,490593,490612,2015-07-20 13:30:00+00:00,2015-07-20 15:05:00+00:00,1112.0645,1109.5549999999998,0.01,19,2.5095000000001164,0.37565005321559886,2.1338499467845176,0.4267699893569035,0.0,10.089500000000044,stop,2015
-1,490881,490959,2015-07-21 14:30:00+00:00,2015-07-21 22:00:00+00:00,1107.9850000000001,1101.4499999999998,0.01,78,6.53500000000031,0.4255208525078468,6.109479147492463,1.2218958294984925,0.7044999999998254,9.57400000000007,session_flat,2015
-1,491142,491170,2015-07-22 13:15:00+00:00,2015-07-22 15:35:00+00:00,1091.301,1096.301,0.01,28,-5.0,0.36295498875204785,-5.362954988752048,-1.0725909977504096,5.1340000000000146,4.076999999999998,stop,2015
-1,491428,491512,2015-07-23 14:00:00+00:00,2015-07-23 22:00:00+00:00,1097.4965000000002,1090.83,0.01,84,6.666500000000269,0.4677074285714273,6.198792571428842,1.2397585142857683,0.6174999999998363,10.146500000000287,session_flat,2015
-1,491692,491720,2015-07-24 13:00:00+00:00,2015-07-24 15:20:00+00:00,1083.63,1088.63,0.01,28,-5.0,0.35734318770751067,-5.357343187707511,-1.0714686375415021,5.434999999999945,4.33400000000006,stop,2015
-1,491968,491975,2015-07-27 13:00:00+00:00,2015-07-27 13:35:00+00:00,1092.263,1097.263,0.01,7,-5.0,0.3747636721559825,-5.374763672155982,-1.0749527344311964,5.137000000000171,0.0,stop,2015
1,492261,492340,2015-07-28 14:25:00+00:00,2015-07-28 22:00:00+00:00,1095.375,1095.42,0.01,79,0.04500000000007276,0.44068401865841017,-0.3956840186583374,-0.07913680373166748,1.4284999999999854,2.17450000000008,session_flat,2015
-1,492543,492580,2015-07-29 14:55:00+00:00,2015-07-29 18:00:00+00:00,1095.175,1100.175,0.01,37,-5.0,0.4527017873357511,-5.4527017873357515,-1.0905403574671504,6.795499999999947,1.5154999999999745,stop,2015
-1,492810,492814,2015-07-30 14:10:00+00:00,2015-07-30 14:30:00+00:00,1089.085,1094.085,0.01,4,-5.0,0.38945909788771943,-5.38945909788772,-1.077891819577544,6.449499999999944,0.0,stop,2015
1,493093,493168,2015-07-31 14:45:00+00:00,2015-08-02 22:00:00+00:00,1094.445,1096.25,0.01,75,1.8050000000000639,0.47096589912281833,1.3340341008772456,0.2668068201754491,1.5509999999999309,4.78449999999998,session_flat,2015
-1,493352,493444,2015-08-03 13:20:00+00:00,2015-08-03 22:00:00+00:00,1090.866,1084.065,0.01,92,6.800999999999931,0.4708366238788286,6.330163376121102,1.2660326752242204,2.4845000000000255,6.800999999999931,session_flat,2015
1,493626,493687,2015-08-04 13:10:00+00:00,2015-08-04 18:15:00+00:00,1091.862,1086.862,0.01,61,-5.0,0.38572510517831443,-5.385725105178315,-1.077145021035663,6.9520000000002256,1.5369999999998072,stop,2015
-1,493927,493996,2015-08-05 15:15:00+00:00,2015-08-05 21:00:00+00:00,1085.296,1085.03,0.01,69,0.2660000000000764,0.6292723735409256,-0.3632723735408492,-0.07265447470816984,2.098499999999831,2.145999999999958,session_flat,2015
1,494230,494273,2015-08-06 17:25:00+00:00,2015-08-06 22:00:00+00:00,1091.255,1089.5900000000001,0.01,43,-1.6649999999999636,0.4151635639351386,-2.0801635639351024,-0.4160327127870205,2.2660000000000764,0.0,session_flat,2015
-1,494456,494458,2015-08-07 13:15:00+00:00,2015-08-07 13:25:00+00:00,1086.2559999999999,1091.2559999999999,0.01,2,-5.0,0.35844991951190536,-5.358449919511905,-1.071689983902381,8.08400000000006,0.3474999999998545,stop,2015
1,494779,494825,2015-08-10 17:10:00+00:00,2015-08-10 22:00:00+00:00,1106.2894999999999,1104.445,0.01,46,-1.8444999999999254,0.436346762861694,-2.2808467628616196,-0.45616935257232394,4.3599999999999,0.009500000000116415,session_flat,2015
1,495007,495101,2015-08-11 13:10:00+00:00,2015-08-11 22:00:00+00:00,1107.5055,1108.88,0.01,94,1.3745000000001255,0.4470951897477528,0.9274048102523726,0.18548096205047454,3.5550000000000637,4.970000000000027,session_flat,2015
1,495286,495377,2015-08-12 13:25:00+00:00,2015-08-12 22:00:00+00:00,1116.8405,1125.75,0.01,91,8.90949999999998,0.43680387257091763,8.472696127429062,1.6945392254858125,0.3954999999998563,9.089499999999816,session_flat,2015
1,495576,495653,2015-08-13 14:35:00+00:00,2015-08-13 21:00:00+00:00,1116.4,1115.15,0.01,77,-1.25,0.6553495821726272,-1.9053495821726272,-0.3810699164345254,2.4265000000000327,0.5284999999998945,session_flat,2015
1,495859,495930,2015-08-14 15:05:00+00:00,2015-08-16 22:00:00+00:00,1116.3200000000002,1114.405,0.01,71,-1.9150000000001912,0.4827544350630947,-2.397754435063286,-0.47955088701265713,4.315000000000055,0.0,session_flat,2015
1,496113,496206,2015-08-17 13:15:00+00:00,2015-08-17 22:00:00+00:00,1119.7065,1118.0,0.01,93,-1.7065000000000057,0.44463638102192365,-2.1511363810219293,-0.43022727620438583,3.0570000000000164,2.153500000000122,session_flat,2015
-1,496429,496482,2015-08-18 16:35:00+00:00,2015-08-18 22:00:00+00:00,1116.2885,1118.105,0.01,53,-1.8164999999999054,0.4607008775844081,-2.2772008775843133,-0.45544017551686267,1.956499999999778,0.352500000000191,session_flat,2015
1,496678,496758,2015-08-19 14:20:00+00:00,2015-08-19 21:00:00+00:00,1125.9765000000002,1133.905,0.01,80,7.928499999999758,0.5779240362811071,7.350575963718651,1.4701151927437301,0.7465000000001965,8.767999999999802,session_flat,2015
1,496954,497035,2015-08-20 14:15:00+00:00,2015-08-20 21:00:00+00:00,1145.716,1152.3249999999998,0.01,81,6.608999999999924,1.0944622483221724,5.514537751677751,1.10290755033555,0.0,8.394500000000107,session_flat,2015
1,497233,497312,2015-08-21 14:25:00+00:00,2015-08-23 22:00:00+00:00,1151.474,1161.105,0.01,79,9.631000000000085,0.45176085626911594,9.17923914373097,1.835847828746194,0.0,13.181000000000267,session_flat,2015
1,497507,497509,2015-08-24 14:15:00+00:00,2015-08-24 14:25:00+00:00,1162.9205,1157.9205,0.01,2,-5.0,0.40545215453868727,-5.405452154538687,-1.0810904309077374,7.720500000000129,1.0985000000000582,stop,2015
-1,497812,497864,2015-08-25 16:40:00+00:00,2015-08-25 22:00:00+00:00,1137.363,1140.5700000000002,0.01,52,-3.2070000000001078,0.46801860975257537,-3.675018609752683,-0.7350037219505366,4.06699999999978,0.5645000000001801,session_flat,2015
-1,498064,498065,2015-08-26 14:40:00+00:00,2015-08-26 14:45:00+00:00,1121.278,1126.278,0.01,1,-5.0,0.3506720022663446,-5.350672002266345,-1.070134400453269,5.745499999999993,0.0,stop,2015
-1,498334,498348,2015-08-27 14:10:00+00:00,2015-08-27 15:20:00+00:00,1120.6195,1125.6195,0.01,14,-5.0,0.36452395496834455,-5.3645239549683446,-1.0729047909936689,5.894999999999982,2.0,stop,2015
1,498617,498629,2015-08-28 14:45:00+00:00,2015-08-28 15:45:00+00:00,1137.0505,1132.0505,0.01,12,-5.0,0.3638610073006426,-5.363861007300643,-1.0727722014601286,5.951499999999896,0.8495000000000346,stop,2015
-1,498891,498907,2015-08-31 14:35:00+00:00,2015-08-31 15:55:00+00:00,1130.8,1135.8,0.01,16,-5.0,0.36286596200890403,-5.362865962008904,-1.0725731924017807,5.033000000000129,1.4545000000000528,stop,2015
1,499163,499244,2015-09-01 14:15:00+00:00,2015-09-01 22:00:00+00:00,1141.604,1139.73,0.01,81,-1.8740000000000236,0.4805319011529497,-2.3545319011529733,-0.47090638023059467,4.364000000000033,0.6359999999999673,session_flat,2015
-1,499462,499520,2015-09-02 16:10:00+00:00,2015-09-02 22:00:00+00:00,1135.0455,1133.8400000000001,0.01,58,1.2054999999998017,0.4631343085106223,0.7423656914891794,0.14847313829783587,2.4850000000001273,1.796999999999798,session_flat,2015
-1,499711,499796,2015-09-03 13:55:00+00:00,2015-09-03 22:00:00+00:00,1127.306,1125.31,0.01,85,1.9960000000000946,0.4524331049995654,1.5435668950005292,0.30871337900010587,3.4449999999999363,4.518000000000029,session_flat,2015
-1,499985,500072,2015-09-04 13:45:00+00:00,2015-09-06 22:00:00+00:00,1120.413,1123.4250000000002,0.01,87,-3.012000000000171,0.5206590261022255,-3.5326590261023965,-0.7065318052204793,3.4420000000000073,2.5239999999998872,session_flat,2015
-1,500285,500301,2015-09-07 15:45:00+00:00,2015-09-07 22:00:00+00:00,1118.7334999999998,1118.815,0.01,16,-0.08150000000023283,0.5389192256572142,-0.620419225657447,-0.1240838451314894,2.03650000000016,0.244499999999789,session_flat,2015
1,500521,500577,2015-09-08 16:20:00+00:00,2015-09-08 22:00:00+00:00,1124.7440000000001,1121.955,0.01,56,-2.7890000000002146,0.4123962704940876,-3.2013962704943024,-0.6402792540988604,3.664500000000089,0.6619999999998072,session_flat,2015
-1,500809,500828,2015-09-09 17:20:00+00:00,2015-09-09 18:55:00+00:00,1103.471,1108.471,0.01,19,-5.0,0.36901377495214277,-5.369013774952143,-1.0738027549904285,5.020500000000084,0.55600000000004,stop,2015
-1,501035,501129,2015-09-10 13:10:00+00:00,2015-09-10 22:00:00+00:00,1113.3105,1111.28,0.01,94,2.0305000000000746,0.4786219784047238,1.5518780215953507,0.31037560431907013,1.3209999999999127,4.880500000000211,session_flat,2015
-1,501324,501383,2015-09-11 14:15:00+00:00,2015-09-11 19:10:00+00:00,1101.7849999999999,1106.7849999999999,0.01,59,-5.0,0.4148188016990885,-5.414818801699089,-1.0829637603398177,6.506500000000187,2.5399999999999636,stop,2015
-1,501593,501633,2015-09-14 13:40:00+00:00,2015-09-14 17:00:00+00:00,1105.433,1110.433,0.01,40,-5.0,0.36985197746810566,-5.369851977468105,-1.073970395493621,5.138500000000022,1.1324999999999363,stop,2015
-1,501872,501957,2015-09-15 13:55:00+00:00,2015-09-15 22:00:00+00:00,1106.1335,1105.37,0.01,85,0.7635000000000219,0.4439461769461827,0.3195538230538392,0.06391076461076785,0.5765000000001237,2.7639999999998963,session_flat,2015
1,502171,502233,2015-09-16 15:50:00+00:00,2015-09-16 22:00:00+00:00,1121.1,1119.4450000000002,0.01,62,-1.6549999999997451,0.43310043454431985,-2.088100434544065,-0.417620086908813,2.214999999999918,3.1900000000000546,session_flat,2015
1,502433,502509,2015-09-17 14:40:00+00:00,2015-09-17 21:00:00+00:00,1118.0685,1131.48,0.01,76,13.411499999999933,0.6218309426230184,12.789669057376914,2.5579338114753827,1.2185000000001764,17.661499999999933,session_flat,2015
1,502709,502786,2015-09-18 14:35:00+00:00,2015-09-20 22:00:00+00:00,1138.1770000000001,1139.33,0.01,77,1.1529999999997926,0.4613437500000056,0.691656249999787,0.1383312499999574,1.9075000000002547,1.9279999999998836,session_flat,2015
1,502972,503062,2015-09-21 13:30:00+00:00,2015-09-21 22:00:00+00:00,1132.605,1133.3249999999998,0.01,90,0.7199999999997999,0.45765736238085764,0.2623426376189423,0.05246852752378846,1.7285000000001673,1.7914999999998145,session_flat,2015
-1,503254,503338,2015-09-22 14:00:00+00:00,2015-09-22 22:00:00+00:00,1123.6085,1124.6,0.01,84,-0.99149999999986,0.49046238773585393,-1.481962387735714,-0.2963924775471428,3.41599999999994,1.4885000000001583,session_flat,2015
1,503531,503614,2015-09-23 14:05:00+00:00,2015-09-23 22:00:00+00:00,1132.0185000000001,1130.78,0.01,83,-1.2385000000001583,0.42791419580417844,-1.6664141958043368,-0.3332828391608674,2.257000000000062,1.6214999999997417,session_flat,2015
1,503833,503890,2015-09-24 16:15:00+00:00,2015-09-24 22:00:00+00:00,1153.2445,1151.53,0.01,57,-1.7145000000000437,0.4435091190587613,-2.158009119058805,-0.431601823811761,3.609499999999798,1.4804999999998927,session_flat,2015
1,504090,504166,2015-09-25 14:40:00+00:00,2015-09-27 22:00:00+00:00,1145.175,1145.405,0.01,76,0.23000000000001822,0.56593210129115,-0.3359321012911318,-0.06718642025822637,1.3999999999998636,3.604000000000042,session_flat,2015
-1,504363,504442,2015-09-28 14:25:00+00:00,2015-09-28 22:00:00+00:00,1134.2285,1132.2350000000001,0.01,79,1.9934999999998129,0.4350964692323375,1.5584035307674753,0.3116807061534951,2.7315000000000964,3.0434999999999945,session_flat,2015
-1,504633,504718,2015-09-29 13:55:00+00:00,2015-09-29 22:00:00+00:00,1133.371,1127.5549999999998,0.01,85,5.816000000000258,0.478139883204298,5.3378601167959605,1.067572023359192,0.3149999999998272,7.445999999999913,session_flat,2015
-1,504913,504994,2015-09-30 14:15:00+00:00,2015-09-30 22:00:00+00:00,1116.255,1115.495,0.01,81,0.7600000000002183,0.4598198423565198,0.3001801576436985,0.060036031528739695,1.1544999999998709,4.420000000000073,session_flat,2015
-1,505174,505270,2015-10-01 13:00:00+00:00,2015-10-01 22:00:00+00:00,1115.8,1113.315,0.01,96,2.4849999999999,0.45155448895610045,2.0334455110437997,0.4066891022087599,3.451000000000249,2.4849999999999,session_flat,2015
1,505474,505546,2015-10-02 15:00:00+00:00,2015-10-04 22:00:00+00:00,1137.045,1137.98,0.01,72,0.9349999999999454,0.4602662868268054,0.47473371317314,0.094946742634628,2.2260000000001128,3.151499999999942,session_flat,2015
1,505745,505822,2015-10-05 14:35:00+00:00,2015-10-05 22:00:00+00:00,1136.75,1135.645,0.01,77,-1.1050000000000182,0.4340386913950342,-1.5390386913950524,-0.3078077382790105,4.098500000000058,1.759999999999991,session_flat,2015
1,506036,506098,2015-10-06 15:50:00+00:00,2015-10-06 22:00:00+00:00,1148.0549999999998,1147.0749999999998,0.01,62,-0.9800000000000182,0.4888158983873345,-1.4688158983873527,-0.29376317967747057,3.221499999999878,0.7130000000001928,session_flat,2015
1,506281,506293,2015-10-07 13:15:00+00:00,2015-10-07 14:15:00+00:00,1147.2595000000001,1142.2595000000001,0.01,12,-5.0,0.35286616814371236,-5.352866168143712,-1.0705732336287423,5.3595000000000255,1.3049999999998363,stop,2015
-1,506562,506568,2015-10-08 13:40:00+00:00,2015-10-08 14:10:00+00:00,1140.1705,1145.1705,0.01,6,-5.0,0.35916579223810946,-5.35916579223811,-1.071833158447622,5.134000000000242,1.2390000000000327,stop,2015
1,506842,506926,2015-10-09 14:00:00+00:00,2015-10-11 22:00:00+00:00,1153.002,1155.57,0.01,84,2.5679999999999836,0.49392866318747636,2.074071336812507,0.41481426736250143,0.0,6.769000000000233,session_flat,2015
1,507127,507202,2015-10-12 14:45:00+00:00,2015-10-12 22:00:00+00:00,1161.3600000000001,1163.3,0.01,75,1.9399999999998272,0.43809272767461943,1.5019072723252078,0.30038145446504155,1.0644999999999527,3.7664999999997235,session_flat,2015
1,507413,507478,2015-10-13 15:35:00+00:00,2015-10-13 22:00:00+00:00,1165.576,1168.66,0.01,65,3.08400000000006,0.4030271435498429,2.680972856450217,0.5361945712900434,0.6559999999999491,3.2789999999999964,session_flat,2015
1,507671,507752,2015-10-14 14:05:00+00:00,2015-10-14 20:50:00+00:00,1174.5410000000002,1184.699,0.01,81,10.157999999999902,0.45409948794973837,9.703900512050163,1.9407801024100326,0.0,15.353999999999814,stop,2015
1,507979,508013,2015-10-15 16:45:00+00:00,2015-10-15 19:35:00+00:00,1188.384,1183.384,0.01,34,-5.0,0.4144795125021898,-5.41447951250219,-1.082895902500438,5.680499999999938,0.22000000000002728,stop,2015
1,508214,508293,2015-10-16 13:20:00+00:00,2015-10-16 19:55:00+00:00,1182.6709999999998,1177.6709999999998,0.01,79,-5.0,0.34899425921327104,-5.348994259213271,-1.0697988518426542,8.265999999999849,1.8335000000001855,stop,2015
-1,508493,508582,2015-10-19 13:35:00+00:00,2015-10-19 22:00:00+00:00,1176.4189999999999,1170.8600000000001,0.01,89,5.558999999999742,0.4406471120618751,5.118352887937867,1.0236705775875734,0.42550000000028376,7.718999999999824,session_flat,2015
1,508785,508858,2015-10-20 14:55:00+00:00,2015-10-20 22:00:00+00:00,1178.25,1175.73,0.01,73,-2.519999999999982,0.45065105457086535,-2.970651054570847,-0.5941302109141694,3.7489999999997963,0.5585000000000946,session_flat,2015
-1,509085,509134,2015-10-21 16:55:00+00:00,2015-10-21 22:00:00+00:00,1166.7435,1167.005,0.01,49,-0.2615000000000691,0.4346445712778964,-0.6961445712779655,-0.13922891425559308,1.5014999999998508,0.89449999999988,session_flat,2015
-1,509325,509410,2015-10-22 13:55:00+00:00,2015-10-22 22:00:00+00:00,1167.367,1166.08,0.01,85,1.2870000000000346,0.4680914487077433,0.8189085512922913,0.16378171025845828,4.488000000000056,2.913000000000011,session_flat,2015
-1,509611,509686,2015-10-23 14:45:00+00:00,2015-10-25 22:00:00+00:00,1163.625,1163.975,0.01,75,-0.34999999999990905,0.5895286787204492,-0.9395286787203583,-0.18790573574407166,3.139499999999998,2.2045000000000528,session_flat,2015
-1,510152,510238,2015-10-27 13:50:00+00:00,2015-10-27 22:00:00+00:00,1165.681,1166.795,0.01,86,-1.1140000000000327,0.48053382108864096,-1.5945338210886737,-0.31890676421773473,2.263500000000022,0.2764999999999418,session_flat,2015
1,510450,510478,2015-10-28 15:40:00+00:00,2015-10-28 18:00:00+00:00,1178.87,1173.87,0.01,28,-5.0,0.4389030427288951,-5.438903042728895,-1.087780608545779,11.774999999999864,1.9700000000002547,stop,2015
-1,510707,510790,2015-10-29 14:05:00+00:00,2015-10-29 22:00:00+00:00,1153.644,1147.125,0.01,83,6.5190000000000055,0.4610482172193278,6.057951782780678,1.2115903565561355,0.6259999999999764,8.85349999999994,session_flat,2015
-1,510996,511066,2015-10-30 15:10:00+00:00,2015-11-01 23:00:00+00:00,1142.436,1141.835,0.01,70,0.6009999999998854,0.4102329729729621,0.19076702702692333,0.038153405405384665,1.259000000000242,3.0494999999998527,session_flat,2015
-1,511299,511330,2015-11-02 18:25:00+00:00,2015-11-02 21:00:00+00:00,1136.2849999999999,1134.539,0.01,31,1.7459999999998672,0.4241108443708867,1.3218891556289805,0.2643778311257961,0.4650000000001455,2.82549999999992,session_flat,2015
-1,511587,511606,2015-11-03 19:25:00+00:00,2015-11-03 21:00:00+00:00,1116.044,1117.74,0.01,19,-1.695999999999913,0.41207872967423637,-2.1080787296741494,-0.42161574593482987,2.7549999999998818,0.0,session_flat,2015
-1,511789,511882,2015-11-04 13:15:00+00:00,2015-11-04 21:00:00+00:00,1120.5255000000002,1107.33,0.01,93,13.195500000000266,0.3848195881493927,12.810680411850873,2.5621360823701744,0.41899999999986903,14.045000000000073,session_flat,2015
-1,512072,512159,2015-11-05 13:45:00+00:00,2015-11-05 21:00:00+00:00,1108.2334999999998,1103.54,0.01,87,4.693499999999858,0.3988708542713631,4.294629145728495,0.8589258291456989,2.546500000000151,5.1284999999998035,session_flat,2015
-1,512364,512435,2015-11-06 15:05:00+00:00,2015-11-06 21:00:00+00:00,1089.4215,1087.78,0.01,71,1.6414999999999509,0.33299115196831036,1.3085088480316405,0.26170176960632807,1.2595000000001164,2.6434999999999036,session_flat,2015
-1,512645,512711,2015-11-09 15:30:00+00:00,2015-11-09 21:00:00+00:00,1090.7495,1090.955,0.01,66,-0.2055000000000291,0.3938696559800913,-0.5993696559801205,-0.1198739311960241,1.75649999999996,2.2649999999998727,session_flat,2015
-1,512917,512934,2015-11-10 15:15:00+00:00,2015-11-10 16:40:00+00:00,1088.319,1093.319,0.01,17,-5.0,0.3329911365645995,-5.332991136564599,-1.06659822731292,5.03650000000016,0.8710000000000946,stop,2015
-1,513199,513262,2015-11-11 15:45:00+00:00,2015-11-11 21:00:00+00:00,1087.3915,1084.7205,0.01,63,2.671000000000049,0.35760734545276335,2.3133926545472856,0.4626785309094571,1.5490000000002055,3.1359999999999673,session_flat,2015
-1,513464,513510,2015-11-12 14:50:00+00:00,2015-11-12 18:40:00+00:00,1087.2595000000001,1083.336,0.01,46,3.923500000000104,0.385890386754793,3.537609613245311,0.7075219226490622,1.06049999999982,9.524000000000115,stop,2015
-1,513737,513814,2015-11-13 14:35:00+00:00,2015-11-13 21:00:00+00:00,1081.525,1082.101,0.01,77,-0.5760000000000218,0.41107033507864277,-0.9870703350786646,-0.1974140670157329,2.1644999999998618,0.8295000000000528,session_flat,2015
1,514000,514009,2015-11-16 13:30:00+00:00,2015-11-16 14:15:00+00:00,1090.0349999999999,1085.0349999999999,0.01,9,-5.0,0.35744966442953346,-5.3574496644295335,-1.0714899328859067,5.309499999999844,0.0,stop,2015
-1,514270,514347,2015-11-17 13:00:00+00:00,2015-11-17 19:25:00+00:00,1079.5565000000001,1071.2350000000001,0.01,77,8.321500000000015,0.3755967487666179,7.945903251233396,1.5891806502466792,3.9494999999999436,13.97700000000009,stop,2015
-1,514560,514618,2015-11-18 14:10:00+00:00,2015-11-18 19:00:00+00:00,1069.3249999999998,1074.3249999999998,0.01,58,-5.0,0.4118926007125589,-5.411892600712559,-1.0823785201425118,6.220000000000255,3.035999999999831,stop,2015
1,514860,514918,2015-11-19 16:10:00+00:00,2015-11-19 21:00:00+00:00,1082.7115,1082.1799999999998,0.01,58,-0.5315000000000509,0.4110714101603429,-0.9425714101603938,-0.18851428203207876,4.402499999999918,4.808500000000095,session_flat,2015
1,515105,515127,2015-11-20 13:35:00+00:00,2015-11-20 15:25:00+00:00,1083.7694999999999,1078.7694999999999,0.01,22,-5.0,0.3443173994010797,-5.3443173994010795,-1.068863479880216,5.089500000000044,0.17849999999998545,stop,2015
-1,515388,515470,2015-11-23 14:10:00+00:00,2015-11-23 21:00:00+00:00,1072.3000000000002,1068.3755,0.01,82,3.92450000000008,0.3812793302818312,3.5432206697182487,0.7086441339436498,1.319999999999709,4.930000000000291,session_flat,2015
1,515659,515746,2015-11-24 13:45:00+00:00,2015-11-24 21:00:00+00:00,1077.9095,1075.725,0.01,87,-2.184500000000071,0.3779167017071771,-2.562416701707248,-0.5124833403414496,4.8194999999998345,0.9355000000000473,session_flat,2015
-1,515926,516022,2015-11-25 13:00:00+00:00,2015-11-25 21:00:00+00:00,1074.5465,1070.674,0.01,96,3.8724999999999454,0.4402904355866117,3.4322095644133337,0.6864419128826668,0.0,6.519999999999982,session_flat,2015
-1,516261,516263,2015-11-26 17:55:00+00:00,2015-11-26 23:00:00+00:00,1071.804,1071.935,0.01,2,-0.13099999999985812,0.7267459893047885,-0.8577459893046466,-0.17154919786092931,0.29599999999982174,0.03900000000021464,session_flat,2015
-1,516431,516449,2015-11-27 13:00:00+00:00,2015-11-27 14:30:00+00:00,1066.063,1058.7345,0.01,18,7.328500000000076,0.34248590294629166,6.9860140970537845,1.3972028194107569,0.0,13.193000000000211,stop,2015
-1,516675,516730,2015-11-30 13:30:00+00:00,2015-11-30 18:05:00+00:00,1059.799,1064.799,0.01,55,-5.0,0.3730678687716867,-5.373067868771686,-1.0746135737543372,7.104000000000042,1.4825000000000728,stop,2015
1,516955,517041,2015-12-01 13:50:00+00:00,2015-12-01 21:00:00+00:00,1068.5655000000002,1069.0749999999998,0.01,86,0.5094999999996617,0.4098483205782307,0.099651679421431,0.0199303358842862,4.63550000000032,1.7029999999999745,session_flat,2015
-1,517284,517317,2015-12-02 18:15:00+00:00,2015-12-02 21:00:00+00:00,1054.7155,1052.641,0.01,33,2.0744999999999436,0.41407609242699545,1.660423907572948,0.33208478151458964,2.70900000000006,2.9565000000000055,session_flat,2015
-1,517529,517555,2015-12-03 15:40:00+00:00,2015-12-03 17:50:00+00:00,1057.3805,1062.3805,0.01,26,-5.0,0.3972603967100033,-5.397260396710004,-1.0794520793420008,5.044500000000198,2.134999999999991,stop,2015
1,517810,517869,2015-12-04 16:05:00+00:00,2015-12-04 21:00:00+00:00,1084.5900000000001,1086.9665,0.01,59,2.376499999999851,0.3807651355421494,1.9957348644577015,0.39914697289154033,2.1200000000001182,3.8259999999997945,session_flat,2015
1,518056,518074,2015-12-07 13:35:00+00:00,2015-12-07 15:05:00+00:00,1080.4215,1075.4215,0.01,18,-5.0,0.3547328903434878,-5.354732890343488,-1.0709465780686975,5.403999999999996,0.9970000000000709,stop,2015
1,518399,518421,2015-12-08 19:10:00+00:00,2015-12-08 21:00:00+00:00,1074.024,1074.6345000000001,0.01,22,0.6105000000002292,0.4487692168500535,0.1617307831501757,0.032346156630035136,0.7789999999999964,0.8515000000002146,session_flat,2015
1,518621,518630,2015-12-09 14:40:00+00:00,2015-12-09 15:25:00+00:00,1082.0295,1077.0295,0.01,9,-5.0,0.35957596110357243,-5.359575961103572,-1.0719151922207144,5.6400000000001,0.3350000000000364,stop,2015
-1,518887,518973,2015-12-10 13:50:00+00:00,2015-12-10 21:00:00+00:00,1073.9115,1071.679,0.01,86,2.2324999999998454,0.4274063330973205,1.8050936669025248,0.36101873338050494,0.6390000000001237,4.401999999999816,session_flat,2015
-1,519159,519161,2015-12-11 13:30:00+00:00,2015-12-11 13:40:00+00:00,1064.299,1069.299,0.01,2,-5.0,0.39427546636124494,-5.394275466361245,-1.078855093272249,5.485500000000229,0.4290000000000873,stop,2015
-1,519433,519525,2015-12-14 13:20:00+00:00,2015-12-14 21:00:00+00:00,1070.5,1063.925,0.01,92,6.575000000000046,0.3547918387156234,6.220208161284423,1.2440416322568846,4.74350000000004,7.220000000000027,session_flat,2015
-1,519707,519758,2015-12-15 13:10:00+00:00,2015-12-15 17:25:00+00:00,1065.575,1064.925,0.01,51,0.650000000000091,0.4025545206825763,0.24744547931751465,0.04948909586350293,2.2590000000000146,5.781500000000051,stop,2015
1,520000,520049,2015-12-16 14:35:00+00:00,2015-12-16 18:40:00+00:00,1072.337,1072.7815,0.01,49,0.44450000000006185,0.4039808932973873,0.04051910670267456,0.008103821340534912,1.2670000000000528,6.093000000000075,stop,2015
-1,520291,520353,2015-12-17 15:50:00+00:00,2015-12-17 21:00:00+00:00,1054.6109999999999,1050.6545,0.01,62,3.956499999999778,0.36902971593317807,3.5874702840666,0.71749405681332,0.0,5.04549999999972,session_flat,2015
-1,520539,520554,2015-12-18 13:30:00+00:00,2015-12-18 14:45:00+00:00,1057.956,1062.956,0.01,15,-5.0,0.35187694863136004,-5.35187694863136,-1.070375389726272,7.115000000000009,1.3554999999998927,stop,2015
1,520810,520905,2015-12-21 13:05:00+00:00,2015-12-21 21:00:00+00:00,1068.1095,1078.2915,0.01,95,10.182000000000016,0.3978706720071238,9.784129327992893,1.9568258655985786,0.7575000000001637,13.680499999999938,session_flat,2015
1,521095,521181,2015-12-22 13:50:00+00:00,2015-12-22 21:00:00+00:00,1076.374,1072.4945,0.01,86,-3.8795000000000073,0.4151259951518985,-4.294625995151906,-0.8589251990303811,4.419500000000198,2.1124999999999545,session_flat,2015
-1,521363,521457,2015-12-23 13:10:00+00:00,2015-12-23 21:00:00+00:00,1073.054,1069.63,0.01,94,3.4239999999999786,0.4380475757575862,2.9859524242423925,0.5971904848484785,0.0,4.6400000000001,session_flat,2015
1,521648,521704,2015-12-24 13:55:00+00:00,2015-12-27 23:00:00+00:00,1072.9795,1075.935,0.01,56,2.955500000000029,0.4481943730856715,2.5073056269143574,0.5014611253828715,0.3505000000000109,4.186500000000251,session_flat,2015
-1,521891,521968,2015-12-28 14:35:00+00:00,2015-12-28 21:00:00+00:00,1071.083,1068.9699999999998,0.01,77,2.1130000000002838,0.399967361111135,1.7130326388891488,0.34260652777782974,1.3024999999997817,4.4529999999999745,session_flat,2015
-1,522150,522244,2015-12-29 13:10:00+00:00,2015-12-29 21:00:00+00:00,1071.3615,1068.255,0.01,94,3.106499999999869,0.4412782478039356,2.6652217521959334,0.5330443504391866,2.0095000000001164,3.776499999999942,session_flat,2015
-1,522426,522520,2015-12-30 13:10:00+00:00,2015-12-30 21:00:00+00:00,1068.8854999999999,1060.4099999999999,0.01,94,8.475500000000011,0.44307608695654027,8.03242391304347,1.6064847826086939,0.29750000000012733,9.346499999999878,session_flat,2015
-1,522706,522796,2015-12-31 13:30:00+00:00,2015-12-31 21:00:00+00:00,1060.684,1060.5995,0.01,90,0.08449999999993452,0.4517559705229282,-0.3672559705229937,-0.07345119410459874,2.841999999999871,1.44399999999996,session_flat,2015
1,522978,523007,2016-01-04 13:10:00+00:00,2016-01-04 15:35:00+00:00,1071.411,1077.8645000000001,0.01,29,6.4535000000000755,0.3684909940805577,6.085009005919518,1.2170018011839034,0.11700000000018917,12.168499999999995,stop,2016
1,523252,523348,2016-01-05 13:00:00+00:00,2016-01-05 21:00:00+00:00,1079.5415,1078.636,0.01,96,-0.9055000000000747,0.37489365492068943,-1.2803936549207642,-0.25607873098415285,4.207000000000107,2.4880000000000564,session_flat,2016
1,523532,523559,2016-01-06 13:20:00+00:00,2016-01-06 15:35:00+00:00,1086.916,1087.1045,0.01,27,0.18849999999997635,0.3567663984736473,-0.16826639847367092,-0.03365327969473418,3.3754999999998745,6.131500000000187,stop,2016
1,523837,523900,2016-01-07 15:45:00+00:00,2016-01-07 21:00:00+00:00,1101.813,1109.335,0.01,63,7.5219999999999345,0.3640158603982029,7.157984139601732,1.4315968279203464,0.08900000000016917,8.411999999999807,session_flat,2016
1,524080,524086,2016-01-08 13:00:00+00:00,2016-01-08 13:30:00+00:00,1099.94,1094.94,0.01,6,-5.0,0.40342980040174165,-5.403429800401741,-1.0806859600803482,7.195000000000164,0.5639999999998508,stop,2016
-1,524394,524452,2016-01-11 16:10:00+00:00,2016-01-11 21:00:00+00:00,1100.517,1095.0259999999998,0.01,58,5.491000000000213,0.39756268151598734,5.093437318484225,1.018687463696845,0.8579999999999472,6.126500000000078,session_flat,2016
-1,524640,524708,2016-01-12 13:40:00+00:00,2016-01-12 19:20:00+00:00,1087.745,1092.745,0.01,68,-5.0,0.3930426688458022,-5.393042668845802,-1.0786085337691604,5.601000000000113,4.164999999999964,stop,2016
-1,524925,524941,2016-01-13 14:25:00+00:00,2016-01-13 15:45:00+00:00,1085.1055000000001,1090.1055000000001,0.01,16,-5.0,0.3736256976282726,-5.373625697628272,-1.0747251395256545,5.393999999999778,0.12700000000018008,stop,2016
-1,525204,525268,2016-01-14 14:40:00+00:00,2016-01-14 20:00:00+00:00,1086.0,1076.7655,0.01,64,9.234500000000025,0.36206965655252304,8.872430343447503,1.7744860686895005,2.9209999999998217,14.444999999999936,stop,2016
1,525482,525489,2016-01-15 14:50:00+00:00,2016-01-15 15:25:00+00:00,1093.2015,1088.2015,0.01,7,-5.0,0.3515956688596536,-5.3515956688596535,-1.0703191337719307,5.3969999999999345,1.5730000000000928,stop,2016
1,525742,525797,2016-01-18 13:30:00+00:00,2016-01-18 23:00:00+00:00,1090.585,1089.12,0.01,55,-1.4650000000001455,0.452525872990743,-1.9175258729908884,-0.3835051745981777,2.0,0.7049999999999272,session_flat,2016
-1,525968,526039,2016-01-19 13:15:00+00:00,2016-01-19 19:10:00+00:00,1086.6305,1091.6305,0.01,71,-5.0,0.40451437647708693,-5.404514376477087,-1.0809028752954173,5.205500000000029,3.0004999999998745,stop,2016
1,526247,526310,2016-01-20 13:30:00+00:00,2016-01-20 18:45:00+00:00,1099.726,1104.1934999999999,0.01,63,4.467499999999745,0.3701422283437933,4.097357771655952,0.8194715543311905,2.5,9.989499999999907,stop,2016
1,526521,526524,2016-01-21 13:20:00+00:00,2016-01-21 13:35:00+00:00,1098.9189999999999,1093.9189999999999,0.01,3,-5.0,0.3799681756776022,-5.379968175677602,-1.0759936351355204,5.3125,1.3010000000001583,stop,2016
-1,526814,526824,2016-01-22 14:45:00+00:00,2016-01-22 15:35:00+00:00,1096.3905,1101.3905,0.01,10,-5.0,0.35544576687584084,-5.355445766875841,-1.071089153375168,6.554000000000087,1.2114999999998872,stop,2016
1,527087,527165,2016-01-25 14:30:00+00:00,2016-01-25 21:00:00+00:00,1105.6405,1108.7,0.01,78,3.059500000000071,0.382802541949036,2.6766974580510348,0.535339491610207,1.5609999999999218,3.2094999999999345,session_flat,2016
1,527362,527441,2016-01-26 14:25:00+00:00,2016-01-26 21:00:00+00:00,1111.1335,1121.5900000000001,0.01,79,10.456500000000233,0.3692416125367083,10.087258387463525,2.017451677492705,0.2925000000000182,11.934999999999945,session_flat,2016
1,527632,527717,2016-01-27 13:55:00+00:00,2016-01-27 21:00:00+00:00,1118.7,1125.8004999999998,0.01,85,7.1004999999997835,0.4051901908283338,6.69530980917145,1.33906196183429,3.6949999999999363,9.394999999999982,session_flat,2016
1,527899,527911,2016-01-28 13:10:00+00:00,2016-01-28 14:10:00+00:00,1119.126,1114.126,0.01,12,-5.0,0.3536863431295865,-5.353686343129587,-1.0707372686259173,7.944999999999936,3.2145000000000437,stop,2016
1,528216,528269,2016-01-29 16:35:00+00:00,2016-01-29 21:00:00+00:00,1116.6979999999999,1117.8600000000001,0.01,53,1.162000000000262,0.4101751101085164,0.7518248898917455,0.15036497797834908,0.8279999999999745,1.6230000000000473,session_flat,2016
1,528453,528545,2016-02-01 13:20:00+00:00,2016-02-01 21:00:00+00:00,1122.5835000000002,1129.6599999999999,0.01,92,7.076499999999669,0.36017071615434076,6.716329283845329,1.3432658567690656,2.839500000000271,7.261499999999842,session_flat,2016
1,528760,528776,2016-02-02 15:55:00+00:00,2016-02-02 17:15:00+00:00,1127.8809999999999,1122.8809999999999,0.01,16,-5.0,0.3607936480647535,-5.360793648064753,-1.0721587296129507,5.464500000000044,0.19900000000006912,stop,2016
1,529011,529078,2016-02-03 13:50:00+00:00,2016-02-03 19:25:00+00:00,1127.7130000000002,1139.2465000000002,0.01,67,11.533500000000004,0.3955715967137428,11.13792840328626,2.227585680657252,2.3160000000002583,17.88649999999984,stop,2016
1,529297,529373,2016-02-04 14:40:00+00:00,2016-02-04 21:00:00+00:00,1153.5835000000002,1155.9415,0.01,76,2.35799999999972,0.3436386407681424,2.0143613592315774,0.40287227184631547,4.384000000000242,3.900499999999738,session_flat,2016
1,529602,529649,2016-02-05 17:05:00+00:00,2016-02-05 21:00:00+00:00,1155.0655000000002,1174.049,0.01,47,18.98349999999982,0.39561716361085303,18.587882836388967,3.7175765672777934,0.0,19.565999999999804,session_flat,2016
1,529835,529858,2016-02-08 13:30:00+00:00,2016-02-08 15:25:00+00:00,1179.3265000000001,1192.646,0.01,23,13.319499999999834,0.362098227797695,12.95740177220214,2.591480354440428,0.0,19.850499999999784,stop,2016
1,530180,530190,2016-02-09 19:15:00+00:00,2016-02-09 20:05:00+00:00,1193.769,1188.769,0.01,10,-5.0,0.43948835422665494,-5.439488354226655,-1.087897670845331,5.138999999999896,1.9565000000000055,stop,2016
-1,530384,530386,2016-02-10 13:15:00+00:00,2016-02-10 13:25:00+00:00,1183.7105000000001,1188.7105000000001,0.01,2,-5.0,0.38254128331941717,-5.3825412833194175,-1.0765082566638835,5.744499999999789,0.0,stop,2016
1,530667,530676,2016-02-11 13:50:00+00:00,2016-02-11 14:35:00+00:00,1233.4085,1237.379,0.01,9,3.9704999999999018,0.3667716421828772,3.6037283578170247,0.720745671563405,0.0,10.370499999999993,stop,2016
1,530942,530970,2016-02-12 13:45:00+00:00,2016-02-12 16:05:00+00:00,1234.8609999999999,1235.2350000000001,0.01,28,0.374000000000251,0.37048730697371207,0.003512693026538949,0.0007025386053077897,2.344499999999698,6.84900000000016,stop,2016
-1,531217,531254,2016-02-15 13:40:00+00:00,2016-02-15 16:45:00+00:00,1212.4015,1207.786,0.01,37,4.615499999999884,0.36801854374634674,4.247481456253537,0.8494962912507074,0.7449999999998909,10.135499999999865,stop,2016
-1,531469,531534,2016-02-16 15:35:00+00:00,2016-02-16 21:00:00+00:00,1212.87,1200.0140000000001,0.01,65,12.855999999999767,0.3839599441484581,12.47204005585131,2.494408011170262,3.4255000000000564,12.9699999999998,session_flat,2016
-1,531720,531752,2016-02-17 13:30:00+00:00,2016-02-17 16:10:00+00:00,1207.2005,1212.2005,0.01,32,-5.0,0.3914905640068901,-5.39149056400689,-1.078298112801378,5.323499999999967,2.3454999999999018,stop,2016
1,532267,532272,2016-02-19 13:05:00+00:00,2016-02-19 13:30:00+00:00,1231.2134999999998,1226.2134999999998,0.01,5,-5.0,0.3819843284809506,-5.381984328480951,-1.0763968656961902,6.368499999999813,0.4715000000001055,stop,2016
-1,532545,532638,2016-02-22 13:15:00+00:00,2016-02-22 21:00:00+00:00,1210.4265,1207.4589999999998,0.01,93,2.9675000000002,0.34365209910811484,2.6238479008920854,0.5247695801784171,4.730000000000018,3.865000000000009,session_flat,2016
1,532831,532884,2016-02-23 14:05:00+00:00,2016-02-23 18:30:00+00:00,1219.326,1221.3600000000001,0.01,53,2.0340000000001055,0.3878024546908789,1.6461975453092266,0.3292395090618453,0.6955000000000382,7.998499999999922,stop,2016
1,533127,533142,2016-02-24 15:45:00+00:00,2016-02-24 17:00:00+00:00,1247.3085,1242.3085,0.01,15,-5.0,0.34686062545799784,-5.346860625457998,-1.0693721250915995,6.893000000000029,2.830500000000029,stop,2016
1,533377,533383,2016-02-25 13:35:00+00:00,2016-02-25 14:05:00+00:00,1235.8335000000002,1230.8335000000002,0.01,6,-5.0,0.35537486394050055,-5.355374863940501,-1.0710749727881002,10.139000000000124,1.000999999999749,stop,2016
1,533648,533652,2016-02-26 13:10:00+00:00,2016-02-26 13:30:00+00:00,1235.8400000000001,1230.8400000000001,0.01,4,-5.0,0.3808418389241149,-5.380841838924115,-1.076168367784823,6.080500000000029,0.0,stop,2016
1,533952,534018,2016-02-29 15:30:00+00:00,2016-02-29 21:00:00+00:00,1233.1105,1240.391,0.01,66,7.280500000000075,0.3975870404003385,6.882912959599736,1.3765825919199473,2.8344999999999345,8.1400000000001,session_flat,2016
1,534215,534217,2016-03-01 14:25:00+00:00,2016-03-01 14:35:00+00:00,1241.6035000000002,1236.6035000000002,0.01,2,-5.0,0.3431741652486316,-5.343174165248632,-1.0686348330497264,5.317000000000007,0.3024999999997817,stop,2016
1,534501,534570,2016-03-02 15:15:00+00:00,2016-03-02 21:00:00+00:00,1238.3519999999999,1241.0010000000002,0.01,69,2.649000000000342,0.3711720843785742,2.277827915621768,0.4555655831243536,3.331499999999778,5.828000000000202,session_flat,2016
1,534761,534846,2016-03-03 13:55:00+00:00,2016-03-03 21:00:00+00:00,1241.529,1262.0545,0.01,85,20.525499999999965,0.3904341515399303,20.135065848460034,4.027013169692006,0.0,26.860000000000127,stop,2016
1,535028,535030,2016-03-04 13:10:00+00:00,2016-03-04 13:20:00+00:00,1264.868,1259.868,0.01,2,-5.0,0.3547187315728509,-5.354718731572851,-1.0709437463145703,6.161499999999933,0.0,stop,2016
1,535323,535357,2016-03-07 14:45:00+00:00,2016-03-07 17:35:00+00:00,1266.424,1261.424,0.01,34,-5.0,0.39667256844184523,-5.396672568441845,-1.079334513688369,5.217999999999847,5.394500000000107,stop,2016
1,535587,535598,2016-03-08 13:45:00+00:00,2016-03-08 14:40:00+00:00,1272.6585,1267.6585,0.01,11,-5.0,0.3499490982809999,-5.349949098281,-1.0699898196561999,6.623500000000149,2.3099999999999454,stop,2016
-1,535883,535885,2016-03-09 15:25:00+00:00,2016-03-09 15:35:00+00:00,1248.133,1253.133,0.01,2,-5.0,0.39974328549821586,-5.399743285498216,-1.0799486570996433,7.87700000000018,1.3795000000000073,stop,2016
-1,536137,536141,2016-03-10 13:35:00+00:00,2016-03-10 13:55:00+00:00,1249.787,1254.787,0.01,4,-5.0,0.37365318688359356,-5.373653186883594,-1.0747306373767187,8.636999999999944,1.5474999999999,stop,2016
1,536410,536434,2016-03-11 13:20:00+00:00,2016-03-11 15:20:00+00:00,1264.321,1259.321,0.01,24,-5.0,0.39211009360661886,-5.392110093606619,-1.0784220187213238,8.786000000000058,5.248000000000047,stop,2016
-1,536699,536778,2016-03-14 13:25:00+00:00,2016-03-14 20:00:00+00:00,1257.8135000000002,1234.735,0.01,79,23.078500000000304,0.40276088116941866,22.675739118830887,4.535147823766177,0.6799999999998363,28.386000000000195,stop,2016
-1,536984,537066,2016-03-15 14:10:00+00:00,2016-03-15 22:00:00+00:00,1232.4695,1232.72,0.01,82,-0.25050000000010186,0.4588466433133875,-0.7093466433134894,-0.14186932866269789,2.0870000000002165,4.735500000000002,session_flat,2016
-1,537261,537306,2016-03-16 14:15:00+00:00,2016-03-16 18:00:00+00:00,1231.6405,1236.6405,0.01,45,-5.0,0.4271864710848398,-5.427186471084839,-1.0854372942169679,12.532500000000027,3.7269999999998618,stop,2016
1,537532,537589,2016-03-17 13:50:00+00:00,2016-03-17 18:35:00+00:00,1264.535,1259.535,0.01,57,-5.0,0.41806475790575376,-5.4180647579057535,-1.0836129515811508,7.219499999999925,2.490000000000009,stop,2016
-1,537798,537855,2016-03-18 13:00:00+00:00,2016-03-18 17:45:00+00:00,1252.2035,1257.2035,0.01,57,-5.0,0.3845628966007391,-5.384562896600739,-1.076912579320148,6.5715000000000146,2.0039999999999054,stop,2016
-1,538079,538170,2016-03-21 13:25:00+00:00,2016-03-21 22:00:00+00:00,1245.2350000000001,1244.18,0.01,91,1.0550000000000637,0.4973528798076062,0.5576471201924575,0.1115294240384915,3.209999999999809,3.1595000000002074,session_flat,2016
1,538352,538394,2016-03-22 13:10:00+00:00,2016-03-22 16:40:00+00:00,1253.0695,1248.0695,0.01,42,-5.0,0.3916024752605022,-5.391602475260502,-1.0783204950521004,7.320500000000266,3.9704999999999018,stop,2016
-1,538642,538661,2016-03-23 14:20:00+00:00,2016-03-23 15:55:00+00:00,1218.2685,1223.2685,0.01,19,-5.0,0.3853153948954063,-5.3853153948954064,-1.0770630789790814,5.226000000000113,1.509999999999991,stop,2016
-1,538921,538998,2016-03-24 14:35:00+00:00,2016-03-27 22:00:00+00:00,1222.2445,1216.08,0.01,77,6.164500000000089,0.5098576166656239,5.6546423833344654,1.130928476666893,1.0705000000000382,7.979500000000144,session_flat,2016
-1,539197,539274,2016-03-28 14:35:00+00:00,2016-03-28 22:00:00+00:00,1219.72,1221.55,0.01,77,-1.8299999999999272,0.4739472300749029,-2.3039472300748303,-0.4607894460149661,2.134999999999991,3.1749999999999545,session_flat,2016
1,539464,539550,2016-03-29 13:50:00+00:00,2016-03-29 22:00:00+00:00,1224.556,1241.1,0.01,86,16.54399999999987,0.5424116156368968,16.00158838436297,3.2003176768725945,1.900000000000091,18.464500000000044,session_flat,2016
-1,539770,539826,2016-03-30 16:20:00+00:00,2016-03-30 22:00:00+00:00,1227.206,1225.6100000000001,0.01,56,1.5959999999997765,0.4603009950248825,1.135699004974894,0.22713980099497882,2.0295000000000982,3.2954999999999472,session_flat,2016
1,540023,540050,2016-03-31 14:25:00+00:00,2016-03-31 16:40:00+00:00,1236.4385,1231.4385,0.01,27,-5.0,0.40544053528996254,-5.405440535289962,-1.0810881070579925,5.073499999999967,0.012500000000045475,stop,2016
-1,540291,540321,2016-04-01 13:45:00+00:00,2016-04-01 16:15:00+00:00,1217.2350000000001,1216.1145000000001,0.01,30,1.1204999999999927,0.3947876179193062,0.7257123820806866,0.1451424764161373,0.7549999999998818,8.1400000000001,stop,2016
-1,540558,540654,2016-04-04 13:00:00+00:00,2016-04-04 22:00:00+00:00,1221.9595,1215.85,0.01,96,6.1095000000000255,0.465287399375225,5.6442126006248,1.1288425201249601,0.08100000000013097,7.214500000000044,session_flat,2016
1,540836,540847,2016-04-05 13:10:00+00:00,2016-04-05 14:05:00+00:00,1232.944,1227.944,0.01,11,-5.0,0.3791734770273712,-5.379173477027371,-1.0758346954054743,5.985000000000127,0.9969999999998436,stop,2016
-1,541115,541142,2016-04-06 13:25:00+00:00,2016-04-06 15:40:00+00:00,1220.4265,1225.4265,0.01,27,-5.0,0.37737317317317093,-5.377373173173171,-1.0754746346346342,6.141499999999951,0.1610000000000582,stop,2016
1,541389,541482,2016-04-07 13:15:00+00:00,2016-04-07 22:00:00+00:00,1238.0455,1240.29,0.01,93,2.2445000000000164,0.49214172295564035,1.752358277044376,0.3504716554088752,3.0384999999998854,5.279500000000098,session_flat,2016
1,541722,541758,2016-04-08 18:00:00+00:00,2016-04-10 22:00:00+00:00,1241.3245000000002,1240.0549999999998,0.01,36,-1.2695000000003347,0.49355694430556174,-1.7630569443058963,-0.35261138886117926,1.8240000000000691,6.705499999999802,session_flat,2016
1,541944,542034,2016-04-11 13:30:00+00:00,2016-04-11 22:00:00+00:00,1250.3094999999998,1258.4650000000001,0.01,90,8.155500000000302,0.4667795478850297,7.688720452115272,1.5377440904230544,0.49949999999989814,9.040500000000065,session_flat,2016
1,542216,542225,2016-04-12 13:10:00+00:00,2016-04-12 13:55:00+00:00,1258.766,1253.766,0.01,9,-5.0,0.3759809847319609,-5.375980984731961,-1.0751961969463921,5.18100000000004,2.0230000000001382,stop,2016
-1,542492,542586,2016-04-13 13:10:00+00:00,2016-04-13 22:00:00+00:00,1247.029,1242.084,0.01,94,4.944999999999936,0.4756583615659758,4.469341638433961,0.8938683276867921,3.5799999999999272,6.003999999999905,session_flat,2016
-1,542771,542862,2016-04-14 13:25:00+00:00,2016-04-14 22:00:00+00:00,1235.545,1227.5255,0.01,91,8.019500000000107,0.5656739221773899,7.4538260778227174,1.4907652155645434,1.2304999999998927,11.581500000000233,session_flat,2016
-1,543047,543074,2016-04-15 13:25:00+00:00,2016-04-15 15:40:00+00:00,1229.1100000000001,1234.1100000000001,0.01,27,-5.0,0.37516585857327295,-5.375165858573273,-1.0750331717146546,5.535499999999956,2.7450000000001182,stop,2016
-1,543336,543414,2016-04-18 14:30:00+00:00,2016-04-18 22:00:00+00:00,1234.3385,1232.52,0.01,78,1.8185000000000857,0.47221090906301516,1.3462890909370706,0.2692578181874141,1.9864999999999782,3.2180000000000746,session_flat,2016
1,543614,543690,2016-04-19 14:40:00+00:00,2016-04-19 22:00:00+00:00,1253.5100000000002,1249.9099999999999,0.01,76,-3.600000000000364,0.4624444118766797,-4.062444411877044,-0.8124888823754087,4.1150000000002365,1.9099999999998545,session_flat,2016
1,543884,543944,2016-04-20 14:10:00+00:00,2016-04-20 19:10:00+00:00,1252.1365,1247.1365,0.01,60,-5.0,0.39447088544575354,-5.394470885445753,-1.0788941770891507,7.302000000000135,4.218499999999949,stop,2016
1,544159,544242,2016-04-21 14:05:00+00:00,2016-04-21 22:00:00+00:00,1251.6,1247.1305,0.01,83,-4.469499999999925,0.5004812108559644,-4.96998121085589,-0.993996242171178,4.7905000000000655,2.850500000000011,session_flat,2016
-1,544434,544495,2016-04-22 14:00:00+00:00,2016-04-22 19:05:00+00:00,1243.75,1233.185,0.01,61,10.565000000000055,0.4064316624153111,10.158568337584743,2.0317136675169487,1.6619999999998072,16.25999999999999,stop,2016
-1,544706,544794,2016-04-25 13:40:00+00:00,2016-04-25 22:00:00+00:00,1237.4450000000002,1238.1399999999999,0.01,88,-0.694999999999709,0.47217675096689876,-1.1671767509666078,-0.23343535019332157,4.93549999999982,1.0100000000002183,session_flat,2016
1,544994,545070,2016-04-26 14:40:00+00:00,2016-04-26 22:00:00+00:00,1240.5415,1243.8995,0.01,76,3.3579999999999472,0.48454392675209107,2.8734560732478562,0.5746912146495713,0.3955000000000837,3.858500000000049,session_flat,2016
1,545252,545310,2016-04-27 13:10:00+00:00,2016-04-27 18:00:00+00:00,1248.486,1243.486,0.01,58,-5.0,0.4347163261605959,-5.434716326160596,-1.0869432652321191,8.92100000000005,1.9089999999998781,stop,2016
1,545532,545622,2016-04-28 13:30:00+00:00,2016-04-28 22:00:00+00:00,1255.1999999999998,1266.21,0.01,90,11.010000000000218,0.4867455503512847,10.523254449648933,2.1046508899297867,2.033999999999878,14.52000000000021,session_flat,2016
1,545840,545898,2016-04-29 16:10:00+00:00,2016-05-01 22:00:00+00:00,1290.7205,1290.975,0.01,58,0.2545000000000073,0.5189889979091136,-0.2644889979091063,-0.05289779958182126,2.9894999999999072,4.316000000000258,session_flat,2016
1,546078,546085,2016-05-02 13:00:00+00:00,2016-05-02 13:35:00+00:00,1296.399,1291.399,0.01,7,-5.0,0.3836913364115479,-5.383691336411548,-1.0767382672823096,5.058999999999742,0.6015000000002146,stop,2016
1,546356,546368,2016-05-03 13:10:00+00:00,2016-05-03 14:10:00+00:00,1295.795,1290.795,0.01,12,-5.0,0.3835141102773962,-5.383514110277396,-1.0767028220554793,5.5460000000002765,0.7355000000000018,stop,2016
-1,546698,546701,2016-05-04 18:40:00+00:00,2016-05-04 18:55:00+00:00,1274.31,1279.31,0.01,3,-5.0,0.4221024650897565,-5.422102465089757,-1.0844204930179513,5.096000000000004,0.0,stop,2016
-1,546936,546970,2016-05-05 15:30:00+00:00,2016-05-05 18:20:00+00:00,1276.589,1275.025,0.01,34,1.5639999999998508,0.38564876553196964,1.1783512344678813,0.23567024689357624,0.3610000000001037,7.628999999999905,stop,2016
1,547188,547243,2016-05-06 13:30:00+00:00,2016-05-06 18:05:00+00:00,1287.1985,1289.98,0.01,55,2.781500000000051,0.41470029603371183,2.366799703966339,0.47335994079326776,4.286999999999807,8.466499999999996,stop,2016
-1,547483,547554,2016-05-09 15:05:00+00:00,2016-05-09 22:00:00+00:00,1266.9735,1264.225,0.01,71,2.748500000000149,0.5338992676853915,2.2146007323147576,0.4429201464629515,0.0,5.548999999999978,session_flat,2016
-1,547775,547788,2016-05-10 16:25:00+00:00,2016-05-10 17:30:00+00:00,1260.3605,1265.3605,0.01,13,-5.0,0.4261669945018482,-5.426166994501848,-1.0852333989003697,5.048500000000104,0.4055000000000746,stop,2016
1,548012,548053,2016-05-11 13:10:00+00:00,2016-05-11 16:35:00+00:00,1275.792,1270.792,0.01,41,-5.0,0.38508196630345226,-5.385081966303452,-1.0770163932606904,5.481999999999971,2.8279999999999745,stop,2016
1,548304,548310,2016-05-12 14:30:00+00:00,2016-05-12 15:00:00+00:00,1276.4015,1271.4015,0.01,6,-5.0,0.3880720161406798,-5.38807201614068,-1.077614403228136,6.491999999999962,0.8150000000000546,stop,2016
-1,548565,548613,2016-05-13 13:15:00+00:00,2016-05-13 17:15:00+00:00,1268.399,1273.399,0.01,48,-5.0,0.3527790058732214,-5.352779005873222,-1.0705558011746443,5.0844999999999345,5.373999999999796,stop,2016
-1,548914,548934,2016-05-16 19:20:00+00:00,2016-05-16 22:00:00+00:00,1273.595,1273.62,0.01,20,-0.024999999999863576,0.5306610143160274,-0.555661014315891,-0.1111322028631782,1.55399999999986,0.4600000000000364,session_flat,2016
1,549142,549157,2016-05-17 15:20:00+00:00,2016-05-17 16:35:00+00:00,1279.8315,1274.8315,0.01,15,-5.0,0.36672385051692374,-5.366723850516924,-1.0733447701033847,5.033000000000129,1.7084999999999582,stop,2016
-1,549399,549486,2016-05-18 13:45:00+00:00,2016-05-18 22:00:00+00:00,1273.996,1258.1399999999999,0.01,87,15.856000000000222,0.49826155640372444,15.357738443596498,3.0715476887192996,0.46499999999991815,18.81100000000015,session_flat,2016
-1,549685,549716,2016-05-19 14:35:00+00:00,2016-05-19 17:10:00+00:00,1249.494,1254.494,0.01,31,-5.0,0.37765101736378465,-5.377651017363784,-1.075530203472757,5.357000000000198,2.147999999999911,stop,2016
-1,549942,550038,2016-05-20 13:00:00+00:00,2016-05-22 22:00:00+00:00,1258.0810000000001,1251.15,0.01,96,6.93100000000004,0.5214577226820247,6.409542277318016,1.281908455463603,2.2674999999999272,9.167500000000018,session_flat,2016
-1,550238,550314,2016-05-23 14:40:00+00:00,2016-05-23 22:00:00+00:00,1248.4234999999999,1249.06,0.01,76,-0.6365000000000691,0.4871189155581498,-1.123618915558219,-0.22472378311164382,3.4765000000002146,2.2035000000000764,session_flat,2016
-1,550497,550590,2016-05-24 13:15:00+00:00,2016-05-24 22:00:00+00:00,1239.531,1227.3200000000002,0.01,93,12.210999999999785,0.529397889305822,11.681602110693964,2.336320422138793,0.0,13.110999999999876,session_flat,2016
-1,550784,550866,2016-05-25 14:10:00+00:00,2016-05-25 22:00:00+00:00,1220.9555,1223.73,0.01,82,-2.774499999999989,0.5350355385630103,-3.3095355385629994,-0.6619071077125999,4.31899999999996,2.886500000000069,session_flat,2016
-1,551124,551142,2016-05-26 19:30:00+00:00,2016-05-26 22:00:00+00:00,1220.635,1219.9099999999999,0.01,18,0.7250000000001364,0.5188650452043841,0.20613495479575228,0.04122699095915046,0.11350000000015825,1.0899999999999181,session_flat,2016
-1,551352,551411,2016-05-27 15:30:00+00:00,2016-05-27 20:25:00+00:00,1212.656,1212.305,0.01,59,0.3509999999998854,0.4322458025400069,-0.08124580254012148,-0.016249160508024295,3.0389999999999873,5.765999999999849,stop,2016
-1,551605,551647,2016-05-30 13:35:00+00:00,2016-05-30 22:00:00+00:00,1209.0255000000002,1206.4,0.01,42,2.625500000000102,0.49048945869574984,2.135010541304352,0.42700210826087037,0.6359999999999673,3.9505000000001473,session_flat,2016
-1,551831,551887,2016-05-31 13:20:00+00:00,2016-05-31 18:00:00+00:00,1212.201,1217.201,0.01,56,-5.0,0.39466629747774795,-5.394666297477748,-1.0789332594955496,5.479000000000042,1.9164999999998145,stop,2016
-1,552158,552199,2016-06-01 17:35:00+00:00,2016-06-01 22:00:00+00:00,1212.464,1213.7849999999999,0.01,41,-1.3209999999999127,0.5504526435304251,-1.8714526435303378,-0.37429052870606755,1.3710000000000946,2.6790000000000873,session_flat,2016
-1,552391,552475,2016-06-02 14:00:00+00:00,2016-06-02 22:00:00+00:00,1212.79,1211.0545,0.01,84,1.735500000000002,0.5036199852255987,1.2318800147744033,0.24637600295488066,1.3250000000000455,2.8740000000000236,session_flat,2016
1,552675,552751,2016-06-03 14:40:00+00:00,2016-06-05 22:00:00+00:00,1240.6,1243.15,0.01,76,2.550000000000182,0.4601077757019895,2.0898922242981923,0.4179784448596385,2.2100000000000364,4.505000000000109,session_flat,2016
1,552942,553027,2016-06-06 13:55:00+00:00,2016-06-06 22:00:00+00:00,1243.6795,1245.36,0.01,85,1.6804999999999384,0.4894070876078854,1.1910929123920528,0.23821858247841057,3.451999999999998,3.923999999999978,session_flat,2016
1,553233,553303,2016-06-07 15:10:00+00:00,2016-06-07 22:00:00+00:00,1240.997,1244.245,0.01,70,3.24799999999982,0.5088547778284411,2.739145222171379,0.5478290444342757,0.46200000000021646,4.991999999999962,session_flat,2016
1,553500,553579,2016-06-08 14:25:00+00:00,2016-06-08 22:00:00+00:00,1261.0105,1262.17,0.01,79,1.15949999999998,0.4825669097981092,0.6769330902018709,0.13538661804037416,2.2495000000001255,1.794499999999971,session_flat,2016
1,553784,553855,2016-06-09 15:05:00+00:00,2016-06-09 22:00:00+00:00,1266.841,1268.93,0.01,71,2.089000000000169,0.4916367059593933,1.5973632940407758,0.3194726588081552,0.0,4.980000000000018,session_flat,2016
1,554066,554131,2016-06-10 15:35:00+00:00,2016-06-12 22:00:00+00:00,1270.0555,1275.76,0.01,65,5.704500000000053,0.5111922288643949,5.1933077711356574,1.0386615542271316,0.8110000000001492,7.454500000000053,session_flat,2016
1,554314,554321,2016-06-13 13:15:00+00:00,2016-06-13 13:50:00+00:00,1285.6285,1280.6285,0.01,7,-5.0,0.3944110826256213,-5.394411082625622,-1.0788822165251244,5.328500000000076,0.5634999999999764,stop,2016
1,554596,554628,2016-06-14 13:45:00+00:00,2016-06-14 16:25:00+00:00,1285.641,1280.641,0.01,32,-5.0,0.4258370564970314,-5.4258370564970315,-1.0851674112994063,5.200500000000147,2.798999999999978,stop,2016
1,554880,554934,2016-06-15 14:25:00+00:00,2016-06-15 18:55:00+00:00,1283.006,1290.7145,0.01,54,7.708499999999958,0.433358144569089,7.275141855430869,1.4550283710861738,0.9345000000000709,13.898999999999887,stop,2016
1,555170,555179,2016-06-16 15:35:00+00:00,2016-06-16 16:20:00+00:00,1310.08,1305.08,0.01,9,-5.0,0.3971288761287652,-5.3971288761287655,-1.079425775225753,8.283500000000004,0.0,stop,2016
-1,555447,555469,2016-06-17 15:40:00+00:00,2016-06-17 17:30:00+00:00,1288.2255,1293.2255,0.01,22,-5.0,0.413111855409996,-5.413111855409996,-1.082622371081999,7.472999999999956,1.5160000000000764,stop,2016
-1,555716,555773,2016-06-20 15:05:00+00:00,2016-06-20 19:50:00+00:00,1285.58,1290.58,0.01,57,-5.0,0.3963861715164757,-5.396386171516475,-1.079277234303295,5.530500000000075,1.4649999999999181,stop,2016
-1,555994,556063,2016-06-21 15:15:00+00:00,2016-06-21 22:00:00+00:00,1270.2395000000001,1268.635,0.01,69,1.6045000000001437,0.5266442536615958,1.0778557463385479,0.21557114926770957,1.3889999999998963,5.565000000000055,session_flat,2016
-1,556252,556339,2016-06-22 13:45:00+00:00,2016-06-22 22:00:00+00:00,1267.2945,1265.51,0.01,87,1.7844999999999802,0.5998723849372352,1.184627615062745,0.23692552301254902,2.1649999999999636,4.194500000000062,session_flat,2016
-1,556524,556550,2016-06-23 13:25:00+00:00,2016-06-23 15:35:00+00:00,1262.066,1267.066,0.01,26,-5.0,0.39748077165731377,-5.397480771657314,-1.0794961543314627,5.30399999999986,1.2450000000001182,stop,2016
1,556804,556806,2016-06-24 13:45:00+00:00,2016-06-24 13:55:00+00:00,1318.7055,1313.7055,0.01,2,-5.0,0.4008596345216567,-5.400859634521657,-1.0801719269043315,6.190499999999929,0.0,stop,2016
1,557073,557096,2016-06-27 13:10:00+00:00,2016-06-27 15:05:00+00:00,1327.649,1322.649,0.01,23,-5.0,0.3895823157398932,-5.389582315739894,-1.0779164631479787,5.170000000000073,0.4450000000001637,stop,2016
-1,557365,557443,2016-06-28 14:30:00+00:00,2016-06-28 22:00:00+00:00,1312.7845000000002,1310.78,0.01,78,2.0045000000002346,0.5134902813772684,1.4910097186229663,0.29820194372459324,3.6069999999997435,2.1845000000002983,session_flat,2016
1,557638,557698,2016-06-29 14:15:00+00:00,2016-06-29 19:15:00+00:00,1320.424,1321.555,0.01,60,1.1310000000000855,0.4346818559962416,0.696318144003844,0.13926362880076879,0.9740000000001601,7.507000000000062,stop,2016
1,557919,557995,2016-06-30 14:40:00+00:00,2016-06-30 22:00:00+00:00,1317.5495,1322.38,0.01,76,4.830500000000029,0.5804419412540103,4.250058058746019,0.8500116117492038,2.925999999999931,6.689499999999953,session_flat,2016
1,558191,558271,2016-07-01 14:20:00+00:00,2016-07-03 22:00:00+00:00,1337.548,1339.47,0.01,80,1.9220000000000255,0.5273789128312486,1.394621087168777,0.2789242174337554,2.8615000000002055,7.071999999999889,stop,2016
1,558457,558499,2016-07-04 13:30:00+00:00,2016-07-04 22:00:00+00:00,1350.995,1348.3049999999998,0.01,42,-2.6900000000000546,0.5266975967909846,-3.216697596791039,-0.6433395193582079,3.064999999999827,2.975500000000011,session_flat,2016
1,558694,558699,2016-07-05 14:15:00+00:00,2016-07-05 14:40:00+00:00,1349.9795,1344.9795,0.01,5,-5.0,0.3807540388990971,-5.380754038899097,-1.0761508077798194,6.349999999999909,0.5455000000001746,stop,2016
1,558962,559022,2016-07-06 13:35:00+00:00,2016-07-06 18:35:00+00:00,1368.0965,1363.0965,0.01,60,-5.0,0.4052211444905812,-5.405221144490581,-1.0810442288981164,8.191500000000133,5.33849999999984,stop,2016
-1,559258,559277,2016-07-07 15:15:00+00:00,2016-07-07 16:50:00+00:00,1356.3165,1361.3165,0.01,19,-5.0,0.3846062607012978,-5.384606260701298,-1.0769212521402596,5.739000000000033,1.4449999999999363,stop,2016
-1,559552,559566,2016-07-08 16:45:00+00:00,2016-07-08 17:55:00+00:00,1355.87,1360.87,0.01,14,-5.0,0.4137213909009991,-5.413721390900999,-1.0827442781802,5.450000000000273,0.3949999999999818,stop,2016
-1,559790,559879,2016-07-11 13:35:00+00:00,2016-07-11 22:00:00+00:00,1355.4099999999999,1355.52,0.01,89,-0.11000000000012733,0.48892602395197327,-0.5989260239521006,-0.11978520479042012,4.9305000000001655,2.449999999999818,session_flat,2016
-1,560061,560155,2016-07-12 13:10:00+00:00,2016-07-12 22:00:00+00:00,1347.97,1333.3400000000001,0.01,94,14.629999999999882,0.5419189877782562,14.088081012221625,2.817616202444325,0.0,17.529000000000224,session_flat,2016
-1,560346,560367,2016-07-13 13:55:00+00:00,2016-07-13 15:40:00+00:00,1343.1215,1342.1100000000001,0.01,21,1.0114999999998417,0.3576428236885824,0.6538571763112593,0.13077143526225185,0.5935000000001764,6.276999999999816,stop,2016
-1,560623,560631,2016-07-14 14:00:00+00:00,2016-07-14 14:40:00+00:00,1323.8895,1328.8895,0.01,8,-5.0,0.36023735062396917,-5.3602373506239696,-1.072047470124794,5.740500000000111,0.0,stop,2016
-1,560899,560930,2016-07-15 14:00:00+00:00,2016-07-15 16:35:00+00:00,1326.5935,1331.5935,0.01,31,-5.0,0.3673823469842504,-5.36738234698425,-1.0734764693968502,5.726499999999987,3.044499999999971,stop,2016
-1,561165,561172,2016-07-18 13:10:00+00:00,2016-07-18 13:45:00+00:00,1330.1345000000001,1335.1345000000001,0.01,7,-5.0,0.36516047770264476,-5.365160477702645,-1.073032095540529,5.475500000000011,0.6945000000000618,stop,2016
-1,561449,561535,2016-07-19 13:50:00+00:00,2016-07-19 22:00:00+00:00,1330.3305,1331.6599999999999,0.01,86,-1.3294999999998254,0.5242400532096467,-1.853740053209472,-0.37074801064189444,3.6705000000001746,1.3610000000001037,session_flat,2016
-1,561734,561811,2016-07-20 14:35:00+00:00,2016-07-20 22:00:00+00:00,1318.1689999999999,1316.29,0.01,77,1.8789999999999054,0.48098765927940523,1.3980123407205003,0.27960246814410006,2.9040000000002237,5.42899999999986,session_flat,2016
-1,562002,562005,2016-07-21 13:55:00+00:00,2016-07-21 14:10:00+00:00,1317.52,1322.52,0.01,3,-5.0,0.3606018931830573,-5.360601893183057,-1.0721203786366114,5.061000000000149,0.0,stop,2016
-1,562267,562363,2016-07-22 13:00:00+00:00,2016-07-24 22:00:00+00:00,1324.523,1323.025,0.01,96,1.49799999999982,0.4581779882771627,1.039822011722657,0.20796440234453142,1.977500000000191,4.724500000000035,session_flat,2016
-1,562559,562571,2016-07-25 14:20:00+00:00,2016-07-25 15:20:00+00:00,1314.376,1319.376,0.01,12,-5.0,0.3260481507723665,-5.326048150772366,-1.0652096301544733,5.9845000000000255,0.9004999999999654,stop,2016
1,562891,562915,2016-07-26 19:00:00+00:00,2016-07-26 22:00:00+00:00,1320.38,1319.845,0.01,24,-0.5350000000000819,0.5699658597342916,-1.1049658597343734,-0.22099317194687468,1.0900000000001455,0.4355000000000473,session_flat,2016
1,563113,563155,2016-07-27 14:30:00+00:00,2016-07-27 18:00:00+00:00,1327.1464999999998,1322.1464999999998,0.01,42,-5.0,0.4435469280573315,-5.443546928057332,-1.0887093856114665,6.076499999999896,1.1535000000001219,stop,2016
1,563376,563392,2016-07-28 13:25:00+00:00,2016-07-28 14:45:00+00:00,1341.52,1336.52,0.01,16,-5.0,0.34029504516855774,-5.340295045168558,-1.0680590090337116,5.5715000000000146,1.330500000000029,stop,2016
1,563657,563734,2016-07-29 13:50:00+00:00,2016-07-29 20:15:00+00:00,1342.6245,1349.969,0.01,77,7.344500000000152,0.39106575728553855,6.953434242714613,1.3906868485429227,0.5079999999998108,12.485000000000127,stop,2016
1,563965,564019,2016-08-01 16:30:00+00:00,2016-08-01 22:00:00+00:00,1352.69,1353.795,0.01,54,1.1050000000000182,0.49113704361205207,0.6138629563879661,0.12277259127759321,1.0895000000000437,2.3099999999999454,session_flat,2016
1,564229,564295,2016-08-02 15:30:00+00:00,2016-08-02 22:00:00+00:00,1366.0635000000002,1363.675,0.01,66,-2.388500000000249,0.4858069293965251,-2.8743069293967745,-0.5748613858793549,3.1635000000001128,0.8094999999998436,session_flat,2016
1,564478,564490,2016-08-03 13:15:00+00:00,2016-08-03 14:15:00+00:00,1361.055,1356.055,0.01,12,-5.0,0.31429364481451505,-5.314293644814515,-1.062858728962903,5.30399999999986,0.9694999999999254,stop,2016
1,564767,564847,2016-08-04 14:20:00+00:00,2016-08-04 22:00:00+00:00,1362.955,1360.8000000000002,0.01,80,-2.1549999999997453,0.5244692357653369,-2.6794692357650822,-0.5358938471530165,3.0054999999997563,1.425000000000182,session_flat,2016
-1,565055,565123,2016-08-05 15:20:00+00:00,2016-08-07 22:00:00+00:00,1339.3135000000002,1335.51,0.01,68,3.803500000000213,0.4298359152476727,3.3736640847525403,0.674732816950508,0.9624999999998636,7.129500000000007,session_flat,2016
-1,565320,565399,2016-08-08 14:25:00+00:00,2016-08-08 22:00:00+00:00,1337.3085,1335.595,0.01,79,1.7135000000000673,0.4906494962832529,1.2228505037168145,0.24457010074336288,0.32150000000001455,3.2085000000001855,session_flat,2016
1,565607,565675,2016-08-09 15:20:00+00:00,2016-08-09 22:00:00+00:00,1340.3195,1340.85,0.01,68,0.5304999999998472,0.46010876918311855,0.07039123081672866,0.014078246163345732,2.039500000000089,1.3804999999997563,session_flat,2016
1,565862,565870,2016-08-10 13:35:00+00:00,2016-08-10 14:15:00+00:00,1352.7565,1347.7565,0.01,8,-5.0,0.35272927443782237,-5.352729274437823,-1.0705458548875646,6.171499999999924,0.8800000000001091,stop,2016
1,566141,566166,2016-08-11 13:50:00+00:00,2016-08-11 15:55:00+00:00,1345.7035,1347.75,0.01,25,2.0464999999999236,0.3571881082725096,1.6893118917274141,0.33786237834548283,0.0,7.72649999999976,stop,2016
1,566409,566444,2016-08-12 13:10:00+00:00,2016-08-12 16:05:00+00:00,1351.6399999999999,1346.6399999999999,0.01,35,-5.0,0.33844072058798563,-5.338440720587986,-1.0676881441175972,6.9659999999998945,2.5700000000001637,stop,2016
-1,566687,566705,2016-08-15 13:20:00+00:00,2016-08-15 14:50:00+00:00,1338.095,1343.095,0.01,18,-5.0,0.3590444949893071,-5.359044494989307,-1.0718088989978614,5.854500000000144,1.0544999999999618,stop,2016
1,566960,566963,2016-08-16 13:00:00+00:00,2016-08-16 13:15:00+00:00,1349.29,1344.29,0.01,3,-5.0,0.34023619985943276,-5.340236199859433,-1.0680472399718866,5.964500000000044,0.2640000000001237,stop,2016
-1,567254,567297,2016-08-17 14:30:00+00:00,2016-08-17 18:05:00+00:00,1344.0745000000002,1349.0745000000002,0.01,43,-5.0,0.37276957637350405,-5.372769576373504,-1.0745539152747008,6.429499999999734,7.98050000000012,stop,2016
1,567532,567608,2016-08-18 14:40:00+00:00,2016-08-18 22:00:00+00:00,1349.1109999999999,1352.555,0.01,76,3.4440000000001874,0.48299788434065355,2.9610021156595336,0.5922004231319067,0.25499999999988177,4.429000000000087,session_flat,2016
-1,567798,567884,2016-08-19 13:50:00+00:00,2016-08-21 22:00:00+00:00,1343.615,1340.855,0.01,86,2.759999999999991,0.5485827410186725,2.211417258981318,0.4422834517962636,4.50850000000014,5.629999999999882,session_flat,2016
-1,568067,568160,2016-08-22 13:15:00+00:00,2016-08-22 22:00:00+00:00,1337.88,1339.475,0.01,93,-1.5949999999998001,0.5054437684594344,-2.1004437684592343,-0.42008875369184684,2.269999999999982,2.474500000000262,session_flat,2016
1,568349,568436,2016-08-23 13:45:00+00:00,2016-08-23 22:00:00+00:00,1342.1399999999999,1338.24,0.01,87,-3.899999999999864,0.4964741751004592,-4.396474175100323,-0.8792948350200647,4.720499999999902,1.1740000000002055,session_flat,2016
-1,568639,568712,2016-08-24 14:55:00+00:00,2016-08-24 22:00:00+00:00,1327.121,1324.1399999999999,0.01,73,2.981000000000222,0.4379880702161683,2.5430119297840537,0.5086023859568107,1.22199999999998,3.5109999999999673,session_flat,2016
-1,568895,568988,2016-08-25 13:15:00+00:00,2016-08-25 22:00:00+00:00,1320.819,1321.79,0.01,93,-0.9710000000000036,0.4683614414482893,-1.439361441448293,-0.2878722882896586,2.9470000000001164,0.6909999999998035,session_flat,2016
1,569191,569199,2016-08-26 14:55:00+00:00,2016-08-26 15:35:00+00:00,1333.8215,1328.8215,0.01,8,-5.0,0.3932578867589323,-5.393257886758932,-1.0786515773517864,10.304999999999836,1.0,stop,2016
-1,569459,569540,2016-08-29 14:15:00+00:00,2016-08-29 22:00:00+00:00,1321.42,1323.825,0.01,81,-2.4049999999999727,0.4867681867164525,-2.8917681867164253,-0.578353637343285,3.7999999999999545,0.686500000000251,session_flat,2016
-1,570007,570092,2016-08-31 13:55:00+00:00,2016-08-31 22:00:00+00:00,1310.247,1308.7,0.01,85,1.5470000000000255,0.5770566080351143,0.9699433919649112,0.19398867839298223,0.23949999999990723,3.5375000000001364,session_flat,2016
-1,570275,570288,2016-09-01 13:15:00+00:00,2016-09-01 14:20:00+00:00,1307.687,1312.687,0.01,13,-5.0,0.3411833410962462,-5.341183341096246,-1.0682366682192492,5.152000000000044,2.0039999999999054,stop,2016
1,570565,570644,2016-09-02 14:25:00+00:00,2016-09-04 22:00:00+00:00,1320.641,1324.4099999999999,0.01,79,3.768999999999778,0.51653603735616,3.252463962643618,0.6504927925287236,4.392000000000053,5.578500000000076,session_flat,2016
1,570865,570873,2016-09-05 16:25:00+00:00,2016-09-05 22:00:00+00:00,1327.255,1326.42,0.01,8,-0.8350000000000364,0.4861224203378911,-1.3211224203379275,-0.2642244840675855,1.1345000000001164,0.3249999999998181,session_flat,2016
1,571084,571149,2016-09-06 15:35:00+00:00,2016-09-06 22:00:00+00:00,1340.0245,1348.705,0.01,65,8.680499999999938,0.5121113008368825,8.168388699163057,1.6336777398326112,0.15450000000009823,12.552500000000009,session_flat,2016
1,571347,571425,2016-09-07 14:30:00+00:00,2016-09-07 22:00:00+00:00,1345.37,1344.8600000000001,0.01,78,-0.5099999999997635,0.489709756097563,-0.9997097560973265,-0.19994195121946529,2.5599999999999454,0.8895000000002256,session_flat,2016
1,571608,571642,2016-09-08 13:15:00+00:00,2016-09-08 16:05:00+00:00,1343.8345,1338.8345,0.01,34,-5.0,0.3546101231153947,-5.354610123115394,-1.0709220246230788,6.513999999999896,3.3654999999998836,stop,2016
-1,571897,571977,2016-09-09 14:20:00+00:00,2016-09-11 22:00:00+00:00,1334.78,1328.27,0.01,80,6.509999999999991,0.4948376257991943,6.015162374200797,1.2030324748401593,0.11550000000011096,7.233999999999924,session_flat,2016
-1,572171,572253,2016-09-12 14:10:00+00:00,2016-09-12 22:00:00+00:00,1325.823,1328.345,0.01,82,-2.5219999999999345,0.46886126555804347,-2.990861265557978,-0.5981722531115956,4.546999999999798,5.283000000000129,session_flat,2016
-1,572507,572529,2016-09-13 19:10:00+00:00,2016-09-13 21:00:00+00:00,1318.06,1319.0,0.01,22,-0.9400000000000545,1.6271230158730496,-2.567123015873104,-0.5134246031746208,1.150000000000091,0.525000000000091,session_flat,2016
-1,572721,572806,2016-09-14 13:55:00+00:00,2016-09-14 22:00:00+00:00,1323.5315,1322.215,0.01,85,1.3165000000001328,0.4197725559800031,0.8967274440201296,0.17934548880402593,2.5084999999999127,1.6665000000000418,session_flat,2016
-1,573003,573009,2016-09-15 14:25:00+00:00,2016-09-15 14:55:00+00:00,1312.9544999999998,1317.9544999999998,0.01,6,-5.0,0.3068201597329502,-5.3068201597329505,-1.06136403194659,8.500500000000102,0.5539999999998599,stop,2016
-1,573285,573358,2016-09-16 14:55:00+00:00,2016-09-18 22:00:00+00:00,1311.0505,1310.0,0.01,73,1.0505000000000564,0.46974611344536715,0.5807538865546893,0.11615077731093786,0.7794999999998709,4.060500000000047,session_flat,2016
-1,573540,573634,2016-09-19 13:10:00+00:00,2016-09-19 22:00:00+00:00,1314.35,1312.85,0.01,94,1.5,0.5603713880768884,0.9396286119231116,0.18792572238462232,2.4550000000001546,1.6799999999998363,session_flat,2016
-1,573837,573910,2016-09-20 14:55:00+00:00,2016-09-20 22:00:00+00:00,1314.63,1314.675,0.01,73,-0.044999999999845386,0.5165722584045325,-0.5615722584043779,-0.11231445168087557,1.8999999999998636,0.7935000000002219,session_flat,2016
1,574093,574150,2016-09-21 13:15:00+00:00,2016-09-21 18:00:00+00:00,1325.8310000000001,1320.8310000000001,0.01,57,-5.0,0.38782859303258055,-5.38782859303258,-1.077565718606516,5.581000000000131,5.148999999999887,stop,2016
1,574389,574426,2016-09-22 14:55:00+00:00,2016-09-22 18:00:00+00:00,1337.8715,1338.596,0.01,37,0.7245000000000346,0.3536118391630252,0.3708881608370094,0.07417763216740188,0.6105000000000018,5.838500000000067,stop,2016
1,574645,574738,2016-09-23 13:15:00+00:00,2016-09-25 22:00:00+00:00,1337.025,1337.155,0.01,93,0.12999999999988177,0.4550767679900682,-0.3250767679901864,-0.06501535359803728,1.1905000000001564,3.0349999999998545,session_flat,2016
1,574932,575014,2016-09-26 14:10:00+00:00,2016-09-26 22:00:00+00:00,1340.5774999999999,1337.65,0.01,82,-2.9274999999997817,0.4020244772165765,-3.329524477216358,-0.6659048954432716,4.662499999999909,1.0525000000002365,session_flat,2016
-1,575232,575290,2016-09-27 16:10:00+00:00,2016-09-27 22:00:00+00:00,1326.8705,1326.95,0.01,58,-0.07950000000005275,0.43413462292344074,-0.5136346229234935,-0.1027269245846987,1.1190000000001419,0.43499999999994543,session_flat,2016
-1,575506,575566,2016-09-28 16:00:00+00:00,2016-09-28 22:00:00+00:00,1321.343,1321.92,0.01,60,-0.5769999999999982,0.42075117610509927,-0.9977511761050974,-0.1995502352210195,2.946999999999889,2.2329999999999472,session_flat,2016
-1,575752,575795,2016-09-29 13:30:00+00:00,2016-09-29 17:05:00+00:00,1318.9879999999998,1323.9879999999998,0.01,43,-5.0,0.33687570366759795,-5.336875703667598,-1.0673751407335197,5.4220000000000255,2.8329999999998563,stop,2016
1,576029,576031,2016-09-30 13:35:00+00:00,2016-09-30 13:45:00+00:00,1326.489,1321.489,0.01,2,-5.0,0.3276879169452954,-5.327687916945296,-1.0655375833890592,5.319500000000062,0.0,stop,2016
-1,576307,576394,2016-10-03 13:45:00+00:00,2016-10-03 22:00:00+00:00,1314.406,1312.4099999999999,0.01,87,1.9960000000000946,0.4666219770754744,1.52937802292462,0.305875604584924,0.8925000000001546,4.949499999999944,session_flat,2016
-1,576629,576669,2016-10-04 17:40:00+00:00,2016-10-04 22:00:00+00:00,1271.6100000000001,1268.48,0.01,40,3.130000000000109,0.4528848503154817,2.6771151496846275,0.5354230299369255,2.0989999999997053,3.6350000000002183,session_flat,2016
-1,576861,576868,2016-10-05 14:00:00+00:00,2016-10-05 14:35:00+00:00,1273.589,1272.51,0.01,7,1.0789999999999509,0.3300030124193012,0.7489969875806497,0.14979939751612995,0.0,7.138500000000022,stop,2016
-1,577156,577221,2016-10-06 15:35:00+00:00,2016-10-06 22:00:00+00:00,1253.7935,1255.3049999999998,0.01,65,-1.5114999999998417,0.474482872200276,-1.9859828722001178,-0.39719657444002354,3.9664999999999964,3.8185000000000855,session_flat,2016
-1,577441,577446,2016-10-07 16:20:00+00:00,2016-10-07 16:45:00+00:00,1248.589,1253.589,0.01,5,-5.0,0.2969674928987708,-5.296967492898771,-1.0593934985797542,5.912500000000136,0.7999999999997272,stop,2016
-1,577686,577773,2016-10-10 13:45:00+00:00,2016-10-10 22:00:00+00:00,1260.6835,1259.531,0.01,87,1.1525000000001455,0.4532970160841192,0.6992029839160263,0.13984059678320526,1.6869999999998981,3.194500000000062,session_flat,2016
-1,577955,578049,2016-10-11 13:10:00+00:00,2016-10-11 22:00:00+00:00,1255.8899999999999,1252.55,0.01,94,3.339999999999918,0.49926941787941054,2.8407305821205076,0.5681461164241015,3.824000000000069,4.004500000000007,session_flat,2016
-1,578232,578325,2016-10-12 13:15:00+00:00,2016-10-12 22:00:00+00:00,1255.161,1255.9099999999999,0.01,93,-0.7489999999997963,0.44076139457901325,-1.1897613945788095,-0.2379522789157619,3.768000000000029,4.3279999999999745,session_flat,2016
1,578584,578601,2016-10-13 19:35:00+00:00,2016-10-13 22:00:00+00:00,1258.4935,1258.42,0.01,17,-0.07349999999996726,0.4346592198581804,-0.5081592198581477,-0.10163184397162954,0.9335000000000946,0.29500000000007276,session_flat,2016
-1,578783,578793,2016-10-14 13:10:00+00:00,2016-10-14 14:00:00+00:00,1252.9634999999998,1257.9634999999998,0.01,10,-5.0,0.3290336341492039,-5.329033634149204,-1.0658067268298408,5.651500000000169,2.2345000000000255,stop,2016
1,579063,579153,2016-10-17 13:30:00+00:00,2016-10-17 22:00:00+00:00,1255.1485,1255.23,0.01,90,0.08150000000000546,0.42736621219433935,-0.3458662121943339,-0.06917324243886677,1.2980000000000018,2.0815000000000055,session_flat,2016
1,579335,579429,2016-10-18 13:10:00+00:00,2016-10-18 22:00:00+00:00,1259.51,1262.925,0.01,94,3.414999999999964,0.4320281075453945,2.9829718924545694,0.5965943784909139,3.0440000000000964,5.315499999999929,session_flat,2016
1,579611,579705,2016-10-19 13:10:00+00:00,2016-10-19 22:00:00+00:00,1269.8220000000001,1269.62,0.01,94,-0.20200000000022555,0.4395324774727745,-0.641532477473,-0.1283064954946,2.1625000000001364,3.6084999999998217,session_flat,2016
-1,579932,579981,2016-10-20 16:55:00+00:00,2016-10-20 22:00:00+00:00,1266.3355000000001,1266.08,0.01,49,0.255500000000211,0.4232317765567988,-0.16773177655658777,-0.033546355311317555,1.5199999999999818,0.7110000000002401,session_flat,2016
1,580174,580257,2016-10-21 14:05:00+00:00,2016-10-23 22:00:00+00:00,1266.445,1266.1750000000002,0.01,83,-0.26999999999975444,0.46969691795983526,-0.7396969179595897,-0.14793938359191794,2.435999999999922,1.4350000000001728,session_flat,2016
-1,580469,580533,2016-10-24 15:40:00+00:00,2016-10-24 22:00:00+00:00,1263.095,1265.1399999999999,0.01,64,-2.0449999999998454,0.4421993721077841,-2.4871993721076295,-0.49743987442152593,2.3489999999999327,1.3985000000000127,session_flat,2016
1,580715,580809,2016-10-25 13:10:00+00:00,2016-10-25 22:00:00+00:00,1267.745,1273.25,0.01,94,5.505000000000109,0.43175833839304795,5.073241661607061,1.0146483323214122,0.3449999999997999,9.00500000000011,session_flat,2016
-1,581027,581085,2016-10-26 16:10:00+00:00,2016-10-26 22:00:00+00:00,1268.076,1267.1,0.01,58,0.9760000000001127,0.4374923498404713,0.5385076501596413,0.10770153003192826,0.1169999999999618,3.23050000000012,session_flat,2016
1,581268,581361,2016-10-27 13:15:00+00:00,2016-10-27 22:00:00+00:00,1270.9385,1268.505,0.01,93,-2.433499999999867,0.4889385408406116,-2.9224385408404787,-0.5844877081680957,4.763500000000022,0.12500000000022737,session_flat,2016
-1,581579,581591,2016-10-28 16:10:00+00:00,2016-10-28 17:10:00+00:00,1268.3165,1273.3165,0.01,12,-5.0,0.3586464570059124,-5.3586464570059125,-1.0717292914011824,5.180000000000064,0.0,stop,2016
1,581836,581913,2016-10-31 14:35:00+00:00,2016-10-31 22:00:00+00:00,1274.3185,1277.255,0.01,77,2.9365000000000236,0.4519039115307661,2.4845960884692575,0.4969192176938515,2.998499999999922,4.611499999999751,session_flat,2016
1,582108,582189,2016-11-01 14:15:00+00:00,2016-11-01 22:00:00+00:00,1286.798,1288.35,0.01,81,1.5519999999999072,0.459238526301753,1.0927614736981544,0.21855229473963086,0.7264999999999873,5.155999999999949,session_flat,2016
1,582370,582437,2016-11-02 13:05:00+00:00,2016-11-02 18:40:00+00:00,1297.6889999999999,1302.27,0.01,67,4.581000000000131,0.36742587596830145,4.21357412403183,0.842714824806366,0.8374999999998636,10.422000000000025,stop,2016
1,582672,582741,2016-11-03 15:15:00+00:00,2016-11-03 22:00:00+00:00,1298.71,1302.65,0.01,69,3.9400000000000546,0.46827375144810546,3.471726248551949,0.6943452497103898,1.65300000000002,5.029999999999973,session_flat,2016
1,582929,583017,2016-11-04 13:40:00+00:00,2016-11-06 23:00:00+00:00,1303.3809999999999,1298.3809999999999,0.01,88,-5.0,0.41501475129661675,-5.415014751296617,-1.0830029502593235,12.820999999999913,2.7295000000001437,stop,2016
-1,583202,583281,2016-11-07 14:25:00+00:00,2016-11-07 21:00:00+00:00,1287.0155,1280.975,0.01,79,6.040500000000066,0.35178885504245755,5.688711144957609,1.1377422289915218,0.0,8.765499999999975,session_flat,2016
-1,583467,583491,2016-11-08 13:25:00+00:00,2016-11-08 15:25:00+00:00,1280.868,1285.868,0.01,24,-5.0,0.34184033087127214,-5.341840330871272,-1.0683680661742545,5.08199999999988,0.9120000000000346,stop,2016
1,583740,583757,2016-11-09 13:10:00+00:00,2016-11-09 14:35:00+00:00,1300.9535,1295.9535,0.01,17,-5.0,0.3318666296734696,-5.33186662967347,-1.066373325934694,5.028999999999996,5.887499999999818,stop,2016
-1,584016,584044,2016-11-10 13:10:00+00:00,2016-11-10 15:30:00+00:00,1281.51,1270.0575,0.01,28,11.4525000000001,0.33481003136895676,11.117689968631144,2.2235379937262287,0.0,18.330000000000155,stop,2016
-1,584343,584364,2016-11-11 17:25:00+00:00,2016-11-11 19:10:00+00:00,1232.92,1225.665,0.01,21,7.25500000000011,0.41868986146810055,6.836310138532009,1.3672620277064018,2.6165000000000873,13.706500000000233,stop,2016
-1,584566,584595,2016-11-14 13:00:00+00:00,2016-11-14 15:25:00+00:00,1223.944,1216.6485,0.01,29,7.295499999999948,0.36077865818444416,6.934721341815504,1.3869442683631008,2.2269999999998618,12.305499999999938,stop,2016
-1,584866,584938,2016-11-15 15:00:00+00:00,2016-11-15 21:00:00+00:00,1225.231,1228.1505,0.01,72,-2.919499999999971,0.36539852146969065,-3.2848985214696613,-0.6569797042939323,4.438499999999976,3.1894999999999527,session_flat,2016
-1,585118,585214,2016-11-16 13:00:00+00:00,2016-11-16 21:00:00+00:00,1225.52,1225.135,0.01,96,0.3849999999999909,0.3611593015370744,0.023840698462916532,0.004768139692583306,4.641000000000076,2.490000000000009,session_flat,2016
-1,585475,585490,2016-11-17 19:45:00+00:00,2016-11-17 21:00:00+00:00,1216.31,1218.42,0.01,15,-2.1100000000001273,0.3562731962826093,-2.4662731962827364,-0.4932546392565473,3.019999999999982,4.558499999999867,session_flat,2016
-1,585674,585767,2016-11-18 13:15:00+00:00,2016-11-18 21:00:00+00:00,1212.7295,1208.26,0.01,93,4.469499999999925,0.8660809366650992,3.603419063334826,0.7206838126669652,3.4664999999999964,6.7345000000000255,session_flat,2016
-1,586000,586043,2016-11-21 17:25:00+00:00,2016-11-21 21:00:00+00:00,1213.8665,1212.44,0.01,43,1.4265000000000327,0.35670633192216045,1.0697936680778724,0.21395873361557446,0.7974999999999,4.426500000000033,session_flat,2016
-1,586268,586314,2016-11-22 16:45:00+00:00,2016-11-22 21:00:00+00:00,1210.48,1212.1,0.01,46,-1.6199999999998909,0.3563682432553363,-1.9763682432552272,-0.3952736486510454,3.8759999999999764,0.6730000000000018,session_flat,2016
-1,586534,586551,2016-11-23 16:20:00+00:00,2016-11-23 17:45:00+00:00,1186.9965,1191.9965,0.01,17,-5.0,0.34967589347448486,-5.349675893474485,-1.069935178694897,5.001999999999953,0.0,stop,2016
-1,586779,586832,2016-11-24 13:40:00+00:00,2016-11-24 23:00:00+00:00,1186.2015000000001,1183.5,0.01,53,2.7015000000001237,1.1129060199354743,1.5885939800646494,0.31771879601292985,1.5899999999999181,4.091499999999996,session_flat,2016
-1,587015,587066,2016-11-25 14:15:00+00:00,2016-11-25 18:30:00+00:00,1188.701,1183.97,0.01,51,4.7309999999999945,0.3856781317084021,4.345321868291593,0.8690643736583186,2.213999999999942,9.891000000000076,stop,2016
-1,587269,587333,2016-11-28 15:40:00+00:00,2016-11-28 21:00:00+00:00,1189.431,1193.5500000000002,0.01,64,-4.119000000000142,0.3536591503009187,-4.472659150301061,-0.8945318300602121,4.657500000000027,1.2495000000001255,session_flat,2016
-1,587531,587533,2016-11-29 14:25:00+00:00,2016-11-29 14:35:00+00:00,1183.37,1188.37,0.01,2,-5.0,0.3418885614652653,-5.341888561465265,-1.0683777122930531,6.142500000000155,0.9899999999997817,stop,2016
-1,587801,587887,2016-11-30 13:50:00+00:00,2016-11-30 21:00:00+00:00,1185.63,1172.9,0.01,86,12.730000000000018,0.34800301464255007,12.381996985357468,2.4763993970714937,0.7649999999998727,14.722000000000207,session_flat,2016
-1,588076,588102,2016-12-01 13:40:00+00:00,2016-12-01 15:50:00+00:00,1169.946,1167.235,0.01,26,2.7110000000000127,0.3406063579694207,2.370393642030592,0.4740787284061184,2.0275000000001455,9.114999999999782,stop,2016
-1,588349,588357,2016-12-02 13:20:00+00:00,2016-12-02 14:00:00+00:00,1173.0555,1172.9814999999999,0.01,8,0.07400000000006912,0.3577429634526019,-0.2837429634525328,-0.05674859269050656,3.300999999999931,6.219499999999925,stop,2016
-1,588623,588658,2016-12-05 13:10:00+00:00,2016-12-05 16:05:00+00:00,1169.0900000000001,1163.8,0.01,35,5.290000000000191,0.3284298879907145,4.961570112009476,0.9923140224018953,0.0,11.794499999999971,stop,2016
-1,588963,588994,2016-12-06 18:25:00+00:00,2016-12-06 21:00:00+00:00,1168.6100000000001,1169.315,0.01,31,-0.7049999999999272,0.4005891495042006,-1.105589149504128,-0.22111782990082557,1.074999999999818,0.9600000000000364,session_flat,2016
1,589182,589245,2016-12-07 13:40:00+00:00,2016-12-07 18:55:00+00:00,1172.4735,1174.4544999999998,0.01,63,1.9809999999997674,0.3446937349501133,1.636306265049654,0.3272612530099308,0.16350000000011278,7.845000000000027,stop,2016
-1,589464,589547,2016-12-08 14:05:00+00:00,2016-12-08 21:00:00+00:00,1172.511,1170.8600000000001,0.01,83,1.6509999999998402,0.35858977739253645,1.2924102226073038,0.25848204452146073,2.7845000000002074,2.9710000000000036,session_flat,2016
-1,589734,589823,2016-12-09 13:35:00+00:00,2016-12-09 21:00:00+00:00,1167.776,1158.585,0.01,89,9.191000000000031,0.6865578103409444,8.504442189659086,1.7008884379318172,0.5874999999998636,11.366000000000213,session_flat,2016
-1,590009,590053,2016-12-12 13:30:00+00:00,2016-12-12 17:10:00+00:00,1158.388,1163.388,0.01,44,-5.0,0.3482081244693775,-5.3482081244693775,-1.0696416248938756,5.142000000000053,1.4629999999999654,stop,2016
-1,590314,590375,2016-12-13 15:55:00+00:00,2016-12-13 21:00:00+00:00,1157.192,1158.705,0.01,61,-1.51299999999992,0.37289753575113493,-1.885897535751055,-0.377179507150211,3.2480000000000473,1.5610000000001492,session_flat,2016
1,590557,590628,2016-12-14 13:05:00+00:00,2016-12-14 19:00:00+00:00,1161.6485,1156.6485,0.01,71,-5.0,0.4921464213564245,-5.492146421356424,-1.0984292842712848,8.563499999999976,3.6364999999998417,stop,2016
-1,590840,590888,2016-12-15 13:40:00+00:00,2016-12-15 17:40:00+00:00,1129.6965,1128.2820000000002,0.01,48,1.4144999999998618,0.3462892005086932,1.0682107994911685,0.2136421598982337,3.4320000000000164,6.818000000000211,stop,2016
-1,591119,591148,2016-12-16 13:55:00+00:00,2016-12-16 16:20:00+00:00,1134.202,1133.7285,0.01,29,0.47350000000005826,0.3560370466117531,0.11746295338830515,0.02349259067766103,1.1580000000001291,6.292000000000144,stop,2016
1,591387,591480,2016-12-19 13:15:00+00:00,2016-12-19 21:00:00+00:00,1139.0234999999998,1139.335,0.01,93,0.311500000000251,0.35377575462511013,-0.04227575462485911,-0.008455150924971821,2.1334999999999127,3.4050000000002,session_flat,2016
-1,591709,591757,2016-12-20 17:00:00+00:00,2016-12-20 21:00:00+00:00,1130.7694999999999,1131.53,0.01,48,-0.7605000000000928,0.35875491303976953,-1.1192549130398624,-0.22385098260797248,2.5605000000000473,0.8229999999998654,session_flat,2016
1,591937,591981,2016-12-21 13:00:00+00:00,2016-12-21 16:40:00+00:00,1135.114,1130.114,0.01,44,-5.0,0.3509004414939864,-5.3509004414939865,-1.0701800882987973,5.066000000000031,2.0394999999998618,stop,2016
-1,592236,592309,2016-12-22 14:55:00+00:00,2016-12-22 21:00:00+00:00,1132.0810000000001,1128.895,0.01,73,3.186000000000149,0.3878823840394928,2.7981176159606562,0.5596235231921313,2.1039999999998145,4.172500000000127,session_flat,2016
-1,592497,592585,2016-12-23 13:40:00+00:00,2016-12-23 21:00:00+00:00,1131.2915,1132.3665,0.01,88,-1.0750000000000455,0.6744943912899863,-1.7494943912900318,-0.34989887825800636,4.587499999999864,1.4764999999999873,session_flat,2016
1,592768,592800,2016-12-27 13:15:00+00:00,2016-12-27 15:55:00+00:00,1141.7804999999998,1136.7804999999998,0.01,32,-5.0,0.33701397781160386,-5.337013977811604,-1.0674027955623209,5.063999999999851,0.43000000000006366,stop,2016
1,593050,593137,2016-12-28 13:45:00+00:00,2016-12-28 21:00:00+00:00,1139.0955,1141.96,0.01,87,2.8645000000001346,0.39031796852699935,2.474182031473135,0.494836406294627,2.498499999999922,3.7530000000001564,session_flat,2016
1,593318,593414,2016-12-29 13:00:00+00:00,2016-12-29 21:00:00+00:00,1146.133,1156.97,0.01,96,10.836999999999989,0.44446900252464655,10.392530997475342,2.0785061994950684,1.61850000000004,13.504999999999882,session_flat,2016
1,593596,593651,2016-12-30 13:05:00+00:00,2016-12-30 17:40:00+00:00,1158.1435000000001,1153.1435000000001,0.01,55,-5.0,0.3399476085279484,-5.3399476085279485,-1.0679895217055897,6.285000000000082,2.467999999999847,stop,2016
-1,593874,593893,2017-01-03 13:15:00+00:00,2017-01-03 14:50:00+00:00,1150.3355000000001,1155.3355000000001,0.01,19,-5.0,0.33668297907274963,-5.33668297907275,-1.06733659581455,5.3259999999997945,3.4760000000001128,stop,2017
1,594154,594243,2017-01-04 13:35:00+00:00,2017-01-04 21:00:00+00:00,1165.4585,1163.69,0.01,89,-1.7684999999999036,0.3453435358212455,-2.113843535821149,-0.42276870716422976,4.608500000000049,1.9260000000001583,session_flat,2017
1,594427,594520,2017-01-05 13:15:00+00:00,2017-01-05 21:00:00+00:00,1172.6100000000001,1181.1999999999998,0.01,93,8.58999999999969,0.34720473084405606,8.242795269155634,1.6485590538311268,0.0,12.483499999999822,session_flat,2017
1,594701,594771,2017-01-06 13:00:00+00:00,2017-01-06 18:50:00+00:00,1176.2345,1171.2345,0.01,70,-5.0,0.3322813037372756,-5.332281303737275,-1.066456260747455,5.054500000000189,6.840499999999793,stop,2017
1,594995,595073,2017-01-09 14:30:00+00:00,2017-01-09 21:00:00+00:00,1180.0605,1182.5900000000001,0.01,78,2.5295000000000982,0.3426996539936782,2.18680034600642,0.43736006920128395,2.532000000000153,6.15949999999998,session_flat,2017
1,595251,595302,2017-01-10 13:00:00+00:00,2017-01-10 17:15:00+00:00,1182.4305,1184.7005,0.01,51,2.269999999999982,0.32683135550399794,1.943168644495984,0.3886337288991968,1.3134999999999764,8.279999999999973,stop,2017
-1,595564,595569,2017-01-11 16:00:00+00:00,2017-01-11 16:25:00+00:00,1179.862,1184.862,0.01,5,-5.0,0.3337132734281812,-5.333713273428181,-1.0667426546856362,6.917500000000018,1.2584999999999127,stop,2017
1,595812,595888,2017-01-12 13:35:00+00:00,2017-01-12 19:55:00+00:00,1201.74,1196.74,0.01,76,-5.0,0.3423118660856788,-5.342311866085679,-1.0684623732171359,5.439000000000078,4.281500000000051,stop,2017
1,596089,596096,2017-01-13 13:40:00+00:00,2017-01-13 14:15:00+00:00,1197.654,1192.654,0.01,7,-5.0,0.3243274205503523,-5.324327420550352,-1.0648654841100704,5.01949999999988,1.5005000000001019,stop,2017
1,596368,596412,2017-01-16 13:55:00+00:00,2017-01-16 23:00:00+00:00,1203.075,1203.205,0.01,44,0.12999999999988177,0.6260919714165589,-0.49609197141667716,-0.09921839428333543,1.1915000000001328,1.3734999999999218,session_flat,2017
1,596580,596676,2017-01-17 13:00:00+00:00,2017-01-17 21:00:00+00:00,1212.2800000000002,1215.7,0.01,96,3.4199999999998454,0.34500684610548865,3.074993153894357,0.6149986307788714,0.7640000000001237,5.064999999999827,session_flat,2017
1,596858,596941,2017-01-18 13:05:00+00:00,2017-01-18 20:00:00+00:00,1212.3600000000001,1207.3600000000001,0.01,83,-5.0,0.28633100925147587,-5.286331009251476,-1.0572662018502952,5.3650000000002365,4.273999999999887,stop,2017
-1,597136,597170,2017-01-19 13:10:00+00:00,2017-01-19 16:00:00+00:00,1204.9499999999998,1201.544,0.01,34,3.4059999999997217,0.32374289452125743,3.0822571054784644,0.6164514210956928,0.9695000000001528,8.960999999999785,stop,2017
-1,597417,597460,2017-01-20 13:30:00+00:00,2017-01-20 17:05:00+00:00,1202.3854999999999,1207.3854999999999,0.01,43,-5.0,0.3428776575609107,-5.34287765756091,-1.068575531512182,5.209500000000162,2.4355000000000473,stop,2017
1,597690,597783,2017-01-23 13:15:00+00:00,2017-01-23 21:00:00+00:00,1213.08,1215.42,0.01,93,2.3400000000001455,0.3556913879885644,1.9843086120115812,0.3968617224023162,3.6799999999998363,5.960000000000036,session_flat,2017
1,597993,598035,2017-01-24 15:30:00+00:00,2017-01-24 19:00:00+00:00,1214.7134999999998,1209.7134999999998,0.01,42,-5.0,0.32807243318618173,-5.328072433186182,-1.0656144866372363,6.313499999999749,0.37550000000010186,stop,2017
-1,598268,598336,2017-01-25 15:20:00+00:00,2017-01-25 21:00:00+00:00,1197.2849999999999,1200.02,0.01,68,-2.7350000000001273,0.34714692882051007,-3.0821469288206376,-0.6164293857641275,4.044500000000198,2.25,session_flat,2017
-1,598539,598578,2017-01-26 14:55:00+00:00,2017-01-26 18:10:00+00:00,1189.8465,1189.7649999999999,0.01,39,0.08150000000023283,0.3379736010806435,-0.2564736010804107,-0.05129472021608213,1.0984999999998308,5.341499999999996,stop,2017
-1,598808,598876,2017-01-27 14:15:00+00:00,2017-01-27 19:55:00+00:00,1186.2604999999999,1191.2604999999999,0.01,68,-5.0,0.33223282915306535,-5.332232829153066,-1.066446565830613,5.384500000000116,2.0949999999998,stop,2017
-1,599070,599095,2017-01-30 13:05:00+00:00,2017-01-30 15:10:00+00:00,1191.075,1196.075,0.01,25,-5.0,0.32286437944338364,-5.322864379443383,-1.0645728758886768,5.584999999999809,0.6295000000002346,stop,2017
1,599351,599385,2017-01-31 13:30:00+00:00,2017-01-31 16:20:00+00:00,1204.0194999999999,1210.1795,0.01,34,6.160000000000082,0.32824434774000744,5.831755652260075,1.1663511304520149,0.22499999999990905,11.417500000000018,stop,2017
1,599628,599646,2017-02-01 13:30:00+00:00,2017-02-01 15:00:00+00:00,1206.5605,1201.5605,0.01,18,-5.0,0.32778232441057226,-5.327782324410572,-1.0655564648821145,5.769000000000233,0.543999999999869,stop,2017
1,599914,599934,2017-02-02 14:15:00+00:00,2017-02-02 15:55:00+00:00,1222.4299999999998,1217.4299999999998,0.01,20,-5.0,0.3151046230449266,-5.315104623044927,-1.0630209246089852,5.992999999999938,1.1700000000000728,stop,2017
1,600214,600271,2017-02-03 16:15:00+00:00,2017-02-03 21:00:00+00:00,1218.365,1219.1,0.01,57,0.7349999999999,0.47246762711863416,0.2625323728812658,0.05250647457625316,3.639499999999998,2.7239999999999327,session_flat,2017
1,600474,600547,2017-02-06 14:55:00+00:00,2017-02-06 21:00:00+00:00,1227.0305,1235.0680000000002,0.01,73,8.037500000000136,0.3473162650146157,7.690183734985521,1.5380367469971041,1.6504999999999654,8.65949999999998,session_flat,2017
1,600735,600824,2017-02-07 13:35:00+00:00,2017-02-07 21:00:00+00:00,1228.54,1233.0900000000001,0.01,89,4.550000000000182,0.33772757582659707,4.212272424173585,0.842454484834717,0.0,7.309999999999945,session_flat,2017
1,601014,601100,2017-02-08 13:50:00+00:00,2017-02-08 21:00:00+00:00,1239.0935,1240.52,0.01,86,1.4265000000000327,0.3555274061111953,1.0709725938888375,0.2141945187777675,2.3624999999999545,5.739500000000135,session_flat,2017
-1,601317,601377,2017-02-09 16:00:00+00:00,2017-02-09 21:00:00+00:00,1234.0810000000001,1231.54,0.01,60,2.5410000000001673,0.35384029737245554,2.187159702627712,0.43743194052554235,1.7454999999999927,3.700000000000273,session_flat,2017
-1,601561,601585,2017-02-10 13:20:00+00:00,2017-02-10 15:20:00+00:00,1227.551,1232.551,0.01,24,-5.0,0.32227832012741864,-5.322278320127419,-1.0644556640254836,5.54950000000008,3.520999999999958,stop,2017
-1,601871,601929,2017-02-13 16:10:00+00:00,2017-02-13 21:00:00+00:00,1222.9505,1225.99,0.01,58,-3.039500000000089,0.33382694583682865,-3.3733269458369177,-0.6746653891673835,4.768000000000029,0.5844999999999345,session_flat,2017
1,602130,602134,2017-02-14 14:40:00+00:00,2017-02-14 15:00:00+00:00,1232.556,1227.556,0.01,4,-5.0,0.42378193864923674,-5.4237819386492365,-1.0847563877298474,8.831000000000131,0.10050000000001091,stop,2017
-1,602410,602429,2017-02-15 14:55:00+00:00,2017-02-15 16:30:00+00:00,1224.8315,1229.8315,0.01,19,-5.0,0.35965205354501817,-5.359652053545018,-1.0719304107090035,5.116999999999962,0.71550000000002,stop,2017
1,602676,602759,2017-02-16 14:05:00+00:00,2017-02-16 21:00:00+00:00,1236.8180000000002,1239.52,0.01,83,2.701999999999771,0.35257885958478513,2.349421140414986,0.4698842280829972,0.47450000000026193,5.655499999999847,session_flat,2017
1,602970,603035,2017-02-17 15:35:00+00:00,2017-02-17 21:00:00+00:00,1239.9185,1235.7199999999998,0.01,65,-4.198500000000195,0.5242852459016372,-4.722785245901832,-0.9445570491803664,4.867500000000064,0.14550000000008367,session_flat,2017
1,603234,603270,2017-02-20 14:35:00+00:00,2017-02-20 23:00:00+00:00,1237.83,1237.81,0.01,36,-0.01999999999998181,0.5750066946744898,-0.5950066946744716,-0.11900133893489433,0.8689999999999145,0.48050000000012005,session_flat,2017
-1,603463,603492,2017-02-21 15:05:00+00:00,2017-02-21 17:30:00+00:00,1233.1615,1238.1615,0.01,29,-5.0,0.35031259150805494,-5.350312591508055,-1.070062518301611,5.552500000000009,0.7274999999999636,stop,2017
1,603730,603746,2017-02-22 14:15:00+00:00,2017-02-22 15:35:00+00:00,1237.23,1232.23,0.01,16,-5.0,0.3255721485441817,-5.325572148544182,-1.0651144297088364,5.9099999999998545,1.6485000000000127,stop,2017
1,604007,604088,2017-02-23 14:15:00+00:00,2017-02-23 21:00:00+00:00,1247.33,1248.8899999999999,0.01,81,1.5599999999999454,0.3351269966623051,1.2248730033376403,0.24497460066752805,1.1765000000000327,3.8430000000000746,session_flat,2017
1,604284,604289,2017-02-24 14:15:00+00:00,2017-02-24 14:40:00+00:00,1258.9920000000002,1253.9920000000002,0.01,5,-5.0,0.30821131047384653,-5.308211310473847,-1.0616422620947694,6.1020000000003165,0.0,stop,2017
1,604551,604610,2017-02-27 13:30:00+00:00,2017-02-27 18:25:00+00:00,1255.779,1258.7350000000001,0.01,59,2.956000000000131,0.3383378994277236,2.6176621005724074,0.5235324201144815,1.919499999999971,8.161000000000058,stop,2017
1,604844,604889,2017-02-28 14:50:00+00:00,2017-02-28 18:35:00+00:00,1255.7085,1250.7085,0.01,45,-5.0,0.3513089927486949,-5.351308992748695,-1.0702617985497391,7.976999999999862,2.779499999999871,stop,2017
-1,605099,605159,2017-03-01 13:00:00+00:00,2017-03-01 18:00:00+00:00,1242.3519999999999,1247.3519999999999,0.01,60,-5.0,0.3180646084070162,-5.318064608407016,-1.0636129216814032,5.378000000000156,5.357499999999845,stop,2017
-1,605387,605472,2017-03-02 13:55:00+00:00,2017-03-02 21:00:00+00:00,1239.7604999999999,1235.0700000000002,0.01,85,4.690499999999702,0.34029667995211893,4.350203320047583,0.8700406640095165,2.7510000000002037,8.70049999999992,session_flat,2017
-1,605659,605715,2017-03-03 13:30:00+00:00,2017-03-03 18:10:00+00:00,1230.2665000000002,1228.4735,0.01,56,1.7930000000001203,0.3506921574150304,1.44230784258509,0.288461568517018,0.563499999999749,7.3120000000001255,stop,2017
-1,605935,606025,2017-03-06 13:30:00+00:00,2017-03-06 21:00:00+00:00,1234.01,1226.0500000000002,0.01,90,7.959999999999809,0.33499450877528275,7.625005491224527,1.5250010982449054,0.21000000000003638,9.039999999999964,session_flat,2017
-1,606243,606302,2017-03-07 16:05:00+00:00,2017-03-07 21:00:00+00:00,1219.6485,1215.76,0.01,59,3.888500000000022,0.3307681025255597,3.5577318974744623,0.7115463794948924,0.0,5.36850000000004,session_flat,2017
-1,606507,606579,2017-03-08 15:00:00+00:00,2017-03-08 21:00:00+00:00,1209.4135,1208.65,0.01,72,0.7635000000000219,0.37543557120282317,0.38806442879719877,0.07761288575943975,2.1529999999997926,2.132000000000062,session_flat,2017
-1,606762,606856,2017-03-09 13:10:00+00:00,2017-03-09 21:00:00+00:00,1208.0905,1202.0500000000002,0.01,94,6.040499999999838,0.33330701887406894,5.707192981125769,1.1414385962251539,0.2695000000001073,6.5694999999998345,session_flat,2017
-1,607043,607046,2017-03-10 13:30:00+00:00,2017-03-10 13:45:00+00:00,1198.13,1203.13,0.01,3,-5.0,0.41422916472197857,-5.414229164721979,-1.0828458329443957,5.429000000000087,0.9085000000000036,stop,2017
-1,607325,607409,2017-03-13 14:00:00+00:00,2017-03-13 22:00:00+00:00,1204.3600000000001,1203.795,0.01,84,0.5650000000000546,1.087895854145821,-0.5228958541457664,-0.10457917082915329,2.224999999999909,0.9915000000000873,session_flat,2017
1,607603,607650,2017-03-14 15:05:00+00:00,2017-03-14 19:00:00+00:00,1204.9755,1199.9755,0.01,47,-5.0,0.3323185361490866,-5.332318536149087,-1.0664637072298173,6.975500000000011,1.1990000000000691,stop,2017
-1,607857,607914,2017-03-15 13:15:00+00:00,2017-03-15 18:00:00+00:00,1200.5295,1205.5295,0.01,57,-5.0,0.41785185537910957,-5.4178518553791095,-1.083570371075822,12.840499999999793,2.8545000000001437,stop,2017
1,608132,608187,2017-03-16 13:10:00+00:00,2017-03-16 17:45:00+00:00,1230.8685,1225.8685,0.01,55,-5.0,0.33237935703551724,-5.332379357035517,-1.0664758714071034,5.018500000000131,1.1199999999998909,stop,2017
1,608412,608502,2017-03-17 13:30:00+00:00,2017-03-19 22:00:00+00:00,1229.4295,1229.705,0.01,90,0.27549999999996544,0.3752565610859772,-0.09975656108601177,-0.019951312217202356,1.3299999999999272,2.2905000000000655,session_flat,2017
1,608724,608778,2017-03-20 16:30:00+00:00,2017-03-20 22:00:00+00:00,1233.3105,1234.691,0.01,54,1.3804999999999836,0.4871750692390623,0.8933249307609213,0.17866498615218426,0.512000000000171,1.7395000000001346,session_flat,2017
1,609022,609054,2017-03-21 18:20:00+00:00,2017-03-21 22:00:00+00:00,1245.0305,1244.31,0.01,32,-0.7205000000001291,0.45939974932151334,-1.1798997493216425,-0.23597994986432852,1.9090000000001055,0.8934999999999036,session_flat,2017
1,609242,609330,2017-03-22 13:40:00+00:00,2017-03-22 22:00:00+00:00,1247.94,1249.17,0.01,88,1.2300000000000182,0.4582167346116611,0.7717832653883571,0.1543566530776714,1.5070000000000618,3.494999999999891,session_flat,2017
1,609524,609539,2017-03-23 14:10:00+00:00,2017-03-23 15:25:00+00:00,1248.6705,1243.6705,0.01,15,-5.0,0.32401645948790037,-5.3240164594879005,-1.06480329189758,5.683999999999969,1.1994999999999436,stop,2017
1,609813,609882,2017-03-24 15:15:00+00:00,2017-03-26 22:00:00+00:00,1247.03,1246.775,0.01,69,-0.25499999999988177,0.37762357201554353,-0.6326235720154253,-0.12652471440308505,4.225000000000136,4.9500000000000455,session_flat,2017
1,610075,610091,2017-03-27 14:05:00+00:00,2017-03-27 15:25:00+00:00,1258.665,1253.665,0.01,16,-5.0,0.2995580652035004,-5.299558065203501,-1.0599116130407,6.086999999999989,0.0,stop,2017
1,610353,610398,2017-03-28 14:15:00+00:00,2017-03-28 18:00:00+00:00,1256.3535000000002,1251.3535000000002,0.01,45,-5.0,0.3225254386030598,-5.32252543860306,-1.0645050877206121,7.068500000000313,1.8949999999997544,stop,2017
1,610620,610710,2017-03-29 13:30:00+00:00,2017-03-29 22:00:00+00:00,1252.5845,1253.7495,0.01,90,1.1649999999999636,0.4156640204543897,0.7493359795455738,0.14986719590911476,2.0594999999998436,2.1655000000000655,session_flat,2017
-1,610899,610986,2017-03-30 13:45:00+00:00,2017-03-30 22:00:00+00:00,1249.01,1242.387,0.01,87,6.623000000000047,0.3650787259211606,6.257921274078886,1.2515842548157772,1.384999999999991,6.623000000000047,session_flat,2017
-1,611172,611213,2017-03-31 13:30:00+00:00,2017-03-31 16:55:00+00:00,1245.6485,1250.6485,0.01,41,-5.0,0.31851680788743686,-5.318516807887437,-1.0637033615774873,5.01299999999992,1.2934999999999945,stop,2017
1,611484,611538,2017-04-03 16:30:00+00:00,2017-04-03 22:00:00+00:00,1252.834,1253.1145000000001,0.01,54,0.2805000000000746,0.44430421792276475,-0.16380421792269018,-0.032760843584538034,1.2140000000001692,3.245999999999867,session_flat,2017
1,611720,611814,2017-04-04 13:10:00+00:00,2017-04-04 22:00:00+00:00,1257.1464999999998,1256.23,0.01,94,-0.9164999999998145,0.41589793847349826,-1.3323979384733127,-0.2664795876946625,3.019999999999982,0.8440000000000509,session_flat,2017
-1,612009,612062,2017-04-05 14:15:00+00:00,2017-04-05 18:40:00+00:00,1246.848,1251.848,0.01,53,-5.0,0.32383792261378,-5.32383792261378,-1.064767584522756,5.282000000000153,2.5909999999998945,stop,2017
-1,612274,612366,2017-04-06 13:20:00+00:00,2017-04-06 22:00:00+00:00,1252.9945,1252.5949999999998,0.01,92,0.39950000000021646,0.48045824458815395,-0.08095824458793749,-0.0161916489175875,1.2835000000000036,3.123499999999922,session_flat,2017
1,612550,612594,2017-04-07 13:20:00+00:00,2017-04-07 17:00:00+00:00,1264.305,1259.305,0.01,44,-5.0,0.3208421992481217,-5.320842199248122,-1.0641684398496243,6.532000000000153,3.195500000000038,stop,2017
-1,612825,612858,2017-04-10 13:15:00+00:00,2017-04-10 16:00:00+00:00,1249.8585,1254.8585,0.01,33,-5.0,0.3205638598377205,-5.320563859837721,-1.0641127719675443,5.475999999999885,1.2854999999999563,stop,2017
1,613139,613194,2017-04-11 16:25:00+00:00,2017-04-11 22:00:00+00:00,1270.4595,1275.07,0.01,55,4.610500000000002,0.4116424319483831,4.1988575680516185,0.8397715136103236,1.2294999999999163,4.746000000000095,session_flat,2017
1,613379,613470,2017-04-12 13:25:00+00:00,2017-04-12 22:00:00+00:00,1274.4385,1286.42,0.01,91,11.981500000000096,0.37942803256325724,11.602071967436839,2.3204143934873676,1.8250000000000455,12.616500000000087,session_flat,2017
1,613660,613746,2017-04-13 13:50:00+00:00,2017-04-16 22:00:00+00:00,1283.629,1290.525,0.01,86,6.8960000000001855,0.4155942538077931,6.4804057461923925,1.2960811492384785,1.6729999999997744,9.471500000000106,session_flat,2017
1,613959,614000,2017-04-17 15:45:00+00:00,2017-04-17 19:10:00+00:00,1289.2350000000001,1284.2350000000001,0.01,41,-5.0,0.3111606262327409,-5.311160626232741,-1.0622321252465483,5.61200000000008,1.2179999999998472,stop,2017
1,614258,614298,2017-04-18 17:40:00+00:00,2017-04-18 22:00:00+00:00,1290.97,1289.9,0.01,40,-1.0699999999999363,0.3931277164564151,-1.4631277164563514,-0.2926255432912703,1.6899999999998272,1.4235000000001037,session_flat,2017
-1,614479,614517,2017-04-19 13:05:00+00:00,2017-04-19 16:15:00+00:00,1284.9485,1282.2085,0.01,38,2.740000000000009,0.3020331630316,2.437966836968409,0.4875933673936818,0.11000000000012733,10.763500000000022,stop,2017
-1,614760,614850,2017-04-20 13:30:00+00:00,2017-04-20 22:00:00+00:00,1279.5410000000002,1282.31,0.01,90,-2.768999999999778,0.3558951058201145,-3.124895105819893,-0.6249790211639785,3.895999999999731,2.7385000000001583,session_flat,2017
1,615064,615126,2017-04-21 15:50:00+00:00,2017-04-23 22:00:00+00:00,1283.1954999999998,1278.1954999999998,0.01,62,-5.0,0.5149819134026015,-5.514981913402601,-1.1029963826805202,15.286999999999807,5.12900000000036,stop,2017
-1,615321,615341,2017-04-24 14:15:00+00:00,2017-04-24 15:55:00+00:00,1270.6889999999999,1275.6889999999999,0.01,20,-5.0,0.2909714208273386,-5.290971420827338,-1.0581942841654677,5.193000000000211,0.12099999999963984,stop,2017
-1,615590,615678,2017-04-25 13:40:00+00:00,2017-04-25 21:00:00+00:00,1267.1860000000001,1263.8290000000002,0.01,88,3.356999999999971,1.0228255434782862,2.3341744565216844,0.46683489130433686,2.930499999999938,5.4594999999999345,session_flat,2017
-1,615881,615938,2017-04-26 14:50:00+00:00,2017-04-26 19:35:00+00:00,1263.788,1268.788,0.01,57,-5.0,0.31034776722649804,-5.310347767226498,-1.0620695534452995,5.126499999999851,3.64449999999988,stop,2017
-1,616138,616231,2017-04-27 13:15:00+00:00,2017-04-27 22:00:00+00:00,1265.713,1264.0300000000002,0.01,93,1.6829999999997654,0.3942548868312605,1.2887451131685048,0.257749022633701,1.5285000000001219,4.369500000000016,session_flat,2017
1,616449,616507,2017-04-28 16:10:00+00:00,2017-04-30 22:00:00+00:00,1266.554,1268.4650000000001,0.01,58,1.9110000000000582,0.41308493431852805,1.49791506568153,0.29958301313630603,0.2800000000002001,2.194500000000062,session_flat,2017
-1,616749,616783,2017-05-01 18:10:00+00:00,2017-05-01 22:00:00+00:00,1255.894,1256.6399999999999,0.01,34,-0.7459999999998672,0.4144931968032158,-1.160493196803083,-0.2320986393606166,2.1310000000000855,0.2540000000001328,session_flat,2017
-1,616968,617059,2017-05-02 13:25:00+00:00,2017-05-02 22:00:00+00:00,1253.5415,1256.76,0.01,91,-3.218499999999949,0.3647209114125893,-3.583220911412538,-0.7166441822825076,3.606999999999971,0.4860000000001037,session_flat,2017
-1,617263,617335,2017-05-03 15:00:00+00:00,2017-05-03 22:00:00+00:00,1249.471,1238.58,0.01,72,10.891000000000076,0.3845756707974135,10.506424329202662,2.1012848658405323,4.2590000000000146,13.459499999999935,session_flat,2017
-1,617529,617611,2017-05-04 14:10:00+00:00,2017-05-04 22:00:00+00:00,1229.1635,1228.46,0.01,82,0.7035000000000764,0.3978150220145313,0.3056849779855451,0.06113699559710902,3.1729999999997744,2.9650000000001455,session_flat,2017
-1,617811,617887,2017-05-05 14:40:00+00:00,2017-05-07 22:00:00+00:00,1229.24,1222.58,0.01,76,6.660000000000083,0.38638620737732954,6.273613792622753,1.2547227585245506,0.9014999999999418,7.960000000000036,session_flat,2017
-1,618133,618163,2017-05-08 18:30:00+00:00,2017-05-08 22:00:00+00:00,1227.4499999999998,1225.9904999999999,0.01,30,1.4594999999999345,0.4045546308876932,1.0549453691122412,0.21098907382244825,1.4815000000000964,1.4594999999999345,session_flat,2017
-1,618398,618422,2017-05-09 17:35:00+00:00,2017-05-09 19:35:00+00:00,1216.1754999999998,1221.1754999999998,0.01,24,-5.0,0.326067182654185,-5.326067182654185,-1.065213436530837,5.098000000000184,1.8469999999997526,stop,2017
-1,618623,618715,2017-05-10 13:20:00+00:00,2017-05-10 22:00:00+00:00,1223.8564999999999,1219.01,0.01,92,4.846499999999878,0.384809896426137,4.4616901035737415,0.8923380207147483,0.4535000000000764,6.184499999999844,session_flat,2017
-1,618897,618913,2017-05-11 13:10:00+00:00,2017-05-11 14:30:00+00:00,1221.7385,1226.7385,0.01,16,-5.0,0.28757630576714655,-5.287576305767146,-1.0575152611534293,6.001500000000078,0.7329999999999472,stop,2017
1,619177,619267,2017-05-12 13:30:00+00:00,2017-05-14 22:00:00+00:00,1230.1689999999999,1228.35,0.01,90,-1.81899999999996,0.3826379965681144,-2.2016379965680746,-0.4403275993136149,3.5184999999999036,0.943000000000211,session_flat,2017
1,619456,619543,2017-05-15 13:45:00+00:00,2017-05-15 22:00:00+00:00,1234.1905,1230.75,0.01,87,-3.440499999999929,0.4116593681670128,-3.8521593681669417,-0.7704318736333884,4.554499999999962,0.6450000000002092,session_flat,2017
1,619751,619819,2017-05-16 15:20:00+00:00,2017-05-16 22:00:00+00:00,1237.643,1237.1599999999999,0.01,68,-0.4830000000001746,0.38245463534632346,-0.865454635346498,-0.1730909270692996,1.39449999999988,1.5005000000001019,session_flat,2017
1,620029,620095,2017-05-17 15:30:00+00:00,2017-05-17 22:00:00+00:00,1257.23,1261.2199999999998,0.01,66,3.9899999999997817,0.37934260944433945,3.6106573905554424,0.7221314781110885,1.8495000000000346,4.5,session_flat,2017
1,620275,620289,2017-05-18 13:00:00+00:00,2017-05-18 14:10:00+00:00,1257.6205,1252.6205,0.01,14,-5.0,0.29603104545679426,-5.296031045456794,-1.0592062090913588,6.132000000000062,1.8085000000000946,stop,2017
1,620563,620647,2017-05-19 14:00:00+00:00,2017-05-21 22:00:00+00:00,1252.7285,1257.46,0.01,84,4.731500000000096,0.4014450312424997,4.330054968757596,0.8660109937515192,3.1749999999999545,5.0815000000000055,session_flat,2017
1,620829,620923,2017-05-22 13:10:00+00:00,2017-05-22 22:00:00+00:00,1257.805,1260.5149999999999,0.01,94,2.709999999999809,0.3916715904492094,2.3183284095506,0.46366568191012,0.9100000000000819,4.857999999999947,session_flat,2017
1,621112,621135,2017-05-23 13:45:00+00:00,2017-05-23 15:40:00+00:00,1261.7435,1256.7435,0.01,23,-5.0,0.3140043013816083,-5.314004301381608,-1.0628008602763217,5.802000000000135,1.1599999999998545,stop,2017
-1,621393,621464,2017-05-24 14:10:00+00:00,2017-05-24 20:05:00+00:00,1253.4915,1258.4915,0.01,71,-5.0,0.31173575334407394,-5.311735753344074,-1.0623471506688147,5.009999999999991,3.548000000000229,stop,2017
-1,621726,621751,2017-05-25 18:55:00+00:00,2017-05-25 22:00:00+00:00,1255.5865,1255.74,0.01,25,-0.15350000000012187,0.46409821968177084,-0.6175982196818928,-0.12351964393637856,0.9190000000000964,0.3114999999997963,session_flat,2017
1,621934,622027,2017-05-26 13:15:00+00:00,2017-05-28 22:00:00+00:00,1265.0500000000002,1267.5500000000002,0.01,93,2.5,0.38996023411673386,2.110039765883266,0.42200795317665324,0.30050000000028376,4.498499999999694,session_flat,2017
1,622217,622256,2017-05-29 13:50:00+00:00,2017-05-29 22:00:00+00:00,1266.0285,1267.3,0.01,39,1.27150000000006,0.40359245901643326,0.8679075409836268,0.17358150819672535,0.3485000000000582,1.8105000000000473,session_flat,2017
-1,622438,622532,2017-05-30 13:10:00+00:00,2017-05-30 22:00:00+00:00,1261.99,1263.0900000000001,0.01,94,-1.1000000000001364,0.4386189251394676,-1.538618925139604,-0.3077237850279208,2.804499999999962,1.13350000000014,session_flat,2017
1,622714,622795,2017-05-31 13:10:00+00:00,2017-05-31 19:55:00+00:00,1265.7779999999998,1268.5215,0.01,81,2.7435000000002674,0.3051881942086614,2.438311805791606,0.4876623611583212,1.6429999999998017,8.419000000000096,stop,2017
-1,622997,623064,2017-06-01 13:45:00+00:00,2017-06-01 19:20:00+00:00,1263.732,1268.732,0.01,67,-5.0,0.3179978383277711,-5.317997838327771,-1.063599567665554,5.231999999999971,1.112999999999829,stop,2017
1,623300,623360,2017-06-02 16:00:00+00:00,2017-06-04 22:00:00+00:00,1277.1915,1280.06,0.01,60,2.86850000000004,0.39296814868537594,2.4755318513146642,0.49510637026293286,1.8979999999999109,3.14850000000024,session_flat,2017
1,623541,623636,2017-06-05 13:05:00+00:00,2017-06-05 22:00:00+00:00,1280.903,1279.44,0.01,95,-1.4629999999999654,0.36454228067579814,-1.8275422806757635,-0.3655084561351527,3.042500000000018,0.8435000000001764,session_flat,2017
1,623832,623912,2017-06-06 14:20:00+00:00,2017-06-06 22:00:00+00:00,1292.453,1294.82,0.01,80,2.366999999999962,0.37443906642285935,1.9925609335771024,0.3985121867154205,1.9715000000001055,3.6965000000000146,session_flat,2017
1,624095,624153,2017-06-07 13:15:00+00:00,2017-06-07 18:05:00+00:00,1290.4445,1285.4445,0.01,58,-5.0,0.3033029966577907,-5.3033029966577905,-1.060660599331558,6.129500000000007,3.9104999999999563,stop,2017
-1,624390,624437,2017-06-08 14:50:00+00:00,2017-06-08 18:45:00+00:00,1275.4485,1280.4485,0.01,47,-5.0,0.3189535930156634,-5.318953593015664,-1.0637907186031328,5.154500000000098,1.4175000000000182,stop,2017
-1,624659,624740,2017-06-09 14:15:00+00:00,2017-06-11 22:00:00+00:00,1267.8605,1267.275,0.01,81,0.5854999999999109,0.4109652481562856,0.17453475184362527,0.034906950368725057,3.17899999999986,1.8815000000001874,session_flat,2017
-1,624931,625016,2017-06-12 13:55:00+00:00,2017-06-12 22:00:00+00:00,1267.2215,1265.3600000000001,0.01,85,1.8614999999999782,0.36436501631064133,1.4971349836893368,0.2994269967378674,0.5650000000000546,2.9329999999999927,session_flat,2017
-1,625210,625254,2017-06-13 14:10:00+00:00,2017-06-13 17:50:00+00:00,1262.5615,1267.5615,0.01,44,-5.0,0.3199360618931752,-5.319936061893175,-1.0639872123786351,5.176499999999805,0.25099999999997635,stop,2017
1,625484,625535,2017-06-14 14:00:00+00:00,2017-06-14 18:15:00+00:00,1275.58,1270.58,0.01,51,-5.0,0.305665366300368,-5.305665366300368,-1.0611330732600737,5.981499999999869,5.647500000000036,stop,2017
-1,625752,625844,2017-06-15 13:20:00+00:00,2017-06-15 22:00:00+00:00,1253.5529999999999,1254.1399999999999,0.01,92,-0.5869999999999891,0.38711010848308053,-0.9741101084830697,-0.19482202169661395,2.5920000000000982,1.2835000000000036,session_flat,2017
-1,626043,626120,2017-06-16 14:35:00+00:00,2017-06-18 22:00:00+00:00,1255.51,1254.4,0.01,77,1.1099999999999,0.38645988670169684,0.7235401132982031,0.1447080226596406,0.33150000000000546,2.304499999999962,session_flat,2017
-1,626323,626396,2017-06-19 14:55:00+00:00,2017-06-19 22:00:00+00:00,1248.6390000000001,1244.1599999999999,0.01,73,4.479000000000269,0.34640250197798883,4.13259749802228,0.826519499604456,0.7974999999996726,5.495000000000118,session_flat,2017
-1,626592,626672,2017-06-20 14:20:00+00:00,2017-06-20 22:00:00+00:00,1242.7035,1243.13,0.01,80,-0.42650000000003274,0.36008803632276104,-0.7865880363227937,-0.15731760726455873,1.8845000000001164,0.5990000000001601,session_flat,2017
-1,626860,626948,2017-06-21 13:40:00+00:00,2017-06-21 22:00:00+00:00,1243.0045,1245.4499999999998,0.01,88,-2.445499999999811,0.36606579382553045,-2.8115657938253413,-0.5623131587650683,4.411999999999807,0.7829999999999018,session_flat,2017
1,627134,627188,2017-06-22 13:30:00+00:00,2017-06-22 18:00:00+00:00,1252.663,1247.663,0.01,54,-5.0,0.3136728676430324,-5.3136728676430325,-1.0627345735286065,5.906500000000051,0.48649999999997817,stop,2017
1,627407,627500,2017-06-23 13:15:00+00:00,2017-06-25 22:00:00+00:00,1257.0885,1257.4250000000002,0.01,93,0.3365000000001146,0.3893631667020949,-0.052863166701980324,-0.010572633340396065,2.35550000000012,0.9249999999999545,session_flat,2017
-1,627682,627776,2017-06-26 13:10:00+00:00,2017-06-26 22:00:00+00:00,1243.6115,1244.56,0.01,94,-0.9484999999999673,0.3633896746740219,-1.3118896746739892,-0.26237793493479783,2.5299999999999727,1.2350000000001273,session_flat,2017
1,627956,628052,2017-06-27 13:00:00+00:00,2017-06-27 22:00:00+00:00,1249.3185,1246.9299999999998,0.01,96,-2.388500000000249,0.3714435917255447,-2.759943591725794,-0.5519887183451588,3.504000000000133,2.3634999999997035,session_flat,2017
1,628241,628328,2017-06-28 13:45:00+00:00,2017-06-28 22:00:00+00:00,1250.857,1249.9,0.01,87,-0.95699999999988,0.39615676486095924,-1.3531567648608391,-0.27063135297216784,2.90099999999984,0.47200000000020736,session_flat,2017
-1,628519,628523,2017-06-29 13:55:00+00:00,2017-06-29 14:15:00+00:00,1242.355,1247.355,0.01,4,-5.0,0.3160405065028716,-5.316040506502872,-1.0632081013005743,5.112999999999829,0.0,stop,2017
-1,628792,628880,2017-06-30 13:40:00+00:00,2017-07-02 22:00:00+00:00,1242.0745000000002,1241.8000000000002,0.01,88,0.2744999999999891,0.3740744296715946,-0.09957442967160551,-0.019914885934321103,3.2554999999997563,1.3060000000002674,session_flat,2017
-1,629069,629156,2017-07-03 13:45:00+00:00,2017-07-03 22:00:00+00:00,1227.051,1220.98,0.01,87,6.070999999999913,0.36245291317928113,5.708547086820632,1.1417094173641265,1.55600000000004,8.370999999999867,session_flat,2017
-1,629350,629385,2017-07-04 14:10:00+00:00,2017-07-04 22:00:00+00:00,1223.554,1223.725,0.01,35,-0.17099999999982174,0.37778807382133717,-0.5487880738211589,-0.10975761476423178,0.9960000000000946,0.6530000000002474,session_flat,2017
-1,629570,629580,2017-07-05 13:25:00+00:00,2017-07-05 14:15:00+00:00,1219.065,1224.065,0.01,10,-5.0,0.29786673009368264,-5.297866730093682,-1.0595733460187364,5.3754999999998745,0.5770000000002256,stop,2017
-1,629865,629937,2017-07-06 15:00:00+00:00,2017-07-06 22:00:00+00:00,1223.895,1225.17,0.01,72,-1.275000000000091,0.3826894905583045,-1.6576894905583954,-0.3315378981116791,1.490000000000009,1.25649999999996,session_flat,2017
-1,630156,630213,2017-07-07 16:15:00+00:00,2017-07-09 22:00:00+00:00,1211.156,1212.664,0.01,57,-1.5080000000000382,0.36661615984212775,-1.874616159842166,-0.3749232319684332,2.7545000000000073,1.787499999999909,session_flat,2017
-1,630408,630489,2017-07-10 14:15:00+00:00,2017-07-10 22:00:00+00:00,1210.9209999999998,1214.7199999999998,0.01,81,-3.798999999999978,0.3760624202103934,-4.175062420210372,-0.8350124840420744,4.449000000000069,1.140999999999849,session_flat,2017
-1,630669,630698,2017-07-11 13:00:00+00:00,2017-07-11 15:25:00+00:00,1211.8615,1216.8615,0.01,29,-5.0,0.3112891862835094,-5.311289186283509,-1.0622578372567018,5.0974999999998545,3.5650000000000546,stop,2017
1,630957,631041,2017-07-12 14:00:00+00:00,2017-07-12 22:00:00+00:00,1221.104,1219.67,0.01,84,-1.433999999999969,0.3571096127096312,-1.7911096127096002,-0.35822192254192003,3.123499999999922,2.304499999999962,session_flat,2017
-1,631259,631317,2017-07-13 16:10:00+00:00,2017-07-13 22:00:00+00:00,1218.1599999999999,1217.27,0.01,58,0.8899999999998727,0.37161461580781413,0.5183853841920585,0.1036770768384117,1.3600000000001273,1.2799999999997453,session_flat,2017
1,631512,631593,2017-07-14 14:15:00+00:00,2017-07-16 22:00:00+00:00,1230.225,1229.255,0.01,81,-0.9699999999998,0.34448145822853077,-1.3144814582283308,-0.2628962916456662,3.4414999999999054,0.0,session_flat,2017
1,631787,631869,2017-07-17 14:10:00+00:00,2017-07-17 22:00:00+00:00,1234.815,1234.08,0.01,82,-0.7350000000001273,0.35626258992805543,-1.0912625899281827,-0.21825251798563655,1.8715000000001965,1.2359999999998763,session_flat,2017
1,632058,632145,2017-07-18 13:45:00+00:00,2017-07-18 22:00:00+00:00,1240.6805,1242.6999999999998,0.01,87,2.01949999999988,0.35553902632694395,1.663960973672936,0.3327921947345872,0.3574999999998454,3.955500000000029,session_flat,2017
1,632339,632421,2017-07-19 14:10:00+00:00,2017-07-19 22:00:00+00:00,1242.473,1241.3200000000002,0.01,82,-1.1529999999997926,0.36107201296895985,-1.5140720129687524,-0.3028144025937505,3.0615000000000236,0.2519999999999527,session_flat,2017
1,632608,632697,2017-07-20 13:35:00+00:00,2017-07-20 22:00:00+00:00,1240.5795,1244.47,0.01,89,3.8904999999999745,0.3703072572097658,3.5201927427902087,0.7040385485580417,3.0405000000000655,7.041999999999916,session_flat,2017
1,632887,632973,2017-07-21 13:50:00+00:00,2017-07-23 22:00:00+00:00,1250.5,1255.45,0.01,86,4.9500000000000455,0.37887426454673584,4.571125735453309,0.9142251470906618,1.4039999999999964,5.306500000000142,session_flat,2017
1,633161,633249,2017-07-24 13:40:00+00:00,2017-07-24 22:00:00+00:00,1256.5255,1255.1799999999998,0.01,88,-1.3455000000001291,0.3935098250658959,-1.739009825066025,-0.34780196501320504,2.7854999999999563,1.2495000000001255,session_flat,2017
-1,633462,633525,2017-07-25 15:45:00+00:00,2017-07-25 22:00:00+00:00,1251.0155,1250.3899999999999,0.01,63,0.6255000000001019,0.3936335848398953,0.23186641516020656,0.046373283032041315,1.5489999999999782,1.3854999999998654,session_flat,2017
-1,633717,633765,2017-07-26 14:00:00+00:00,2017-07-26 18:00:00+00:00,1247.9295,1252.9295,0.01,48,-5.0,0.3234966924177766,-5.323496692417777,-1.0646993384835555,5.330999999999904,0.38599999999996726,stop,2017
1,633984,634000,2017-07-27 13:15:00+00:00,2017-07-27 14:35:00+00:00,1262.6345000000001,1257.6345000000001,0.01,16,-5.0,0.30498420894767553,-5.304984208947675,-1.060996841789535,5.085500000000138,1.0939999999998236,stop,2017
1,634258,634353,2017-07-28 13:05:00+00:00,2017-07-30 22:00:00+00:00,1263.78,1270.25,0.01,95,6.470000000000027,0.3238429799089634,6.146157020091064,1.2292314040182126,1.4449999999999363,7.155999999999949,session_flat,2017
1,634536,634629,2017-07-31 13:15:00+00:00,2017-07-31 22:00:00+00:00,1266.998,1269.18,0.01,93,2.1820000000000164,0.36765409627400236,1.814345903726014,0.3628691807452028,0.10800000000017462,3.3955000000000837,session_flat,2017
1,634832,634905,2017-08-01 14:55:00+00:00,2017-08-01 22:00:00+00:00,1272.2385,1269.06,0.01,73,-3.1784999999999854,0.4119622548216412,-3.5904622548216265,-0.7180924509643253,3.818499999999858,1.8315000000002328,session_flat,2017
1,635142,635168,2017-08-02 17:45:00+00:00,2017-08-02 19:55:00+00:00,1271.0149999999999,1266.0149999999999,0.01,26,-5.0,0.32522504658450746,-5.3252250465845075,-1.0650450093169015,5.033499999999776,0.0,stop,2017
1,635400,635457,2017-08-03 16:15:00+00:00,2017-08-03 22:00:00+00:00,1268.6235000000001,1269.6100000000001,0.01,57,0.9864999999999782,0.4120272590361604,0.5744727409638177,0.11489454819276354,1.175000000000182,2.2919999999999163,session_flat,2017
-1,635660,635733,2017-08-04 14:55:00+00:00,2017-08-06 22:00:00+00:00,1257.5349999999999,1259.1599999999999,0.01,73,-1.625,0.3741979860956495,-1.9991979860956495,-0.39983959721912987,1.805000000000291,1.6899999999998272,session_flat,2017
-1,635923,636009,2017-08-07 13:50:00+00:00,2017-08-07 22:00:00+00:00,1257.96,1257.47,0.01,86,0.4900000000000091,0.40095429548155187,0.08904570451845722,0.017809140903691446,2.033999999999878,1.0399999999999636,session_flat,2017
1,636191,636208,2017-08-08 13:10:00+00:00,2017-08-08 14:35:00+00:00,1262.0900000000001,1257.0900000000001,0.01,17,-5.0,0.3139104976281814,-5.313910497628181,-1.0627820995256363,7.296499999999924,1.4369999999998981,stop,2017
1,636469,636561,2017-08-09 13:20:00+00:00,2017-08-09 22:00:00+00:00,1273.085,1277.23,0.01,92,4.144999999999982,0.3775086217610008,3.767491378238981,0.7534982756477963,2.619999999999891,5.744999999999891,session_flat,2017
1,636761,636837,2017-08-10 14:40:00+00:00,2017-08-10 22:00:00+00:00,1286.2285,1286.8,0.01,76,0.5715000000000146,0.3924440557042027,0.17905594429581184,0.03581118885916237,2.5564999999999145,1.1300000000001091,session_flat,2017
1,637019,637113,2017-08-11 13:10:00+00:00,2017-08-13 22:00:00+00:00,1283.9814999999999,1290.375,0.01,94,6.393500000000131,0.37999210165620356,6.013507898343928,1.2027015796687857,0.36149999999997817,7.793500000000222,session_flat,2017
-1,637296,637389,2017-08-14 13:15:00+00:00,2017-08-14 22:00:00+00:00,1282.774,1281.98,0.01,93,0.7939999999998691,0.3881053225329194,0.40589467746694974,0.08117893549338995,2.8960000000001855,2.7854999999999563,session_flat,2017
-1,637579,637665,2017-08-15 13:50:00+00:00,2017-08-15 22:00:00+00:00,1270.2565,1271.6,0.01,86,-1.343499999999949,0.3870426115721865,-1.7305426115721356,-0.3461085223144271,4.923499999999876,0.9649999999999181,session_flat,2017
-1,637857,637895,2017-08-16 14:00:00+00:00,2017-08-16 17:10:00+00:00,1272.3200000000002,1277.3200000000002,0.01,38,-5.0,0.3080025718646503,-5.30800257186465,-1.06160051437293,5.030999999999949,0.7050000000001546,stop,2017
1,638141,638217,2017-08-17 14:40:00+00:00,2017-08-17 22:00:00+00:00,1284.844,1288.3899999999999,0.01,76,3.5459999999998217,0.38722187213102444,3.158778127868797,0.6317556255737594,2.733500000000049,4.516499999999951,session_flat,2017
1,638408,638413,2017-08-18 13:55:00+00:00,2017-08-18 14:20:00+00:00,1297.6100000000001,1292.6100000000001,0.01,5,-5.0,0.3108549339441725,-5.310854933944173,-1.0621709867888345,5.400000000000091,0.044999999999845386,stop,2017
1,638706,638769,2017-08-21 15:45:00+00:00,2017-08-21 22:00:00+00:00,1290.393,1291.58,0.01,63,1.1869999999998981,0.37757998503394646,0.8094200149659516,0.16188400299319033,1.4529999999999745,2.8575000000000728,session_flat,2017
-1,638949,639045,2017-08-22 13:00:00+00:00,2017-08-22 22:00:00+00:00,1286.467,1285.29,0.01,96,1.1770000000001346,0.3681114777929398,0.8088885222071949,0.16177770444143896,4.574499999999944,4.370499999999993,session_flat,2017
1,639234,639321,2017-08-23 13:45:00+00:00,2017-08-23 22:00:00+00:00,1288.665,1290.63,0.01,87,1.9650000000001455,0.3873343131712918,1.5776656868288537,0.3155331373657707,1.8709999999998672,2.1849999999999454,session_flat,2017
-1,639581,639597,2017-08-24 19:40:00+00:00,2017-08-24 22:00:00+00:00,1286.02,1286.56,0.01,16,-0.5399999999999636,0.37388366336635065,-0.9138836633663143,-0.18277673267326286,0.6100000000001273,0.20899999999983265,session_flat,2017
1,639811,639873,2017-08-25 15:50:00+00:00,2017-08-27 22:00:00+00:00,1290.1705,1292.435,0.01,62,2.264499999999998,0.386447058823535,1.8780529411764633,0.37561058823529264,0.15249999999991815,3.1935000000000855,session_flat,2017
1,640058,640149,2017-08-28 13:25:00+00:00,2017-08-28 22:00:00+00:00,1297.9865,1314.975,0.01,91,16.98849999999993,0.4618933083973448,16.526606691602588,3.3053213383205176,0.4555000000000291,20.803499999999985,session_flat,2017
1,640330,640349,2017-08-29 13:05:00+00:00,2017-08-29 14:40:00+00:00,1322.23,1317.23,0.01,19,-5.0,0.30510452513888114,-5.305104525138881,-1.0610209050277761,5.317000000000007,2.0605000000000473,stop,2017
-1,640659,640701,2017-08-30 17:30:00+00:00,2017-08-30 22:00:00+00:00,1308.335,1308.92,0.01,42,-0.5850000000000364,0.39043059337786684,-0.9754305933779033,-0.19508611867558065,1.156500000000051,1.543999999999869,session_flat,2017
1,640928,640977,2017-08-31 16:55:00+00:00,2017-08-31 22:00:00+00:00,1316.33,1321.9299999999998,0.01,49,5.599999999999909,0.39910532828089457,5.2008946717190145,1.0401789343438028,0.035499999999956344,7.401500000000169,session_flat,2017
1,641171,641253,2017-09-01 14:10:00+00:00,2017-09-03 22:00:00+00:00,1319.29,1334.75,0.01,82,15.460000000000038,0.3958062050814896,15.064193794918548,3.0128387589837096,2.751499999999851,19.360000000000127,session_flat,2017
1,641448,641481,2017-09-04 14:15:00+00:00,2017-09-04 22:00:00+00:00,1333.8690000000001,1334.35,0.01,33,0.4809999999997672,0.39347396735422996,0.08752603264553727,0.017505206529107455,0.6640000000002146,1.994499999999789,session_flat,2017
1,641663,641747,2017-09-05 13:10:00+00:00,2017-09-05 20:10:00+00:00,1331.152,1338.8385,0.01,84,7.686500000000024,0.31222556380179856,7.374274436198225,1.474854887239645,0.038000000000010914,13.296499999999924,stop,2017
1,641948,641984,2017-09-06 13:55:00+00:00,2017-09-06 16:55:00+00:00,1339.0285,1334.0285,0.01,36,-5.0,0.2943829368801922,-5.294382936880192,-1.0588765873760384,5.9034999999998945,1.9580000000000837,stop,2017
1,642217,642260,2017-09-07 13:20:00+00:00,2017-09-07 16:55:00+00:00,1341.475,1343.5685,0.01,43,2.0935000000001764,0.2994551734180396,1.794044826582137,0.35880896531642736,0.9849999999999,7.9594999999999345,stop,2017
1,642489,642510,2017-09-08 13:00:00+00:00,2017-09-08 14:45:00+00:00,1349.0855000000001,1344.0855000000001,0.01,21,-5.0,0.2964943948441553,-5.296494394844156,-1.0592988789688311,5.069500000000062,0.9434999999998581,stop,2017
-1,642776,642861,2017-09-11 13:55:00+00:00,2017-09-11 22:00:00+00:00,1334.5810000000001,1327.6599999999999,0.01,85,6.9210000000002765,0.4165241354723607,6.504475864527916,1.3008951729055833,1.0229999999999109,8.102000000000317,session_flat,2017
-1,643053,643106,2017-09-12 14:00:00+00:00,2017-09-12 18:25:00+00:00,1326.615,1331.615,0.01,53,-5.0,0.30860551758765986,-5.30860551758766,-1.061721103517532,5.259999999999991,1.2899999999999636,stop,2017
-1,643352,643413,2017-09-13 15:55:00+00:00,2017-09-13 22:00:00+00:00,1322.1315,1323.6585,0.01,61,-1.5270000000000439,0.4000061637825287,-1.9270061637825726,-0.3854012327565145,2.893500000000131,0.9500000000000455,session_flat,2017
-1,643602,643650,2017-09-14 13:45:00+00:00,2017-09-14 17:45:00+00:00,1323.833,1328.833,0.01,48,-5.0,0.31611755600339053,-5.31611755600339,-1.063223511200678,5.552499999999782,0.0,stop,2017
-1,643870,643965,2017-09-15 13:05:00+00:00,2017-09-17 22:00:00+00:00,1326.1909999999998,1319.658,0.01,95,6.532999999999902,0.37289053317521714,6.160109466824685,1.232021893364937,1.1300000000001091,8.530999999999949,session_flat,2017
-1,644152,644241,2017-09-18 13:35:00+00:00,2017-09-18 22:00:00+00:00,1311.677,1307.02,0.01,89,4.656999999999925,0.35364358203799834,4.303356417961927,0.8606712835923854,1.2230000000001837,6.961999999999762,session_flat,2017
-1,644427,644517,2017-09-19 13:30:00+00:00,2017-09-19 22:00:00+00:00,1309.83,1311.35,0.01,90,-1.5199999999999818,0.33593332825927524,-1.855933328259257,-0.3711866656518514,1.912000000000262,4.589999999999918,session_flat,2017
-1,644983,645069,2017-09-21 13:50:00+00:00,2017-09-21 22:00:00+00:00,1292.0680000000002,1291.38,0.01,86,0.6880000000001019,0.33972890295360597,0.3482710970464959,0.06965421940929918,3.0919999999996435,3.0080000000002656,session_flat,2017
-1,645250,645345,2017-09-22 13:05:00+00:00,2017-09-24 22:00:00+00:00,1294.688,1298.2,0.01,95,-3.5119999999999436,0.3407551305408741,-3.852755130540818,-0.7705510261081636,3.848500000000058,0.91800000000012,session_flat,2017
-1,645537,645548,2017-09-25 14:00:00+00:00,2017-09-25 14:55:00+00:00,1293.4360000000001,1298.4360000000001,0.01,11,-5.0,0.28545377059642785,-5.285453770596428,-1.0570907541192855,5.995999999999867,0.8140000000003056,stop,2017
-1,645805,645860,2017-09-26 13:20:00+00:00,2017-09-26 17:55:00+00:00,1300.9364999999998,1299.8899999999999,0.01,55,1.0464999999999236,0.2811447646062855,0.7653552353936381,0.15307104707872762,1.8735000000001492,7.346499999999651,stop,2017
-1,646093,646173,2017-09-27 14:20:00+00:00,2017-09-27 22:00:00+00:00,1285.179,1282.49,0.01,80,2.689000000000078,0.3513384652981509,2.3376615347019274,0.4675323069403855,4.170000000000073,3.6024999999999636,session_flat,2017
-1,646382,646449,2017-09-28 15:25:00+00:00,2017-09-28 22:00:00+00:00,1285.2915,1287.26,0.01,67,-1.968499999999949,0.36167656811274357,-2.3301765681126927,-0.4660353136225385,3.5399999999999636,1.2000000000000455,session_flat,2017
-1,646651,646725,2017-09-29 14:50:00+00:00,2017-10-01 22:00:00+00:00,1285.2649999999999,1279.9,0.01,74,5.364999999999782,0.3711908676968581,4.993809132302924,0.9987618264605848,0.9135000000001128,9.319999999999936,session_flat,2017
-1,646905,647001,2017-10-02 13:00:00+00:00,2017-10-02 22:00:00+00:00,1275.0915,1270.55,0.01,96,4.541500000000042,0.36444502045868965,4.177054979541352,0.8354109959082704,2.2245000000000346,5.486499999999978,session_flat,2017
-1,647183,647277,2017-10-03 13:10:00+00:00,2017-10-03 22:00:00+00:00,1270.6215,1271.81,0.01,94,-1.1884999999999764,0.35423239271340057,-1.542732392713377,-0.30854647854267536,4.13350000000014,0.0,session_flat,2017
1,647459,647470,2017-10-04 13:10:00+00:00,2017-10-04 14:05:00+00:00,1276.2645,1271.2645,0.01,11,-5.0,0.29600784650150624,-5.296007846501507,-1.0592015693003014,5.5694999999998345,0.6204999999999927,stop,2017
-1,647811,647829,2017-10-05 19:30:00+00:00,2017-10-05 22:00:00+00:00,1269.0230000000001,1268.38,0.01,18,0.6430000000000291,0.3310428882847024,0.3119571117153267,0.06239142234306534,0.44699999999988904,2.469500000000153,session_flat,2017
1,648053,648105,2017-10-06 16:40:00+00:00,2017-10-08 22:00:00+00:00,1273.2235,1276.19,0.01,52,2.9664999999999964,0.33946506277452804,2.6270349372254684,0.5254069874450937,1.093499999999949,3.501499999999851,session_flat,2017
1,648300,648381,2017-10-09 14:15:00+00:00,2017-10-09 22:00:00+00:00,1280.6734999999999,1284.15,0.01,81,3.4765000000002146,0.30754815239706423,3.16895184760315,0.6337903695206301,0.7635000000000218,4.600000000000136,session_flat,2017
1,648562,648657,2017-10-10 13:05:00+00:00,2017-10-10 22:00:00+00:00,1289.205,1288.0700000000002,0.01,95,-1.1349999999997635,0.3159401181849247,-1.4509401181846882,-0.29018802363693763,1.449999999999818,5.085000000000036,session_flat,2017
1,648840,648880,2017-10-11 13:15:00+00:00,2017-10-11 16:35:00+00:00,1290.053,1285.053,0.01,40,-5.0,0.2976114802510089,-5.297611480251009,-1.0595222960502018,5.288000000000238,1.0269999999998163,stop,2017
1,649113,649209,2017-10-12 13:00:00+00:00,2017-10-12 22:00:00+00:00,1292.4099999999999,1293.74,0.01,96,1.3300000000001546,0.35191245022582635,0.9780875497743282,0.19561750995486565,2.6599999999998545,2.8600000000001273,session_flat,2017
1,649405,649485,2017-10-13 14:20:00+00:00,2017-10-15 22:00:00+00:00,1299.8265000000001,1303.565,0.01,80,3.738499999999931,0.3436660930842456,3.3948339069156854,0.678966781383137,1.3600000000001273,4.043499999999767,session_flat,2017
1,649679,649727,2017-10-16 14:10:00+00:00,2017-10-16 18:10:00+00:00,1303.87,1298.87,0.01,48,-5.0,0.3000810964466972,-5.300081096446697,-1.0600162192893394,6.554999999999836,1.2250000000001364,stop,2017
-1,649958,650037,2017-10-17 14:25:00+00:00,2017-10-17 22:00:00+00:00,1285.7085,1285.0900000000001,0.01,79,0.6184999999998126,0.3292821554770103,0.28921784452280236,0.05784356890456047,1.8630000000000564,4.1404999999999745,session_flat,2017
-1,650219,650313,2017-10-18 13:10:00+00:00,2017-10-18 22:00:00+00:00,1280.1415,1281.06,0.01,94,-0.9184999999999945,0.35018667499678824,-1.2686866749967827,-0.2537373349993565,3.4435000000000855,0.5264999999999418,session_flat,2017
1,650510,650589,2017-10-19 14:25:00+00:00,2017-10-19 22:00:00+00:00,1286.72,1289.8200000000002,0.01,79,3.1000000000001364,0.3773413612488565,2.72265863875128,0.5445317277502559,1.094000000000051,3.8489999999999327,session_flat,2017
-1,650789,650865,2017-10-20 14:40:00+00:00,2017-10-22 22:00:00+00:00,1283.27,1279.5965,0.01,76,3.6734999999998763,0.37895127917521726,3.294548720824659,0.6589097441649318,0.47299999999995634,6.1909999999998035,session_flat,2017
-1,651052,651080,2017-10-23 13:35:00+00:00,2017-10-23 15:55:00+00:00,1273.6035000000002,1278.6035000000002,0.01,28,-5.0,0.2823211352746859,-5.282321135274686,-1.0564642270549371,7.603499999999713,0.10300000000006548,stop,2017
-1,651335,651417,2017-10-24 14:10:00+00:00,2017-10-24 22:00:00+00:00,1277.0215,1276.8400000000001,0.01,82,0.1814999999999145,0.3612086134889336,-0.17970861348901912,-0.035941722697803824,4.360500000000002,3.2165000000002237,session_flat,2017
-1,651614,651693,2017-10-25 14:25:00+00:00,2017-10-25 22:00:00+00:00,1275.7849999999999,1277.3899999999999,0.01,79,-1.6050000000000182,0.3571674305437696,-1.9621674305437877,-0.39243348610875756,4.235000000000127,0.8699999999998909,session_flat,2017
-1,651890,651969,2017-10-26 14:25:00+00:00,2017-10-26 22:00:00+00:00,1274.7435,1267.25,0.01,79,7.49350000000004,0.3614735110526209,7.132026488947419,1.4264052977894839,1.0014999999998508,8.966499999999996,session_flat,2017
-1,652156,652162,2017-10-27 13:35:00+00:00,2017-10-27 14:05:00+00:00,1267.095,1272.095,0.01,6,-5.0,0.29608751018215407,-5.296087510182154,-1.059217502036431,5.990000000000009,1.5,stop,2017
1,652452,652521,2017-10-30 15:15:00+00:00,2017-10-30 22:00:00+00:00,1272.63,1276.52,0.01,69,3.8899999999998727,0.35886171461189204,3.5311382853879807,0.7062276570775962,0.0,6.2599999999997635,session_flat,2017
-1,652732,652797,2017-10-31 15:35:00+00:00,2017-10-31 22:00:00+00:00,1270.4470000000001,1271.145,0.01,65,-0.6979999999998654,0.35204183574453046,-1.050041835744396,-0.2100083671488792,1.7149999999996908,1.887000000000171,session_flat,2017
1,653000,653073,2017-11-01 14:55:00+00:00,2017-11-01 22:00:00+00:00,1277.605,1274.67,0.01,73,-2.9349999999999454,0.36705149412320226,-3.302051494123148,-0.6604102988246295,4.0750000000000455,1.4800000000000182,session_flat,2017
1,653277,653349,2017-11-02 15:00:00+00:00,2017-11-02 22:00:00+00:00,1279.7155,1276.94,0.01,72,-2.7754999999999654,0.3694755958799503,-3.1449755958799157,-0.6289951191759832,4.695500000000038,0.0,session_flat,2017
1,653530,653548,2017-11-03 13:05:00+00:00,2017-11-03 14:35:00+00:00,1276.7085,1271.7085,0.01,18,-5.0,0.28696859362613525,-5.286968593626135,-1.057393718725227,6.205000000000155,1.9665000000002237,stop,2017
-1,653802,653834,2017-11-06 13:45:00+00:00,2017-11-06 16:25:00+00:00,1271.69,1276.69,0.01,32,-5.0,0.29709983934396433,-5.297099839343964,-1.0594199678687928,5.454999999999927,0.9500000000000455,stop,2017
-1,654119,654165,2017-11-07 17:10:00+00:00,2017-11-07 21:00:00+00:00,1275.621,1276.325,0.01,46,-0.7039999999999509,0.3105794268538601,-1.0145794268538109,-0.20291588537076216,1.9039999999999964,1.2910000000001673,session_flat,2017
1,654375,654441,2017-11-08 15:30:00+00:00,2017-11-08 21:00:00+00:00,1284.095,1280.915,0.01,66,-3.180000000000064,0.30467064992267834,-3.4846706499227427,-0.6969341299845485,3.615000000000009,3.160000000000082,session_flat,2017
1,654632,654717,2017-11-09 13:55:00+00:00,2017-11-09 21:00:00+00:00,1286.066,1286.205,0.01,85,0.13899999999989632,0.31119478441127196,-0.17219478441137565,-0.03443895688227513,4.0844999999999345,2.7740000000001146,session_flat,2017
1,654921,654935,2017-11-10 15:00:00+00:00,2017-11-10 16:10:00+00:00,1284.5700000000002,1279.5700000000002,0.01,14,-5.0,0.30242101914056335,-5.302421019140564,-1.0604842038281128,8.965000000000146,1.0864999999998872,stop,2017
-1,655189,655269,2017-11-13 14:20:00+00:00,2017-11-13 21:00:00+00:00,1278.23,1277.7065,0.01,80,0.5235000000000127,0.2828369905415453,0.24066300945846741,0.04813260189169348,1.59699999999998,1.1610000000000582,session_flat,2017
1,655498,655545,2017-11-14 17:05:00+00:00,2017-11-14 21:00:00+00:00,1278.6565,1280.307,0.01,47,1.6504999999999654,0.31166897029134455,1.3388310297086208,0.2677662059417242,0.09000000000014552,5.013500000000022,session_flat,2017
1,655740,655749,2017-11-15 14:15:00+00:00,2017-11-15 15:00:00+00:00,1286.6934999999999,1281.6934999999999,0.01,9,-5.0,0.2755136294672037,-5.275513629467204,-1.0551027258934407,5.293499999999767,1.8414999999999964,stop,2017
-1,656005,656097,2017-11-16 13:20:00+00:00,2017-11-16 21:00:00+00:00,1278.3049999999998,1278.5835000000002,0.01,92,-0.27850000000034925,0.3059141554866137,-0.584414155486963,-0.11688283109739259,3.5460000000002765,1.8359999999997854,session_flat,2017
1,656300,656373,2017-11-17 14:55:00+00:00,2017-11-17 21:00:00+00:00,1285.605,1293.7849999999999,0.01,73,8.179999999999836,0.3232520574717933,7.856747942528043,1.5713495885056086,1.3250000000000455,11.424999999999955,session_flat,2017
1,656566,656578,2017-11-20 14:05:00+00:00,2017-11-20 15:05:00+00:00,1289.97,1284.97,0.01,12,-5.0,0.29976651284924444,-5.299766512849245,-1.0599533025698489,5.10349999999994,0.0,stop,2017
-1,656849,656925,2017-11-21 14:40:00+00:00,2017-11-21 21:00:00+00:00,1281.695,1279.7765,0.01,76,1.9184999999999945,0.30937220373861063,1.609127796261384,0.3218255592522768,3.115000000000009,2.233500000000049,session_flat,2017
1,657177,657201,2017-11-22 19:00:00+00:00,2017-11-22 21:00:00+00:00,1291.56,1291.5529999999999,0.01,24,-0.0070000000000618465,0.3083753908130421,-0.31537539081310395,-0.06307507816262078,0.23900000000003274,3.2100000000000364,session_flat,2017
1,657391,657441,2017-11-23 13:50:00+00:00,2017-11-23 23:00:00+00:00,1292.095,1291.7849999999999,0.01,50,-0.3100000000001728,0.3826622607818197,-0.6926622607819926,-0.1385324521563985,3.0049999999998818,0.1150000000000091,session_flat,2017
-1,657623,657678,2017-11-24 14:10:00+00:00,2017-11-26 23:00:00+00:00,1288.6909999999998,1289.325,0.01,55,-0.6340000000002419,0.34776631742571784,-0.9817663174259598,-0.19635326348519194,2.7090000000002874,1.4259999999999309,session_flat,2017
1,657868,657942,2017-11-27 14:50:00+00:00,2017-11-27 21:00:00+00:00,1294.8685,1293.993,0.01,74,-0.8755000000001019,0.3046529347584398,-1.1801529347585418,-0.23603058695170837,2.613499999999931,2.8215000000000146,session_flat,2017
1,658134,658218,2017-11-28 14:00:00+00:00,2017-11-28 21:00:00+00:00,1295.604,1293.324,0.01,84,-2.2799999999999727,0.3168631476050783,-2.5968631476050508,-0.5193726295210102,4.888999999999896,1.8999999999998636,session_flat,2017
-1,658428,658494,2017-11-29 15:30:00+00:00,2017-11-29 21:00:00+00:00,1286.54,1285.172,0.01,66,1.3679999999999382,0.3121137301802888,1.0558862698196494,0.2111772539639299,0.9270000000001346,4.429999999999836,session_flat,2017
-1,658692,658759,2017-11-30 14:30:00+00:00,2017-11-30 20:05:00+00:00,1278.6715,1275.632,0.01,67,3.0394999999998618,0.30425952795631916,2.7352404720435426,0.5470480944087085,2.9170000000001437,8.206499999999778,stop,2017
-1,658951,658987,2017-12-01 13:05:00+00:00,2017-12-01 16:05:00+00:00,1276.065,1281.065,0.01,36,-5.0,0.2924534735960095,-5.29245347359601,-1.0584906947192019,5.1059999999999945,4.349999999999909,stop,2017
-1,659228,659322,2017-12-04 13:10:00+00:00,2017-12-04 21:00:00+00:00,1274.454,1276.4650000000001,0.01,94,-2.0110000000001946,0.3023456143036156,-2.3133456143038105,-0.4626691228607621,2.7760000000000673,1.558999999999969,session_flat,2017
-1,659515,659593,2017-12-05 14:05:00+00:00,2017-12-05 20:35:00+00:00,1273.48,1267.1599999999999,0.01,78,6.320000000000165,0.31037615981549826,6.009623840184666,1.2019247680369332,0.0,12.434999999999945,stop,2017
-1,659781,659874,2017-12-06 13:15:00+00:00,2017-12-06 21:00:00+00:00,1267.281,1264.756,0.01,93,2.5249999999998636,0.3122102457073277,2.212789754292536,0.4425579508585072,1.3740000000000236,4.645999999999958,session_flat,2017
-1,660056,660150,2017-12-07 13:10:00+00:00,2017-12-07 21:00:00+00:00,1255.7965,1248.205,0.01,94,7.591499999999997,0.3033876373157781,7.2881123626842195,1.4576224725368438,0.561500000000251,11.789999999999964,session_flat,2017
-1,660402,660426,2017-12-08 19:00:00+00:00,2017-12-08 21:00:00+00:00,1247.4989999999998,1248.005,0.01,24,-0.5060000000003129,0.31247120828368546,-0.8184712082839983,-0.16369424165679966,1.6845000000002983,0.19699999999966167,session_flat,2017
-1,660634,660702,2017-12-11 15:20:00+00:00,2017-12-11 21:00:00+00:00,1247.9985,1242.891,0.01,68,5.107499999999845,0.3002152378959395,4.807284762103906,0.9614569524207812,0.45450000000005275,7.223499999999831,session_flat,2017
-1,660884,660935,2017-12-12 13:10:00+00:00,2017-12-12 17:25:00+00:00,1243.4205,1242.0385,0.01,51,1.3819999999998345,0.2985162950432855,1.0834837049565489,0.21669674099130978,0.12100000000009459,6.848999999999933,stop,2017
1,661202,661254,2017-12-13 16:40:00+00:00,2017-12-13 21:00:00+00:00,1245.725,1255.2579999999998,0.01,52,9.532999999999902,0.29554260517498276,9.237457394824919,1.8474914789649837,1.3199999999999363,11.448499999999967,session_flat,2017
1,661434,661453,2017-12-14 13:00:00+00:00,2017-12-14 14:35:00+00:00,1256.968,1251.968,0.01,19,-5.0,0.27449202919091864,-5.2744920291909185,-1.0548984058381836,5.192999999999984,0.9484999999997399,stop,2017
1,661724,661734,2017-12-15 14:10:00+00:00,2017-12-15 15:00:00+00:00,1259.5835000000002,1254.5835000000002,0.01,10,-5.0,0.27413030743002764,-5.274130307430028,-1.0548260614860054,5.070500000000266,0.16499999999973625,stop,2017
1,662000,662082,2017-12-18 14:10:00+00:00,2017-12-18 21:00:00+00:00,1258.489,1261.42,0.01,82,2.93100000000004,0.28558542763199035,2.6454145723680496,0.5290829144736099,0.0,5.537000000000035,session_flat,2017
1,662263,662358,2017-12-19 13:05:00+00:00,2017-12-19 21:00:00+00:00,1263.4634999999998,1262.245,0.01,95,-1.218499999999949,0.30688477094388167,-1.5253847709438308,-0.3050769541887662,4.167499999999791,0.08550000000013824,session_flat,2017
1,662551,662634,2017-12-20 14:05:00+00:00,2017-12-20 21:00:00+00:00,1263.995,1265.5549999999998,0.01,83,1.5599999999999454,0.2843805434925031,1.2756194565074424,0.2551238913014885,1.7714999999998327,3.92450000000008,session_flat,2017
1,662829,662910,2017-12-21 14:15:00+00:00,2017-12-21 21:00:00+00:00,1264.8290000000002,1267.595,0.01,81,2.765999999999849,0.2938852275309605,2.4721147724688883,0.49442295449377766,0.4630000000001928,4.214999999999691,session_flat,2017
1,663092,663186,2017-12-22 13:10:00+00:00,2017-12-22 21:00:00+00:00,1268.115,1274.105,0.01,94,5.990000000000009,0.31432018687292257,5.675679813127086,1.1351359626254172,0.3450000000000273,8.106500000000096,session_flat,2017
1,663384,663462,2017-12-26 14:30:00+00:00,2017-12-26 21:00:00+00:00,1280.9850000000001,1282.875,0.01,78,1.8899999999998727,0.3069315035124237,1.5830684964874489,0.3166136992974898,0.9400000000000546,2.8640000000000327,session_flat,2017
1,663642,663738,2017-12-27 13:00:00+00:00,2017-12-27 21:00:00+00:00,1284.134,1287.925,0.01,96,3.7909999999999404,0.2948608460130244,3.496139153986916,0.6992278307973832,0.40850000000000364,4.899499999999989,session_flat,2017
1,663922,664014,2017-12-28 13:20:00+00:00,2017-12-28 21:00:00+00:00,1290.585,1294.495,0.01,92,3.9099999999998545,0.2954209215300364,3.614579078469818,0.7229158156939637,0.31300000000010186,4.675999999999931,session_flat,2017
1,664218,664290,2017-12-29 15:00:00+00:00,2017-12-29 21:00:00+00:00,1301.787,1303.3400000000001,0.01,72,1.553000000000111,0.31704126807174093,1.23595873192837,0.247191746385674,0.0,5.863000000000056,session_flat,2017
1,664494,664566,2018-01-02 15:00:00+00:00,2018-01-02 21:00:00+00:00,1312.8885,1318.385,0.01,72,5.496499999999969,0.29751767877882296,5.198982321221147,1.0397964642442292,1.5785000000000764,5.6814999999999145,session_flat,2018
1,664746,664820,2018-01-03 13:00:00+00:00,2018-01-03 19:10:00+00:00,1314.9335,1309.9335,0.01,74,-5.0,0.29664322363390594,-5.296643223633906,-1.0593286447267811,7.353500000000167,3.0715000000000146,stop,2018
1,665026,665118,2018-01-04 13:20:00+00:00,2018-01-04 21:00:00+00:00,1312.01,1321.99,0.01,92,9.980000000000018,0.2756297845342972,9.70437021546572,1.9408740430931442,0.0,14.064000000000078,session_flat,2018
1,665316,665394,2018-01-05 14:30:00+00:00,2018-01-05 21:00:00+00:00,1316.6,1320.53,0.01,78,3.930000000000064,0.29565016421739065,3.6343498357826736,0.7268699671565347,0.9499999999998181,5.605000000000018,session_flat,2018
1,665576,665670,2018-01-08 13:10:00+00:00,2018-01-08 21:00:00+00:00,1318.4615,1320.12,0.01,94,1.6585000000000036,0.29635830202126795,1.3621416979787357,0.27242833959574714,2.4644999999998163,2.4655000000002474,session_flat,2018
-1,665865,665946,2018-01-09 14:15:00+00:00,2018-01-09 21:00:00+00:00,1312.885,1313.998,0.01,81,-1.1130000000000564,0.29208295919903426,-1.4050829591990905,-0.2810165918398181,2.9535000000000764,3.9535000000000764,session_flat,2018
1,666137,666145,2018-01-10 13:55:00+00:00,2018-01-10 14:35:00+00:00,1320.03,1315.03,0.01,8,-5.0,0.30825001487067105,-5.308250014870671,-1.0616500029741343,5.313499999999976,1.0450000000000728,stop,2018
1,666432,666498,2018-01-11 15:30:00+00:00,2018-01-11 21:00:00+00:00,1321.047,1321.8899999999999,0.01,66,0.8429999999998472,0.2995912589391472,0.5434087410607,0.10868174821214001,0.6970000000001164,2.9629999999999654,session_flat,2018
1,666691,666774,2018-01-12 14:05:00+00:00,2018-01-12 21:00:00+00:00,1326.035,1338.155,0.01,83,12.11999999999989,0.30917697486546275,11.810823025134429,2.362164605026886,0.36350000000015825,13.396499999999833,session_flat,2018
1,666962,667015,2018-01-15 13:40:00+00:00,2018-01-15 23:00:00+00:00,1341.3964999999998,1340.5,0.01,53,-0.8964999999998327,0.3728273198829714,-1.2693273198828041,-0.25386546397656085,2.640499999999747,1.043500000000222,session_flat,2018
-1,667200,667259,2018-01-16 14:25:00+00:00,2018-01-16 19:20:00+00:00,1334.5034999999998,1339.5034999999998,0.01,59,-5.0,0.29457800115839217,-5.294578001158392,-1.0589156002316784,5.387500000000273,2.413499999999658,stop,2018
-1,667469,667555,2018-01-17 13:50:00+00:00,2018-01-17 21:00:00+00:00,1336.115,1329.085,0.01,86,7.029999999999973,0.30776383091002635,6.722236169089946,1.3444472338179891,4.435000000000173,9.206500000000005,session_flat,2018
-1,667749,667831,2018-01-18 14:10:00+00:00,2018-01-18 21:00:00+00:00,1330.005,1326.275,0.01,82,3.730000000000018,0.3011737075466583,3.42882629245336,0.685765258490672,3.188499999999749,4.358500000000049,session_flat,2018
1,668047,668107,2018-01-19 16:00:00+00:00,2018-01-19 21:00:00+00:00,1333.5855000000001,1332.2649999999999,0.01,60,-1.3205000000002656,0.3068674621743607,-1.6273674621746261,-0.32547349243492524,2.4305000000001655,1.813499999999749,session_flat,2018
1,668309,668383,2018-01-22 14:50:00+00:00,2018-01-22 21:00:00+00:00,1332.7255,1334.656,0.01,74,1.9304999999999382,0.3054776878476525,1.6250223121522858,0.32500446243045716,1.8894999999999982,2.932499999999891,session_flat,2018
1,668564,668583,2018-01-23 13:05:00+00:00,2018-01-23 14:40:00+00:00,1336.6085,1331.6085,0.01,19,-5.0,0.30330556623644617,-5.303305566236446,-1.0606611132472892,5.163499999999885,0.7414999999998599,stop,2018
1,668867,668935,2018-01-24 15:20:00+00:00,2018-01-24 21:00:00+00:00,1354.24,1357.745,0.01,68,3.5049999999998818,0.30024249982662443,3.2047575001732573,0.6409515000346515,2.8740000000000236,7.851499999999987,session_flat,2018
1,669115,669187,2018-01-25 13:00:00+00:00,2018-01-25 19:00:00+00:00,1358.455,1359.315,0.01,72,0.8600000000001273,0.30456806896850197,0.5554319310316254,0.11108638620632508,4.863499999999931,6.4050000000002,stop,2018
-1,669408,669487,2018-01-26 14:25:00+00:00,2018-01-26 21:00:00+00:00,1351.1415,1349.65,0.01,79,1.49149999999986,0.307084628927408,1.1844153710724519,0.23688307421449037,3.2805000000000746,2.3115000000000236,session_flat,2018
-1,669670,669733,2018-01-29 13:15:00+00:00,2018-01-29 18:30:00+00:00,1343.8405,1342.9834999999998,0.01,63,0.8570000000001983,0.2961450893792692,0.5608549106209291,0.11217098212418582,1.7999999999999545,6.150499999999965,stop,2018
1,669964,669978,2018-01-30 14:45:00+00:00,2018-01-30 15:55:00+00:00,1346.5615,1341.5615,0.01,14,-5.0,0.2951744229067024,-5.295174422906703,-1.0590348845813407,5.6879999999998745,0.48299999999994725,stop,2018
1,670223,670291,2018-01-31 13:20:00+00:00,2018-01-31 19:00:00+00:00,1343.3215,1338.3215,0.01,68,-5.0,0.3030852281990576,-5.303085228199057,-1.0606170456398114,5.190000000000055,1.9445000000000618,stop,2018
-1,670495,670560,2018-02-01 13:00:00+00:00,2018-02-01 18:25:00+00:00,1339.95,1344.95,0.01,65,-5.0,0.29458033604852096,-5.294580336048521,-1.0589160672097042,5.3599999999999,1.5865000000001146,stop,2018
-1,670789,670823,2018-02-02 14:30:00+00:00,2018-02-02 17:20:00+00:00,1336.2064999999998,1333.4234999999999,0.01,34,2.7829999999999018,0.30493212902909606,2.478067870970806,0.4956135741941612,0.6785000000002128,8.705499999999574,stop,2018
-1,671051,671132,2018-02-05 13:20:00+00:00,2018-02-05 20:05:00+00:00,1336.6095,1341.6095,0.01,81,-5.0,0.30715031517492264,-5.307150315174923,-1.0614300630349844,5.0470000000000255,3.9079999999999018,stop,2018
-1,671367,671419,2018-02-06 16:40:00+00:00,2018-02-06 21:00:00+00:00,1330.6315,1321.865,0.01,52,8.76649999999995,0.31080372415353175,8.45569627584642,1.6911392551692839,0.2885000000001128,10.351499999999987,session_flat,2018
-1,671619,671695,2018-02-07 14:40:00+00:00,2018-02-07 21:00:00+00:00,1323.21,1315.327,0.01,76,7.883000000000038,0.31292035903909365,7.5700796409609445,1.514015928192189,2.2999999999999545,11.740000000000236,session_flat,2018
-1,671881,671926,2018-02-08 13:30:00+00:00,2018-02-08 17:15:00+00:00,1313.335,1318.335,0.01,45,-5.0,0.30103549772955857,-5.301035497729559,-1.0602070995459116,5.217999999999847,0.8540000000000418,stop,2018
-1,672154,672247,2018-02-09 13:15:00+00:00,2018-02-09 21:00:00+00:00,1316.9180000000001,1314.825,0.01,93,2.0930000000000746,0.3176070162925173,1.7753929837075573,0.35507859674151143,2.2404999999998836,5.684500000000298,session_flat,2018
-1,672440,672457,2018-02-12 14:05:00+00:00,2018-02-12 15:30:00+00:00,1319.018,1324.018,0.01,17,-5.0,0.30132712533163697,-5.301327125331637,-1.0602654250663275,5.479000000000042,0.2580000000000382,stop,2018
1,672705,672799,2018-02-13 13:10:00+00:00,2018-02-13 21:00:00+00:00,1327.1965,1329.1999999999998,0.01,94,2.0034999999998035,0.3043181989967823,1.6991818010030213,0.33983636020060426,4.224999999999909,2.8015000000000327,session_flat,2018
1,673027,673075,2018-02-14 17:00:00+00:00,2018-02-14 21:00:00+00:00,1347.195,1352.153,0.01,48,4.958000000000084,0.2917632925676115,4.666236707432472,0.9332473414864945,1.403999999999769,8.404500000000098,session_flat,2018
1,673275,673351,2018-02-15 14:40:00+00:00,2018-02-15 21:00:00+00:00,1353.0819999999999,1353.473,0.01,76,0.39100000000007645,0.3170163244820759,0.07398367551800056,0.014796735103600111,4.338999999999942,2.1245000000001255,session_flat,2018
1,673537,673601,2018-02-16 13:30:00+00:00,2018-02-16 18:50:00+00:00,1355.4815,1350.4815,0.01,64,-5.0,0.30300907743064287,-5.303009077430643,-1.0606018154861285,6.03449999999998,1.22199999999998,stop,2018
-1,673816,673871,2018-02-19 13:45:00+00:00,2018-02-19 23:00:00+00:00,1347.0680000000002,1346.55,0.01,55,0.5180000000002565,0.3840792787649768,0.1339207212352797,0.02678414424705594,1.6289999999999054,1.1880000000001019,session_flat,2018
-1,674041,674135,2018-02-20 13:10:00+00:00,2018-02-20 21:00:00+00:00,1339.3415,1330.827,0.01,94,8.514499999999998,0.30299898941671666,8.211501010583282,1.6423002021166564,3.980000000000018,10.790500000000065,session_flat,2018
-1,674325,674387,2018-02-21 13:50:00+00:00,2018-02-21 19:00:00+00:00,1328.963,1333.963,0.01,62,-5.0,0.30968561973274256,-5.3096856197327424,-1.0619371239465485,6.463500000000067,2.8320000000001073,stop,2018
-1,674591,674615,2018-02-22 13:00:00+00:00,2018-02-22 15:00:00+00:00,1323.8285,1328.8285,0.01,24,-5.0,0.30823160466094135,-5.308231604660941,-1.0616463209321882,5.939499999999953,0.5635000000002037,stop,2018
-1,674915,674963,2018-02-23 17:00:00+00:00,2018-02-23 21:00:00+00:00,1328.8020000000001,1329.391,0.01,48,-0.5889999999999418,0.30853356216627803,-0.8975335621662198,-0.17950671243324395,1.8494999999998072,0.6310000000003129,session_flat,2018
1,675143,675161,2018-02-26 13:00:00+00:00,2018-02-26 14:30:00+00:00,1336.961,1331.961,0.01,18,-5.0,0.3016562489905369,-5.301656248990537,-1.0603312497981074,5.3279999999999745,1.1510000000000673,stop,2018
-1,675478,675515,2018-02-27 17:55:00+00:00,2018-02-27 21:00:00+00:00,1316.114,1318.8899999999999,0.01,37,-2.77599999999984,0.31066933075573,-3.08666933075557,-0.6173338661511141,2.8209999999999127,1.0450000000000728,session_flat,2018
-1,675710,675791,2018-02-28 14:15:00+00:00,2018-02-28 21:00:00+00:00,1318.855,1317.6100000000001,0.01,81,1.2449999999998909,0.31267012529200716,0.9323298747078836,0.18646597494157674,3.7519999999999527,2.9140000000002146,session_flat,2018
-1,675984,676001,2018-03-01 14:05:00+00:00,2018-03-01 15:30:00+00:00,1309.1985,1308.0140000000001,0.01,17,1.1844999999998436,0.30316140682903603,0.8813385931708075,0.17626771863416152,0.3530000000000655,6.318499999999858,stop,2018
1,676251,676343,2018-03-02 13:20:00+00:00,2018-03-02 21:00:00+00:00,1321.6715,1321.945,0.01,92,0.27350000000001273,0.30522437222799703,-0.0317243722279843,-0.00634487444559686,4.032999999999902,3.8400000000001455,session_flat,2018
1,676559,676619,2018-03-05 16:00:00+00:00,2018-03-05 21:00:00+00:00,1321.7665000000002,1319.6999999999998,0.01,60,-2.06650000000036,0.3164436303401794,-2.38294363034054,-0.476588726068108,4.192000000000007,0.7034999999996217,session_flat,2018
1,676819,676858,2018-03-06 14:40:00+00:00,2018-03-06 17:55:00+00:00,1330.8015,1333.3445000000002,0.01,39,2.54300000000012,0.314877410624728,2.228122589375392,0.4456245178750784,0.0,7.747000000000071,stop,2018
1,677080,677115,2018-03-07 13:25:00+00:00,2018-03-07 16:20:00+00:00,1330.1085,1325.1085,0.01,35,-5.0,0.30987883201983746,-5.309878832019837,-1.0619757664039675,6.894500000000107,2.416500000000042,stop,2018
-1,677359,677447,2018-03-08 13:40:00+00:00,2018-03-08 21:00:00+00:00,1326.009,1322.2615,0.01,88,3.7474999999999454,0.3276688114428332,3.4198311885571124,0.6839662377114225,0.3524999999999636,6.905499999999847,session_flat,2018
-1,677644,677651,2018-03-09 14:25:00+00:00,2018-03-09 15:00:00+00:00,1316.9415,1321.9415,0.01,7,-5.0,0.2871835750869557,-5.287183575086956,-1.0574367150173911,5.253500000000258,1.3159999999998035,stop,2018
-1,677920,677984,2018-03-12 13:25:00+00:00,2018-03-12 18:45:00+00:00,1318.8345,1323.8345,0.01,64,-5.0,0.3018362495682212,-5.301836249568221,-1.0603672499136443,5.21550000000002,2.6159999999999854,stop,2018
1,678209,678287,2018-03-13 14:30:00+00:00,2018-03-13 22:00:00+00:00,1321.73,1326.15,0.01,78,4.420000000000073,0.38178030303031424,4.038219696969758,0.8076439393939516,0.0,6.6534999999998945,session_flat,2018
1,678510,678563,2018-03-14 16:35:00+00:00,2018-03-14 22:00:00+00:00,1324.56,1324.7199999999998,0.01,53,0.15999999999985448,0.37338369364839685,-0.21338369364854237,-0.04267673872970847,0.9649999999999181,1.425000000000182,session_flat,2018
-1,678765,678839,2018-03-15 14:50:00+00:00,2018-03-15 22:00:00+00:00,1318.915,1316.5500000000002,0.01,74,2.3649999999997817,0.37624225855900073,1.9887577414407809,0.3977515482881562,0.5499999999999545,3.860500000000002,session_flat,2018
-1,679047,679115,2018-03-16 15:20:00+00:00,2018-03-18 22:00:00+00:00,1311.4,1313.4,0.01,68,-2.0,0.3926195985060709,-2.3926195985060708,-0.47852391970121416,3.219000000000051,0.4715000000001055,session_flat,2018
-1,679295,679327,2018-03-19 13:00:00+00:00,2018-03-19 15:40:00+00:00,1311.9965000000002,1316.9965000000002,0.01,32,-5.0,0.3141034354525857,-5.314103435452585,-1.062820687090517,5.8849999999997635,0.7535000000002583,stop,2018
-1,679572,679667,2018-03-20 13:05:00+00:00,2018-03-20 22:00:00+00:00,1311.474,1311.0900000000001,0.01,95,0.3839999999997872,0.3809303584982831,0.0030696415015040723,0.0006139283003008145,1.8765000000000782,4.198999999999842,session_flat,2018
1,679861,679899,2018-03-21 14:10:00+00:00,2018-03-21 17:20:00+00:00,1319.9565,1321.3065000000001,0.01,38,1.3500000000001364,0.30212622807612766,1.0478737719240088,0.20957475438480175,1.5800000000001546,6.725000000000136,stop,2018
1,680124,680172,2018-03-22 13:05:00+00:00,2018-03-22 17:05:00+00:00,1329.9164999999998,1324.9164999999998,0.01,48,-5.0,0.31458713733773896,-5.314587137337739,-1.0629174274675477,5.0414999999998145,2.742500000000291,stop,2018
1,680416,680495,2018-03-23 14:25:00+00:00,2018-03-25 22:00:00+00:00,1347.1770000000001,1347.325,0.01,79,0.14799999999991087,0.3398808238538495,-0.19188082385393862,-0.03837616477078772,1.6670000000001437,3.0449999999998454,session_flat,2018
1,680700,680771,2018-03-26 15:05:00+00:00,2018-03-26 22:00:00+00:00,1354.48,1353.73,0.01,71,-0.75,0.38644856745033046,-1.1364485674503304,-0.22728971349006608,2.6340000000000146,1.5199999999999818,session_flat,2018
-1,680963,681047,2018-03-27 14:00:00+00:00,2018-03-27 22:00:00+00:00,1342.3885,1345.44,0.01,84,-3.0515000000000327,0.3819374241044323,-3.433437424104465,-0.686687484820893,3.5625,1.393500000000131,session_flat,2018
-1,681228,681323,2018-03-28 13:05:00+00:00,2018-03-28 22:00:00+00:00,1335.095,1324.77,0.01,95,10.325000000000045,0.36156201791065257,9.963437982089394,1.9926875964178787,0.9545000000000528,11.530500000000075,session_flat,2018
-1,681511,681599,2018-03-29 13:40:00+00:00,2018-04-01 22:00:00+00:00,1324.2115,1326.0349999999999,0.01,88,-1.8234999999999673,0.361559187269998,-2.185059187269965,-0.437011837453993,2.4140000000002146,2.9169999999999163,session_flat,2018
1,681790,681875,2018-04-02 13:55:00+00:00,2018-04-02 22:00:00+00:00,1333.6109999999999,1340.8600000000001,0.01,85,7.249000000000251,0.36553656543287033,6.883463434567381,1.3766926869134761,0.2359999999998763,11.305000000000064,session_flat,2018
-1,682087,682151,2018-04-03 15:40:00+00:00,2018-04-03 22:00:00+00:00,1331.7585,1332.9299999999998,0.01,64,-1.1714999999999236,0.36998551319969314,-1.5414855131996168,-0.3082971026399234,3.1914999999999054,1.4669999999998709,session_flat,2018
1,682335,682343,2018-04-04 13:20:00+00:00,2018-04-04 14:00:00+00:00,1344.9605000000001,1339.9605000000001,0.01,8,-5.0,0.3198975809423807,-5.3198975809423805,-1.0639795161884762,5.121000000000095,0.07549999999991996,stop,2018
-1,682618,682703,2018-04-05 13:55:00+00:00,2018-04-05 22:00:00+00:00,1327.9299999999998,1326.44,0.01,85,1.4899999999997817,0.35781268920722964,1.1321873107925522,0.22643746215851043,0.0,4.8259999999997945,session_flat,2018
1,682915,682979,2018-04-06 15:40:00+00:00,2018-04-08 22:00:00+00:00,1332.1100000000001,1334.1765,0.01,64,2.0664999999999054,0.3349294037270689,1.7315705962728365,0.3463141192545673,1.7300000000000182,2.8599999999999,session_flat,2018
1,683167,683255,2018-04-09 13:40:00+00:00,2018-04-09 22:00:00+00:00,1332.239,1336.47,0.01,88,4.2309999999999945,0.35072620343377353,3.880273796566221,0.7760547593132442,0.7429999999999382,5.797500000000127,session_flat,2018
1,683455,683531,2018-04-10 14:40:00+00:00,2018-04-10 22:00:00+00:00,1339.1515,1339.37,0.01,76,0.21849999999994907,0.3604864469760574,-0.14198644697610835,-0.02839728939522167,3.1614999999999327,3.5270000000000437,session_flat,2018
1,683717,683750,2018-04-11 13:30:00+00:00,2018-04-11 16:15:00+00:00,1350.895,1360.115,0.01,33,9.220000000000027,0.31903547185557357,8.900964528144454,1.780192905628891,0.0,14.320999999999913,stop,2018
-1,684009,684083,2018-04-12 14:50:00+00:00,2018-04-12 22:00:00+00:00,1339.1509999999998,1335.0,0.01,74,4.15099999999984,0.3409076854193129,3.810092314580527,0.7620184629161054,0.8675000000000637,5.313999999999851,session_flat,2018
1,684300,684359,2018-04-13 16:05:00+00:00,2018-04-15 22:00:00+00:00,1345.6019999999999,1346.37,0.01,59,0.7680000000000292,0.380094879850092,0.3879051201499372,0.07758102402998744,3.4204999999999472,1.788000000000011,session_flat,2018
1,684573,684635,2018-04-16 15:50:00+00:00,2018-04-16 22:00:00+00:00,1347.0990000000002,1345.9099999999999,0.01,62,-1.1890000000003056,0.36369173994138043,-1.552691739941686,-0.3105383479883372,1.630500000000211,2.1944999999998345,session_flat,2018
-1,684824,684862,2018-04-17 13:45:00+00:00,2018-04-17 16:55:00+00:00,1341.1779999999999,1346.1779999999999,0.01,38,-5.0,0.3175717839662077,-5.3175717839662076,-1.0635143567932415,5.897500000000036,0.6494999999999891,stop,2018
1,685102,685187,2018-04-18 13:55:00+00:00,2018-04-18 22:00:00+00:00,1351.8595,1349.64,0.01,85,-2.2194999999999254,0.3654280492712092,-2.5849280492711344,-0.5169856098542269,4.282999999999902,2.3654999999998836,session_flat,2018
-1,685406,685463,2018-04-19 16:15:00+00:00,2018-04-19 22:00:00+00:00,1344.033,1346.39,0.01,57,-2.3570000000001983,0.39929302428836605,-2.7562930242885644,-0.5512586048577128,3.01700000000028,0.03949999999986176,session_flat,2018
-1,685670,685739,2018-04-20 15:15:00+00:00,2018-04-22 22:00:00+00:00,1338.0149999999999,1334.4250000000002,0.01,69,3.5899999999996908,0.39350938688071846,3.1964906131189723,0.6392981226237945,1.34900000000016,3.5899999999996908,session_flat,2018
-1,685942,686015,2018-04-23 14:55:00+00:00,2018-04-23 22:00:00+00:00,1324.0435,1324.72,0.01,73,-0.6765000000000327,0.3866767813267908,-1.0631767813268236,-0.21263535626536473,1.4204999999999472,1.8605000000000018,session_flat,2018
-1,686199,686234,2018-04-24 13:20:00+00:00,2018-04-24 16:15:00+00:00,1325.9935,1330.9935,0.01,35,-5.0,0.30854968112747383,-5.308549681127474,-1.0617099362254947,5.377999999999929,0.42000000000007276,stop,2018
-1,686481,686567,2018-04-25 13:50:00+00:00,2018-04-25 22:00:00+00:00,1321.56,1323.12,0.01,86,-1.5599999999999454,0.312655980631201,-1.8726559806311465,-0.3745311961262293,2.4570000000001073,2.3344999999999345,session_flat,2018
-1,686748,686843,2018-04-26 13:05:00+00:00,2018-04-26 22:00:00+00:00,1324.3400000000001,1317.0,0.01,95,7.340000000000145,0.3747300595481005,6.965269940452044,1.393053988090409,0.3599999999996726,9.0300000000002,session_flat,2018
1,687055,687119,2018-04-27 15:40:00+00:00,2018-04-29 22:00:00+00:00,1321.601,1323.325,0.01,64,1.723999999999933,0.6054583120204637,1.1185416879794692,0.22370833759589384,0.23500000000012733,4.658999999999878,session_flat,2018
-1,687312,687348,2018-04-30 14:15:00+00:00,2018-04-30 17:15:00+00:00,1314.3935000000001,1319.3935000000001,0.01,36,-5.0,0.32501831249168706,-5.325018312491687,-1.0650036624983374,6.070499999999811,1.7045000000002801,stop,2018
-1,687602,687669,2018-05-01 15:25:00+00:00,2018-05-01 22:00:00+00:00,1304.445,1304.1100000000001,0.01,67,0.334999999999809,0.37412149921561383,-0.03912149921580482,-0.007824299843160964,3.56899999999996,0.6014999999999873,session_flat,2018
-1,687866,687909,2018-05-02 14:25:00+00:00,2018-05-02 18:00:00+00:00,1305.4035,1310.4035,0.01,43,-5.0,0.31260852439741077,-5.312608524397411,-1.0625217048794822,5.516500000000178,1.0249999999998636,stop,2018
1,688129,688221,2018-05-03 13:20:00+00:00,2018-05-03 22:00:00+00:00,1314.4665,1312.1599999999999,0.01,92,-2.306500000000142,0.35679048636549016,-2.663290486365632,-0.5326580972731264,3.64449999999988,1.9704999999999018,session_flat,2018
-1,688417,688497,2018-05-04 14:20:00+00:00,2018-05-06 22:00:00+00:00,1310.85,1315.23,0.01,80,-4.380000000000109,0.36238175159731584,-4.742381751597425,-0.9484763503194851,4.5,0.9020000000000437,session_flat,2018
1,688712,688773,2018-05-07 15:55:00+00:00,2018-05-07 22:00:00+00:00,1314.0819999999999,1313.73,0.01,61,-0.35199999999986176,0.38172490891741945,-0.7337249089172813,-0.14674498178345624,1.1269999999999527,0.7590000000000146,session_flat,2018
-1,688973,688991,2018-05-08 14:40:00+00:00,2018-05-08 16:10:00+00:00,1307.825,1312.825,0.01,18,-5.0,0.31035282401422176,-5.310352824014222,-1.0620705648028443,7.634499999999889,0.8120000000001255,stop,2018
1,689236,689325,2018-05-09 13:35:00+00:00,2018-05-09 22:00:00+00:00,1313.2915,1312.76,0.01,89,-0.5315000000000509,0.35982010678316206,-0.891320106783213,-0.1782640213566426,2.3265000000001237,4.199499999999944,session_flat,2018
1,689519,689601,2018-05-10 14:10:00+00:00,2018-05-10 22:00:00+00:00,1318.8915,1321.5500000000002,0.01,82,2.658500000000231,0.3710322222222308,2.287467777778,0.4574935555556,2.627999999999929,3.400000000000091,session_flat,2018
1,689783,689846,2018-05-11 13:10:00+00:00,2018-05-11 18:25:00+00:00,1324.732,1319.732,0.01,63,-5.0,0.3155494930675532,-5.315549493067553,-1.0631098986135106,6.023500000000013,0.5595000000000709,stop,2018
-1,690060,690153,2018-05-14 13:15:00+00:00,2018-05-14 22:00:00+00:00,1319.4634999999998,1313.0,0.01,93,6.46349999999984,0.3729568936666532,6.090543106333187,1.2181086212666374,1.8465000000001055,6.473499999999831,session_flat,2018
-1,690347,690429,2018-05-15 14:10:00+00:00,2018-05-15 22:00:00+00:00,1294.8935000000001,1290.15,0.01,82,4.74350000000004,0.36559791392183305,4.3779020860782065,0.8755804172156413,0.61850000000004,6.120000000000118,session_flat,2018
-1,690612,690705,2018-05-16 13:15:00+00:00,2018-05-16 22:00:00+00:00,1289.095,1290.5900000000001,0.01,93,-1.4950000000001182,0.38900467913892317,-1.8840046791390415,-0.37680093582780827,4.669999999999845,1.4750000000001364,session_flat,2018
-1,690887,690981,2018-05-17 13:10:00+00:00,2018-05-17 22:00:00+00:00,1290.1664999999998,1290.96,0.01,94,-0.793500000000222,0.373228193499619,-1.166728193499841,-0.23334563869996822,1.6985000000001946,2.4229999999997744,session_flat,2018
-1,691165,691183,2018-05-18 13:20:00+00:00,2018-05-18 14:50:00+00:00,1287.655,1292.655,0.01,18,-5.0,0.3035199362791725,-5.303519936279173,-1.0607039872558346,5.314999999999827,0.30399999999985994,stop,2018
-1,691437,691489,2018-05-21 13:00:00+00:00,2018-05-21 17:20:00+00:00,1287.1195,1292.1195,0.01,52,-5.0,0.31535308048637234,-5.315353080486372,-1.0630706160972745,5.086999999999989,0.11150000000020555,stop,2018
1,691714,691809,2018-05-22 13:05:00+00:00,2018-05-22 22:00:00+00:00,1294.1,1291.21,0.01,95,-2.8899999999998727,0.342754510921178,-3.2327545109210507,-0.6465509021842102,3.0715000000000146,1.1195000000000164,session_flat,2018
-1,692014,692085,2018-05-23 15:05:00+00:00,2018-05-23 22:00:00+00:00,1291.312,1294.47,0.01,71,-3.1580000000001296,0.38698929701303914,-3.544989297013169,-0.7089978594026338,3.8099999999999454,2.2784999999998945,session_flat,2018
1,692304,692361,2018-05-24 16:15:00+00:00,2018-05-24 22:00:00+00:00,1304.3355000000001,1304.62,0.01,57,0.2844999999997526,0.33275712190352075,-0.04825712190376813,-0.009651424380753625,0.4760000000001128,1.856499999999869,session_flat,2018
1,692552,692637,2018-05-25 13:55:00+00:00,2018-05-27 22:00:00+00:00,1303.575,1299.87,0.01,85,-3.7050000000001546,0.3749129025480957,-4.079912902548251,-0.8159825805096501,4.620000000000118,1.4020000000000437,session_flat,2018
-1,692828,692865,2018-05-28 13:55:00+00:00,2018-05-28 22:00:00+00:00,1298.346,1297.975,0.01,37,0.3710000000000946,0.4122924678616878,-0.041292467861593185,-0.008258493572318637,1.1394999999999982,0.7129999999999654,session_flat,2018
-1,693053,693066,2018-05-29 13:40:00+00:00,2018-05-29 14:45:00+00:00,1296.2015000000001,1301.2015000000001,0.01,13,-5.0,0.30931663019570765,-5.309316630195708,-1.0618633260391417,6.308499999999867,1.6024999999999636,stop,2018
1,693366,693417,2018-05-30 16:45:00+00:00,2018-05-30 22:00:00+00:00,1301.505,1301.56,0.01,51,0.05499999999983629,0.3869069098793428,-0.3319069098795065,-0.0663813819759013,0.38000000000010914,1.1414999999997235,session_flat,2018
-1,693666,693693,2018-05-31 18:45:00+00:00,2018-05-31 22:00:00+00:00,1300.9144999999999,1299.1,0.01,27,1.8144999999999527,0.40889866310161177,1.4056013368983409,0.28112026737966817,0.7290000000002692,3.1644999999998618,session_flat,2018
-1,693887,693969,2018-06-01 14:10:00+00:00,2018-06-03 22:00:00+00:00,1294.6765,1292.9250000000002,0.01,82,1.7514999999998508,0.4172588199513329,1.3342411800485179,0.2668482360097036,4.460499999999911,2.268000000000029,session_flat,2018
-1,694445,694465,2018-06-05 14:40:00+00:00,2018-06-05 16:20:00+00:00,1293.0115,1298.0115,0.01,20,-5.0,0.2974973583100775,-5.2974973583100775,-1.0594994716620154,6.629999999999882,0.0,stop,2018
1,694721,694797,2018-06-06 14:40:00+00:00,2018-06-06 22:00:00+00:00,1299.4299999999998,1296.6399999999999,0.01,76,-2.7899999999999636,0.3769168181818012,-3.1669168181817646,-0.633383363636353,4.6284999999998035,1.074500000000171,session_flat,2018
1,694984,695073,2018-06-07 13:35:00+00:00,2018-06-07 22:00:00+00:00,1298.635,1297.1799999999998,0.01,89,-1.4550000000001546,0.34677319442241034,-1.801773194422565,-0.360354638884513,3.685999999999922,1.071999999999889,session_flat,2018
1,695254,695349,2018-06-08 13:05:00+00:00,2018-06-10 22:00:00+00:00,1298.3605,1300.02,0.01,95,1.65949999999998,0.3917118615265035,1.2677881384734766,0.2535576276946953,1.2205000000001291,1.65949999999998,session_flat,2018
1,695544,695625,2018-06-11 14:15:00+00:00,2018-06-11 22:00:00+00:00,1299.28,1299.5895,0.01,81,0.30950000000007094,0.36012291977017624,-0.0506229197701053,-0.01012458395402106,0.23949999999990723,3.0885000000000673,session_flat,2018
1,695840,695901,2018-06-12 15:55:00+00:00,2018-06-12 22:00:00+00:00,1298.3,1296.045,0.01,61,-2.2549999999998818,0.39775549450548914,-2.652755494505371,-0.5305510989010742,3.8019999999999072,0.0,session_flat,2018
1,696117,696147,2018-06-13 16:00:00+00:00,2018-06-13 18:30:00+00:00,1298.0145,1293.0145,0.01,30,-5.0,0.3274584633404505,-5.3274584633404505,-1.0654916926680902,5.250999999999976,0.740500000000111,stop,2018
1,696362,696453,2018-06-14 13:25:00+00:00,2018-06-14 22:00:00+00:00,1304.4634999999998,1302.58,0.01,91,-1.8834999999999127,0.3248328884058377,-2.2083328884057503,-0.44166657768115003,2.6734999999998763,3.013500000000022,session_flat,2018
-1,696691,696729,2018-06-15 17:50:00+00:00,2018-06-17 22:00:00+00:00,1278.034,1277.65,0.01,38,0.3840000000000146,0.3937742292715936,-0.009774229271579005,-0.001954845854315801,2.6295000000000073,0.43400000000019645,session_flat,2018
-1,696915,697005,2018-06-18 13:30:00+00:00,2018-06-18 22:00:00+00:00,1280.6799999999998,1278.4299999999998,0.01,90,2.25,0.3749036163521973,1.8750963836478027,0.37501927672956054,1.2200000000002547,3.5599999999999454,session_flat,2018
-1,697189,697281,2018-06-19 13:20:00+00:00,2018-06-19 22:00:00+00:00,1275.1399999999999,1274.9299999999998,0.01,92,0.21000000000003638,0.4136042088544502,-0.20360420885441383,-0.04072084177088277,2.4265000000000327,2.2949999999998454,session_flat,2018
-1,697461,697557,2018-06-20 13:00:00+00:00,2018-06-20 22:00:00+00:00,1274.96,1267.6799999999998,0.01,96,7.2800000000002,0.363148783068768,6.916851216931432,1.3833702433862864,1.531500000000051,7.300000000000182,session_flat,2018
-1,697738,697833,2018-06-21 13:05:00+00:00,2018-06-21 22:00:00+00:00,1265.575,1267.1905000000002,0.01,95,-1.615500000000111,0.3536712018140733,-1.9691712018141843,-0.3938342403628369,4.604999999999791,0.6214999999999691,session_flat,2018
-1,698019,698109,2018-06-22 13:30:00+00:00,2018-06-24 22:00:00+00:00,1268.8165,1270.245,0.01,90,-1.4284999999999854,0.38039611165418025,-1.8088961116541658,-0.36177922233083315,2.113499999999931,0.8334999999999582,session_flat,2018
-1,698320,698385,2018-06-25 15:35:00+00:00,2018-06-25 22:00:00+00:00,1266.9895,1265.99,0.01,65,0.9994999999998982,0.3605070903689915,0.6389929096309068,0.12779858192618138,1.050000000000182,2.1579999999999018,session_flat,2018
-1,698572,698661,2018-06-26 13:35:00+00:00,2018-06-26 22:00:00+00:00,1259.0965,1258.99,0.01,89,0.1065000000000964,0.3654315936568759,-0.2589315936567795,-0.0517863187313559,3.0844999999999345,1.9915000000000873,session_flat,2018
-1,698844,698937,2018-06-27 13:15:00+00:00,2018-06-27 22:00:00+00:00,1255.99,1252.04,0.01,93,3.950000000000046,0.3746878773510307,3.575312122649015,0.7150624245298031,0.7000000000000455,5.20900000000006,session_flat,2018
-1,699134,699213,2018-06-28 14:25:00+00:00,2018-06-28 22:00:00+00:00,1252.305,1248.17,0.01,79,4.134999999999991,0.3665263355007258,3.768473664499265,0.753694732899853,0.31999999999993634,6.310500000000275,session_flat,2018
-1,699394,699489,2018-06-29 13:05:00+00:00,2018-07-01 22:00:00+00:00,1251.9095,1251.85,0.01,95,0.05950000000007094,0.39687121669485115,-0.3373712166947802,-0.06747424333895605,3.7754999999999654,3.3199999999999363,session_flat,2018
-1,699685,699765,2018-07-02 14:20:00+00:00,2018-07-02 22:00:00+00:00,1247.4299999999998,1241.6399999999999,0.01,80,5.789999999999964,0.3919531414743813,5.398046858525582,1.0796093717051165,0.49000000000023647,7.696999999999889,session_flat,2018
1,699978,700041,2018-07-03 15:45:00+00:00,2018-07-03 22:00:00+00:00,1255.3895,1252.48,0.01,63,-2.90949999999998,0.36806129888944344,-3.2775612988894234,-0.6555122597778846,3.40949999999998,1.5319999999999254,session_flat,2018
1,700225,700269,2018-07-04 13:20:00+00:00,2018-07-04 22:00:00+00:00,1255.4595,1256.92,0.01,44,1.4605000000001382,0.38472524344817294,1.0757747565519653,0.21515495131039306,0.07949999999982538,3.0655000000001564,session_flat,2018
1,700453,700545,2018-07-05 13:20:00+00:00,2018-07-05 22:00:00+00:00,1255.5705,1257.54,0.01,92,1.9694999999999254,0.37292406198755007,1.5965759380123754,0.31931518760247507,1.6855000000000473,4.230000000000018,session_flat,2018
1,700733,700821,2018-07-06 13:40:00+00:00,2018-07-08 22:00:00+00:00,1255.737,1255.52,0.01,88,-0.21700000000009823,0.3686509080282583,-0.5856509080283565,-0.1171301816056713,2.086999999999989,0.9834999999998217,session_flat,2018
1,701001,701049,2018-07-09 13:00:00+00:00,2018-07-09 17:00:00+00:00,1263.49,1258.49,0.01,48,-5.0,0.2952748025109311,-5.2952748025109315,-1.0590549605021864,5.076499999999896,0.7110000000000127,stop,2018
-1,701277,701373,2018-07-10 13:00:00+00:00,2018-07-10 22:00:00+00:00,1253.9975,1255.97,0.01,96,-1.9725000000000819,0.3778606699380452,-2.350360669938127,-0.4700721339876254,2.4915000000000873,1.3324999999999818,session_flat,2018
-1,701587,701649,2018-07-11 15:50:00+00:00,2018-07-11 22:00:00+00:00,1247.165,1242.23,0.01,62,4.934999999999945,0.36851519406393735,4.566484805936008,0.9132969611872015,0.32549999999991996,5.546499999999924,session_flat,2018
-1,701832,701925,2018-07-12 13:15:00+00:00,2018-07-12 22:00:00+00:00,1246.4499999999998,1247.49,0.01,93,-1.040000000000191,0.3747912784679183,-1.4147912784681094,-0.2829582556936219,2.1700000000000728,1.091499999999769,session_flat,2018
-1,702106,702201,2018-07-13 13:05:00+00:00,2018-07-15 22:00:00+00:00,1242.385,1241.2235,0.01,95,1.1614999999999327,0.37467418032786753,0.7868258196720652,0.15736516393441305,0.9260000000001583,2.315499999999929,session_flat,2018
-1,702419,702477,2018-07-16 16:10:00+00:00,2018-07-16 22:00:00+00:00,1239.763,1240.8,0.01,58,-1.0370000000000346,0.36246076071254524,-1.3994607607125797,-0.27989215214251595,1.677500000000009,1.3544999999999163,session_flat,2018
-1,702687,702753,2018-07-17 15:30:00+00:00,2018-07-17 22:00:00+00:00,1228.6,1227.49,0.01,66,1.1099999999999,0.3677949043910961,0.7422050956088039,0.14844101912176078,0.9200000000000728,2.0949999999998,session_flat,2018
-1,702961,703029,2018-07-18 15:20:00+00:00,2018-07-18 22:00:00+00:00,1226.37,1227.4,0.01,68,-1.0300000000002,0.34094113323662956,-1.3709411332368298,-0.274188226647366,2.1400000000001,1.0799999999999272,session_flat,2018
-1,703213,703258,2018-07-19 13:20:00+00:00,2018-07-19 17:05:00+00:00,1215.0605,1220.0605,0.01,45,-5.0,0.32177370818943773,-5.321773708189438,-1.0643547416378876,7.533500000000004,0.0,stop,2018
1,703544,703581,2018-07-20 17:55:00+00:00,2018-07-22 22:00:00+00:00,1230.546,1231.625,0.01,37,1.0789999999999509,0.362977545429758,0.7160224545701929,0.14320449091403858,1.1825000000001182,1.765999999999849,session_flat,2018
-1,703782,703857,2018-07-23 14:45:00+00:00,2018-07-23 22:00:00+00:00,1225.4815,1224.6599999999999,0.01,75,0.821500000000242,0.3525139284729207,0.46898607152732136,0.09379721430546427,0.8034999999999854,3.0860000000000127,session_flat,2018
1,704068,704133,2018-07-24 15:35:00+00:00,2018-07-24 22:00:00+00:00,1226.4355,1224.3400000000001,0.01,65,-2.0954999999999018,0.3568772426114885,-2.4523772426113903,-0.4904754485222781,2.3704999999999927,0.0,session_flat,2018
1,704327,704409,2018-07-25 14:10:00+00:00,2018-07-25 22:00:00+00:00,1231.69,1231.77,0.01,82,0.07999999999992724,0.33316952429285873,-0.2531695242929315,-0.0506339048585863,3.800000000000182,1.6669999999999163,session_flat,2018
-1,704620,704685,2018-07-26 15:35:00+00:00,2018-07-26 22:00:00+00:00,1227.375,1223.0,0.01,65,4.375,0.35029855722905673,4.024701442770943,0.8049402885541885,0.60550000000012,4.951500000000124,session_flat,2018
-1,704868,704961,2018-07-27 13:15:00+00:00,2018-07-29 22:00:00+00:00,1224.2665000000002,1222.875,0.01,93,1.3915000000001783,0.3047693488362262,1.086730651163952,0.21734613023279042,3.150499999999738,2.1870000000001255,session_flat,2018
-1,705142,705237,2018-07-30 13:05:00+00:00,2018-07-30 22:00:00+00:00,1222.7645,1221.795,0.01,95,0.9694999999999254,0.3278940986324194,0.641605901367506,0.1283211802735012,2.3619999999998527,1.4809999999999945,session_flat,2018
-1,705425,705459,2018-07-31 13:40:00+00:00,2018-07-31 16:30:00+00:00,1221.3899999999999,1226.3899999999999,0.01,34,-5.0,0.30445496398063043,-5.30445496398063,-1.060890992796126,5.125,1.2949999999998454,stop,2018
-1,705727,705789,2018-08-01 15:50:00+00:00,2018-08-01 22:00:00+00:00,1219.1999999999998,1215.98,0.01,62,3.2199999999998,0.3247012660771572,2.8952987339226426,0.5790597467845285,2.7265000000002146,3.3224999999997635,session_flat,2018
-1,706009,706065,2018-08-02 16:20:00+00:00,2018-08-02 22:00:00+00:00,1214.3585,1208.025,0.01,56,6.333499999999958,0.36208408694847827,5.97141591305148,1.194283182610296,0.6214999999999691,7.183500000000095,session_flat,2018
1,706279,706341,2018-08-03 15:50:00+00:00,2018-08-05 22:00:00+00:00,1218.2,1213.755,0.01,62,-4.444999999999936,0.38508571516381934,-4.830085715163755,-0.9660171430327511,4.9565000000000055,0.09649999999987813,session_flat,2018
-1,706525,706617,2018-08-06 13:20:00+00:00,2018-08-06 22:00:00+00:00,1209.8980000000001,1207.5700000000002,0.01,92,2.3279999999999745,0.3637923349873066,1.9642076650126679,0.39284153300253355,1.7769999999998163,3.309500000000071,session_flat,2018
1,706801,706893,2018-08-07 13:20:00+00:00,2018-08-07 22:00:00+00:00,1213.115,1211.02,0.01,92,-2.0950000000000273,0.36138224814423786,-2.456382248144265,-0.49127644962885303,4.5069999999998345,0.7830000000001291,session_flat,2018
-1,707075,707136,2018-08-08 13:10:00+00:00,2018-08-08 18:15:00+00:00,1209.0555,1214.0555,0.01,61,-5.0,0.30781516981130064,-5.307815169811301,-1.0615630339622601,5.009500000000116,0.6105000000000018,stop,2018
1,707349,707445,2018-08-09 13:00:00+00:00,2018-08-09 22:00:00+00:00,1214.915,1212.67,0.01,96,-2.244999999999891,0.33176281570208493,-2.5767628157019757,-0.5153525631403951,3.501499999999851,1.2094999999999345,session_flat,2018
-1,707681,707721,2018-08-10 17:40:00+00:00,2018-08-12 22:00:00+00:00,1211.7334999999998,1210.9250000000002,0.01,40,0.8084999999996398,0.36700671101545657,0.4414932889841833,0.08829865779683665,1.531500000000051,1.1704999999997199,session_flat,2018
-1,707901,707997,2018-08-13 13:00:00+00:00,2018-08-13 22:00:00+00:00,1201.3355000000001,1194.3899999999999,0.01,96,6.945500000000266,0.3155163741195164,6.629983625880749,1.3259967251761497,0.9664999999999964,9.592000000000098,session_flat,2018
-1,708190,708273,2018-08-14 14:05:00+00:00,2018-08-14 22:00:00+00:00,1197.025,1194.47,0.01,83,2.5550000000000637,0.3559961833227557,2.199003816677308,0.4398007633354616,1.7684999999999036,4.9050000000002,session_flat,2018
-1,708470,708549,2018-08-15 14:25:00+00:00,2018-08-15 22:00:00+00:00,1182.7024999999999,1176.0,0.01,79,6.702499999999873,0.35723196760263115,6.345268032397241,1.2690536064794482,0.9875000000001819,9.522500000000036,session_flat,2018
-1,708741,708825,2018-08-16 14:00:00+00:00,2018-08-16 22:00:00+00:00,1180.0805,1174.0900000000001,0.01,84,5.990499999999884,0.34270672818175246,5.647793271818131,1.1295586543636262,1.6539999999999964,6.572500000000218,session_flat,2018
-1,709030,709088,2018-08-17 15:05:00+00:00,2018-08-17 19:55:00+00:00,1178.945,1183.945,0.01,58,-5.0,0.31499426531686603,-5.314994265316866,-1.0629988530633732,5.511500000000069,2.416500000000042,stop,2018
1,709292,709377,2018-08-20 13:55:00+00:00,2018-08-20 22:00:00+00:00,1185.8835,1190.659,0.01,85,4.775500000000193,0.35135374800638913,4.424146251993804,0.8848292503987608,1.1054999999998927,5.007500000000164,session_flat,2018
1,709580,709653,2018-08-21 14:55:00+00:00,2018-08-21 22:00:00+00:00,1189.905,1197.1,0.01,73,7.194999999999936,0.34592418886642096,6.849075811133515,1.369815162226703,2.1499999999998636,7.214999999999918,session_flat,2018
1,709839,709929,2018-08-22 13:30:00+00:00,2018-08-22 22:00:00+00:00,1198.0905,1196.13,0.01,90,-1.9604999999999109,0.36409108382938116,-2.324591083829292,-0.46491821676585837,3.5470000000000255,0.8804999999999836,session_flat,2018
-1,710122,710205,2018-08-23 14:05:00+00:00,2018-08-23 22:00:00+00:00,1191.375,1185.6,0.01,83,5.775000000000091,0.34521916856728424,5.429780831432807,1.0859561662865613,0.4450000000001637,7.411000000000058,session_flat,2018
1,710428,710481,2018-08-24 16:35:00+00:00,2018-08-26 22:00:00+00:00,1207.06,1207.33,0.01,53,0.2699999999999818,0.39207250406946054,-0.12207250406947873,-0.024414500813895745,2.3360000000000127,0.9970000000000709,session_flat,2018
1,710661,710757,2018-08-27 13:00:00+00:00,2018-08-27 22:00:00+00:00,1205.917,1211.75,0.01,96,5.833000000000084,0.3500185042997533,5.48298149570033,1.096596299140066,0.4054999999998472,6.546499999999924,session_flat,2018
1,710955,711000,2018-08-28 14:30:00+00:00,2018-08-28 18:15:00+00:00,1208.0735,1203.0735,0.01,45,-5.0,0.3039761602716218,-5.303976160271622,-1.0607952320543244,5.760499999999865,1.9465000000000146,stop,2018
-1,711247,711309,2018-08-29 15:50:00+00:00,2018-08-29 22:00:00+00:00,1204.13,1206.8000000000002,0.01,62,-2.6700000000000728,0.3506505183454774,-3.0206505183455503,-0.60413010366911,3.221499999999878,0.2940000000000964,session_flat,2018
-1,711505,711585,2018-08-30 14:20:00+00:00,2018-08-30 22:00:00+00:00,1199.942,1200.49,0.01,80,-0.5480000000000018,0.3402676716579043,-0.8882676716579061,-0.1776535343315812,1.1979999999998654,2.113499999999931,session_flat,2018
-1,711817,711861,2018-08-31 17:20:00+00:00,2018-09-02 22:00:00+00:00,1200.3580000000002,1200.51,0.01,44,-0.15199999999981628,0.4655268317853411,-0.6175268317851574,-0.12350536635703149,2.201999999999771,2.0175000000001546,session_flat,2018
-1,712046,712089,2018-09-03 13:25:00+00:00,2018-09-03 22:00:00+00:00,1200.705,1201.75,0.01,43,-1.0450000000000728,0.3776167108974527,-1.4226167108975254,-0.2845233421795051,1.6649999999999636,0.5199999999999818,session_flat,2018
-1,712279,712365,2018-09-04 13:50:00+00:00,2018-09-04 22:00:00+00:00,1193.4405,1191.5900000000001,0.01,86,1.8504999999997835,0.3328067729670922,1.5176932270326913,0.30353864540653824,1.21550000000002,3.7650000000001,session_flat,2018
1,712561,712641,2018-09-05 14:20:00+00:00,2018-09-05 22:00:00+00:00,1196.0635000000002,1196.85,0.01,80,0.7864999999997053,0.34620435806066185,0.44029564193904347,0.08805912838780869,0.874000000000251,2.357499999999618,session_flat,2018
1,712821,712847,2018-09-06 13:00:00+00:00,2018-09-06 15:10:00+00:00,1204.2849999999999,1199.2849999999999,0.01,26,-5.0,0.2969178714023936,-5.2969178714023935,-1.0593835742804787,5.116999999999734,2.756000000000313,stop,2018
-1,713106,713193,2018-09-07 13:45:00+00:00,2018-09-09 22:00:00+00:00,1198.575,1195.2150000000001,0.01,87,3.3599999999999,0.36096928602362904,2.999030713976271,0.5998061427952541,1.3309999999999036,4.886000000000195,session_flat,2018
-1,713429,713469,2018-09-10 17:40:00+00:00,2018-09-10 22:00:00+00:00,1195.9,1195.35,0.01,40,0.5500000000001819,0.3600597069597066,0.18994029304047527,0.03798805860809505,0.6149999999997817,1.093499999999949,session_flat,2018
-1,713664,713693,2018-09-11 14:15:00+00:00,2018-09-11 16:40:00+00:00,1191.575,1196.575,0.01,29,-5.0,0.2854135374663959,-5.285413537466396,-1.0570827074932792,5.576499999999896,1.065499999999929,stop,2018
1,714008,714021,2018-09-12 19:55:00+00:00,2018-09-12 22:00:00+00:00,1205.875,1207.1599999999999,0.01,13,1.2849999999998545,0.3437269949261984,0.9412730050736561,0.1882546010147312,0.0,1.2849999999998545,session_flat,2018
1,714216,714221,2018-09-13 14:15:00+00:00,2018-09-13 14:40:00+00:00,1208.49,1203.49,0.01,5,-5.0,0.2904553841786236,-5.290455384178624,-1.0580910768357248,5.25,0.0,stop,2018
-1,714485,714573,2018-09-14 13:40:00+00:00,2018-09-16 22:00:00+00:00,1202.6805,1194.275,0.01,88,8.405499999999847,0.3591983156141955,8.046301684385652,1.6092603368771303,0.5995000000002619,9.682000000000016,session_flat,2018
1,714778,714849,2018-09-17 15:05:00+00:00,2018-09-17 22:00:00+00:00,1203.6205,1201.73,0.01,71,-1.8904999999999745,0.36914849123108656,-2.259648491231061,-0.4519296982462122,3.637000000000171,0.6244999999998981,session_flat,2018
-1,715110,715125,2018-09-18 19:45:00+00:00,2018-09-18 22:00:00+00:00,1197.8635,1198.3200000000002,0.01,15,-0.45650000000023283,0.3733562105204273,-0.8298562105206602,-0.16597124210413203,0.8569999999999709,0.11349999999993088,session_flat,2018
1,715309,715401,2018-09-19 13:20:00+00:00,2018-09-19 22:00:00+00:00,1203.42,1204.25,0.01,92,0.8299999999999274,0.3378630593774488,0.49213694062247854,0.09842738812449571,2.169499999999971,2.675499999999829,session_flat,2018
1,715606,715677,2018-09-20 15:05:00+00:00,2018-09-20 22:00:00+00:00,1204.8200000000002,1207.56,0.01,71,2.7399999999997817,0.33373061760838973,2.406269382391392,0.4812538764782784,1.675000000000182,3.160999999999831,session_flat,2018
-1,715871,715953,2018-09-21 14:10:00+00:00,2018-09-23 22:00:00+00:00,1197.845,1199.28,0.01,82,-1.4349999999999454,0.3654076759628197,-1.8004076759627652,-0.36008153519255304,3.36649999999986,2.371499999999969,session_flat,2018
1,716164,716229,2018-09-24 15:35:00+00:00,2018-09-24 22:00:00+00:00,1201.605,1198.8200000000002,0.01,65,-2.7849999999998545,0.3761402032675108,-3.1611402032673652,-0.632228040653473,3.0850000000000364,0.35550000000012005,session_flat,2018
1,716444,716505,2018-09-25 15:55:00+00:00,2018-09-25 22:00:00+00:00,1201.385,1201.1,0.01,61,-0.28500000000008185,0.36292780576003647,-0.6479278057601183,-0.12958556115202366,1.315499999999929,0.5299999999999727,session_flat,2018
-1,716697,716781,2018-09-26 14:00:00+00:00,2018-09-26 22:00:00+00:00,1196.2995,1195.04,0.01,84,1.2595000000001164,0.5599394228940306,0.6995605771060858,0.13991211542121715,3.9904999999998836,5.714500000000044,session_flat,2018
-1,716973,717055,2018-09-27 14:10:00+00:00,2018-09-27 22:00:00+00:00,1185.7800000000002,1182.8200000000002,0.01,82,2.9600000000000364,0.3439935154457833,2.616006484554253,0.5232012969108506,2.115999999999758,3.7460000000000946,session_flat,2018
-1,717239,717258,2018-09-28 13:20:00+00:00,2018-09-28 14:55:00+00:00,1186.195,1191.195,0.01,19,-5.0,0.2932263762256867,-5.293226376225687,-1.0586452752451374,5.036000000000058,1.8099999999999454,stop,2018
-1,717536,717607,2018-10-01 15:05:00+00:00,2018-10-01 22:00:00+00:00,1187.7199999999998,1189.01,0.01,71,-1.290000000000191,0.3389266050036021,-1.6289266050037932,-0.32578532100075863,2.5300000000002,0.1799999999998363,session_flat,2018
1,717844,717883,2018-10-02 17:45:00+00:00,2018-10-02 22:00:00+00:00,1202.56,1203.55,0.01,39,0.9900000000000091,0.355217364196086,0.634782635803923,0.1269565271607846,1.0899999999999181,1.6849999999999454,session_flat,2018
1,718077,718127,2018-10-03 14:10:00+00:00,2018-10-03 18:20:00+00:00,1202.53,1197.53,0.01,50,-5.0,0.30031529983562666,-5.300315299835627,-1.0600630599671255,5.035000000000082,1.372000000000071,stop,2018
1,718344,718387,2018-10-04 13:25:00+00:00,2018-10-04 17:00:00+00:00,1202.385,1197.385,0.01,43,-5.0,0.30476454053393204,-5.304764540533932,-1.0609529081067863,5.030999999999949,4.436500000000024,stop,2018
1,718633,718711,2018-10-05 14:30:00+00:00,2018-10-07 22:00:00+00:00,1202.4795,1203.2350000000001,0.01,78,0.755500000000211,0.3429456371044088,0.4125543628958022,0.08251087257916044,2.1109999999998763,1.6449999999999818,session_flat,2018
-1,718893,718987,2018-10-08 13:10:00+00:00,2018-10-08 22:00:00+00:00,1187.278,1188.62,0.01,94,-1.3419999999998709,0.3345673469387706,-1.6765673469386415,-0.3353134693877283,2.615500000000111,4.482000000000198,session_flat,2018
-1,719172,719263,2018-10-09 13:25:00+00:00,2018-10-09 22:00:00+00:00,1187.575,1189.63,0.01,91,-2.0550000000000637,0.3595486215538743,-2.414548621553938,-0.4829097243107876,3.122000000000071,4.226499999999987,session_flat,2018
-1,719446,719509,2018-10-10 13:15:00+00:00,2018-10-10 18:30:00+00:00,1187.426,1192.426,0.01,63,-5.0,0.30187847536367607,-5.301878475363676,-1.0603756950727352,5.144000000000233,1.0274999999999181,stop,2018
1,719725,719815,2018-10-11 13:30:00+00:00,2018-10-11 22:00:00+00:00,1207.152,1224.4099999999999,0.01,90,17.25799999999981,0.3903683273909339,16.867631672608876,3.373526334521775,1.2474999999999454,19.25,session_flat,2018
1,719998,720091,2018-10-12 13:15:00+00:00,2018-10-14 22:00:00+00:00,1219.1385,1217.67,0.01,93,-1.468499999999949,0.32878506816394376,-1.7972850681638928,-0.35945701363277854,2.7454999999999927,3.8209999999999127,session_flat,2018
1,720275,720367,2018-10-15 13:20:00+00:00,2018-10-15 22:00:00+00:00,1225.8905,1227.15,0.01,92,1.2595000000001164,0.3590781979024717,0.9004218020976447,0.18008436041952894,0.8514999999999873,5.619000000000142,session_flat,2018
1,720548,720627,2018-10-16 13:05:00+00:00,2018-10-16 19:40:00+00:00,1230.2315,1225.2315,0.01,79,-5.0,0.3257997596098249,-5.325799759609825,-1.065159951921965,5.650000000000091,2.2434999999998126,stop,2018
1,720846,720919,2018-10-17 14:55:00+00:00,2018-10-17 22:00:00+00:00,1226.373,1222.33,0.01,73,-4.04300000000012,0.42237318998368606,-4.465373189983806,-0.8930746379967612,4.423000000000229,1.1485000000000127,session_flat,2018
1,721141,721195,2018-10-18 16:30:00+00:00,2018-10-18 22:00:00+00:00,1228.865,1225.9299999999998,0.01,54,-2.935000000000173,0.374337429132413,-3.3093374291325857,-0.6618674858265171,4.238000000000056,0.0,session_flat,2018
1,721379,721471,2018-10-19 13:20:00+00:00,2018-10-21 22:00:00+00:00,1228.4850000000001,1227.4850000000001,0.01,92,-1.0,0.3627805786437775,-1.3627805786437774,-0.2725561157287555,2.8910000000000764,0.44399999999996,session_flat,2018
-1,721678,721747,2018-10-22 15:15:00+00:00,2018-10-22 22:00:00+00:00,1221.5985,1222.05,0.01,69,-0.4514999999998963,0.38593888853217767,-0.837438888532074,-0.16748777770641482,2.1214999999997417,1.1425000000001546,session_flat,2018
1,721935,721944,2018-10-23 13:40:00+00:00,2018-10-23 14:25:00+00:00,1238.02,1233.02,0.01,9,-5.0,0.3147305624087158,-5.314730562408716,-1.0629461124817432,5.480000000000018,0.14649999999983265,stop,2018
-1,722205,722299,2018-10-24 13:10:00+00:00,2018-10-24 22:00:00+00:00,1229.46,1234.46,0.01,94,-5.0,0.39442932765648325,-5.394429327656483,-1.0788858655312965,5.246999999999844,2.03650000000016,stop,2018
-1,722505,722575,2018-10-25 15:10:00+00:00,2018-10-25 22:00:00+00:00,1229.7085,1232.0700000000002,0.01,70,-2.3615000000002055,0.4123536560971386,-2.7738536560973444,-0.5547707312194688,2.8179999999999836,1.53449999999998,session_flat,2018
1,722767,722791,2018-10-26 14:00:00+00:00,2018-10-26 16:00:00+00:00,1234.6515,1238.2805,0.01,24,3.629000000000133,0.35302915184526945,3.2759708481548633,0.6551941696309727,0.4014999999999418,8.851499999999987,stop,2018
-1,723049,723111,2018-10-29 14:30:00+00:00,2018-10-29 19:40:00+00:00,1230.3635,1229.99,0.01,62,0.3734999999999218,0.38141104909485074,-0.007911049094928957,-0.0015822098189857913,1.49350000000004,5.968499999999949,stop,2018
-1,723311,723403,2018-10-30 13:20:00+00:00,2018-10-30 22:00:00+00:00,1225.3465,1223.595,0.01,92,1.7515000000000784,0.4245340236686755,1.326965976331403,0.2653931952662806,1.224999999999909,2.941500000000133,session_flat,2018
-1,723597,723679,2018-10-31 14:10:00+00:00,2018-10-31 22:00:00+00:00,1213.415,1215.4,0.01,82,-1.9850000000001273,0.4534553261874556,-2.438455326187583,-0.4876910652375166,4.003500000000031,0.8764999999998508,session_flat,2018
1,723867,723955,2018-11-01 13:40:00+00:00,2018-11-01 22:00:00+00:00,1229.1084999999998,1233.995,0.01,88,4.886500000000069,0.43322059431524335,4.4532794056848255,0.8906558811369651,0.1334999999999127,8.356500000000324,session_flat,2018
1,724158,724231,2018-11-02 14:55:00+00:00,2018-11-04 23:00:00+00:00,1232.8535,1232.875,0.01,73,0.021500000000060027,0.3927866266840673,-0.37128662668400725,-0.07425732533680145,2.3999999999998636,1.4980000000002747,session_flat,2018
-1,724415,724495,2018-11-05 14:20:00+00:00,2018-11-05 21:00:00+00:00,1229.0235,1230.525,0.01,80,-1.5015000000000782,0.3655212377633995,-1.8670212377634776,-0.3734042475526955,4.305000000000064,0.1434999999999036,session_flat,2018
1,724676,724697,2018-11-06 13:05:00+00:00,2018-11-06 14:50:00+00:00,1234.8465,1229.8465,0.01,21,-5.0,0.35289408803372563,-5.352894088033725,-1.070578817606745,5.013000000000147,0.9149999999999636,stop,2018
1,724953,724970,2018-11-07 13:10:00+00:00,2018-11-07 14:35:00+00:00,1231.865,1226.865,0.01,17,-5.0,0.3572973512896415,-5.357297351289642,-1.0714594702579283,5.338500000000067,0.48649999999997817,stop,2018
-1,725227,725323,2018-11-08 13:00:00+00:00,2018-11-08 21:00:00+00:00,1224.6365,1223.8515000000002,0.01,96,0.7849999999998546,0.3740216784989909,0.4109783215008637,0.08219566430017275,2.4049999999997453,4.4565000000000055,session_flat,2018
-1,725540,725599,2018-11-09 16:05:00+00:00,2018-11-09 21:00:00+00:00,1212.045,1209.8885,0.01,59,2.156500000000051,0.37761802117788507,1.778881978822166,0.3557763957644332,0.0,5.251500000000078,session_flat,2018
-1,725816,725875,2018-11-12 16:05:00+00:00,2018-11-12 21:00:00+00:00,1203.8665,1201.58,0.01,59,2.28650000000016,0.3686431619838213,1.9178568380163388,0.38357136760326777,0.694999999999709,3.105000000000018,session_flat,2018
-1,726061,726151,2018-11-13 13:30:00+00:00,2018-11-13 21:00:00+00:00,1202.9515000000001,1201.8065,0.01,90,1.1450000000002092,0.3817741111027513,0.7632258888974579,0.15264517777949158,1.5184999999999036,3.8965000000002874,session_flat,2018
-1,726347,726389,2018-11-14 14:20:00+00:00,2018-11-14 17:50:00+00:00,1200.6615000000002,1205.6615000000002,0.01,42,-5.0,0.36457147433025333,-5.364571474330253,-1.0729142948660506,7.334999999999809,1.078000000000202,stop,2018
1,726609,726703,2018-11-15 13:10:00+00:00,2018-11-15 21:00:00+00:00,1209.13,1213.38,0.01,94,4.25,0.3844065796724862,3.8655934203275137,0.7731186840655028,0.9185000000002219,6.836499999999887,session_flat,2018
1,726906,726979,2018-11-16 14:55:00+00:00,2018-11-16 21:00:00+00:00,1223.685,1222.025,0.01,73,-1.6599999999998547,0.3865524570996051,-2.0465524570994598,-0.40931049141989195,3.7349999999999,0.11000000000012733,session_flat,2018
1,727169,727255,2018-11-19 13:50:00+00:00,2018-11-19 21:00:00+00:00,1220.8335,1223.2465,0.01,86,2.413000000000011,0.3711582838500663,2.0418417161499445,0.4083683432299889,1.4700000000000273,4.573000000000093,session_flat,2018
1,727449,727462,2018-11-20 14:10:00+00:00,2018-11-20 15:15:00+00:00,1226.4035,1221.4035,0.01,13,-5.0,0.3599287200861299,-5.35992872008613,-1.071985744017226,5.9099999999998545,0.0,stop,2018
1,727713,727807,2018-11-21 13:10:00+00:00,2018-11-21 21:00:00+00:00,1223.6750000000002,1225.2835,0.01,94,1.608499999999822,0.38794077932542936,1.2205592206743927,0.24411184413487855,0.28500000000030923,6.496499999999742,session_flat,2018
1,728013,728047,2018-11-22 15:10:00+00:00,2018-11-22 23:00:00+00:00,1227.2265,1227.05,0.01,34,-0.17650000000003274,0.4637928206302047,-0.6402928206302374,-0.1280585641260475,0.2764999999999418,0.7884999999998854,session_flat,2018
-1,728232,728284,2018-11-23 14:25:00+00:00,2018-11-25 23:00:00+00:00,1224.0585,1223.675,0.01,52,0.38350000000014006,0.4040748180873088,-0.02057481808716871,-0.004114963617433742,1.38149999999996,1.7800000000002,session_flat,2018
1,728465,728548,2018-11-26 14:05:00+00:00,2018-11-26 21:00:00+00:00,1225.355,1222.4915,0.01,83,-2.863499999999931,0.36633506032973767,-3.2298350603296684,-0.6459670120659337,3.5615000000000236,0.0,session_flat,2018
-1,728786,728824,2018-11-27 17:50:00+00:00,2018-11-27 21:00:00+00:00,1213.2649999999999,1214.9685,0.01,38,-1.7035000000000764,0.37954595086443627,-2.0830459508645127,-0.41660919017290254,2.098500000000058,0.3464999999998781,session_flat,2018
-1,729015,729052,2018-11-28 13:55:00+00:00,2018-11-28 17:00:00+00:00,1214.0765000000001,1219.0765000000001,0.01,37,-5.0,0.37469333807669747,-5.374693338076698,-1.0749386676153396,5.827499999999873,2.8350000000000364,stop,2018
1,729281,729376,2018-11-29 13:05:00+00:00,2018-11-29 21:00:00+00:00,1226.8885,1224.0365,0.01,95,-2.852000000000089,0.3717161438268191,-3.223716143826908,-0.6447432287653816,4.573499999999967,2.143000000000029,session_flat,2018
-1,729571,729652,2018-11-30 14:15:00+00:00,2018-11-30 21:00:00+00:00,1221.0335,1221.835,0.01,81,-0.8015000000000327,0.3666425644553393,-1.168142564455372,-0.2336285128910744,2.00649999999996,4.289999999999964,session_flat,2018
