date,real_yield,dxy
2008-06-02,1.51,86.6321
2008-06-03,1.51,86.8359
2008-06-04,1.59,87.0999
2008-06-05,1.63,87.0968
2008-06-06,1.47,86.8028
2008-06-09,1.54,86.9096
2008-06-10,1.62,87.4705
2008-06-11,1.62,87.2059
2008-06-12,1.73,87.6187
2008-06-13,1.77,87.7622
2008-06-16,1.76,87.3911
2008-06-17,1.75,87.2103
2008-06-18,1.68,87.1872
2008-06-19,1.75,87.0815
2008-06-20,1.72,86.9036
2008-06-23,1.75,87.2163
2008-06-24,1.64,86.9666
2008-06-25,1.65,87.0535
2008-06-26,1.55,86.6793
2008-06-27,1.48,86.643
2008-06-30,1.48,86.7621
2008-07-01,1.49,86.8447
2008-07-02,1.43,86.4782
2008-07-03,1.42,86.8843
2008-07-04,1.42,86.8781
2008-07-07,1.43,86.9617
2008-07-08,1.45,86.9778
2008-07-09,1.39,86.5335
2008-07-10,1.4,86.5122
2008-07-11,1.48,86.221
2008-07-14,1.43,86.1079
2008-07-15,1.4,85.8731
2008-07-16,1.48,85.9285
2008-07-17,1.6,85.9387
2008-07-18,1.65,86.0735
2008-07-21,1.66,86.0151
2008-07-22,1.71,86.1909
2008-07-23,1.8,86.2664
2008-07-24,1.69,86.4017
2008-07-25,1.79,86.3916
2008-07-28,1.7,86.4666
2008-07-29,1.76,86.8175
2008-07-30,1.71,86.8167
2008-07-31,1.65,86.8567
2008-08-01,1.63,86.8257
2008-08-04,1.64,87.0611
2008-08-05,1.74,87.3281
2008-08-06,1.79,87.6004
2008-08-07,1.68,87.8732
2008-08-08,1.72,88.8939
2008-08-11,1.8,89.035
2008-08-12,1.72,89.1916
2008-08-13,1.75,89.3211
2008-08-14,1.67,89.3675
2008-08-15,1.66,89.7244
2008-08-18,1.67,89.5966
2008-08-19,1.68,89.6465
2008-08-20,1.6,89.6977
2008-08-21,1.61,88.9128
2008-08-22,1.69,89.2381
2008-08-25,1.64,89.3094
2008-08-26,1.63,89.7007
2008-08-27,1.58,89.6419
2008-08-28,1.62,89.8225
2008-08-29,1.68,90.0567
2008-09-01,1.68,90.08
2008-09-02,1.69,90.8438
2008-09-03,1.71,90.8286
2008-09-04,1.7,91.1621
2008-09-05,1.71,91.341
2008-09-08,1.68,91.663
2008-09-09,1.69,91.5779
2008-09-10,1.7,92.1283
2008-09-11,1.67,92.4901
2008-09-12,1.79,91.4706
2008-09-15,1.7,91.757
2008-09-16,1.85,92.0594
2008-09-17,1.81,92.0982
2008-09-18,1.94,91.7111
2008-09-19,1.85,91.0014
2008-09-22,1.85,90.1119
2008-09-23,1.99,90.1221
2008-09-24,2.05,90.4602
2008-09-25,2.09,90.4651
2008-09-26,2.1,90.6872
2008-09-29,2.03,91.3961
2008-09-30,2.25,92.3773
2008-10-01,2.26,92.511
2008-10-02,2.17,93.3792
2008-10-03,2.18,93.5414
2008-10-06,2.21,95.1629
2008-10-07,2.32,95.4889
2008-10-08,2.69,96.9684
2008-10-09,2.79,96.5143
2008-10-10,2.97,97.999
2008-10-13,2.97,97.9686
2008-10-14,3.05,96.2544
2008-10-15,3.02,97.2045
2008-10-16,3.02,98.368
2008-10-17,2.87,97.7255
2008-10-20,2.76,98.1605
2008-10-21,2.63,99.4242
2008-10-22,2.59,101.2131
2008-10-23,2.67,101.1071
2008-10-24,3.02,101.8442
2008-10-27,3.02,102.3415
2008-10-28,3.06,102.4236
2008-10-29,3.05,100.0967
2008-10-30,3.06,99.4568
2008-10-31,3.14,99.7662
2008-11-03,3.09,99.4345
2008-11-04,2.88,97.9957
2008-11-05,2.76,98.0953
2008-11-06,2.81,99.5364
2008-11-07,2.86,99.3944
2008-11-10,2.84,99.5897
2008-11-11,2.84,99.6041
2008-11-12,2.79,101.1947
2008-11-13,2.95,101.774
2008-11-14,2.87,100.9705
2008-11-17,2.85,101.1029
2008-11-18,2.92,101.3965
2008-11-19,2.98,101.8804
2008-11-20,3.06,103.2737
2008-11-21,3.15,103.6289
2008-11-24,3.11,101.502
2008-11-25,2.79,100.7997
2008-11-26,2.68,101.2566
2008-11-27,2.68,101.2564
2008-11-28,2.6,101.6468
2008-12-01,2.38,102.1744
2008-12-02,2.26,101.9891
2008-12-03,2.14,102.4251
2008-12-04,1.98,102.0715
2008-12-05,2.23,103.4902
2008-12-08,2.47,101.7227
2008-12-09,2.41,101.7346
2008-12-10,2.44,101.2913
2008-12-11,2.35,99.5101
2008-12-12,2.43,100.319
2008-12-15,2.43,99.1001
2008-12-16,2.21,98.4771
2008-12-17,1.86,96.8227
2008-12-18,1.85,96.8447
2008-12-19,1.98,98.1278
2008-12-22,2.01,98.1643
2008-12-23,2.03,98.2698
2008-12-24,2.07,98.2249
2008-12-25,2.07,98.2419
2008-12-26,2.03,98.2594
2008-12-29,2.02,97.9359
2008-12-30,2.02,98.3833
2008-12-31,2.14,98.6518
2009-01-02,2.29,98.6008
2009-01-05,2.34,98.9195
2009-01-06,2.09,98.7871
2009-01-07,2.05,98.089
2009-01-08,1.97,98.3223
2009-01-09,1.87,98.8752
2009-01-12,1.75,99.6022
2009-01-13,1.74,100.3597
2009-01-14,1.79,100.7546
2009-01-15,1.78,101.4653
2009-01-16,1.81,100.711
2009-01-20,1.82,100.711
2009-01-21,1.98,102.1007
2009-01-22,1.97,101.8432
2009-01-23,1.93,102.1096
2009-01-26,1.92,100.9764
2009-01-27,1.77,101.1702
2009-01-28,1.81,100.5461
2009-01-29,1.83,101.3398
2009-01-30,1.73,102.1169
2009-02-02,1.69,102.5067
2009-02-03,1.76,101.8506
2009-02-04,1.78,101.9056
2009-02-05,1.84,101.9517
2009-02-06,1.82,101.7455
2009-02-09,1.66,100.9637
2009-02-10,1.65,101.7094
2009-02-11,1.66,102.24
2009-02-12,1.61,102.598
2009-02-13,1.68,102.2958
2009-02-17,1.53,103.7625
2009-02-18,1.63,104.0385
2009-02-19,1.73,103.7656
2009-02-20,1.67,104.0244
2009-02-23,1.7,103.7416
2009-02-24,1.82,103.9829
2009-02-25,1.98,104.3086
2009-02-26,2.02,104.1813
2009-02-27,2.06,104.9284
2009-03-02,2.0,105.9617
2009-03-03,2.02,106.0249
2009-03-04,2.09,105.4558
2009-03-05,1.98,105.8064
2009-03-06,2.02,105.3937
2009-03-09,2.06,106.0182
2009-03-10,2.15,105.1153
2009-03-11,2.03,104.8499
2009-03-12,1.88,104.89
2009-03-13,1.87,104.1106
2009-03-16,1.88,103.2005
2009-03-17,1.9,103.2305
2009-03-18,1.28,103.0005
2009-03-19,1.31,100.3951
2009-03-20,1.43,101.0581
2009-03-23,1.4,101.103
2009-03-24,1.36,101.0319
2009-03-25,1.44,100.9674
2009-03-26,1.3,101.097
2009-03-27,1.38,101.8388
2009-03-30,1.39,102.749
2009-03-31,1.43,102.3761
2009-04-01,1.37,102.1252
2009-04-02,1.44,100.8733
2009-04-03,1.53,100.6429
2009-04-06,1.52,100.9428
2009-04-07,1.61,100.9808
2009-04-08,1.57,100.8948
2009-04-09,1.62,100.7988
2009-04-10,1.62,100.7597
2009-04-13,1.55,100.1369
2009-04-14,1.52,99.9097
2009-04-15,1.55,100.1497
2009-04-16,1.59,100.0517
2009-04-17,1.7,100.5719
2009-04-20,1.66,101.448
2009-04-21,1.69,101.1794
2009-04-22,1.65,101.1142
2009-04-23,1.52,101.0065
2009-04-24,1.53,100.0244
2009-04-27,1.48,100.7258
2009-04-28,1.54,101.3145
2009-04-29,1.59,100.0009
2009-04-30,1.69,100.1042
2009-05-01,1.8,100.0057
2009-05-04,1.77,99.134
2009-05-05,1.77,98.8529
2009-05-06,1.74,98.9044
2009-05-07,1.74,98.552
2009-05-08,1.77,98.1269
2009-05-11,1.7,97.747
2009-05-12,1.69,97.8269
2009-05-13,1.67,98.0276
2009-05-14,1.68,98.1271
2009-05-15,1.66,98.1063
2009-05-18,1.66,97.9412
2009-05-19,1.65,97.2827
2009-05-20,1.56,96.5707
2009-05-21,1.67,96.6039
2009-05-22,1.72,95.8788
2009-05-26,1.72,95.988
2009-05-27,1.83,95.9622
2009-05-28,1.87,96.1313
2009-05-29,1.67,95.268
2009-06-01,1.8,94.8107
2009-06-02,1.69,94.6556
2009-06-03,1.68,95.0751
2009-06-04,1.83,95.2922
2009-06-05,1.88,96.0412
2009-06-08,1.94,96.6548
2009-06-09,1.88,95.9537
2009-06-10,1.91,96.1277
2009-06-11,1.89,95.4993
2009-06-12,1.91,95.836
2009-06-15,1.9,96.7519
2009-06-16,1.88,96.2616
2009-06-17,1.95,96.64
2009-06-18,1.98,96.1482
2009-06-19,1.91,96.0325
2009-06-22,1.89,96.8818
2009-06-23,1.84,96.5196
2009-06-24,1.93,96.2369
2009-06-25,1.82,96.7072
2009-06-26,1.85,96.1935
2009-06-29,1.83,96.242
2009-06-30,1.78,96.3761
2009-07-01,1.83,95.6581
2009-07-02,1.87,96.3216
2009-07-06,2.03,96.6174
2009-07-07,1.87,96.6321
2009-07-08,1.79,97.0204
2009-07-09,1.87,96.6219
2009-07-10,1.8,97.0819
2009-07-13,1.84,96.9995
2009-07-14,1.86,96.6599
2009-07-15,1.87,95.8004
2009-07-16,1.82,95.7241
2009-07-17,1.81,95.6036
2009-07-20,1.73,95.0903
2009-07-21,1.71,95.0564
2009-07-22,1.75,94.8659
2009-07-23,1.8,94.532
2009-07-24,1.81,94.7046
2009-07-27,1.85,94.6659
2009-07-28,1.86,94.5592
2009-07-29,1.84,95.1678
2009-07-30,1.78,94.8967
2009-07-31,1.71,94.2526
2009-08-03,1.78,93.6331
2009-08-04,1.81,93.7281
2009-08-05,1.85,93.7848
2009-08-06,1.87,93.9358
2009-08-07,1.88,94.4692
2009-08-10,1.83,94.6087
2009-08-11,1.8,94.8678
2009-08-12,1.84,94.5394
2009-08-13,1.8,94.2392
2009-08-14,1.85,94.475
2009-08-17,1.79,95.1024
2009-08-18,1.78,95.1118
2009-08-19,1.7,94.4084
2009-08-20,1.6,94.3492
2009-08-21,1.69,94.0103
2009-08-24,1.67,93.9345
2009-08-25,1.72,93.9066
2009-08-26,1.72,94.8662
2009-08-27,1.75,94.7943
2009-08-28,1.76,94.4489
2009-08-31,1.76,94.6202
2009-09-01,1.74,95.2201
2009-09-02,1.71,95.1575
2009-09-03,1.69,94.959
2009-09-04,1.7,94.5811
2009-09-08,1.66,93.7323
2009-09-09,1.66,93.6915
2009-09-10,1.59,93.6947
2009-09-11,1.59,93.3225
2009-09-14,1.65,93.6196
2009-09-15,1.64,93.4427
2009-09-16,1.62,92.9072
2009-09-17,1.62,92.8287
2009-09-18,1.68,93.1233
2009-09-21,1.69,93.3547
2009-09-22,1.65,92.8664
2009-09-23,1.63,92.979
2009-09-24,1.64,93.4708
2009-09-25,1.6,93.5535
2009-09-28,1.57,93.4669
2009-09-29,1.59,93.7776
2009-09-30,1.56,93.1907
2009-10-01,1.5,93.5995
2009-10-02,1.54,93.6756
2009-10-05,1.51,93.3356
2009-10-06,1.53,92.619
2009-10-07,1.45,92.794
2009-10-08,1.49,92.2074
2009-10-09,1.56,92.2984
2009-10-13,1.46,91.8273
2009-10-14,1.51,91.5047
2009-10-15,1.5,91.4367
2009-10-16,1.45,91.6541
2009-10-19,1.38,91.4406
2009-10-20,1.37,91.801
2009-10-21,1.43,91.3805
2009-10-22,1.49,91.6075
2009-10-23,1.51,91.7331
2009-10-26,1.59,92.0998
2009-10-27,1.49,92.5335
2009-10-28,1.48,92.8152
2009-10-29,1.5,92.4708
2009-10-30,1.41,92.6207
2009-11-02,1.41,92.4501
2009-11-03,1.45,92.9037
2009-11-04,1.45,92.3725
2009-11-05,1.41,92.3437
2009-11-06,1.37,92.3848
2009-11-09,1.3,91.6861
2009-11-10,1.31,91.6659
2009-11-12,1.33,91.9461
2009-11-13,1.31,91.5754
2009-11-16,1.21,91.194
2009-11-17,1.2,91.7419
2009-11-18,1.21,91.249
2009-11-19,1.21,91.7827
2009-11-20,1.21,91.9906
2009-11-23,1.2,91.4864
2009-11-24,1.21,91.5539
2009-11-25,1.16,90.9669
2009-11-27,1.15,91.5272
2009-11-30,1.13,91.3717
2009-12-01,1.14,90.8323
2009-12-02,1.18,90.8906
2009-12-03,1.24,90.9152
2009-12-04,1.34,91.3806
2009-12-07,1.31,91.5414
2009-12-08,1.31,91.9513
2009-12-09,1.36,92.014
2009-12-10,1.4,92.0073
2009-12-11,1.41,92.2946
2009-12-14,1.37,92.0305
2009-12-15,1.37,92.3635
2009-12-16,1.34,92.1496
2009-12-17,1.28,93.225
2009-12-18,1.31,93.1632
2009-12-21,1.39,93.1632
2009-12-22,1.43,93.2903
2009-12-23,1.46,92.9295
2009-12-24,1.5,92.8694
2009-12-28,1.5,92.6993
2009-12-29,1.46,92.8838
2009-12-30,1.44,93.0872
2009-12-31,1.48,92.9124
2010-01-04,1.47,92.3566
2010-01-05,1.43,92.2236
2010-01-06,1.48,92.0941
2010-01-07,1.44,92.3684
2010-01-08,1.41,92.1485
2010-01-11,1.47,91.5997
2010-01-12,1.35,91.7005
2010-01-13,1.43,91.7272
2010-01-14,1.4,91.5864
2010-01-15,1.34,91.7668
2010-01-19,1.35,91.9611
2010-01-20,1.31,92.6766
2010-01-21,1.29,92.6627
2010-01-22,1.31,92.943
2010-01-25,1.33,92.9099
2010-01-26,1.31,93.3298
2010-01-27,1.35,93.2835
2010-01-28,1.35,93.2635
2010-01-29,1.3,93.7638
2010-02-01,1.29,93.7321
2010-02-02,1.26,93.4136
2010-02-03,1.3,93.6268
2010-02-04,1.27,94.1401
2010-02-05,1.32,94.6218
2010-02-08,1.35,94.6218
2010-02-09,1.37,94.6218
2010-02-10,1.44,94.6218
2010-02-11,1.47,94.6218
2010-02-12,1.46,93.9976
2010-02-16,1.42,93.482
2010-02-17,1.46,93.7171
2010-02-18,1.48,93.8752
2010-02-19,1.52,93.9569
2010-02-22,1.55,93.7402
2010-02-23,1.5,93.9794
2010-02-24,1.51,93.9775
2010-02-25,1.51,94.3797
2010-02-26,1.48,93.6602
2010-03-01,1.46,93.7979
2010-03-02,1.46,93.488
2010-03-03,1.46,92.9861
2010-03-04,1.44,93.4079
2010-03-05,1.48,93.2623
2010-03-08,1.49,93.2446
2010-03-09,1.48,93.1941
2010-03-10,1.49,93.0426
2010-03-11,1.49,93.0533
2010-03-12,1.45,92.6616
2010-03-15,1.46,92.9642
2010-03-16,1.42,92.595
2010-03-17,1.4,92.4446
2010-03-18,1.45,92.7451
2010-03-19,1.5,93.0407
2010-03-22,1.48,93.1333
2010-03-23,1.49,93.006
2010-03-24,1.6,93.6468
2010-03-25,1.65,93.5885
2010-03-26,1.62,93.6873
2010-03-29,1.66,93.2959
2010-03-30,1.66,93.2627
2010-03-31,1.6,92.8987
2010-04-01,1.61,92.6661
2010-04-02,1.69,92.9057
2010-04-05,1.7,92.6644
2010-04-06,1.68,92.7373
2010-04-07,1.55,92.7452
2010-04-08,1.58,92.7211
2010-04-09,1.56,92.4772
2010-04-12,1.52,92.243
2010-04-13,1.5,92.2689
2010-04-14,1.54,91.9297
2010-04-15,1.49,92.2029
2010-04-16,1.46,92.5253
2010-04-19,1.49,92.8577
2010-04-20,1.47,92.4338
2010-04-21,1.42,92.4482
2010-04-22,1.46,92.7277
2010-04-23,1.47,92.6622
2010-04-26,1.46,92.5187
2010-04-27,1.37,93.0956
2010-04-28,1.4,93.4856
2010-04-29,1.31,92.9013
2010-04-30,1.29,92.8423
2010-05-03,1.32,93.235
2010-05-04,1.31,93.8137
2010-05-05,1.3,94.3968
2010-05-06,1.25,95.3032
2010-05-07,1.3,95.2952
2010-05-10,1.33,94.3096
2010-05-11,1.31,94.4305
2010-05-12,1.28,94.5515
2010-05-13,1.28,94.5071
2010-05-14,1.26,95.3746
2010-05-17,1.31,95.9795
2010-05-18,1.25,95.6212
2010-05-19,1.32,96.5083
2010-05-20,1.36,96.9483
2010-05-21,1.33,96.2911
2010-05-24,1.35,96.6433
2010-05-25,1.33,97.5487
2010-05-26,1.3,97.1879
2010-05-27,1.33,96.3611
2010-05-28,1.32,96.3062
2010-06-01,1.32,96.6123
2010-06-02,1.36,96.615
2010-06-03,1.34,96.461
2010-06-04,1.26,97.1688
2010-06-07,1.25,97.503
2010-06-08,1.29,97.3425
2010-06-09,1.28,96.8938
2010-06-10,1.35,96.4877
2010-06-11,1.29,96.5616
2010-06-14,1.31,95.8082
2010-06-15,1.32,95.7049
2010-06-16,1.28,95.5668
2010-06-17,1.22,95.4973
2010-06-18,1.25,95.2981
2010-06-21,1.24,94.8505
2010-06-22,1.2,95.1165
2010-06-23,1.19,95.4853
2010-06-24,1.23,95.6194
2010-06-25,1.21,95.4582
2010-06-28,1.17,95.2696
2010-06-29,1.14,96.0199
2010-06-30,1.15,95.9934
2010-07-01,1.21,95.8018
2010-07-02,1.27,95.6345
2010-07-06,1.26,95.1069
2010-07-07,1.3,95.1795
2010-07-08,1.25,94.7734
2010-07-09,1.26,94.683
2010-07-12,1.26,94.9598
2010-07-13,1.28,94.3856
2010-07-14,1.23,94.3247
2010-07-15,1.21,94.1988
2010-07-16,1.25,94.5061
2010-07-19,1.29,94.602
2010-07-20,1.28,94.542
2010-07-21,1.19,94.4496
2010-07-22,1.21,94.1135
2010-07-23,1.24,94.1431
2010-07-26,1.24,93.7556
2010-07-27,1.26,93.7583
2010-07-28,1.22,93.7506
2010-07-29,1.21,93.6004
2010-07-30,1.14,93.2793
2010-08-02,1.13,92.7916
2010-08-03,1.07,92.6258
2010-08-04,1.12,92.731
2010-08-05,1.07,92.6401
2010-08-06,1.04,92.5915
2010-08-09,1.04,92.6726
2010-08-10,0.95,93.2197
2010-08-11,0.95,93.7778
2010-08-12,1.05,93.8905
2010-08-13,1.0,94.0457
2010-08-16,0.95,93.7902
2010-08-17,1.01,93.4239
2010-08-18,1.02,93.3719
2010-08-19,1.02,93.7141
2010-08-20,1.05,94.2087
2010-08-23,1.05,94.3295
2010-08-24,1.01,94.4362
2010-08-25,1.01,94.7372
2010-08-26,0.95,94.3523
2010-08-27,1.05,94.3462
2010-08-30,0.99,94.5922
2010-08-31,0.95,94.7204
2010-09-01,1.02,94.1148
2010-09-02,1.05,94.0852
2010-09-03,1.1,93.6952
2010-09-07,0.98,94.042
2010-09-08,1.02,93.7785
2010-09-09,1.05,93.7033
2010-09-10,1.02,93.6768
2010-09-13,0.94,93.0767
2010-09-14,0.93,92.6182
2010-09-15,0.97,92.9313
2010-09-16,1.0,92.9108
2010-09-17,1.0,92.9418
2010-09-20,0.94,92.7496
2010-09-21,0.78,92.6684
2010-09-22,0.74,92.0647
2010-09-23,0.77,92.0233
2010-09-24,0.81,91.5996
2010-09-27,0.79,91.4803
2010-09-28,0.69,91.3493
2010-09-29,0.74,91.1632
2010-09-30,0.75,91.3415
2010-10-01,0.75,90.836
2010-10-04,0.72,91.0015
2010-10-05,0.65,90.5622
2010-10-06,0.52,90.1411
2010-10-07,0.53,90.286
2010-10-08,0.45,90.1133
2010-10-12,0.49,90.2203
2010-10-13,0.44,89.7779
2010-10-14,0.41,89.5228
2010-10-15,0.5,89.6815
2010-10-18,0.47,89.8484
2010-10-19,0.44,90.5499
2010-10-20,0.47,90.1446
2010-10-21,0.5,90.138
2010-10-22,0.5,90.4063
2010-10-25,0.45,89.9328
2010-10-26,0.52,90.2818
2010-10-27,0.62,90.8038
2010-10-28,0.57,90.2407
2010-10-29,0.5,90.0935
2010-11-01,0.49,90.0307
2010-11-02,0.49,89.6847
2010-11-03,0.5,89.7079
2010-11-04,0.44,88.9831
2010-11-05,0.48,89.2441
2010-11-08,0.48,89.5711
2010-11-09,0.58,89.558
2010-11-10,0.56,89.9056
2010-11-12,0.71,90.1701
2010-11-15,0.87,90.4331
2010-11-16,0.87,91.1102
2010-11-17,0.84,90.9282
2010-11-18,0.83,90.649
2010-11-19,0.77,90.6986
2010-11-22,0.7,90.7023
2010-11-23,0.69,91.4318
2010-11-24,0.8,91.2179
2010-11-26,0.75,91.8152
2010-11-29,0.73,92.1997
2010-11-30,0.74,92.1494
2010-12-01,0.83,91.6799
2010-12-02,0.84,91.2651
2010-12-03,0.86,90.8788
2010-12-06,0.79,91.0167
2010-12-07,0.92,90.9732
2010-12-08,1.07,91.3376
2010-12-09,1.09,91.3923
2010-12-10,1.16,91.2831
2010-12-13,1.11,90.8837
2010-12-14,1.27,90.764
2010-12-15,1.22,91.094
2010-12-16,1.15,91.3773
2010-12-17,1.05,91.5555
2010-12-20,1.07,91.6398
2010-12-21,1.06,91.519
2010-12-22,1.03,91.429
2010-12-23,1.08,91.3013
2010-12-27,1.06,91.1963
2010-12-28,1.17,90.9848
2010-12-29,1.06,90.7669
2010-12-30,1.08,90.5146
2010-12-31,1.0,90.5146
2011-01-03,1.05,89.9524
2011-01-04,1.01,90.3277
2011-01-05,1.08,90.5715
2011-01-06,1.03,90.9125
2011-01-07,0.98,91.0001
2011-01-10,0.96,91.03
2011-01-11,0.97,90.8431
2011-01-12,0.98,90.4111
2011-01-13,0.97,89.9019
2011-01-14,1.0,90.0461
2011-01-18,0.99,89.821
2011-01-19,0.99,89.6948
2011-01-20,1.22,90.1316
2011-01-21,1.2,89.7204
2011-01-24,1.18,89.5375
2011-01-25,1.11,89.7279
2011-01-26,1.16,89.5091
2011-01-27,1.16,89.5728
2011-01-28,1.09,89.8189
2011-01-31,1.08,89.694
2011-02-01,1.11,89.1436
2011-02-02,1.16,89.0737
2011-02-03,1.23,89.2522
2011-02-04,1.3,89.391
2011-02-07,1.32,89.3556
2011-02-08,1.39,89.1241
2011-02-09,1.34,89.4166
2011-02-10,1.39,89.6266
2011-02-11,1.36,89.8784
2011-02-14,1.34,89.8543
2011-02-15,1.33,89.8871
2011-02-16,1.37,89.7059
2011-02-17,1.31,89.4102
2011-02-18,1.25,89.1974
2011-02-22,1.12,89.4617
2011-02-23,1.1,89.4186
2011-02-24,1.05,89.2346
2011-02-25,1.02,89.1664
2011-02-28,1.03,88.9391
2011-03-01,1.0,88.831
2011-03-02,1.01,88.7317
2011-03-03,1.09,88.637
2011-03-04,1.0,88.4898
2011-03-07,1.0,88.5207
2011-03-08,1.01,88.6454
2011-03-09,0.98,88.5328
2011-03-10,0.91,88.8698
2011-03-11,0.96,88.691
2011-03-14,0.93,88.5191
2011-03-15,0.93,88.7845
2011-03-16,0.85,88.9785
2011-03-17,0.82,88.6549
2011-03-18,0.85,88.5221
2011-03-21,0.9,88.2032
2011-03-22,0.95,88.0665
2011-03-23,0.98,88.3328
2011-03-24,0.95,88.0592
2011-03-25,1.02,88.1716
2011-03-28,1.01,88.3058
2011-03-29,1.03,88.3991
2011-03-30,1.0,88.2298
2011-03-31,0.99,88.0299
2011-04-01,0.94,87.7993
2011-04-04,0.91,87.8406
2011-04-05,0.94,87.7483
2011-04-06,0.99,87.4913
2011-04-07,0.99,87.532
2011-04-08,0.95,87.1493
2011-04-11,0.96,87.094
2011-04-12,0.9,87.2943
2011-04-13,0.88,87.2093
2011-04-14,0.89,87.0802
2011-04-15,0.82,87.005
2011-04-18,0.8,87.5081
2011-04-19,0.76,87.0791
2011-04-20,0.82,86.5642
2011-04-21,0.83,86.2256
2011-04-22,0.83,86.3742
2011-04-25,0.79,86.4026
2011-04-26,0.76,86.2576
2011-04-27,0.81,86.2519
2011-04-28,0.78,85.8419
2011-04-29,0.75,85.5999
2011-05-02,0.75,85.5199
2011-05-03,0.73,85.6352
2011-05-04,0.7,85.8917
2011-05-05,0.7,86.508
2011-05-06,0.71,86.4575
2011-05-09,0.69,86.8346
2011-05-10,0.74,86.6518
2011-05-11,0.76,86.7195
2011-05-12,0.79,87.0767
2011-05-13,0.79,87.4176
2011-05-16,0.81,87.3311
2011-05-17,0.82,87.6307
2011-05-18,0.82,87.295
2011-05-19,0.91,87.2638
2011-05-20,0.85,87.3044
2011-05-23,0.84,87.8941
2011-05-24,0.79,87.662
2011-05-25,0.8,87.6136
2011-05-26,0.76,87.5588
2011-05-27,0.79,86.9525
2011-05-31,0.8,86.656
2011-06-01,0.74,86.5964
2011-06-02,0.78,86.8435
2011-06-03,0.75,86.4234
2011-06-06,0.76,86.4669
2011-06-07,0.76,86.3627
2011-06-08,0.76,86.5714
2011-06-09,0.8,86.5913
2011-06-10,0.79,87.042
2011-06-13,0.8,87.0579
2011-06-14,0.83,86.6771
2011-06-15,0.74,87.3342
2011-06-16,0.73,87.6917
2011-06-17,0.75,87.2179
2011-06-20,0.79,87.1908
2011-06-21,0.78,86.857
2011-06-22,0.82,86.8067
2011-06-23,0.71,87.455
2011-06-24,0.64,87.5014
2011-06-27,0.67,87.5225
2011-06-28,0.73,87.2178
2011-06-29,0.74,86.8014
2011-06-30,0.75,86.4786
2011-07-01,0.77,86.3613
2011-07-05,0.77,86.4253
2011-07-06,0.74,86.6825
2011-07-07,0.75,86.4825
2011-07-08,0.69,86.615
2011-07-11,0.63,87.1013
2011-07-12,0.6,87.1701
2011-07-13,0.59,86.5697
2011-07-14,0.68,86.5234
2011-07-15,0.61,86.5169
2011-07-18,0.58,86.9549
2011-07-19,0.54,86.4386
2011-07-20,0.62,86.2794
2011-07-21,0.68,85.8378
2011-07-22,0.61,85.8623
2011-07-25,0.58,85.8006
2011-07-26,0.57,85.4692
2011-07-27,0.56,85.7126
2011-07-28,0.52,85.8245
2011-07-29,0.38,85.7282
2011-08-01,0.33,86.0391
2011-08-02,0.29,86.0533
2011-08-03,0.36,86.0706
2011-08-04,0.24,86.9299
2011-08-05,0.32,87.1084
2011-08-08,0.2,87.1873
2011-08-09,0.0,87.3919
2011-08-10,-0.13,87.3792
2011-08-11,0.06,87.3215
2011-08-12,-0.02,87.177
2011-08-15,0.06,86.7515
2011-08-16,0.05,86.7115
2011-08-17,0.01,86.5518
2011-08-18,0.09,87.1271
2011-08-19,0.02,86.8286
2011-08-22,0.03,87.0753
2011-08-23,0.13,86.9001
2011-08-24,0.25,87.1316
2011-08-25,0.13,87.2306
2011-08-26,0.15,87.0751
2011-08-29,0.22,86.8433
2011-08-30,0.14,87.001
2011-08-31,0.18,86.7739
2011-09-01,0.07,86.8512
2011-09-02,0.0,87.1797
2011-09-06,0.05,88.1645
2011-09-07,0.09,87.9699
2011-09-08,0.0,88.1162
2011-09-09,-0.03,88.9514
2011-09-12,0.0,89.2192
2011-09-13,0.07,89.2653
2011-09-14,0.12,89.419
2011-09-15,0.13,89.0647
2011-09-16,0.13,89.1108
2011-09-19,0.09,89.9336
2011-09-20,0.04,89.8777
2011-09-21,0.02,90.3453
2011-09-22,0.01,92.075
2011-09-23,0.1,91.6904
2011-09-26,0.12,91.7724
2011-09-27,0.12,90.8985
2011-09-28,0.16,91.0227
2011-09-29,0.17,91.3033
2011-09-30,0.17,91.9998
2011-10-03,0.07,92.5128
2011-10-04,0.05,92.9508
2011-10-05,0.12,92.3008
2011-10-06,0.13,91.9661
2011-10-07,0.16,91.2469
2011-10-11,0.23,90.9162
2011-10-12,0.26,90.3378
2011-10-13,0.27,90.6603
2011-10-14,0.28,90.2116
2011-10-17,0.24,90.266
2011-10-18,0.22,90.5907
2011-10-19,0.23,90.3317
2011-10-20,0.22,91.1026
2011-10-21,0.23,90.279
2011-10-24,0.23,89.8558
2011-10-25,0.12,89.9525
2011-10-26,0.15,90.0836
2011-10-27,0.24,88.7882
2011-10-28,0.19,88.6382
2011-10-31,0.08,89.2053
2011-11-01,-0.04,90.7296
2011-11-02,-0.07,90.244
2011-11-03,0.0,90.2961
2011-11-04,-0.06,90.3154
2011-11-07,-0.1,90.3832
2011-11-08,-0.03,90.172
2011-11-09,-0.04,90.6991
2011-11-10,-0.04,90.8588
2011-11-14,-0.01,90.7215
2011-11-15,0.04,91.1081
2011-11-16,0.05,91.1237
2011-11-17,0.06,91.1822
2011-11-18,0.05,91.3676
2011-11-21,0.07,91.9978
2011-11-22,0.05,92.0193
2011-11-23,-0.01,92.7463
2011-11-25,0.05,93.1455
2011-11-28,0.02,92.4983
2011-11-29,0.01,92.2163
2011-11-30,0.03,91.4728
2011-12-01,0.06,91.227
2011-12-02,0.0,91.3532
2011-12-05,-0.01,91.1087
2011-12-06,0.01,91.2817
2011-12-07,-0.01,91.2331
2011-12-08,0.01,91.668
2011-12-09,0.05,91.6122
2011-12-12,-0.01,92.3375
2011-12-13,-0.05,92.5456
2011-12-14,-0.04,93.2176
2011-12-15,-0.01,92.8858
2011-12-16,-0.05,92.8252
2011-12-19,-0.12,92.8685
2011-12-20,-0.1,92.432
2011-12-21,-0.07,92.5262
2011-12-22,-0.07,92.3883
2011-12-23,-0.04,92.3897
2011-12-27,-0.02,92.4137
2011-12-28,-0.07,92.8374
2011-12-29,-0.05,92.7398
2011-12-30,-0.07,92.4262
2012-01-03,-0.04,91.7551
2012-01-04,-0.08,92.0345
2012-01-05,-0.1,92.5773
2012-01-06,-0.11,92.7183
2012-01-09,-0.13,92.7418
2012-01-10,-0.08,92.2461
2012-01-11,-0.1,92.554
2012-01-12,-0.1,92.2274
2012-01-13,-0.14,92.5385
2012-01-17,-0.17,92.0142
2012-01-18,-0.15,91.6943
2012-01-19,0.0,91.3316
2012-01-20,0.01,91.3661
2012-01-23,0.02,90.986
2012-01-24,-0.01,91.181
2012-01-25,-0.12,91.277
2012-01-26,-0.16,90.3962
2012-01-27,-0.18,90.2559
2012-01-30,-0.24,90.4762
2012-01-31,-0.28,90.5538
2012-02-01,-0.28,90.0963
2012-02-02,-0.3,89.8765
2012-02-03,-0.21,89.8491
2012-02-06,-0.26,89.7907
2012-02-07,-0.21,89.5968
2012-02-08,-0.21,89.6555
2012-02-09,-0.17,89.6246
2012-02-10,-0.24,90.1024
2012-02-13,-0.22,89.8895
2012-02-14,-0.27,90.1919
2012-02-15,-0.26,90.1932
2012-02-16,-0.24,90.3109
2012-02-17,-0.23,90.23
2012-02-21,-0.22,90.0117
2012-02-22,-0.27,90.2472
2012-02-23,-0.3,90.1108
2012-02-24,-0.29,89.9104
2012-02-27,-0.32,89.9635
2012-02-28,-0.31,89.8103
2012-02-29,-0.28,89.7487
2012-03-01,-0.23,89.7817
2012-03-02,-0.24,90.135
2012-03-05,-0.2,90.2748
2012-03-06,-0.21,90.8237
2012-03-07,-0.22,90.6837
2012-03-08,-0.21,90.2598
2012-03-09,-0.24,90.4341
2012-03-12,-0.24,90.6643
2012-03-13,-0.2,90.5363
2012-03-14,-0.07,90.9325
2012-03-15,-0.08,90.7866
2012-03-16,-0.09,90.5245
2012-03-19,-0.03,90.292
2012-03-20,-0.04,90.6065
2012-03-21,-0.08,90.6761
2012-03-22,-0.08,90.8225
2012-03-23,-0.11,90.6156
2012-03-26,-0.08,90.3266
2012-03-27,-0.13,90.2796
2012-03-28,-0.11,90.603
2012-03-29,-0.13,90.7285
2012-03-30,-0.09,90.4593
2012-04-02,-0.14,90.247
2012-04-03,-0.06,90.1921
2012-04-04,-0.05,90.8284
2012-04-05,-0.08,90.8781
2012-04-06,-0.16,90.9375
2012-04-09,-0.17,90.9624
2012-04-10,-0.24,91.2728
2012-04-11,-0.25,91.1768
2012-04-12,-0.22,90.7694
2012-04-13,-0.25,91.0558
2012-04-16,-0.26,91.2355
2012-04-17,-0.26,90.7661
2012-04-18,-0.26,90.9326
2012-04-19,-0.21,91.0833
2012-04-20,-0.24,90.8066
2012-04-23,-0.26,91.079
2012-04-24,-0.25,90.8153
2012-04-25,-0.24,90.756
2012-04-26,-0.29,90.6428
2012-04-27,-0.3,90.3269
2012-04-30,-0.3,90.3634
2012-05-01,-0.28,90.3227
2012-05-02,-0.28,90.6144
2012-05-03,-0.27,90.6839
2012-05-04,-0.3,91.0497
2012-05-07,-0.27,91.0747
2012-05-08,-0.28,91.4107
2012-05-09,-0.27,91.7632
2012-05-10,-0.25,91.7077
2012-05-11,-0.28,91.7306
2012-05-14,-0.33,92.2491
2012-05-15,-0.36,92.5235
2012-05-16,-0.33,92.903
2012-05-17,-0.35,92.9632
2012-05-18,-0.39,93.1395
2012-05-21,-0.41,93.0945
2012-05-22,-0.38,93.1113
2012-05-23,-0.41,93.8855
2012-05-24,-0.37,93.8027
2012-05-25,-0.38,93.9488
2012-05-29,-0.37,93.875
2012-05-30,-0.45,94.302
2012-05-31,-0.5,94.6856
2012-06-01,-0.59,94.6979
2012-06-04,-0.56,94.5184
2012-06-05,-0.56,94.6184
2012-06-06,-0.5,94.0362
2012-06-07,-0.49,93.774
2012-06-08,-0.5,94.2024
2012-06-11,-0.53,94.0369
2012-06-12,-0.48,94.0693
2012-06-13,-0.51,93.8309
2012-06-14,-0.47,93.8152
2012-06-15,-0.54,93.5203
2012-06-18,-0.54,93.6431
2012-06-19,-0.53,93.0524
2012-06-20,-0.51,93.1602
2012-06-21,-0.47,93.6378
2012-06-22,-0.42,93.9205
2012-06-25,-0.47,94.1757
2012-06-26,-0.45,93.9859
2012-06-27,-0.45,93.8728
2012-06-28,-0.48,94.0203
2012-06-29,-0.46,92.9096
2012-07-02,-0.5,92.951
2012-07-03,-0.48,92.6508
2012-07-05,-0.51,93.2211
2012-07-06,-0.53,93.7087
2012-07-09,-0.57,93.6974
2012-07-10,-0.59,93.5552
2012-07-11,-0.57,93.5981
2012-07-12,-0.58,93.9298
2012-07-13,-0.59,93.5515
2012-07-16,-0.61,93.3746
2012-07-17,-0.59,93.3479
2012-07-18,-0.6,93.0973
2012-07-19,-0.62,93.0438
2012-07-20,-0.67,93.3653
2012-07-23,-0.68,93.9297
2012-07-24,-0.68,94.2635
2012-07-25,-0.67,94.0564
2012-07-26,-0.66,93.3595
2012-07-27,-0.61,92.9333
2012-07-30,-0.64,93.0524
2012-07-31,-0.69,92.8422
2012-08-01,-0.67,92.8905
2012-08-02,-0.69,93.4269
2012-08-03,-0.66,92.6048
2012-08-06,-0.68,92.4339
2012-08-07,-0.65,92.5128
2012-08-08,-0.61,92.5407
2012-08-09,-0.58,92.6057
2012-08-10,-0.6,92.5129
2012-08-13,-0.58,92.5955
2012-08-14,-0.53,92.6152
2012-08-15,-0.45,92.6838
2012-08-16,-0.42,92.5737
2012-08-17,-0.43,92.711
2012-08-20,-0.43,92.6263
2012-08-21,-0.45,92.3053
2012-08-22,-0.55,92.4362
2012-08-23,-0.62,92.1057
2012-08-24,-0.6,92.2785
2012-08-27,-0.64,92.3135
2012-08-28,-0.68,92.2033
2012-08-29,-0.64,92.3823
2012-08-30,-0.63,92.6239
2012-08-31,-0.68,92.1677
2012-09-04,-0.68,92.1582
2012-09-05,-0.69,92.1262
2012-09-06,-0.63,91.8973
2012-09-07,-0.68,91.3469
2012-09-10,-0.68,91.3102
2012-09-11,-0.68,91.0575
2012-09-12,-0.61,91.0477
2012-09-13,-0.72,90.9632
2012-09-14,-0.76,90.1436
2012-09-17,-0.74,90.2837
2012-09-18,-0.73,90.5029
2012-09-19,-0.75,90.4646
2012-09-20,-0.7,90.7631
2012-09-21,-0.71,90.5342
2012-09-24,-0.73,90.8263
2012-09-25,-0.74,90.6074
2012-09-26,-0.77,91.0028
2012-09-27,-0.78,90.7538
2012-09-28,-0.77,90.8342
2012-10-01,-0.78,90.7011
2012-10-02,-0.83,90.644
2012-10-03,-0.83,90.8726
2012-10-04,-0.86,90.4932
2012-10-05,-0.82,90.2851
2012-10-09,-0.81,90.8703
2012-10-10,-0.8,90.883
2012-10-11,-0.77,90.7437
2012-10-12,-0.78,90.6833
2012-10-15,-0.78,90.6409
2012-10-16,-0.71,90.5583
2012-10-17,-0.65,90.2309
2012-10-18,-0.66,90.3804
2012-10-19,-0.71,90.8107
2012-10-22,-0.7,90.7911
2012-10-23,-0.71,91.0945
2012-10-24,-0.69,91.1275
2012-10-25,-0.63,91.02
2012-10-26,-0.69,91.1411
2012-10-29,-0.73,91.1411
2012-10-31,-0.78,91.1609
2012-11-01,-0.77,91.1217
2012-11-02,-0.73,91.281
2012-11-05,-0.75,91.4778
2012-11-06,-0.72,91.2908
2012-11-07,-0.8,91.4514
2012-11-08,-0.85,91.5375
2012-11-09,-0.83,91.6871
2012-11-13,-0.84,91.7356
2012-11-14,-0.81,91.7942
2012-11-15,-0.8,91.8837
2012-11-16,-0.81,92.0095
2012-11-19,-0.78,91.5653
2012-11-20,-0.74,91.556
2012-11-21,-0.71,91.6645
2012-11-23,-0.72,91.2616
2012-11-26,-0.73,91.2789
2012-11-27,-0.74,91.2608
2012-11-28,-0.75,91.33
2012-11-29,-0.78,91.2104
2012-11-30,-0.79,91.1038
2012-12-03,-0.81,91.0084
2012-12-04,-0.83,90.9748
2012-12-05,-0.85,90.9423
2012-12-06,-0.87,91.0629
2012-12-07,-0.86,91.0437
2012-12-10,-0.87,90.9631
2012-12-11,-0.84,90.8403
2012-12-12,-0.79,90.7708
2012-12-13,-0.73,90.776
2012-12-14,-0.74,90.7156
2012-12-17,-0.7,90.6193
2012-12-18,-0.67,90.5161
2012-12-19,-0.66,90.4896
2012-12-20,-0.69,90.6002
2012-12-21,-0.71,90.9597
2012-12-24,-0.69,91.0354
2012-12-26,-0.71,91.0606
2012-12-27,-0.73,91.1037
2012-12-28,-0.73,91.0419
2012-12-31,-0.67,91.0834
2013-01-02,-0.62,90.6941
2013-01-03,-0.54,90.8097
2013-01-04,-0.55,91.1025
2013-01-07,-0.6,90.9852
2013-01-08,-0.6,91.057
2013-01-09,-0.64,91.0088
2013-01-10,-0.62,90.6425
2013-01-11,-0.63,90.5352
2013-01-14,-0.66,90.4935
2013-01-15,-0.66,90.5191
2013-01-16,-0.65,90.596
2013-01-17,-0.64,90.5401
2013-01-18,-0.66,90.8697
2013-01-22,-0.68,90.7892
2013-01-23,-0.66,90.8376
2013-01-24,-0.62,90.9112
2013-01-25,-0.56,91.0868
2013-01-28,-0.55,91.2354
2013-01-29,-0.53,90.9406
2013-01-30,-0.54,90.8836
2013-01-31,-0.57,90.798
2013-02-01,-0.55,90.6923
2013-02-04,-0.59,90.9774
2013-02-05,-0.55,90.881
2013-02-06,-0.58,91.0176
2013-02-07,-0.58,91.2912
2013-02-08,-0.57,91.3056
2013-02-11,-0.58,91.4451
2013-02-12,-0.57,91.2779
2013-02-13,-0.54,91.2709
2013-02-14,-0.56,91.366
2013-02-15,-0.53,91.4551
2013-02-19,-0.52,91.5073
2013-02-20,-0.52,91.6689
2013-02-21,-0.54,92.0394
2013-02-22,-0.57,92.1197
2013-02-25,-0.62,92.1975
2013-02-26,-0.62,92.4247
2013-02-27,-0.61,92.234
2013-02-28,-0.64,92.295
2013-03-01,-0.67,92.6177
2013-03-04,-0.65,92.6316
2013-03-05,-0.65,92.4965
2013-03-06,-0.61,92.4965
2013-03-07,-0.56,92.5462
2013-03-08,-0.5,92.6252
2013-03-11,-0.5,92.5351
2013-03-12,-0.52,92.3853
2013-03-13,-0.52,92.4709
2013-03-14,-0.53,92.4695
2013-03-15,-0.55,92.128
2013-03-18,-0.6,92.3377
2013-03-19,-0.61,92.526
2013-03-20,-0.57,92.4141
2013-03-21,-0.57,92.3322
2013-03-22,-0.6,92.2051
2013-03-25,-0.6,92.3081
2013-03-26,-0.61,92.232
2013-03-27,-0.64,92.446
2013-03-28,-0.64,92.2544
2013-03-29,-0.64,92.302
2013-04-01,-0.65,92.1687
2013-04-02,-0.63,92.1432
2013-04-03,-0.65,92.104
2013-04-04,-0.7,92.3896
2013-04-05,-0.74,92.1043
2013-04-08,-0.69,92.2317
2013-04-09,-0.67,91.9669
2013-04-10,-0.6,91.9598
2013-04-11,-0.65,91.6972
2013-04-12,-0.68,91.7967
2013-04-15,-0.69,91.9457
2013-04-16,-0.65,91.8451
2013-04-17,-0.64,92.1372
2013-04-18,-0.55,92.176
2013-04-19,-0.59,92.2166
2013-04-22,-0.63,92.3591
2013-04-23,-0.64,92.3836
2013-04-24,-0.65,92.4581
2013-04-25,-0.66,92.0394
2013-04-26,-0.68,91.9012
2013-04-29,-0.67,91.6539
2013-04-30,-0.64,91.3741
2013-05-01,-0.64,91.4331
2013-05-02,-0.62,91.6174
2013-05-03,-0.53,91.5087
2013-05-06,-0.51,91.6387
2013-05-07,-0.5,91.5201
2013-05-08,-0.48,91.1848
2013-05-09,-0.5,91.3036
2013-05-10,-0.45,92.2527
2013-05-13,-0.41,92.2711
2013-05-14,-0.37,92.3697
2013-05-15,-0.36,92.7691
2013-05-16,-0.4,92.6602
2013-05-17,-0.31,93.1617
2013-05-20,-0.31,93.0359
2013-05-21,-0.34,92.9662
2013-05-22,-0.24,93.3104
2013-05-23,-0.24,93.2113
2013-05-24,-0.26,93.2768
2013-05-28,-0.14,93.5853
2013-05-29,-0.1,93.531
2013-05-30,-0.05,93.4219
2013-05-31,-0.05,93.6076
2013-06-03,-0.07,93.163
2013-06-04,-0.05,93.3067
2013-06-05,-0.06,93.275
2013-06-06,-0.05,92.809
2013-06-07,0.03,92.6056
2013-06-10,0.11,92.973
2013-06-11,0.13,92.7996
2013-06-12,0.21,92.4775
2013-06-13,0.15,92.3449
2013-06-14,0.09,92.1886
2013-06-17,0.15,92.3332
2013-06-18,0.14,92.5432
2013-06-19,0.29,92.4755
2013-06-20,0.46,94.125
2013-06-21,0.59,94.4243
2013-06-24,0.64,94.5714
2013-06-25,0.64,94.3285
2013-06-26,0.6,94.3807
2013-06-27,0.5,94.2429
2013-06-28,0.53,94.3047
2013-07-01,0.48,94.0998
2013-07-02,0.44,94.4051
2013-07-03,0.48,94.4767
2013-07-05,0.66,95.0639
2013-07-08,0.58,94.9954
2013-07-09,0.59,94.9467
2013-07-10,0.64,94.7595
2013-07-11,0.56,93.949
2013-07-12,0.55,94.0029
2013-07-15,0.47,93.9729
2013-07-16,0.41,93.5232
2013-07-17,0.38,93.5498
2013-07-18,0.38,93.681
2013-07-19,0.29,93.4759
2013-07-22,0.28,93.2253
2013-07-23,0.33,93.1631
2013-07-24,0.44,93.3124
2013-07-25,0.44,93.2862
2013-07-26,0.43,93.1695
2013-07-29,0.45,93.1663
2013-07-30,0.46,93.3976
2013-07-31,0.38,93.5703
2013-08-01,0.48,93.7972
2013-08-02,0.42,93.5789
2013-08-05,0.42,93.507
2013-08-06,0.39,93.3199
2013-08-07,0.35,93.2652
2013-08-08,0.34,92.8483
2013-08-09,0.33,92.8394
2013-08-12,0.37,92.9178
2013-08-13,0.48,93.476
2013-08-14,0.5,93.382
2013-08-15,0.6,93.5059
2013-08-16,0.68,93.4255
2013-08-19,0.75,93.6623
2013-08-20,0.67,93.5536
2013-08-21,0.73,94.0362
2013-08-22,0.79,94.2804
2013-08-23,0.69,93.9466
2013-08-26,0.64,94.1853
2013-08-27,0.57,94.3934
2013-08-28,0.63,94.4127
2013-08-29,0.65,94.6398
2013-08-30,0.68,94.7541
2013-09-03,0.76,94.9574
2013-09-04,0.83,94.5739
2013-09-05,0.92,94.8891
2013-09-06,0.87,94.2487
2013-09-09,0.84,94.0009
2013-09-10,0.86,93.938
2013-09-11,0.8,93.7112
2013-09-12,0.81,93.5903
2013-09-13,0.8,93.6666
2013-09-16,0.76,93.2875
2013-09-17,0.7,93.2231
2013-09-18,0.49,93.2569
2013-09-19,0.55,92.4082
2013-09-20,0.52,92.6049
2013-09-23,0.46,92.613
2013-09-24,0.48,92.7691
2013-09-25,0.45,92.7675
2013-09-26,0.47,93.0096
2013-09-27,0.46,92.9747
2013-09-30,0.45,92.9207
2013-10-01,0.46,92.9515
2013-10-02,0.43,92.772
2013-10-03,0.43,92.7461
2013-10-04,0.46,92.6469
2013-10-07,0.45,92.6725
2013-10-08,0.48,92.7558
2013-10-09,0.47,93.0829
2013-10-10,0.5,92.8579
2013-10-11,0.5,92.854
2013-10-15,0.54,92.7642
2013-10-16,0.5,92.6819
2013-10-17,0.45,92.0246
2013-10-18,0.42,91.9989
2013-10-21,0.44,92.2498
2013-10-22,0.37,91.9563
2013-10-23,0.36,92.0947
2013-10-24,0.36,92.1867
2013-10-25,0.34,92.1623
2013-10-28,0.35,92.1872
2013-10-29,0.35,92.301
2013-10-30,0.37,92.3057
2013-10-31,0.4,92.731
2013-11-01,0.5,93.155
2013-11-04,0.5,92.9359
2013-11-05,0.55,93.2112
2013-11-06,0.48,93.0943
2013-11-07,0.46,93.4003
2013-11-08,0.59,93.6619
2013-11-12,0.62,93.7651
2013-11-13,0.58,93.4848
2013-11-14,0.51,93.4328
2013-11-15,0.53,93.2854
2013-11-18,0.48,92.9824
2013-11-19,0.53,93.0649
2013-11-20,0.64,93.2501
2013-11-21,0.6,93.5638
2013-11-22,0.56,93.4198
2013-11-25,0.56,93.5539
2013-11-26,0.54,93.5226
2013-11-27,0.58,93.6864
2013-11-29,0.6,93.6291
2013-12-02,0.66,93.8856
2013-12-03,0.64,93.8251
2013-12-04,0.73,93.8997
2013-12-05,0.76,93.4954
2013-12-06,0.77,93.4045
2013-12-09,0.74,93.1444
2013-12-10,0.69,93.1444
2013-12-11,0.71,93.0842
2013-12-12,0.75,93.4292
2013-12-13,0.72,93.3568
2013-12-16,0.71,93.2175
2013-12-17,0.67,93.302
2013-12-18,0.72,93.4207
2013-12-19,0.79,93.7368
2013-12-20,0.73,93.7211
2013-12-23,0.76,93.572
2013-12-24,0.8,93.6734
2013-12-26,0.8,93.766
2013-12-27,0.8,93.7018
2013-12-30,0.76,93.4866
2013-12-31,0.8,93.5576
2014-01-02,0.74,93.8192
2014-01-03,0.75,93.853
2014-01-06,0.72,93.9109
2014-01-07,0.7,94.0398
2014-01-08,0.72,94.2181
2014-01-09,0.66,94.3299
2014-01-10,0.59,94.0045
2014-01-13,0.57,93.899
2014-01-14,0.62,94.0303
2014-01-15,0.62,94.341
2014-01-16,0.61,94.5507
2014-01-17,0.58,94.5846
2014-01-21,0.59,94.679
2014-01-22,0.62,94.8479
2014-01-23,0.66,94.8415
2014-01-24,0.61,94.8555
2014-01-27,0.64,94.9059
2014-01-28,0.62,94.88
2014-01-29,0.55,94.8621
2014-01-30,0.57,95.1294
2014-01-31,0.53,95.1774
2014-02-03,0.47,95.2469
2014-02-04,0.51,95.0438
2014-02-05,0.56,95.0285
2014-02-06,0.57,94.7177
2014-02-07,0.53,94.7457
2014-02-10,0.51,94.7189
2014-02-11,0.56,94.6377
2014-02-12,0.59,94.6209
2014-02-13,0.56,94.6209
2014-02-14,0.59,94.2711
2014-02-18,0.57,94.1934
2014-02-19,0.6,94.38
2014-02-20,0.63,94.6571
2014-02-21,0.61,94.6571
2014-02-24,0.59,94.4042
2014-02-25,0.55,94.4735
2014-02-26,0.51,94.7754
2014-02-27,0.49,94.6722
2014-02-28,0.49,94.3879
2014-03-03,0.44,94.3879
2014-03-04,0.52,94.6568
2014-03-05,0.52,94.4679
2014-03-06,0.53,93.9858
2014-03-07,0.57,94.2532
2014-03-10,0.57,94.3731
2014-03-11,0.57,94.387
2014-03-12,0.54,94.462
2014-03-13,0.49,94.1872
2014-03-14,0.48,94.243
2014-03-17,0.52,94.243
2014-03-18,0.5,94.2631
2014-03-19,0.62,94.3752
2014-03-20,0.66,94.9986
2014-03-21,0.61,94.8547
2014-03-24,0.59,94.759
2014-03-25,0.61,94.6379
2014-03-26,0.57,94.5281
2014-03-27,0.56,94.3315
2014-03-28,0.6,94.3683
2014-03-31,0.6,94.2432
2014-04-01,0.63,94.1244
2014-04-02,0.68,94.3103
2014-04-03,0.66,94.512
2014-04-04,0.61,94.2191
2014-04-07,0.59,94.0881
2014-04-08,0.58,93.6579
2014-04-09,0.57,93.6716
2014-04-10,0.51,93.5123
2014-04-11,0.5,93.6395
2014-04-14,0.52,93.8046
2014-04-15,0.5,93.9486
2014-04-16,0.48,93.9461
2014-04-17,0.52,93.8936
2014-04-18,0.52,93.9629
2014-04-21,0.53,94.0337
2014-04-22,0.52,94.0802
2014-04-23,0.49,94.149
2014-04-24,0.49,94.1294
2014-04-25,0.48,94.1623
2014-04-28,0.52,94.1374
2014-04-29,0.53,94.0295
2014-04-30,0.49,93.8896
2014-05-01,0.43,93.8707
2014-05-02,0.41,93.8182
2014-05-05,0.45,93.7334
2014-05-06,0.45,93.4324
2014-05-07,0.42,93.4337
2014-05-08,0.42,93.3686
2014-05-09,0.44,93.6614
2014-05-12,0.48,93.6537
2014-05-13,0.45,93.6755
2014-05-14,0.37,93.5968
2014-05-15,0.31,93.7065
2014-05-16,0.34,93.6073
2014-05-19,0.37,93.502
2014-05-20,0.35,93.6699
2014-05-21,0.36,93.7629
2014-05-22,0.35,93.6944
2014-05-23,0.32,93.7042
2014-05-27,0.31,93.8418
2014-05-28,0.22,93.8793
2014-05-29,0.22,93.6973
2014-05-30,0.26,93.7606
2014-06-02,0.32,94.0006
2014-06-03,0.41,94.0536
2014-06-04,0.44,94.1239
2014-06-05,0.41,93.9732
2014-06-06,0.4,93.9069
2014-06-09,0.41,93.9628
2014-06-10,0.43,94.0638
2014-06-11,0.43,93.9744
2014-06-12,0.39,93.8155
2014-06-13,0.41,93.9168
2014-06-16,0.41,93.8639
2014-06-17,0.43,94.0829
2014-06-18,0.38,94.0525
2014-06-19,0.39,93.752
2014-06-20,0.35,93.7591
2014-06-23,0.35,93.628
2014-06-24,0.31,93.7093
2014-06-25,0.29,93.5851
2014-06-26,0.26,93.5471
2014-06-27,0.27,93.3983
2014-06-30,0.27,93.2058
2014-07-01,0.32,93.1365
2014-07-02,0.38,93.2478
2014-07-03,0.37,93.3149
2014-07-07,0.36,93.3803
2014-07-08,0.31,93.323
2014-07-09,0.28,93.228
2014-07-10,0.27,93.3152
2014-07-11,0.25,93.4171
2014-07-14,0.28,93.4101
2014-07-15,0.31,93.5796
2014-07-16,0.32,93.5991
2014-07-17,0.24,93.6586
2014-07-18,0.26,93.6608
2014-07-21,0.25,93.6069
2014-07-22,0.25,93.6306
2014-07-23,0.25,93.5951
2014-07-24,0.25,93.6836
2014-07-25,0.2,93.8294
2014-07-28,0.22,93.83
2014-07-29,0.2,94.0443
2014-07-30,0.29,94.3473
2014-07-31,0.29,94.4467
2014-08-01,0.25,94.4754
2014-08-04,0.26,94.448
2014-08-05,0.25,94.6754
2014-08-06,0.24,94.6092
2014-08-07,0.19,94.6364
2014-08-08,0.19,94.6027
2014-08-11,0.19,94.4767
2014-08-12,0.22,94.5211
2014-08-13,0.2,94.4681
2014-08-14,0.19,94.3508
2014-08-15,0.16,94.2941
2014-08-18,0.21,94.2519
2014-08-19,0.23,94.4356
2014-08-20,0.26,94.5937
2014-08-21,0.24,94.673
2014-08-22,0.26,94.8012
2014-08-25,0.24,94.9159
2014-08-26,0.25,94.8617
2014-08-27,0.23,94.6863
2014-08-28,0.21,94.6947
2014-08-29,0.23,94.7251
2014-09-02,0.27,95.063
2014-09-03,0.24,94.8709
2014-09-04,0.28,95.2641
2014-09-05,0.31,95.2203
2014-09-08,0.35,95.4167
2014-09-09,0.39,95.8811
2014-09-10,0.44,95.8641
2014-09-11,0.42,95.9184
2014-09-12,0.49,96.0748
2014-09-15,0.47,96.1195
2014-09-16,0.48,95.8483
2014-09-17,0.56,95.9106
2014-09-18,0.61,96.1284
2014-09-19,0.56,96.3417
2014-09-22,0.58,96.4625
2014-09-23,0.52,96.5112
2014-09-24,0.54,96.6574
2014-09-25,0.5,96.8988
2014-09-26,0.57,97.208
2014-09-29,0.55,97.3523
2014-09-30,0.55,97.5261
2014-10-01,0.46,97.5387
2014-10-02,0.49,97.3062
2014-10-03,0.52,97.9846
2014-10-06,0.5,97.5513
2014-10-07,0.44,97.4459
2014-10-08,0.39,97.4945
2014-10-09,0.37,97.1711
2014-10-10,0.35,97.4144
2014-10-14,0.29,97.3943
2014-10-15,0.29,97.3532
2014-10-16,0.28,97.2869
2014-10-17,0.3,97.3067
2014-10-20,0.29,97.2874
2014-10-21,0.33,97.2488
2014-10-22,0.34,97.459
2014-10-23,0.38,97.6047
2014-10-24,0.39,97.4772
2014-10-27,0.38,97.5423
2014-10-28,0.39,97.2173
2014-10-29,0.42,97.0145
2014-10-30,0.42,97.456
2014-10-31,0.43,98.1163
2014-11-03,0.43,98.5336
2014-11-04,0.43,98.5576
2014-11-05,0.43,98.8086
2014-11-06,0.45,99.1325
2014-11-07,0.38,99.0236
2014-11-10,0.44,98.9305
2014-11-12,0.46,98.8897
2014-11-13,0.47,99.1045
2014-11-14,0.43,99.0917
2014-11-17,0.48,99.2188
2014-11-18,0.48,99.0185
2014-11-19,0.53,99.2424
2014-11-20,0.49,99.2554
2014-11-21,0.45,99.2894
2014-11-24,0.44,99.4227
2014-11-25,0.42,99.2837
2014-11-26,0.42,99.1893
2014-11-28,0.39,100.0719
2014-12-01,0.43,99.8964
2014-12-02,0.51,100.4478
2014-12-03,0.5,100.5696
2014-12-04,0.48,100.3931
2014-12-05,0.56,101.0989
2014-12-08,0.55,101.31
2014-12-09,0.49,100.8095
2014-12-10,0.47,101.0212
2014-12-11,0.49,101.4448
2014-12-12,0.46,101.3735
2014-12-15,0.5,101.674
2014-12-16,0.42,101.526
2014-12-17,0.49,101.5527
2014-12-18,0.57,101.7531
2014-12-19,0.49,102.0483
2014-12-22,0.47,101.9942
2014-12-23,0.56,102.348
2014-12-24,0.59,102.3028
2014-12-26,0.58,102.3028
2014-12-29,0.57,102.3767
2014-12-30,0.56,102.1019
2014-12-31,0.49,102.2843
2015-01-02,0.41,102.9027
2015-01-05,0.4,103.4976
2015-01-06,0.41,103.2938
2015-01-07,0.39,103.6316
2015-01-08,0.41,103.2799
2015-01-09,0.36,103.1213
2015-01-12,0.35,103.2372
2015-01-13,0.37,103.27
2015-01-14,0.29,103.0903
2015-01-15,0.19,103.0829
2015-01-16,0.23,103.2189
2015-01-20,0.23,103.5233
2015-01-21,0.26,103.7858
2015-01-22,0.29,103.9271
2015-01-23,0.21,104.3676
2015-01-26,0.22,104.4818
2015-01-27,0.17,104.1646
2015-01-28,0.12,104.4737
2015-01-29,0.15,105.2763
2015-01-30,0.03,105.5884
2015-02-02,0.03,105.2058
2015-02-03,0.09,104.6063
2015-02-04,0.1,104.785
2015-02-05,0.13,104.4915
2015-02-06,0.24,105.1283
2015-02-09,0.25,104.9889
2015-02-10,0.31,105.2897
2015-02-11,0.32,105.7901
2015-02-12,0.33,104.9385
2015-02-13,0.34,104.8452
2015-02-17,0.43,104.8452
2015-02-18,0.36,105.2514
2015-02-19,0.37,105.1407
2015-02-20,0.38,105.3387
2015-02-23,0.34,105.5359
2015-02-24,0.27,105.5472
2015-02-25,0.24,105.0503
2015-02-26,0.24,105.5021
2015-02-27,0.17,105.5981
2015-03-02,0.25,105.8151
2015-03-03,0.26,105.5562
2015-03-04,0.25,106.1333
2015-03-05,0.27,106.1333
2015-03-06,0.41,107.4337
2015-03-09,0.44,107.5199
2015-03-10,0.41,108.1165
2015-03-11,0.39,108.5235
2015-03-12,0.39,108.1741
2015-03-13,0.44,108.9174
2015-03-16,0.45,108.6422
2015-03-17,0.42,108.5805
2015-03-18,0.23,108.408
2015-03-19,0.19,108.1826
2015-03-20,0.17,107.1671
2015-03-23,0.17,106.5022
2015-03-24,0.11,106.4401
2015-03-25,0.12,106.2636
2015-03-26,0.21,106.5582
2015-03-27,0.19,106.8916
2015-03-30,0.23,107.3941
2015-03-31,0.18,107.4396
2015-04-01,0.07,107.06
2015-04-02,0.11,106.6738
2015-04-03,0.02,105.8861
2015-04-06,0.07,105.7876
2015-04-07,0.04,106.4488
2015-04-08,0.08,106.4231
2015-04-09,0.13,107.0335
2015-04-10,0.14,107.4526
2015-04-13,0.14,107.7508
2015-04-14,0.1,107.0547
2015-04-15,0.07,107.1855
2015-04-16,0.05,106.2761
2015-04-17,-0.02,106.329
2015-04-20,0.01,106.4902
2015-04-21,0.06,106.5582
2015-04-22,0.12,106.5815
2015-04-23,0.07,106.1658
2015-04-24,0.04,105.905
2015-04-27,0.03,105.6891
2015-04-28,0.11,105.1234
2015-04-29,0.14,104.5634
2015-04-30,0.11,105.312
2015-05-01,0.18,105.6382
2015-05-04,0.24,105.6679
2015-05-05,0.25,105.2396
2015-05-06,0.34,104.6935
2015-05-07,0.3,105.1941
2015-05-08,0.28,104.8424
2015-05-11,0.4,105.3075
2015-05-12,0.4,104.8924
2015-05-13,0.41,104.3608
2015-05-14,0.36,104.2359
2015-05-15,0.31,104.0202
2015-05-18,0.37,104.6068
2015-05-19,0.42,105.3448
2015-05-20,0.38,105.5605
2015-05-21,0.35,105.3808
2015-05-22,0.34,105.8487
2015-05-26,0.32,106.7294
2015-05-27,0.34,106.908
2015-05-28,0.33,106.92
2015-05-29,0.32,106.7388
2015-06-01,0.39,107.2238
2015-06-02,0.44,106.4507
2015-06-03,0.55,106.1443
2015-06-04,0.5,106.4725
2015-06-05,0.55,107.1336
2015-06-08,0.54,106.7693
2015-06-09,0.56,106.2238
2015-06-10,0.63,105.8037
2015-06-11,0.56,106.0934
2015-06-12,0.55,105.9015
2015-06-15,0.51,105.9989
2015-06-16,0.44,106.0473
2015-06-17,0.42,106.058
2015-06-18,0.46,105.102
2015-06-19,0.4,105.4496
2015-06-22,0.47,105.3846
2015-06-23,0.5,105.9678
2015-06-24,0.48,106.2522
2015-06-25,0.49,106.1515
2015-06-26,0.57,106.4116
2015-06-29,0.46,106.3785
2015-06-30,0.48,106.5191
2015-07-01,0.54,107.0101
2015-07-02,0.49,106.9106
2015-07-06,0.43,107.1343
2015-07-07,0.4,107.785
2015-07-08,0.39,107.4734
2015-07-09,0.47,107.5595
2015-07-10,0.55,107.213
2015-07-13,0.58,107.5849
2015-07-14,0.56,107.4843
2015-07-15,0.52,108.0149
2015-07-16,0.52,108.1726
2015-07-17,0.51,108.5374
2015-07-20,0.56,108.6944
2015-07-21,0.53,108.3893
2015-07-22,0.53,108.7817
2015-07-23,0.49,108.7565
2015-07-24,0.51,109.0174
2015-07-27,0.5,108.6924
2015-07-28,0.51,108.6881
2015-07-29,0.52,108.604
2015-07-30,0.51,109.4328
2015-07-31,0.46,108.7819
2015-08-03,0.46,109.214
2015-08-04,0.52,109.2244
2015-08-05,0.58,109.842
2015-08-06,0.56,109.722
2015-08-07,0.52,109.4376
2015-08-10,0.55,109.1931
2015-08-11,0.49,109.9464
2015-08-12,0.52,109.4655
2015-08-13,0.57,109.9025
2015-08-14,0.58,109.9174
2015-08-17,0.58,110.1435
2015-08-18,0.62,110.2504
2015-08-19,0.55,110.4333
2015-08-20,0.53,110.1077
2015-08-21,0.52,110.1443
2015-08-24,0.52,109.9306
2015-08-25,0.59,110.3394
2015-08-26,0.65,110.5807
2015-08-27,0.6,110.4834
2015-08-28,0.58,110.6714
2015-08-31,0.58,110.5621
2015-09-01,0.6,110.4506
2015-09-02,0.64,110.7979
2015-09-03,0.64,110.8566
2015-09-04,0.62,111.1018
2015-09-08,0.67,110.7942
2015-09-09,0.65,110.9225
2015-09-10,0.64,110.6331
2015-09-11,0.61,110.6109
2015-09-14,0.62,110.5005
2015-09-15,0.72,110.6394
2015-09-16,0.73,110.1021
2015-09-17,0.63,110.1212
2015-09-18,0.58,109.8165
2015-09-21,0.66,110.6414
2015-09-22,0.63,111.1967
2015-09-23,0.64,111.6287
2015-09-24,0.64,111.4454
2015-09-25,0.71,111.3725
2015-09-28,0.71,111.3914
2015-09-29,0.66,111.5219
2015-09-30,0.65,111.3311
2015-10-01,0.59,111.0439
2015-10-02,0.51,110.7006
2015-10-05,0.56,110.4445
2015-10-06,0.53,110.1371
2015-10-07,0.53,109.8162
2015-10-08,0.54,109.6452
2015-10-09,0.58,109.0782
2015-10-13,0.54,109.4119
2015-10-14,0.5,109.1244
2015-10-15,0.54,108.6671
2015-10-16,0.56,108.9956
2015-10-19,0.59,109.3858
2015-10-20,0.6,109.3368
2015-10-21,0.59,109.7746
2015-10-22,0.57,110.0342
2015-10-23,0.58,110.4329
2015-10-26,0.59,110.2089
2015-10-27,0.57,110.4875
2015-10-28,0.63,110.2334
2015-10-29,0.67,110.8083
2015-10-30,0.63,110.2079
2015-11-02,0.65,110.2188
2015-11-03,0.65,110.244
2015-11-04,0.68,110.7139
2015-11-05,0.71,110.8302
2015-11-06,0.75,111.7603
2015-11-09,0.76,111.9112
2015-11-10,0.77,111.9919
2015-11-12,0.78,111.7965
2015-11-13,0.76,112.0264
2015-11-16,0.76,112.2199
2015-11-17,0.72,112.3141
2015-11-18,0.71,112.3663
2015-11-19,0.68,111.5749
2015-11-20,0.66,111.7799
2015-11-23,0.64,112.1125
2015-11-24,0.62,111.7638
2015-11-25,0.62,111.8936
2015-11-27,0.62,112.2824
2015-11-30,0.62,112.34
2015-12-01,0.58,112.1134
2015-12-02,0.62,112.3715
2015-12-03,0.72,111.6407
2015-12-04,0.68,111.5463
2015-12-07,0.67,112.3056
2015-12-08,0.68,112.5485
2015-12-09,0.69,112.1918
2015-12-10,0.73,112.2672
2015-12-11,0.67,112.7147
2015-12-14,0.78,112.7521
2015-12-15,0.8,112.8609
2015-12-16,0.84,112.9864
2015-12-17,0.77,113.8177
2015-12-18,0.73,113.2837
2015-12-21,0.75,113.4144
2015-12-22,0.78,113.211
2015-12-23,0.76,113.1847
2015-12-24,0.73,113.0496
2015-12-28,0.74,113.0461
2015-12-29,0.79,113.1664
2015-12-30,0.77,113.4707
2015-12-31,0.73,113.3429
2016-01-04,0.69,114.1595
2016-01-05,0.69,114.2649
2016-01-06,0.65,114.6177
2016-01-07,0.66,114.6516
2016-01-08,0.65,115.0095
2016-01-11,0.72,115.0139
2016-01-12,0.69,115.3128
2016-01-13,0.65,115.1425
2016-01-14,0.67,115.3846
2016-01-15,0.67,115.7404
2016-01-19,0.68,115.8155
2016-01-20,0.69,116.3498
2016-01-21,0.74,115.9833
2016-01-22,0.72,115.9833
2016-01-25,0.69,115.9833
2016-01-26,0.65,115.9833
2016-01-27,0.62,115.5087
2016-01-28,0.58,115.2224
2016-01-29,0.53,115.5731
2016-02-01,0.57,115.3331
2016-02-02,0.51,115.553
2016-02-03,0.5,114.6144
2016-02-04,0.51,113.6012
2016-02-05,0.53,114.2935
2016-02-08,0.52,114.4351
2016-02-09,0.53,114.127
2016-02-10,0.5,114.2877
2016-02-11,0.45,114.1845
2016-02-12,0.49,114.2992
2016-02-16,0.53,114.4905
2016-02-17,0.53,113.8634
2016-02-18,0.51,113.8897
2016-02-19,0.5,113.9558
2016-02-22,0.46,113.8232
2016-02-23,0.42,114.177
2016-02-24,0.39,114.1716
2016-02-25,0.32,113.9222
2016-02-26,0.35,114.3708
2016-02-29,0.32,114.2418
2016-03-01,0.35,113.9265
2016-03-02,0.33,113.7965
2016-03-03,0.3,113.2482
2016-03-04,0.37,112.6387
2016-03-07,0.43,112.6219
2016-03-08,0.37,112.8465
2016-03-09,0.39,112.4268
2016-03-10,0.45,112.4191
2016-03-11,0.44,111.741
2016-03-14,0.45,112.1688
2016-03-15,0.47,112.5545
2016-03-16,0.36,112.7759
2016-03-17,0.34,110.445
2016-03-18,0.27,110.4002
2016-03-21,0.28,110.737
2016-03-22,0.31,110.7877
2016-03-23,0.3,111.5473
2016-03-24,0.34,111.816
2016-03-25,0.34,111.7698
2016-03-28,0.33,111.3578
2016-03-29,0.2,111.3736
2016-03-30,0.18,110.2301
2016-03-31,0.16,109.9191
2016-04-01,0.17,110.2977
2016-04-04,0.14,110.3987
2016-04-05,0.14,110.9478
2016-04-06,0.17,110.5347
2016-04-07,0.12,110.8876
2016-04-08,0.14,110.4213
2016-04-11,0.17,109.9758
2016-04-12,0.22,109.816
2016-04-13,0.21,110.1436
2016-04-14,0.24,110.1691
2016-04-15,0.2,110.1933
2016-04-18,0.21,109.9892
2016-04-19,0.19,109.2782
2016-04-20,0.23,109.3926
2016-04-21,0.24,109.8533
2016-04-22,0.25,110.2331
2016-04-25,0.26,110.1865
2016-04-26,0.27,109.7496
2016-04-27,0.19,109.8483
2016-04-28,0.12,109.2148
2016-04-29,0.12,108.8274
2016-05-02,0.2,108.671
2016-05-03,0.17,109.3613
2016-05-04,0.16,109.9952
2016-05-05,0.13,110.2417
2016-05-06,0.18,110.3801
2016-05-09,0.18,110.9466
2016-05-10,0.15,110.8225
2016-05-11,0.14,110.2806
2016-05-12,0.15,110.6935
2016-05-13,0.13,111.2521
2016-05-16,0.15,111.1217
2016-05-17,0.15,111.0867
2016-05-18,0.26,111.4995
2016-05-19,0.29,112.2331
2016-05-20,0.29,112.1822
2016-05-23,0.3,112.284
2016-05-24,0.31,112.2912
2016-05-25,0.29,112.2001
2016-05-26,0.25,111.8979
2016-05-27,0.27,112.0822
2016-05-31,0.3,112.4276
2016-06-01,0.31,112.462
2016-06-02,0.27,112.4564
2016-06-03,0.19,111.4451
2016-06-06,0.19,111.2295
2016-06-07,0.15,110.8378
2016-06-08,0.12,110.1916
2016-06-09,0.12,110.6168
2016-06-10,0.12,111.1027
2016-06-13,0.15,111.5036
2016-06-14,0.17,111.9826
2016-06-15,0.13,111.7671
2016-06-16,0.15,112.2347
2016-06-17,0.2,111.5332
2016-06-20,0.24,110.8693
2016-06-21,0.28,111.0077
2016-06-22,0.25,110.7681
2016-06-23,0.24,110.262
2016-06-24,0.15,112.1355
2016-06-27,0.12,113.1301
2016-06-28,0.09,112.7545
2016-06-29,0.1,111.8597
2016-06-30,0.09,112.1618
2016-07-01,0.03,111.6509
2016-07-05,-0.03,112.4231
2016-07-06,-0.05,112.5438
2016-07-07,-0.03,112.5775
2016-07-08,-0.06,112.3963
2016-07-11,0.01,112.5254
2016-07-12,0.07,112.1102
2016-07-13,0.03,112.0266
2016-07-14,0.08,111.7692
2016-07-15,0.11,112.2833
2016-07-18,0.1,112.2463
2016-07-19,0.12,112.638
2016-07-20,0.13,112.6743
2016-07-21,0.05,112.6239
2016-07-22,0.06,112.989
2016-07-25,0.08,113.1784
2016-07-26,0.07,113.0593
2016-07-27,0.03,113.217
2016-07-28,0.0,112.7393
2016-07-29,-0.03,111.874
2016-08-01,0.05,111.9757
2016-08-02,0.11,111.7124
2016-08-03,0.09,111.9419
2016-08-04,0.04,111.9149
2016-08-05,0.09,112.3589
2016-08-08,0.08,112.1456
2016-08-09,0.06,111.722
2016-08-10,0.06,111.3238
2016-08-11,0.1,111.1954
2016-08-12,0.07,111.1787
2016-08-15,0.1,110.9212
2016-08-16,0.13,110.4295
2016-08-17,0.09,110.9459
2016-08-18,0.06,110.3134
2016-08-19,0.1,110.8163
2016-08-22,0.08,110.9997
2016-08-23,0.07,110.9414
2016-08-24,0.08,111.2958
2016-08-25,0.09,111.1726
2016-08-26,0.15,111.2035
2016-08-29,0.11,111.8775
2016-08-30,0.11,112.2928
2016-08-31,0.11,112.4036
2016-09-01,0.12,112.1733
2016-09-02,0.13,112.0009
2016-09-06,0.06,110.9613
2016-09-07,0.03,110.9717
2016-09-08,0.09,111.2609
2016-09-09,0.17,111.9879
2016-09-12,0.17,112.1516
2016-09-13,0.24,112.5207
2016-09-14,0.21,112.4678
2016-09-15,0.22,112.4753
2016-09-16,0.19,113.1765
2016-09-19,0.2,112.903
2016-09-20,0.2,113.1848
2016-09-21,0.15,112.9842
2016-09-22,0.08,112.2592
2016-09-23,0.05,112.7166
2016-09-26,0.05,112.7112
2016-09-27,0.04,112.5515
2016-09-28,0.01,112.6283
2016-09-29,0.02,112.2879
2016-09-30,0.0,112.2795
2016-10-03,0.0,112.5077
2016-10-04,0.07,112.6579
2016-10-05,0.1,112.7946
2016-10-06,0.11,113.0066
2016-10-07,0.1,113.2915
2016-10-11,0.13,113.4461
2016-10-12,0.15,113.7442
2016-10-13,0.12,113.6238
2016-10-14,0.13,113.7119
2016-10-17,0.09,113.5488
2016-10-18,0.09,113.1393
2016-10-19,0.08,113.0547
2016-10-20,0.08,113.4033
2016-10-21,0.07,113.9015
2016-10-24,0.11,113.8571
2016-10-25,0.07,113.6801
2016-10-26,0.08,113.8131
2016-10-27,0.13,114.1998
2016-10-28,0.13,114.0931
2016-10-31,0.11,114.0188
2016-11-01,0.11,113.9915
2016-11-02,0.11,113.9206
2016-11-03,0.14,113.7664
2016-11-04,0.11,113.5828
2016-11-07,0.12,113.5443
2016-11-08,0.15,113.3017
2016-11-09,0.25,114.6956
2016-11-10,0.27,115.9375
2016-11-14,0.4,117.2245
2016-11-15,0.41,116.7724
2016-11-16,0.39,116.8062
2016-11-17,0.42,116.8952
2016-11-18,0.44,117.5936
2016-11-21,0.42,117.4762
2016-11-22,0.41,117.4508
2016-11-23,0.44,118.0356
2016-11-25,0.47,118.02
2016-11-28,0.47,117.7278
2016-11-29,0.44,117.644
2016-11-30,0.43,117.7636
2016-12-01,0.48,117.6642
2016-12-02,0.49,117.3116
2016-12-05,0.45,117.1008
2016-12-06,0.44,116.9225
2016-12-07,0.42,116.672
2016-12-08,0.45,117.0327
2016-12-09,0.51,117.2834
2016-12-12,0.51,116.9161
2016-12-13,0.53,116.8029
2016-12-14,0.6,116.7332
2016-12-15,0.7,118.8072
2016-12-16,0.74,118.3584
2016-12-19,0.68,118.3875
2016-12-20,0.67,118.63
2016-12-21,0.64,118.581
2016-12-22,0.6,118.8209
2016-12-23,0.58,118.7856
2016-12-27,0.58,118.9506
2016-12-28,0.56,119.2305
2016-12-29,0.55,118.6637
2016-12-30,0.5,118.3466
2017-01-03,0.47,119.0903
2017-01-04,0.47,118.8803
2017-01-05,0.42,117.9999
2017-01-06,0.46,118.3495
2017-01-09,0.43,118.4111
2017-01-10,0.43,118.5386
2017-01-11,0.39,119.0219
2017-01-12,0.38,117.8001
2017-01-13,0.41,117.9884
2017-01-17,0.36,117.2656
2017-01-18,0.42,117.7242
2017-01-19,0.43,118.3182
2017-01-20,0.44,118.3182
2017-01-23,0.39,117.2479
2017-01-24,0.41,117.0516
2017-01-25,0.45,116.9355
2017-01-26,0.43,117.2766
2017-01-27,0.41,117.0735
2017-01-30,0.42,116.7325
2017-01-31,0.4,116.2241
2017-02-01,0.43,116.3914
2017-02-02,0.43,115.903
2017-02-03,0.44,115.6259
2017-02-06,0.4,116.0504
2017-02-07,0.4,116.4082
2017-02-08,0.38,116.1382
2017-02-09,0.41,116.306
2017-02-10,0.4,116.148
2017-02-13,0.43,116.3427
2017-02-14,0.46,116.3949
2017-02-15,0.45,116.2162
2017-02-16,0.43,116.0067
2017-02-17,0.41,116.4035
2017-02-21,0.4,116.5921
2017-02-22,0.38,116.2136
2017-02-23,0.35,115.6527
2017-02-24,0.31,115.8143
2017-02-27,0.35,115.6764
2017-02-28,0.34,116.0032
2017-03-01,0.43,116.438
2017-03-02,0.48,116.8429
2017-03-03,0.45,116.6438
2017-03-06,0.48,116.4313
2017-03-07,0.49,116.4303
2017-03-08,0.56,116.875
2017-03-09,0.6,116.9959
2017-03-10,0.57,116.616
2017-03-13,0.61,116.4004
2017-03-14,0.61,116.5646
2017-03-15,0.5,116.3584
2017-03-16,0.51,115.4456
2017-03-17,0.49,115.2783
2017-03-20,0.47,115.0426
2017-03-21,0.45,114.8119
2017-03-22,0.43,114.7937
2017-03-23,0.46,114.7899
2017-03-24,0.42,114.6372
2017-03-27,0.41,114.2347
2017-03-28,0.45,114.419
2017-03-29,0.41,114.7167
2017-03-30,0.46,114.5245
2017-03-31,0.43,114.7938
2017-04-03,0.39,114.8734
2017-04-04,0.4,115.0038
2017-04-05,0.37,114.9494
2017-04-06,0.39,115.0181
2017-04-07,0.44,115.0547
2017-04-10,0.44,115.11
2017-04-11,0.41,115.009
2017-04-12,0.38,114.9162
2017-04-13,0.32,114.5059
2017-04-14,0.32,114.5368
2017-04-17,0.38,114.3283
2017-04-18,0.33,114.2575
2017-04-19,0.36,114.7923
2017-04-20,0.39,114.6205
2017-04-21,0.4,114.8128
2017-04-24,0.41,114.3659
2017-04-25,0.44,114.5111
2017-04-26,0.42,114.9479
2017-04-27,0.39,114.9946
2017-04-28,0.37,114.7877
2017-05-01,0.41,114.5921
2017-05-02,0.41,114.6792
2017-05-03,0.46,114.6637
2017-05-04,0.5,114.9076
2017-05-05,0.5,114.7725
2017-05-08,0.53,115.0895
2017-05-09,0.56,115.3933
2017-05-10,0.56,115.1145
2017-05-11,0.51,115.0669
2017-05-12,0.49,114.7479
2017-05-15,0.52,114.3504
2017-05-16,0.51,113.9923
2017-05-17,0.44,113.7506
2017-05-18,0.43,114.2683
2017-05-19,0.41,113.7001
2017-05-22,0.43,113.5442
2017-05-23,0.46,113.6862
2017-05-24,0.45,113.675
2017-05-25,0.45,113.3719
2017-05-26,0.44,113.4839
2017-05-30,0.4,113.5552
2017-05-31,0.4,113.2956
2017-06-01,0.4,113.3017
2017-06-02,0.36,113.1908
2017-06-05,0.39,112.9755
2017-06-06,0.37,112.7095
2017-06-07,0.4,112.8191
2017-06-08,0.41,112.8351
2017-06-09,0.43,112.9562
2017-06-12,0.46,112.9837
2017-06-13,0.46,112.6271
2017-06-14,0.44,112.0734
2017-06-15,0.49,112.8708
2017-06-16,0.49,112.6155
2017-06-19,0.52,112.7576
2017-06-20,0.5,113.2698
2017-06-21,0.5,113.3327
2017-06-22,0.46,113.1654
2017-06-23,0.45,112.8665
2017-06-26,0.43,112.7633
2017-06-27,0.5,112.55
2017-06-28,0.49,112.0747
2017-06-29,0.55,111.998
2017-06-30,0.58,111.9896
2017-07-03,0.6,112.4268
2017-07-05,0.58,112.6534
2017-07-06,0.61,112.4199
2017-07-07,0.66,112.3137
2017-07-10,0.66,112.1587
2017-07-11,0.62,112.1434
2017-07-12,0.57,111.5904
2017-07-13,0.58,111.5365
2017-07-14,0.57,110.9075
2017-07-17,0.54,110.9304
2017-07-18,0.51,110.4356
2017-07-19,0.51,110.4339
2017-07-20,0.5,110.2512
2017-07-21,0.48,110.191
2017-07-24,0.48,110.2004
2017-07-25,0.52,110.2835
2017-07-26,0.49,110.3811
2017-07-27,0.49,110.216
2017-07-28,0.47,109.92
2017-07-31,0.48,109.8177
2017-08-01,0.47,109.8495
2017-08-02,0.48,109.7503
2017-08-03,0.46,109.8332
2017-08-04,0.47,110.2808
2017-08-07,0.46,110.373
2017-08-08,0.46,110.396
2017-08-09,0.42,110.3671
2017-08-10,0.4,110.1886
2017-08-11,0.4,110.0422
2017-08-14,0.45,110.095
2017-08-15,0.49,110.4846
2017-08-16,0.45,110.4394
2017-08-17,0.42,110.1673
2017-08-18,0.43,110.041
2017-08-21,0.43,109.7349
2017-08-22,0.45,109.8386
2017-08-23,0.42,109.8095
2017-08-24,0.44,109.7524
2017-08-25,0.42,109.3415
2017-08-28,0.41,109.1815
2017-08-29,0.39,109.0946
2017-08-30,0.39,109.4052
2017-08-31,0.36,109.3686
2017-09-01,0.37,109.0504
2017-09-05,0.3,108.8664
2017-09-06,0.32,108.4897
2017-09-07,0.26,107.9224
2017-09-08,0.25,107.808
2017-09-11,0.31,108.153
2017-09-12,0.33,108.3239
2017-09-13,0.35,108.6628
2017-09-14,0.35,108.618
2017-09-15,0.35,108.3147
2017-09-18,0.36,108.6401
2017-09-19,0.37,108.6142
2017-09-20,0.43,108.4329
2017-09-21,0.44,108.9267
2017-09-22,0.42,108.7542
2017-09-25,0.38,109.3302
2017-09-26,0.4,109.7769
2017-09-27,0.44,110.0722
2017-09-28,0.44,110.2415
2017-09-29,0.49,110.0867
2017-10-02,0.51,110.3686
2017-10-03,0.49,110.3281
2017-10-04,0.48,110.2425
2017-10-05,0.49,110.5823
2017-10-06,0.5,110.7841
2017-10-10,0.47,110.3034
2017-10-11,0.46,110.3037
2017-10-12,0.44,110.3152
2017-10-13,0.43,110.2669
2017-10-16,0.46,110.5432
2017-10-17,0.48,110.9141
2017-10-18,0.5,110.7214
2017-10-19,0.49,110.4577
2017-10-20,0.52,111.0375
2017-10-23,0.52,111.2134
2017-10-24,0.55,111.4027
2017-10-25,0.56,111.3904
2017-10-26,0.57,111.6418
2017-10-27,0.54,112.1495
2017-10-30,0.5,111.901
2017-10-31,0.5,111.8052
2017-11-01,0.49,111.7942
2017-11-02,0.48,111.5474
2017-11-03,0.48,111.9383
2017-11-06,0.46,111.7197
2017-11-07,0.44,111.9446
2017-11-08,0.45,111.6935
2017-11-09,0.46,111.5626
2017-11-10,0.52,111.5626
2017-11-13,0.52,111.7833
2017-11-14,0.51,111.5097
2017-11-15,0.48,111.4809
2017-11-16,0.53,111.2568
2017-11-17,0.49,111.0016
2017-11-20,0.52,111.2599
2017-11-21,0.52,110.9828
2017-11-22,0.48,110.5632
2017-11-24,0.5,110.0253
2017-11-27,0.49,110.1136
2017-11-28,0.5,110.3018
2017-11-29,0.53,110.3265
2017-11-30,0.56,110.4648
2017-12-01,0.51,110.1413
2017-12-04,0.5,110.397
2017-12-05,0.5,110.4905
2017-12-06,0.47,110.8711
2017-12-07,0.5,111.0178
2017-12-08,0.5,111.2273
2017-12-11,0.51,111.0827
2017-12-12,0.51,111.5214
2017-12-13,0.48,111.2759
2017-12-14,0.48,111.0893
2017-12-15,0.47,111.1286
2017-12-18,0.5,110.9086
2017-12-19,0.55,111.1255
2017-12-20,0.57,110.8361
2017-12-21,0.55,110.8786
2017-12-22,0.54,111.0997
2017-12-26,0.53,110.9758
2017-12-27,0.48,110.8553
2017-12-28,0.47,110.5154
2017-12-29,0.44,110.0783
2018-01-02,0.46,109.6445
2018-01-03,0.46,109.6751
2018-01-04,0.45,109.4777
2018-01-05,0.46,109.3496
2018-01-08,0.47,109.5681
2018-01-09,0.52,109.9025
2018-01-10,0.52,109.628
2018-01-11,0.54,109.4888
2018-01-12,0.54,108.901
2018-01-16,0.51,108.3218
2018-01-17,0.53,108.1526
2018-01-18,0.57,108.0655
2018-01-19,0.58,107.9455
2018-01-22,0.6,108.107
2018-01-23,0.57,107.9979
2018-01-24,0.58,107.0802
2018-01-25,0.56,106.5052
2018-01-26,0.57,106.6911
2018-01-29,0.61,107.1142
2018-01-30,0.63,107.1064
2018-01-31,0.61,106.7696
2018-02-01,0.67,106.4877
2018-02-02,0.7,107.1151
2018-02-05,0.67,107.33
2018-02-06,0.69,107.5204
2018-02-07,0.74,107.7175
2018-02-08,0.76,108.3025
2018-02-09,0.78,108.2582
2018-02-12,0.79,108.0332
2018-02-13,0.78,107.7574
2018-02-14,0.82,107.4691
2018-02-15,0.79,106.9867
2018-02-16,0.78,107.0359
2018-02-20,0.78,107.6249
2018-02-21,0.82,107.8679
2018-02-22,0.81,107.8668
2018-02-23,0.76,107.6804
2018-02-26,0.73,107.7347
2018-02-27,0.77,108.1731
2018-02-28,0.75,108.3903
2018-03-01,0.71,108.5358
2018-03-02,0.74,108.5358
2018-03-05,0.75,108.3614
2018-03-06,0.76,107.7969
2018-03-07,0.76,108.0911
2018-03-08,0.75,108.2671
2018-03-09,0.78,107.923
2018-03-12,0.77,107.9438
2018-03-13,0.75,107.7384
2018-03-14,0.74,107.8623
2018-03-15,0.74,108.2032
2018-03-16,0.77,108.4332
2018-03-19,0.77,108.3145
2018-03-20,0.81,108.4953
2018-03-21,0.8,108.4953
2018-03-22,0.75,107.9935
2018-03-23,0.75,107.7495
2018-03-26,0.77,107.1819
2018-03-27,0.71,107.3359
2018-03-28,0.72,107.5733
2018-03-29,0.69,107.665
2018-03-30,0.69,107.4784
2018-04-02,0.68,107.7033
2018-04-03,0.71,107.5624
2018-04-04,0.71,107.6361
2018-04-05,0.75,107.7281
2018-04-06,0.7,107.7886
2018-04-09,0.71,107.5316
2018-04-10,0.72,107.3659
2018-04-11,0.68,107.1224
2018-04-12,0.7,107.2905
2018-04-13,0.69,107.2368
2018-04-16,0.71,107.0595
2018-04-17,0.68,107.0344
2018-04-18,0.71,107.1096
2018-04-19,0.75,107.5197
2018-04-20,0.79,108.1787
2018-04-23,0.8,108.9332
2018-04-24,0.83,108.7906
2018-04-25,0.86,109.3447
2018-04-26,0.82,109.3646
2018-04-27,0.79,109.1735
2018-04-30,0.78,109.3363
2018-05-01,0.81,109.7445
2018-05-02,0.8,110.1625
2018-05-03,0.78,110.1803
2018-05-04,0.79,110.25
2018-05-07,0.78,110.5721
2018-05-08,0.81,111.063
2018-05-09,0.82,110.8818
2018-05-10,0.8,110.405
2018-05-11,0.82,110.2847
2018-05-14,0.85,110.408
2018-05-15,0.9,111.2292
2018-05-16,0.92,111.3068
2018-05-17,0.95,111.3547
2018-05-18,0.91,111.7171
2018-05-21,0.9,111.6394
2018-05-22,0.91,111.1945
2018-05-23,0.87,111.6933
2018-05-24,0.86,111.4885
2018-05-25,0.84,111.5843
2018-05-29,0.73,112.2127
2018-05-30,0.78,111.6731
2018-05-31,0.76,111.9894
2018-06-01,0.8,111.8265
2018-06-04,0.82,111.8247
2018-06-05,0.79,112.264
2018-06-06,0.83,111.7525
2018-06-07,0.8,112.0725
2018-06-08,0.82,112.1066
2018-06-11,0.83,112.1106
2018-06-12,0.83,112.2138
2018-06-13,0.86,112.2577
2018-06-14,0.82,112.8593
2018-06-15,0.81,113.3379
2018-06-18,0.8,113.4899
2018-06-19,0.77,113.639
2018-06-20,0.81,113.4784
2018-06-21,0.79,113.6109
2018-06-22,0.78,113.3047
2018-06-25,0.77,113.286
2018-06-26,0.76,113.3016
2018-06-27,0.72,113.8971
2018-06-28,0.74,113.8405
2018-06-29,0.74,113.2586
2018-07-02,0.73,114.1673
2018-07-03,0.71,113.3222
2018-07-05,0.71,112.9759
2018-07-06,0.7,112.6428
2018-07-09,0.73,112.6425
2018-07-10,0.74,112.5794
2018-07-11,0.74,112.8582
2018-07-12,0.75,112.779
2018-07-13,0.72,113.0705
2018-07-16,0.75,112.8437
2018-07-17,0.77,113.1504
2018-07-18,0.79,113.3348
2018-07-19,0.75,113.9463
2018-07-20,0.78,113.3213
2018-07-23,0.85,113.4246
2018-07-24,0.84,113.2045
2018-07-25,0.81,112.9221
2018-07-26,0.87,112.9179
2018-07-27,0.84,112.8125
2018-07-30,0.85,112.6044
2018-07-31,0.84,112.7299
2018-08-01,0.87,112.8899
2018-08-02,0.86,113.1679
2018-08-03,0.83,113.012
2018-08-06,0.83,113.229
2018-08-07,0.85,112.9759
2018-08-08,0.85,113.1411
2018-08-09,0.82,113.3806
2018-08-10,0.78,114.3005
2018-08-13,0.78,114.851
2018-08-14,0.8,114.658
2018-08-15,0.78,115.1526
2018-08-16,0.79,114.6416
2018-08-17,0.79,114.5339
2018-08-20,0.75,114.3504
2018-08-21,0.77,113.8604
2018-08-22,0.74,113.663
2018-08-23,0.73,114.0932
2018-08-24,0.73,113.5985
2018-08-27,0.74,113.2721
2018-08-28,0.77,113.3444
2018-08-29,0.77,113.6461
2018-08-30,0.76,114.0899
2018-08-31,0.78,114.2755
2018-09-04,0.8,114.8584
2018-09-05,0.81,114.7477
2018-09-06,0.8,114.6479
2018-09-07,0.84,114.5816
2018-09-10,0.84,114.6802
2018-09-11,0.86,114.7051
2018-09-12,0.85,114.2192
2018-09-13,0.87,113.9268
2018-09-14,0.89,114.0657
2018-09-17,0.89,113.9158
2018-09-18,0.92,113.7739
2018-09-19,0.93,113.6532
2018-09-20,0.92,113.4989
2018-09-21,0.92,113.5099
2018-09-24,0.92,113.5301
2018-09-25,0.94,113.7202
2018-09-26,0.92,113.6739
2018-09-27,0.91,113.9784
2018-09-28,0.91,113.8077
2018-10-01,0.95,113.8235
2018-10-02,0.93,113.8954
2018-10-03,0.99,114.1569
2018-10-04,1.03,114.6867
2018-10-05,1.07,114.561
2018-10-09,1.04,114.6583
2018-10-10,1.06,114.6072
2018-10-11,1.02,114.4074
2018-10-12,1.03,114.3691
2018-10-15,1.03,114.045
2018-10-16,1.03,113.8963
2018-10-17,1.06,114.1755
2018-10-18,1.07,114.8164
2018-10-19,1.09,114.8567
2018-10-22,1.09,115.1782
2018-10-23,1.08,115.1651
2018-10-24,1.03,115.3755
2018-10-25,1.09,115.4831
2018-10-26,1.02,115.473
2018-10-29,1.02,115.8936
2018-10-30,1.07,116.2357
2018-10-31,1.1,116.5281
2018-11-01,1.12,115.8657
2018-11-02,1.16,115.643
2018-11-05,1.14,115.703
2018-11-06,1.15,115.5622
2018-11-07,1.15,115.2519
2018-11-08,1.17,115.6478
2018-11-09,1.15,116.4778
2018-11-13,1.12,116.6694
2018-11-14,1.12,116.498
2018-11-15,1.11,116.3861
2018-11-16,1.06,115.9258
2018-11-19,1.07,115.9859
2018-11-20,1.09,116.2367
2018-11-21,1.09,116.092
2018-11-23,1.09,116.4713
2018-11-26,1.11,116.6208
2018-11-27,1.15,116.9001
2018-11-28,1.12,116.8343
2018-11-29,1.05,116.1961
2018-11-30,1.04,116.413
2018-12-03,1.02,115.9057
2018-12-04,0.97,116.0028
2018-12-06,0.97,116.3991
2018-12-07,0.96,116.0847
2018-12-10,0.99,116.6746
2018-12-11,1.06,116.7564
2018-12-12,1.08,116.2214
2018-12-13,1.08,116.3974
2018-12-14,1.07,116.79
2018-12-17,1.05,116.4532
2018-12-18,1.01,116.4127
2018-12-19,0.97,116.0676
2018-12-20,1.03,116.0183
2018-12-21,1.02,116.2227
2018-12-24,0.99,116.2182
2018-12-26,1.04,116.1162
2018-12-27,1.03,115.9927
2018-12-28,0.99,115.7232
2018-12-31,0.98,115.5674
2019-01-02,0.96,115.7689
2019-01-03,0.88,115.4622
2019-01-04,0.91,114.9821
2019-01-07,0.92,114.5628
2019-01-08,0.91,114.7281
2019-01-09,0.91,114.1406
2019-01-10,0.93,114.0496
2019-01-11,0.88,114.0404
2019-01-14,0.9,114.0404
2019-01-15,0.91,114.3402
2019-01-16,0.91,114.137
2019-01-17,0.96,114.4115
2019-01-18,0.96,114.558
2019-01-22,0.95,114.7541
2019-01-23,0.96,114.5759
2019-01-24,0.95,114.617
2019-01-25,0.97,114.0197
2019-01-28,0.97,114.0522
2019-01-29,0.94,114.026
2019-01-30,0.86,114.0731
2019-01-31,0.78,113.5504
2019-02-01,0.82,113.7548
2019-02-04,0.86,113.8766
2019-02-05,0.84,114.0431
2019-02-06,0.84,114.2305
2019-02-07,0.81,114.4339
2019-02-08,0.81,114.5003
2019-02-11,0.83,115.031
2019-02-12,0.85,114.7297
2019-02-13,0.85,114.9407
2019-02-14,0.81,115.1007
2019-02-15,0.8,114.9923
2019-02-19,0.78,114.57
2019-02-20,0.76,114.57
2019-02-21,0.78,114.5091
2019-02-22,0.74,114.2716
2019-02-25,0.75,114.1457
2019-02-26,0.72,114.0687
2019-02-27,0.76,114.0363
2019-02-28,0.78,114.1991
2019-03-01,0.8,114.537
2019-03-04,0.78,114.6925
2019-03-05,0.79,114.804
2019-03-06,0.78,114.9714
2019-03-07,0.74,115.4919
2019-03-08,0.72,115.3599
2019-03-11,0.73,115.2967
2019-03-12,0.71,114.939
2019-03-13,0.69,114.7372
2019-03-14,0.69,114.79
2019-03-15,0.65,114.5815
2019-03-18,0.64,114.4375
2019-03-19,0.66,114.2324
2019-03-20,0.58,114.1509
2019-03-21,0.58,114.1684
2019-03-22,0.54,114.6856
2019-03-25,0.55,114.4171
2019-03-26,0.55,114.6414
2019-03-27,0.55,115.1243
2019-03-28,0.56,115.2581
2019-03-29,0.53,115.1371
2019-04-01,0.59,114.9362
2019-04-02,0.58,115.1173
2019-04-03,0.61,114.7211
2019-04-04,0.61,114.9697
2019-04-05,0.6,114.9726
2019-04-08,0.61,114.6893
2019-04-09,0.6,114.5321
2019-04-10,0.54,114.4269
2019-04-11,0.57,114.6303
2019-04-12,0.61,114.3531
2019-04-15,0.61,114.495
2019-04-16,0.64,114.6756
2019-04-17,0.65,114.5141
2019-04-18,0.62,114.7073
2019-04-19,0.62,114.6977
2019-04-22,0.64,114.7694
2019-04-23,0.62,115.1578
2019-04-24,0.57,115.4187
2019-04-25,0.56,115.7709
2019-04-26,0.54,115.4767
2019-04-29,0.58,115.5227
2019-04-30,0.56,115.3281
2019-05-01,0.59,115.0022
2019-05-02,0.66,115.5617
2019-05-03,0.63,115.2646
2019-05-06,0.6,115.3811
2019-05-07,0.58,115.6116
2019-05-08,0.62,115.5171
2019-05-09,0.6,115.8421
2019-05-10,0.59,115.5334
2019-05-13,0.55,115.915
2019-05-14,0.56,115.9425
2019-05-15,0.54,115.8565
2019-05-16,0.56,116.0346
2019-05-17,0.58,116.448
2019-05-20,0.6,116.3119
2019-05-21,0.6,116.2844
2019-05-22,0.6,116.2412
2019-05-23,0.58,116.2368
2019-05-24,0.56,116.0806
2019-05-28,0.53,116.3174
2019-05-29,0.5,116.5535
2019-05-30,0.48,116.3989
2019-05-31,0.4,116.7273
2019-06-03,0.34,116.4764
2019-06-04,0.38,116.091
2019-06-05,0.37,116.03
2019-06-06,0.39,115.9771
2019-06-07,0.35,115.7368
2019-06-10,0.42,115.5001
2019-06-11,0.43,115.3794
2019-06-12,0.42,115.438
2019-06-13,0.42,115.6275
2019-06-14,0.46,115.9057
2019-06-17,0.48,115.9684
2019-06-18,0.42,115.8797
2019-06-19,0.36,115.7889
2019-06-20,0.27,114.8046
2019-06-21,0.34,114.8377
2019-06-24,0.31,114.6559
2019-06-25,0.33,114.6363
2019-06-26,0.35,114.5608
2019-06-27,0.33,114.665
2019-06-28,0.31,114.5821
2019-07-01,0.34,114.7239
2019-07-02,0.33,114.8258
2019-07-03,0.31,114.8135
2019-07-05,0.35,115.1132
2019-07-08,0.35,115.0254
2019-07-09,0.36,115.1017
2019-07-10,0.33,115.0879
2019-07-11,0.36,114.8361
2019-07-12,0.35,114.7685
2019-07-15,0.32,114.6819
2019-07-16,0.33,115.0111
2019-07-17,0.31,114.8819
2019-07-18,0.25,114.8744
2019-07-19,0.25,114.8695
2019-07-22,0.26,115.0018
2019-07-23,0.27,115.2995
2019-07-24,0.26,115.2436
2019-07-25,0.28,115.2982
2019-07-26,0.3,115.5449
2019-07-29,0.29,115.5885
2019-07-30,0.28,115.6211
2019-07-31,0.26,115.4946
2019-08-01,0.2,116.0499
2019-08-02,0.2,116.1864
2019-08-05,0.15,116.5851
2019-08-06,0.11,116.6904
2019-08-07,0.09,116.7987
2019-08-08,0.07,116.474
2019-08-09,0.08,116.4419
2019-08-12,0.04,116.7548
2019-08-13,0.05,116.7267
2019-08-14,0.02,117.0913
2019-08-15,-0.02,117.2239
2019-08-16,0.01,117.0786
2019-08-19,0.04,117.3886
2019-08-20,0.02,117.3726
2019-08-21,0.05,117.1764
2019-08-22,0.07,117.3558
2019-08-23,-0.02,117.3009
2019-08-26,0.0,117.6658
2019-08-27,-0.06,117.75
2019-08-28,-0.08,117.8767
2019-08-29,-0.09,118.0625
2019-08-30,-0.05,118.1575
2019-09-03,-0.03,118.3113
2019-09-04,-0.04,117.6729
2019-09-05,0.01,117.4776
2019-09-06,0.01,117.1292
2019-09-09,0.06,117.0601
2019-09-10,0.12,117.0887
2019-09-11,0.15,117.3125
2019-09-12,0.16,116.8375
2019-09-13,0.23,116.7677
2019-09-16,0.17,117.0251
2019-09-17,0.15,116.9826
2019-09-18,0.21,116.9766
2019-09-19,0.18,117.0861
2019-09-20,0.13,117.1819
2019-09-23,0.11,117.2986
2019-09-24,0.06,117.2227
2019-09-25,0.13,117.6527
2019-09-26,0.13,117.7267
2019-09-27,0.16,117.7218
2019-09-30,0.15,117.9461
2019-10-01,0.13,117.9595
2019-10-02,0.1,117.9671
2019-10-03,0.06,117.6608
2019-10-04,0.02,117.5288
2019-10-07,0.05,117.5533
2019-10-08,0.06,117.7407
2019-10-09,0.1,117.6835
2019-10-10,0.15,117.2801
2019-10-11,0.2,116.8239
2019-10-15,0.21,116.8111
2019-10-16,0.18,116.6425
2019-10-17,0.17,116.2615
2019-10-18,0.16,116.1344
2019-10-21,0.19,116.0436
2019-10-22,0.17,115.9851
2019-10-23,0.16,116.0586
2019-10-24,0.15,116.1278
2019-10-25,0.15,116.0774
2019-10-28,0.21,116.0222
2019-10-29,0.23,115.9797
2019-10-30,0.21,116.1636
2019-10-31,0.15,115.9125
2019-11-01,0.14,115.7312
2019-11-04,0.15,115.8624
2019-11-05,0.18,116.1138
2019-11-06,0.15,116.1004
2019-11-07,0.23,116.1172
2019-11-08,0.23,116.3436
2019-11-12,0.22,116.5837
2019-11-13,0.22,116.8397
2019-11-14,0.2,116.8022
2019-11-15,0.21,116.4401
2019-11-18,0.18,116.3625
2019-11-19,0.16,116.5391
2019-11-20,0.13,116.828
2019-11-21,0.14,116.7435
2019-11-22,0.15,116.9137
2019-11-25,0.14,117.0098
2019-11-26,0.12,117.0513
2019-11-27,0.14,117.1273
2019-11-29,0.17,117.1204
2019-12-02,0.18,116.9647
2019-12-03,0.09,116.8898
2019-12-04,0.11,116.692
2019-12-05,0.13,116.3838
2019-12-06,0.15,116.5381
2019-12-09,0.14,116.3283
2019-12-10,0.14,116.2542
2019-12-11,0.1,116.1478
2019-12-12,0.18,115.8741
2019-12-13,0.12,115.6967
2019-12-16,0.16,115.555
2019-12-17,0.14,115.5553
2019-12-18,0.16,115.6618
2019-12-19,0.15,115.5988
2019-12-20,0.15,115.7598
2019-12-23,0.18,115.8059
2019-12-24,0.15,115.8059
2019-12-26,0.16,115.634
2019-12-27,0.15,115.22
2019-12-30,0.15,114.9631
2019-12-31,0.15,114.669
2020-01-02,0.08,114.9745
2020-01-03,0.03,114.9867
2020-01-06,0.06,114.9557
2020-01-07,0.09,115.1477
2020-01-08,0.12,115.1328
2020-01-09,0.11,115.2331
2020-01-10,0.07,115.0677
2020-01-13,0.08,115.0342
2020-01-14,0.05,115.0239
2020-01-15,0.04,114.9528
2020-01-16,0.07,115.0006
2020-01-17,0.09,115.0656
2020-01-21,0.04,115.1876
2020-01-22,0.05,115.2273
2020-01-23,0.04,115.5545
2020-01-24,0.02,115.5556
2020-01-27,-0.02,115.8004
2020-01-28,0.0,115.7239
2020-01-29,-0.04,115.7003
2020-01-30,-0.07,115.8077
2020-01-31,-0.14,115.7345
2020-02-03,-0.09,116.1172
2020-02-04,-0.03,115.9291
2020-02-05,0.0,116.009
2020-02-06,-0.02,116.1518
2020-02-07,-0.07,116.5086
2020-02-10,-0.1,116.5711
2020-02-11,-0.06,116.3585
2020-02-12,-0.04,116.2794
2020-02-13,-0.06,116.3999
2020-02-14,-0.07,116.4223
2020-02-18,-0.1,116.6039
2020-02-19,-0.09,116.7829
2020-02-20,-0.11,117.2454
2020-02-21,-0.15,117.0473
2020-02-24,-0.21,117.4018
2020-02-25,-0.2,117.2425
2020-02-26,-0.21,117.405
2020-02-27,-0.23,117.3678
2020-02-28,-0.28,117.6568
2020-03-02,-0.31,116.8144
2020-03-03,-0.43,116.4958
2020-03-04,-0.44,116.7802
2020-03-05,-0.48,116.7901
2020-03-06,-0.57,116.7106
2020-03-09,-0.45,117.1871
2020-03-10,-0.24,117.9027
2020-03-11,-0.14,118.2505
2020-03-12,-0.04,120.4883
2020-03-13,0.04,120.4388
2020-03-16,0.0,120.9352
2020-03-17,0.39,122.4816
2020-03-18,0.55,124.1623
2020-03-19,0.62,125.0587
2020-03-20,0.17,124.9362
2020-03-23,-0.04,126.1262
2020-03-24,-0.13,125.5001
2020-03-25,-0.19,124.7916
2020-03-26,-0.24,122.4308
2020-03-27,-0.22,122.4007
2020-03-30,-0.25,123.2883
2020-03-31,-0.17,122.5301
2020-04-01,-0.29,123.7933
2020-04-02,-0.4,123.5916
2020-04-03,-0.46,124.4152
2020-04-06,-0.47,124.16
2020-04-07,-0.42,123.0956
2020-04-08,-0.42,123.2216
2020-04-09,-0.5,122.476
2020-04-10,-0.5,122.1592
2020-04-13,-0.5,122.5203
2020-04-14,-0.53,122.1121
2020-04-15,-0.56,123.0752
2020-04-16,-0.42,123.4615
2020-04-17,-0.36,122.871
2020-04-20,-0.31,123.1033
2020-04-21,-0.38,123.9116
2020-04-22,-0.43,123.9256
2020-04-23,-0.44,123.7542
2020-04-24,-0.51,124.1615
2020-04-27,-0.5,123.8843
2020-04-28,-0.52,123.3693
2020-04-29,-0.51,122.7782
2020-04-30,-0.43,122.327
2020-05-01,-0.42,123.1492
2020-05-04,-0.43,123.2117
2020-05-05,-0.44,122.803
2020-05-06,-0.38,123.609
2020-05-07,-0.45,123.1249
2020-05-08,-0.43,122.5379
2020-05-11,-0.4,123.2333
2020-05-12,-0.4,123.0592
2020-05-13,-0.43,123.5408
2020-05-14,-0.43,123.6429
2020-05-15,-0.45,123.5991
2020-05-18,-0.44,122.7968
2020-05-19,-0.45,122.5655
2020-05-20,-0.48,122.1007
2020-05-21,-0.46,122.0914
2020-05-22,-0.46,122.3211
2020-05-26,-0.44,121.3864
2020-05-27,-0.46,121.5677
2020-05-28,-0.48,121.0138
2020-05-29,-0.5,120.9458
2020-06-01,-0.52,120.2686
2020-06-02,-0.5,119.6854
2020-06-03,-0.44,119.2556
2020-06-04,-0.4,119.3014
2020-06-05,-0.36,118.8138
2020-06-08,-0.4,118.6621
2020-06-09,-0.42,118.5893
2020-06-10,-0.52,118.5231
2020-06-11,-0.55,119.2347
2020-06-12,-0.5,119.6645
2020-06-15,-0.52,119.9539
2020-06-16,-0.52,119.567
2020-06-17,-0.52,119.9105
2020-06-18,-0.57,120.2173
2020-06-19,-0.6,120.2186
2020-06-22,-0.63,119.7532
2020-06-23,-0.66,119.3285
2020-06-24,-0.64,119.9744
2020-06-25,-0.65,120.2997
2020-06-26,-0.68,120.533
2020-06-29,-0.7,120.6658
2020-06-30,-0.68,120.4649
2020-07-01,-0.68,120.0808
2020-07-02,-0.73,119.8555
2020-07-06,-0.76,119.2852
2020-07-07,-0.78,119.5717
2020-07-08,-0.75,119.5525
2020-07-09,-0.77,119.5129
2020-07-10,-0.76,119.3509
2020-07-13,-0.78,119.1891
2020-07-14,-0.78,119.3901
2020-07-15,-0.77,119.0331
2020-07-16,-0.79,118.9275
2020-07-17,-0.82,119.124
2020-07-20,-0.84,119.0483
2020-07-21,-0.87,118.4042
2020-07-22,-0.88,118.1337
2020-07-23,-0.9,118.0613
2020-07-24,-0.92,118.1329
2020-07-27,-0.9,117.3869
2020-07-28,-0.92,117.3189
2020-07-29,-0.95,117.2126
2020-07-30,-0.97,117.4008
2020-07-31,-1.0,117.2082
2020-08-03,-1.02,117.8074
2020-08-04,-1.05,117.7833
2020-08-05,-1.06,116.8736
2020-08-06,-1.08,117.0422
2020-08-07,-1.04,117.6239
2020-08-10,-1.02,117.5821
2020-08-11,-0.99,117.3781
2020-08-12,-0.98,117.2559
2020-08-13,-0.96,117.1193
2020-08-14,-0.94,116.9395
2020-08-17,-0.97,116.749
2020-08-18,-1.01,116.5593
2020-08-19,-0.99,116.567
2020-08-20,-0.97,116.8126
2020-08-21,-1.0,117.0572
2020-08-24,-1.02,116.912
2020-08-25,-1.01,116.8206
2020-08-26,-1.03,116.6243
2020-08-27,-0.99,116.649
2020-08-28,-1.03,115.9374
2020-08-31,-1.08,115.7586
2020-09-01,-1.08,115.5687
2020-09-02,-1.07,116.0304
2020-09-03,-1.02,116.0685
2020-09-04,-0.98,116.0347
2020-09-08,-0.99,116.4618
2020-09-09,-1.0,116.1291
2020-09-10,-1.01,115.8806
2020-09-11,-0.98,116.0866
2020-09-14,-0.97,115.6428
2020-09-15,-0.99,115.5908
2020-09-16,-0.99,115.3537
2020-09-17,-0.97,115.4392
2020-09-18,-0.97,115.2395
2020-09-21,-0.94,116.378
2020-09-22,-0.94,116.5438
2020-09-23,-0.92,117.2526
2020-09-24,-0.91,117.5473
2020-09-25,-0.92,117.8679
2020-09-28,-0.94,117.6178
2020-09-29,-0.98,117.526
2020-09-30,-0.94,116.946
2020-10-01,-0.95,116.7227
2020-10-02,-0.94,116.7321
2020-10-05,-0.9,116.1767
2020-10-06,-0.9,116.2681
2020-10-07,-0.9,116.3447
2020-10-08,-0.94,116.1657
2020-10-09,-0.94,115.2757
2020-10-13,-0.96,115.9107
2020-10-14,-0.96,115.6872
2020-10-15,-0.95,116.0964
2020-10-16,-0.95,115.7679
2020-10-19,-0.93,115.4031
2020-10-20,-0.91,115.2485
2020-10-21,-0.91,114.9108
2020-10-22,-0.89,115.1158
2020-10-23,-0.9,115.0126
2020-10-26,-0.91,115.2797
2020-10-27,-0.92,115.0131
2020-10-28,-0.91,115.8023
2020-10-29,-0.86,116.3069
2020-10-30,-0.82,116.1354
2020-11-02,-0.84,116.2361
2020-11-03,-0.82,115.4802
2020-11-04,-0.86,115.1677
2020-11-05,-0.87,114.4556
2020-11-06,-0.82,113.9919
2020-11-09,-0.77,114.0895
2020-11-10,-0.78,114.0757
2020-11-12,-0.83,114.2843
2020-11-13,-0.83,114.2397
2020-11-16,-0.81,113.8312
2020-11-17,-0.83,113.682
2020-11-18,-0.82,113.46
2020-11-19,-0.84,113.694
2020-11-20,-0.86,113.489
2020-11-23,-0.85,113.7548
2020-11-24,-0.86,113.4316
2020-11-25,-0.87,113.1823
2020-11-27,-0.91,113.1823
2020-11-30,-0.93,113.2256
2020-12-01,-0.89,112.8063
2020-12-02,-0.9,112.6115
2020-12-03,-0.94,112.0236
2020-12-04,-0.92,111.7778
2020-12-07,-0.94,111.8385
2020-12-08,-0.97,111.8639
2020-12-09,-0.96,112.0305
2020-12-10,-0.96,111.9788
2020-12-11,-0.97,112.1417
2020-12-14,-0.98,112.1708
2020-12-15,-0.99,111.8601
2020-12-16,-1.0,111.7157
2020-12-17,-1.0,111.2226
2020-12-18,-1.0,111.6071
2020-12-21,-1.0,111.9415
2020-12-22,-1.01,112.1947
2020-12-23,-1.01,111.9807
2020-12-24,-1.03,111.9807
2020-12-28,-1.03,111.9752
2020-12-29,-1.02,111.5172
2020-12-30,-1.03,111.3084
2020-12-31,-1.06,111.3169
2021-01-04,-1.08,111.2075
2021-01-05,-1.07,110.9574
2021-01-06,-1.02,110.8502
2021-01-07,-1.01,111.3042
2021-01-08,-0.93,111.2847
2021-01-11,-0.91,111.8257
2021-01-12,-0.93,111.5501
2021-01-13,-0.96,111.3622
2021-01-14,-0.94,111.1567
2021-01-15,-0.99,111.5106
2021-01-19,-1.0,111.4527
2021-01-20,-1.02,111.4527
2021-01-21,-0.98,111.1973
2021-01-22,-0.99,111.5516
2021-01-25,-1.03,111.8676
2021-01-26,-1.03,111.6572
2021-01-27,-1.04,112.0782
2021-01-28,-1.06,112.0059
2021-01-29,-1.02,111.9511
2021-02-01,-1.02,112.4189
2021-02-02,-1.03,112.2862
2021-02-03,-1.04,112.2567
2021-02-04,-1.02,112.7469
2021-02-05,-1.02,112.2379
2021-02-08,-1.03,112.0428
2021-02-09,-1.04,111.7675
2021-02-10,-1.06,111.5834
2021-02-11,-1.04,111.5272
2021-02-12,-1.01,111.4889
2021-02-16,-0.94,111.7879
2021-02-17,-0.92,112.0204
2021-02-18,-0.87,112.1603
2021-02-19,-0.8,111.7058
2021-02-22,-0.79,111.918
2021-02-23,-0.79,111.8981
2021-02-24,-0.79,111.7212
2021-02-25,-0.6,111.9253
2021-02-26,-0.71,112.8306
2021-03-01,-0.71,112.5263
2021-03-02,-0.78,112.5342
2021-03-03,-0.74,112.7617
2021-03-04,-0.66,112.7037
2021-03-05,-0.66,113.7487
2021-03-08,-0.62,114.2678
2021-03-09,-0.66,113.928
2021-03-10,-0.73,113.5881
2021-03-11,-0.74,112.9214
2021-03-12,-0.62,113.0269
2021-03-15,-0.65,113.1928
2021-03-16,-0.68,112.9839
2021-03-17,-0.67,113.1589
2021-03-18,-0.56,112.7744
2021-03-19,-0.57,112.9756
2021-03-22,-0.64,113.0023
2021-03-23,-0.66,113.2916
2021-03-24,-0.69,113.6565
2021-03-25,-0.69,114.0016
2021-03-26,-0.67,113.7406
2021-03-29,-0.63,113.9314
2021-03-30,-0.62,114.203
2021-03-31,-0.63,113.8234
2021-04-01,-0.66,113.7389
2021-04-02,-0.64,113.7315
2021-04-05,-0.62,113.394
2021-04-06,-0.65,113.1464
2021-04-07,-0.66,113.2436
2021-04-08,-0.69,113.0917
2021-04-09,-0.64,113.2028
2021-04-12,-0.64,113.1815
2021-04-13,-0.69,113.0391
2021-04-14,-0.69,112.7849
2021-04-15,-0.77,112.6181
2021-04-16,-0.77,112.4814
2021-04-19,-0.73,112.1835
2021-04-20,-0.74,112.2354
2021-04-21,-0.76,112.1771
2021-04-22,-0.76,112.2297
2021-04-23,-0.76,112.0889
2021-04-26,-0.78,111.8109
2021-04-27,-0.76,111.9097
2021-04-28,-0.78,111.7909
2021-04-29,-0.77,111.7464
2021-04-30,-0.76,112.0839
2021-05-03,-0.79,112.005
2021-05-04,-0.81,112.2896
2021-05-05,-0.88,112.1514
2021-05-06,-0.87,111.8401
2021-05-07,-0.89,111.0249
2021-05-10,-0.91,110.7905
2021-05-11,-0.89,110.8921
2021-05-12,-0.85,111.5636
2021-05-13,-0.85,111.5955
2021-05-14,-0.88,111.1353
2021-05-17,-0.9,111.079
2021-05-18,-0.88,110.8317
2021-05-19,-0.8,110.8807
2021-05-20,-0.78,110.8605
2021-05-21,-0.8,111.0576
2021-05-24,-0.83,110.9118
2021-05-25,-0.86,110.842
2021-05-26,-0.82,110.8677
2021-05-27,-0.81,110.8688
2021-05-28,-0.84,110.7576
2021-06-01,-0.84,110.5046
2021-06-02,-0.85,110.5799
2021-06-03,-0.79,111.1782
2021-06-04,-0.84,110.7521
2021-06-07,-0.82,110.5155
2021-06-08,-0.83,110.649
2021-06-09,-0.82,110.5707
2021-06-10,-0.9,110.5456
2021-06-11,-0.85,111.0933
2021-06-14,-0.85,110.9659
2021-06-15,-0.87,111.3507
2021-06-16,-0.75,111.1165
2021-06-17,-0.75,112.5772
2021-06-18,-0.79,113.0408
2021-06-21,-0.75,112.8391
2021-06-22,-0.83,112.9174
2021-06-23,-0.84,112.3819
2021-06-24,-0.81,112.326
2021-06-25,-0.8,111.9655
2021-06-28,-0.84,112.0248
2021-06-29,-0.83,112.2613
2021-06-30,-0.87,112.5533
2021-07-01,-0.87,112.74
2021-07-02,-0.89,112.5425
2021-07-06,-0.94,112.9516
2021-07-07,-0.95,113.1048
2021-07-08,-0.92,113.0776
2021-07-09,-0.91,112.8375
2021-07-12,-0.95,112.7611
2021-07-13,-0.94,113.0063
2021-07-14,-0.97,112.8801
2021-07-15,-1.01,113.0041
2021-07-16,-1.02,113.0428
2021-07-19,-1.05,113.5472
2021-07-20,-1.03,113.7502
2021-07-21,-0.98,113.3926
2021-07-22,-1.01,113.4695
2021-07-23,-1.05,113.4398
2021-07-26,-1.11,113.2238
2021-07-27,-1.13,113.2227
2021-07-28,-1.15,113.1807
2021-07-29,-1.15,112.4834
2021-07-30,-1.16,112.6714
2021-08-02,-1.17,112.6691
2021-08-03,-1.19,112.8228
2021-08-04,-1.16,112.8953
2021-08-05,-1.1,112.7674
2021-08-06,-1.06,113.3088
2021-08-09,-1.04,113.4521
2021-08-10,-1.04,113.4973
2021-08-11,-1.07,113.282
2021-08-12,-1.05,113.2691
2021-08-13,-1.08,113.0615
2021-08-16,-1.1,113.1698
2021-08-17,-1.07,113.6174
2021-08-18,-1.05,113.6959
2021-08-19,-1.04,114.1106
2021-08-20,-1.01,114.5009
2021-08-23,-1.02,113.9418
2021-08-24,-1.01,113.6795
2021-08-25,-1.0,113.6322
2021-08-26,-0.99,113.7883
2021-08-27,-1.08,113.3404
2021-08-30,-1.08,113.246
2021-08-31,-1.03,113.1076
2021-09-01,-1.03,112.8732
2021-09-02,-1.03,112.7863
2021-09-03,-1.01,112.5476
2021-09-07,-0.98,112.9795
2021-09-08,-1.03,113.2319
2021-09-09,-1.08,113.043
2021-09-10,-1.05,112.9425
2021-09-13,-1.04,113.0341
2021-09-14,-1.05,113.0061
2021-09-15,-1.04,112.9773
2021-09-16,-1.01,113.3036
2021-09-17,-0.96,113.5989
2021-09-20,-0.98,113.9422
2021-09-21,-0.96,113.8179
2021-09-22,-0.96,113.6223
2021-09-23,-0.9,113.513
2021-09-24,-0.87,113.7597
2021-09-27,-0.87,113.7432
2021-09-28,-0.84,114.2469
2021-09-29,-0.82,114.7092
2021-09-30,-0.85,114.6403
2021-10-01,-0.9,114.3798
2021-10-04,-0.89,114.2739
2021-10-05,-0.91,114.3654
2021-10-06,-0.9,114.7185
2021-10-07,-0.88,114.5044
2021-10-08,-0.89,114.5986
2021-10-12,-0.9,114.7542
2021-10-13,-0.96,114.4705
2021-10-14,-1.0,114.2053
2021-10-15,-0.97,114.0905
2021-10-18,-0.95,113.9899
2021-10-19,-0.89,113.647
2021-10-20,-0.92,113.5083
2021-10-21,-0.96,113.6188
2021-10-22,-0.98,113.67
2021-10-25,-1.02,113.605
2021-10-26,-1.06,113.674
2021-10-27,-1.11,113.6218
2021-10-28,-1.0,113.4389
2021-10-29,-0.96,114.1349
2021-11-01,-0.92,114.2067
2021-11-02,-0.95,114.2847
2021-11-03,-0.93,114.3593
2021-11-04,-1.03,114.3558
2021-11-05,-1.09,114.0732
2021-11-08,-1.11,113.8256
2021-11-09,-1.17,113.762
2021-11-10,-1.14,114.1484
2021-11-12,-1.15,114.5144
2021-11-15,-1.13,114.5876
2021-11-16,-1.1,115.136
2021-11-17,-1.1,115.0263
2021-11-18,-1.14,115.0678
2021-11-19,-1.11,115.2187
2021-11-22,-0.98,115.6481
2021-11-23,-0.95,116.0118
2021-11-24,-0.97,116.2711
2021-11-26,-1.07,116.5103
2021-11-29,-1.02,116.581
2021-11-30,-1.07,116.2071
2021-12-01,-1.01,115.889
2021-12-02,-1.03,116.018
2021-12-03,-1.08,116.2377
2021-12-06,-1.01,116.1538
2021-12-07,-0.99,115.8555
2021-12-08,-1.0,115.4418
2021-12-09,-0.98,115.7784
2021-12-10,-0.96,115.5732
2021-12-13,-0.98,115.842
2021-12-14,-0.93,116.2397
2021-12-15,-0.92,116.4219
2021-12-16,-0.98,115.7146
2021-12-17,-0.97,115.791
2021-12-20,-0.96,116.0092
2021-12-21,-0.96,116.1089
2021-12-22,-1.01,115.7485
2021-12-23,-0.97,115.5337
2021-12-27,-1.02,115.4684
2021-12-28,-1.01,115.4192
2021-12-29,-0.98,115.3678
2021-12-30,-1.06,115.283
2021-12-31,-1.04,115.283
2022-01-03,-0.97,115.4101
2022-01-04,-0.91,115.3103
2022-01-05,-0.82,115.137
2022-01-06,-0.73,115.4046
2022-01-07,-0.72,115.0451
2022-01-10,-0.7,115.2216
2022-01-11,-0.79,114.8332
2022-01-12,-0.74,114.355
2022-01-13,-0.73,114.177
2022-01-14,-0.66,114.3825
2022-01-18,-0.59,114.7373
2022-01-19,-0.57,114.6109
2022-01-20,-0.5,114.4642
2022-01-21,-0.59,114.6125
2022-01-24,-0.63,115.2034
2022-01-25,-0.63,115.1654
2022-01-26,-0.53,115.0922
2022-01-27,-0.59,115.978
2022-01-28,-0.66,116.0393
2022-01-31,-0.65,115.566
2022-02-01,-0.62,115.3685
2022-02-02,-0.63,115.1538
2022-02-03,-0.56,114.9065
2022-02-04,-0.48,115.1362
2022-02-07,-0.48,115.0098
2022-02-08,-0.46,115.0892
2022-02-09,-0.48,114.8232
2022-02-10,-0.42,114.5527
2022-02-11,-0.51,114.8413
2022-02-14,-0.5,115.1946
2022-02-15,-0.43,114.93
2022-02-16,-0.43,114.6886
2022-02-17,-0.46,114.6755
2022-02-18,-0.49,114.7982
2022-02-22,-0.51,114.7002
2022-02-23,-0.54,114.6668
2022-02-24,-0.59,115.9419
2022-02-25,-0.57,115.2577
2022-02-28,-0.79,115.2224
2022-03-01,-0.9,115.7962
2022-03-02,-0.85,115.7623
2022-03-03,-0.83,115.9495
2022-03-04,-0.93,116.6503
2022-03-07,-0.99,117.3278
2022-03-08,-1.04,117.6176
2022-03-09,-0.9,116.5961
2022-03-10,-0.88,116.7401
2022-03-11,-0.94,117.0192
2022-03-14,-0.79,117.1506
2022-03-15,-0.69,117.246
2022-03-16,-0.61,116.8073
2022-03-17,-0.71,116.0467
2022-03-18,-0.72,116.1378
2022-03-21,-0.58,115.9398
2022-03-22,-0.53,116.0824
2022-03-23,-0.62,116.005
2022-03-24,-0.58,115.9599
2022-03-25,-0.47,115.7921
2022-03-28,-0.49,116.1911
2022-03-29,-0.45,115.5679
2022-03-30,-0.51,115.0818
2022-03-31,-0.52,115.2218
2022-04-01,-0.41,115.4814
2022-04-04,-0.38,115.4112
2022-04-05,-0.3,115.73
2022-04-06,-0.22,115.9995
2022-04-07,-0.16,116.3512
2022-04-08,-0.15,116.4176
2022-04-11,-0.12,116.5401
2022-04-12,-0.14,116.3866
2022-04-13,-0.1,116.2796
2022-04-14,-0.06,116.7558
2022-04-15,-0.06,116.7017
2022-04-18,-0.07,116.8441
2022-04-19,0.0,117.1324
2022-04-20,-0.07,116.7306
2022-04-21,-0.12,117.1432
2022-04-22,-0.08,118.0186
2022-04-25,-0.1,118.6271
2022-04-26,-0.08,118.9624
2022-04-27,-0.06,119.4708
2022-04-28,-0.12,120.0675
2022-04-29,0.01,119.4933
2022-05-02,0.18,119.8825
2022-05-03,0.14,119.7043
2022-05-04,0.07,119.5592
2022-05-05,0.18,120.0068
2022-05-06,0.26,119.8577
2022-05-09,0.3,120.4972
2022-05-10,0.34,120.7742
2022-05-11,0.21,120.3925
2022-05-12,0.25,121.2796
2022-05-13,0.24,120.8442
2022-05-16,0.2,120.6881
2022-05-17,0.27,119.8871
2022-05-18,0.17,120.0274
2022-05-19,0.25,119.4278
2022-05-20,0.23,119.3677
2022-05-23,0.26,118.7169
2022-05-24,0.21,118.6245
2022-05-25,0.19,118.9598
2022-05-26,0.13,118.7687
2022-05-27,0.11,118.2834
2022-05-31,0.21,118.0704
2022-06-01,0.29,118.6954
2022-06-02,0.26,118.0658
2022-06-03,0.22,118.2153
2022-06-06,0.28,118.3081
2022-06-07,0.25,118.4414
2022-06-08,0.28,118.3951
2022-06-09,0.29,118.9226
2022-06-10,0.39,119.9981
2022-06-13,0.69,121.1523
2022-06-14,0.89,121.6669
2022-06-15,0.63,121.6403
2022-06-16,0.66,120.6714
2022-06-17,0.67,121.2369
2022-06-21,0.7,120.6427
2022-06-22,0.62,120.5197
2022-06-23,0.59,120.7622
2022-06-24,0.57,120.4853
2022-06-27,0.65,120.1736
2022-06-28,0.72,120.62
2022-06-29,0.74,120.9616
2022-06-30,0.65,120.9652
2022-07-01,0.54,121.5058
2022-07-05,0.52,122.6203
2022-07-06,0.64,123.0073
2022-07-07,0.68,122.7257
2022-07-08,0.72,122.4662
2022-07-11,0.67,123.2974
2022-07-12,0.64,123.4524
2022-07-13,0.6,123.2834
2022-07-14,0.62,124.0622
2022-07-15,0.57,123.4765
2022-07-18,0.59,122.7727
2022-07-19,0.62,122.4819
2022-07-20,0.66,122.5997
2022-07-21,0.58,122.9032
2022-07-22,0.43,122.451
2022-07-25,0.45,122.4594
2022-07-26,0.45,122.7581
2022-07-27,0.36,122.8169
2022-07-28,0.2,122.1161
2022-07-29,0.14,121.7678
2022-08-01,0.09,121.4109
2022-08-02,0.27,121.9486
2022-08-03,0.23,122.3888
2022-08-04,0.22,121.8333
2022-08-05,0.37,122.321
2022-08-08,0.29,121.8783
2022-08-09,0.33,121.8614
2022-08-10,0.35,120.7543
2022-08-11,0.4,120.7163
2022-08-12,0.37,121.018
2022-08-15,0.35,121.4315
2022-08-16,0.38,121.6807
2022-08-17,0.43,122.0711
2022-08-18,0.36,122.3627
2022-08-19,0.43,123.0501
2022-08-22,0.46,123.605
2022-08-23,0.47,123.0547
2022-08-24,0.49,123.109
2022-08-25,0.43,123.0586
2022-08-26,0.47,123.0656
2022-08-29,0.54,123.4686
2022-08-30,0.56,123.6848
2022-08-31,0.67,123.535
2022-09-01,0.81,124.4006
2022-09-02,0.73,123.7743
2022-09-06,0.85,124.767
2022-09-07,0.82,124.8408
2022-09-08,0.88,124.578
2022-09-09,0.91,123.7874
2022-09-12,0.95,123.3332
2022-09-13,0.98,124.4242
2022-09-14,0.95,124.4509
2022-09-15,1.02,124.8843
2022-09-16,1.07,124.8794
2022-09-19,1.15,125.0104
2022-09-20,1.17,125.1248
2022-09-21,1.13,125.7399
2022-09-22,1.29,126.1667
2022-09-23,1.32,127.2853
2022-09-26,1.56,128.4539
2022-09-27,1.64,128.4386
2022-09-28,1.39,128.0884
2022-09-29,1.57,127.5437
2022-09-30,1.68,127.5148
2022-10-03,1.43,127.0813
2022-10-04,1.38,126.1819
2022-10-05,1.54,126.8616
2022-10-06,1.61,127.2493
2022-10-07,1.62,127.3111
2022-10-11,1.62,127.6641
2022-10-12,1.62,128.1481
2022-10-13,1.63,127.7286
2022-10-14,1.59,128.3325
2022-10-17,1.57,127.6448
2022-10-18,1.6,127.9153
2022-10-19,1.72,128.3968
2022-10-20,1.73,128.0052
2022-10-21,1.69,127.6735
2022-10-24,1.66,128.0304
2022-10-25,1.59,127.3771
2022-10-26,1.6,126.4723
2022-10-27,1.51,126.7028
2022-10-28,1.51,127.2135
2022-10-31,1.58,127.6219
2022-11-01,1.56,127.3987
2022-11-02,1.57,127.3115
2022-11-03,1.74,128.1743
2022-11-04,1.69,127.1468
2022-11-07,1.69,126.3062
2022-11-08,1.64,125.633
2022-11-09,1.7,125.9861
2022-11-10,1.43,124.7044
2022-11-14,1.51,123.4277
2022-11-15,1.45,123.039
2022-11-16,1.38,123.2817
2022-11-17,1.49,123.977
2022-11-18,1.57,123.8524
2022-11-21,1.52,124.7009
2022-11-22,1.44,124.2365
2022-11-23,1.39,123.7574
2022-11-25,1.36,123.3386
2022-11-28,1.43,123.6032
2022-11-29,1.5,123.6615
2022-11-30,1.34,123.5175
2022-12-01,1.17,122.0045
2022-12-02,1.08,122.0102
2022-12-05,1.21,122.6384
2022-12-06,1.2,123.0191
2022-12-07,1.16,122.7608
2022-12-08,1.2,122.4152
2022-12-09,1.31,122.4201
2022-12-12,1.33,122.7714
2022-12-13,1.27,121.8493
2022-12-14,1.3,121.8226
2022-12-15,1.28,122.5519
2022-12-16,1.35,122.6505
2022-12-19,1.42,122.5275
2022-12-20,1.45,122.1357
2022-12-21,1.41,122.2828
2022-12-22,1.48,122.2419
2022-12-23,1.55,121.9743
2022-12-27,1.58,121.7539
2022-12-28,1.6,122.0075
2022-12-29,1.56,121.6577
2022-12-30,1.58,121.4256
2023-01-03,1.53,122.0905
2023-01-04,1.47,121.5008
2023-01-05,1.49,122.1017
2023-01-06,1.34,121.0852
2023-01-09,1.31,120.1508
2023-01-10,1.37,120.2483
2023-01-11,1.31,120.1614
2023-01-12,1.22,119.4218
2023-01-13,1.31,119.1673
2023-01-17,1.36,119.2121
2023-01-18,1.25,119.0755
2023-01-19,1.19,119.6107
2023-01-20,1.25,119.3486
2023-01-23,1.24,119.1434
2023-01-24,1.19,119.0958
2023-01-25,1.17,118.9686
2023-01-26,1.16,119.021
2023-01-27,1.19,118.9223
2023-01-30,1.26,118.8953
2023-01-31,1.28,118.9802
2023-02-01,1.14,118.6259
2023-02-02,1.18,118.3421
2023-02-03,1.31,119.5095
2023-02-06,1.38,120.541
2023-02-07,1.36,120.3475
2023-02-08,1.29,120.1436
2023-02-09,1.34,119.9781
2023-02-10,1.41,120.1419
2023-02-13,1.41,119.9828
2023-02-14,1.46,119.9229
2023-02-15,1.46,120.4557
2023-02-16,1.49,120.4651
2023-02-17,1.46,120.5526
2023-02-21,1.53,120.6256
2023-02-22,1.52,120.8389
2023-02-23,1.49,121.0896
2023-02-24,1.57,121.5681
2023-02-27,1.56,121.3941
2023-02-28,1.49,121.3341
2023-03-01,1.57,120.6347
2023-03-02,1.6,121.1302
2023-03-03,1.45,120.7742
2023-03-06,1.49,120.485
2023-03-07,1.59,121.4623
2023-03-08,1.66,121.4511
2023-03-09,1.63,121.4458
2023-03-10,1.44,121.2421
2023-03-13,1.31,120.8897
2023-03-14,1.33,121.0141
2023-03-15,1.22,122.1079
2023-03-16,1.34,121.7221
2023-03-17,1.29,121.5643
2023-03-20,1.33,121.0141
2023-03-21,1.36,120.8958
2023-03-22,1.2,120.6217
2023-03-23,1.19,119.7587
2023-03-24,1.16,120.4598
2023-03-27,1.29,120.2541
2023-03-28,1.24,119.7138
2023-03-29,1.24,119.7258
2023-03-30,1.21,119.4078
2023-03-31,1.16,119.3602
2023-04-03,1.14,119.3204
2023-04-04,1.1,119.142
2023-04-05,1.07,119.2953
2023-04-06,1.06,119.3072
2023-04-07,1.14,119.3547
2023-04-10,1.14,119.7948
2023-04-11,1.14,119.5248
2023-04-12,1.14,119.003
2023-04-13,1.16,118.3915
2023-04-14,1.22,118.8567
2023-04-17,1.28,119.2787
2023-04-18,1.3,119.1049
2023-04-19,1.32,119.303
2023-04-20,1.28,119.1199
2023-04-21,1.29,119.3117
2023-04-24,1.24,119.2039
2023-04-25,1.15,119.613
2023-04-26,1.18,119.3228
2023-04-27,1.26,119.4298
2023-04-28,1.26,119.2248
2023-05-01,1.36,119.4435
2023-05-02,1.24,119.6105
2023-05-03,1.18,119.1233
2023-05-04,1.18,119.0465
2023-05-05,1.23,118.5548
2023-05-08,1.29,118.5759
2023-05-09,1.3,118.8239
2023-05-10,1.26,118.5864
2023-05-11,1.23,119.0303
2023-05-12,1.28,119.3671
2023-05-15,1.31,119.1608
2023-05-16,1.35,119.1743
2023-05-17,1.35,119.607
2023-05-18,1.42,120.0886
2023-05-19,1.46,119.7751
2023-05-22,1.48,120.0875
2023-05-23,1.44,120.3204
2023-05-24,1.48,120.4752
2023-05-25,1.58,120.8413
2023-05-26,1.57,120.6304
2023-05-30,1.47,120.5546
2023-05-31,1.46,120.9662
2023-06-01,1.45,120.0491
2023-06-02,1.51,120.0049
2023-06-05,1.5,120.0048
2023-06-06,1.5,119.9718
2023-06-07,1.58,119.859
2023-06-08,1.53,119.5712
2023-06-09,1.55,119.4322
2023-06-12,1.56,119.6376
2023-06-13,1.64,119.1899
2023-06-14,1.62,118.776
2023-06-15,1.51,118.5521
2023-06-16,1.55,118.4184
2023-06-20,1.52,118.938
2023-06-21,1.51,118.727
2023-06-22,1.56,118.7552
2023-06-23,1.53,119.152
2023-06-26,1.54,119.0761
2023-06-27,1.57,118.8949
2023-06-28,1.53,119.3382
2023-06-29,1.65,119.527
2023-06-30,1.59,119.3606
2023-07-03,1.61,119.2119
2023-07-05,1.69,119.3483
2023-07-06,1.78,119.8193
2023-07-07,1.79,119.0761
2023-07-10,1.76,118.9548
2023-07-11,1.75,118.7344
2023-07-12,1.6,117.6385
2023-07-13,1.52,117.1831
2023-07-14,1.59,117.0463
2023-07-17,1.56,117.1267
2023-07-18,1.57,117.0264
2023-07-19,1.53,117.3462
2023-07-20,1.5,117.5947
2023-07-21,1.49,117.9418
2023-07-24,1.48,117.8124
2023-07-25,1.52,117.8565
2023-07-26,1.5,117.76
2023-07-27,1.64,117.8938
2023-07-28,1.58,117.788
2023-07-31,1.6,117.8241
2023-08-01,1.68,118.5738
2023-08-02,1.72,119.1268
2023-08-03,1.83,119.3963
2023-08-04,1.67,118.821
2023-08-07,1.68,119.0809
2023-08-08,1.66,119.6407
2023-08-09,1.66,119.476
2023-08-10,1.76,119.1581
2023-08-11,1.8,119.6268
2023-08-14,1.83,120.0725
2023-08-15,1.89,120.2127
2023-08-16,1.96,120.3551
2023-08-17,1.97,120.5242
2023-08-18,1.94,120.4321
2023-08-21,2.0,120.4627
2023-08-22,1.99,120.3554
2023-08-23,1.84,120.0307
2023-08-24,1.91,120.2354
2023-08-25,1.92,120.5137
2023-08-28,1.9,120.3155
2023-08-29,1.83,120.2669
2023-08-30,1.86,119.7937
2023-08-31,1.85,120.225
2023-09-01,1.92,120.759
2023-09-05,1.98,121.4345
2023-09-06,2.0,121.8671
2023-09-07,1.95,121.9528
2023-09-08,1.93,121.9475
2023-09-11,1.94,121.3386
2023-09-12,1.93,121.2913
2023-09-13,1.9,121.0549
2023-09-14,1.95,121.2395
2023-09-15,1.98,121.199
2023-09-18,1.96,121.1938
2023-09-19,2.0,121.1645
2023-09-20,2.0,120.9648
2023-09-21,2.11,121.5528
2023-09-22,2.07,121.5306
2023-09-25,2.18,122.1143
2023-09-26,2.23,122.4742
2023-09-27,2.27,122.9895
2023-09-28,2.2,122.5342
2023-09-29,2.24,122.3077
2023-10-02,2.34,123.0545
2023-10-03,2.45,123.7848
2023-10-04,2.4,123.5946
2023-10-05,2.41,123.8993
2023-10-06,2.47,123.3563
2023-10-10,2.34,122.9282
2023-10-11,2.26,122.7697
2023-10-12,2.36,123.2101
2023-10-13,2.29,123.5954
2023-10-16,2.33,123.3185
2023-10-17,2.42,123.1202
2023-10-18,2.47,123.8148
2023-10-19,2.49,123.798
2023-10-20,2.46,123.612
2023-10-23,2.45,123.2846
2023-10-24,2.43,123.6416
2023-10-25,2.52,123.7871
2023-10-26,2.44,124.0064
2023-10-27,2.42,123.62
2023-10-30,2.44,123.4076
2023-10-31,2.46,123.8364
2023-11-01,2.36,123.7922
2023-11-02,2.27,122.8818
2023-11-03,2.18,121.7564
2023-11-06,2.25,121.6484
2023-11-07,2.19,122.0777
2023-11-08,2.15,122.0926
2023-11-09,2.29,122.1281
2023-11-10,2.29,122.1281
2023-11-13,2.32,122.4264
2023-11-14,2.16,121.35
2023-11-15,2.22,121.0749
2023-11-16,2.18,121.1754
2023-11-17,2.16,120.8477
2023-11-20,2.12,120.2533
2023-11-21,2.16,120.2241
2023-11-22,2.16,120.6802
2023-11-24,2.21,120.2105
2023-11-27,2.18,120.173
2023-11-28,2.12,119.5904
2023-11-29,2.06,119.8159
2023-11-30,2.14,120.2434
2023-12-01,2.0,119.9424
2023-12-04,2.07,120.4727
2023-12-05,2.01,120.7913
2023-12-06,1.98,120.5334
2023-12-07,1.97,120.6013
2023-12-08,2.02,120.7607
2023-12-11,2.04,120.9279
2023-12-12,2.04,120.6817
2023-12-13,1.88,121.1571
2023-12-14,1.7,119.5683
2023-12-15,1.69,119.7382
2023-12-18,1.74,119.9102
2023-12-19,1.74,119.4632
2023-12-20,1.67,119.5435
2023-12-21,1.7,119.3168
2023-12-22,1.71,119.0625
2023-12-26,1.71,118.8875
2023-12-27,1.64,118.4729
2023-12-28,1.68,118.4104
2023-12-29,1.72,118.4208
2024-01-02,1.74,119.2686
2024-01-03,1.71,119.6958
2024-01-04,1.77,119.6208
2024-01-05,1.83,119.388
2024-01-08,1.79,119.2506
2024-01-09,1.8,119.6666
2024-01-10,1.82,119.7614
2024-01-11,1.76,119.8916
2024-01-12,1.69,119.534
2024-01-16,1.77,120.5759
2024-01-17,1.8,121.0402
2024-01-18,1.8,120.8895
2024-01-19,1.81,120.6442
2024-01-22,1.8,120.6178
2024-01-23,1.85,121.1001
2024-01-24,1.88,120.4916
2024-01-25,1.85,120.8311
2024-01-26,1.85,120.6173
2024-01-29,1.78,120.8538
2024-01-30,1.8,120.6025
2024-01-31,1.73,120.4331
2024-02-01,1.68,120.3335
2024-02-02,1.82,120.902
2024-02-05,1.9,121.349
2024-02-06,1.85,120.9588
2024-02-07,1.86,120.9049
2024-02-08,1.91,121.0798
2024-02-09,1.92,121.039
2024-02-12,1.93,120.9378
2024-02-13,2.02,121.5202
2024-02-14,1.97,121.4002
2024-02-15,1.94,121.2121
2024-02-16,1.97,121.1505
2024-02-20,1.95,121.0199
2024-02-21,1.98,121.0379
2024-02-22,2.02,121.102
2024-02-23,1.96,121.0369
2024-02-26,1.97,121.0592
2024-02-27,1.99,120.9647
2024-02-28,1.94,121.128
2024-02-29,1.92,121.1824
2024-03-01,1.87,121.0111
2024-03-04,1.88,120.872
2024-03-05,1.81,120.8846
2024-03-06,1.81,120.4649
2024-03-07,1.81,120.1909
2024-03-08,1.81,119.975
2024-03-11,1.83,120.0394
2024-03-12,1.86,120.1668
2024-03-13,1.89,119.9642
2024-03-14,1.99,120.241
2024-03-15,1.99,120.4003
2024-03-18,2.03,120.5752
2024-03-19,2.0,120.9332
2024-03-20,1.96,120.9289
2024-03-21,1.93,120.8086
2024-03-22,1.87,121.1842
2024-03-25,1.92,121.0295
2024-03-26,1.92,121.0742
2024-03-27,1.88,121.0089
2024-03-28,1.88,121.0635
2024-03-29,1.88,121.0191
2024-04-01,1.98,121.5151
2024-04-02,2.0,121.3035
2024-04-03,2.0,121.0198
2024-04-04,1.97,120.7613
2024-04-05,2.02,120.9646
2024-04-08,2.04,120.7359
2024-04-09,2.0,120.7048
2024-04-10,2.15,121.5727
2024-04-11,2.16,121.6081
2024-04-12,2.11,122.2885
2024-04-15,2.2,122.425
2024-04-16,2.24,123.1234
2024-04-17,2.2,123.0207
2024-04-18,2.24,123.0017
2024-04-19,2.21,123.1075
2024-04-22,2.21,123.0609
2024-04-23,2.2,122.7227
2024-04-24,2.24,122.89
2024-04-25,2.28,122.8384
2024-04-26,2.24,122.9471
2024-04-29,2.22,122.5449
2024-04-30,2.28,122.9853
2024-05-01,2.25,123.0168
2024-05-02,2.21,122.4384
2024-05-03,2.15,122.1375
2024-05-06,2.14,121.8913
2024-05-07,2.15,122.093
2024-05-08,2.17,122.1926
2024-05-09,2.13,122.1634
2024-05-10,2.16,122.014
2024-05-13,2.15,122.0261
2024-05-14,2.12,121.9256
2024-05-15,2.05,121.3543
2024-05-16,2.07,121.2236
2024-05-17,2.1,121.2354
2024-05-20,2.11,121.2289
2024-05-21,2.09,121.3793
2024-05-22,2.1,121.5462
2024-05-23,2.17,121.7477
2024-05-24,2.14,121.6172
2024-05-28,2.2,121.43
2024-05-29,2.25,122.1641
2024-05-30,2.19,121.9601
2024-05-31,2.16,122.098
2024-06-03,2.08,122.3509
2024-06-04,2.02,122.7256
2024-06-05,1.99,122.5339
2024-06-06,2.0,122.3713
2024-06-07,2.13,123.549
2024-06-10,2.16,123.9125
2024-06-11,2.12,124.0349
2024-06-12,2.09,123.8295
2024-06-13,2.03,124.0235
2024-06-14,2.03,124.1694
2024-06-17,2.06,124.239
2024-06-18,2.01,123.9776
2024-06-20,2.0,124.192
2024-06-21,2.02,124.1086
2024-06-24,2.03,123.7125
2024-06-25,2.01,123.9417
2024-06-26,2.06,124.26
2024-06-27,2.03,124.3379
2024-06-28,2.08,124.2103
2024-07-01,2.16,124.4667
2024-07-02,2.13,124.2917
2024-07-03,2.09,123.7768
2024-07-05,2.0,123.4762
2024-07-08,2.01,123.3576
2024-07-09,2.04,123.4071
2024-07-10,2.01,123.1895
2024-07-11,1.95,122.769
2024-07-12,1.94,122.4404
2024-07-15,1.96,122.6347
2024-07-16,1.91,122.7264
2024-07-17,1.9,122.518
2024-07-18,1.89,122.7909
2024-07-19,1.93,123.147
2024-07-22,1.96,123.2172
2024-07-23,1.96,123.3843
2024-07-24,2.0,123.5575
2024-07-25,1.99,123.5286
2024-07-26,1.93,123.672
2024-07-29,1.92,124.1392
2024-07-30,1.9,124.2855
2024-07-31,1.85,123.6373
2024-08-01,1.79,123.8693
2024-08-02,1.76,123.4681
2024-08-05,1.71,123.5787
2024-08-06,1.78,123.6532
2024-08-07,1.85,123.5698
2024-08-08,1.87,123.4466
2024-08-09,1.84,122.9276
2024-08-12,1.79,123.2204
2024-08-13,1.76,123.0146
2024-08-14,1.77,122.4297
2024-08-15,1.8,122.5844
2024-08-16,1.81,122.3972
2024-08-19,1.79,121.8788
2024-08-20,1.75,121.7728
2024-08-21,1.72,121.8535
2024-08-22,1.76,122.3626
2024-08-23,1.68,121.4597
2024-08-26,1.67,121.6943
2024-08-27,1.68,121.8672
2024-08-28,1.69,121.8943
2024-08-29,1.71,122.2333
2024-08-30,1.76,122.3262
2024-09-03,1.73,122.7811
2024-09-04,1.7,122.5144
2024-09-05,1.7,122.4533
2024-09-06,1.69,122.4991
2024-09-09,1.66,122.7156
2024-09-10,1.63,123.0071
2024-09-11,1.61,122.7754
2024-09-12,1.63,122.4423
2024-09-13,1.58,121.6551
2024-09-16,1.54,121.4976
2024-09-17,1.53,121.6031
2024-09-18,1.58,121.5618
2024-09-19,1.56,121.3059
2024-09-20,1.58,121.4052
2024-09-23,1.58,121.4303
2024-09-24,1.55,121.1291
2024-09-25,1.61,121.4447
2024-09-26,1.63,121.0785
2024-09-27,1.6,121.1111
2024-09-30,1.63,121.2864
2024-10-01,1.55,121.6881
2024-10-02,1.58,121.5724
2024-10-03,1.64,122.1197
2024-10-04,1.75,122.2197
2024-10-07,1.76,122.4241
2024-10-08,1.77,122.6625
2024-10-09,1.77,122.8821
2024-10-10,1.76,123.0951
2024-10-11,1.75,122.9805
2024-10-15,1.75,123.5124
2024-10-16,1.75,123.9235
2024-10-17,1.79,124.1122
2024-10-18,1.77,123.9185
2024-10-21,1.88,124.4757
2024-10-22,1.87,124.4107
2024-10-23,1.93,124.6931
2024-10-24,1.91,124.5127
2024-10-25,1.96,124.6105
2024-10-28,1.99,124.8076
2024-10-29,1.98,124.8612
2024-10-30,1.95,124.8153
2024-10-31,1.95,124.7988
2024-11-01,2.04,124.8076
2024-11-04,2.03,124.5903
2024-11-05,1.99,124.5532
2024-11-06,2.04,125.7035
2024-11-07,1.98,124.775
2024-11-08,1.95,125.5811
2024-11-12,2.08,126.7762
2024-11-13,2.09,126.9572
2024-11-14,2.1,127.0015
2024-11-15,2.1,126.8848
2024-11-18,2.08,126.6045
2024-11-19,2.05,126.3994
2024-11-20,2.06,126.88
2024-11-21,2.09,127.1047
2024-11-22,2.07,127.4712
2024-11-25,1.98,126.9948
2024-11-26,2.02,127.4301
2024-11-27,1.99,126.8205
2024-11-29,1.92,126.5798
2024-12-02,1.93,127.1272
2024-12-03,1.95,126.9565
2024-12-04,1.9,126.7574
2024-12-05,1.92,126.4286
2024-12-06,1.91,126.688
2024-12-09,1.93,126.5981
2024-12-10,1.93,126.957
2024-12-11,1.96,126.8483
2024-12-12,2.0,126.9556
2024-12-13,2.07,127.3096
2024-12-16,2.07,127.2687
2024-12-17,2.09,127.5043
2024-12-18,2.18,127.6418
2024-12-19,2.28,128.6366
2024-12-20,2.23,127.893
2024-12-23,2.27,128.3021
2024-12-24,2.24,128.3377
2024-12-26,2.23,128.3329
2024-12-27,2.28,128.45
2024-12-30,2.24,128.8205
2024-12-31,2.24,129.2775
2025-01-02,2.23,129.4598
2025-01-03,2.26,129.4535
2025-01-06,2.28,128.538
2025-01-07,2.29,128.613
2025-01-08,2.27,129.0785
2025-01-09,2.29,129.2827
2025-01-10,2.34,129.8664
2025-01-13,2.34,130.0413
2025-01-14,2.34,129.3812
2025-01-15,2.24,129.2092
2025-01-16,2.19,129.436
2025-01-17,2.2,129.4859
2025-01-21,2.19,128.4151
2025-01-22,2.2,128.3402
2025-01-23,2.23,128.2162
2025-01-24,2.2,127.4611
2025-01-27,2.13,128.0912
2025-01-28,2.13,128.2817
2025-01-29,2.15,128.3418
2025-01-30,2.14,128.1004
2025-01-31,2.16,128.4828
2025-02-03,2.09,129.109
2025-02-04,2.08,128.1083
2025-02-05,2.01,127.9751
2025-02-06,2.03,128.2017
2025-02-07,2.07,128.4292
2025-02-10,2.07,128.6382
2025-02-11,2.08,128.4322
2025-02-12,2.16,128.3288
2025-02-13,2.08,127.8931
2025-02-14,2.04,127.1491
2025-02-18,2.1,127.2906
2025-02-19,2.08,127.7317
2025-02-20,2.05,127.1126
2025-02-21,2.0,127.1408
2025-02-24,1.98,127.1921
2025-02-25,1.92,127.3752
2025-02-26,1.89,127.2822
2025-02-27,1.92,127.9704
2025-02-28,1.86,128.2805
2025-03-03,1.8,127.75
2025-03-04,1.87,127.9966
2025-03-05,1.94,126.504
2025-03-06,1.95,126.1099
2025-03-07,1.99,125.9814
2025-03-10,1.91,126.268
2025-03-11,1.97,126.0457
2025-03-12,1.99,125.8664
2025-03-13,1.98,126.0031
2025-03-14,2.01,125.6942
2025-03-17,2.02,125.3688
2025-03-18,1.99,125.488
2025-03-19,1.94,125.8006
2025-03-20,1.93,125.985
2025-03-21,1.92,126.2679
2025-03-24,1.98,126.1956
2025-03-25,1.96,126.0535
2025-03-26,1.98,126.2364
2025-03-27,1.99,126.3626
2025-03-28,1.9,126.4187
2025-03-31,1.85,126.7075
2025-04-01,1.84,126.4338
2025-04-02,1.88,126.3811
2025-04-03,1.78,124.7316
2025-04-04,1.83,125.8129
2025-04-07,1.96,126.8282
2025-04-08,2.04,126.8668
2025-04-09,2.07,126.628
2025-04-10,2.21,125.089
2025-04-11,2.28,124.0163
2025-04-14,2.15,123.6598
2025-04-15,2.16,123.776
2025-04-16,2.12,123.2724
2025-04-17,2.11,123.1298
2025-04-18,2.11,122.9865
2025-04-21,2.2,122.3145
2025-04-22,2.14,122.4175
2025-04-23,2.11,123.0252
2025-04-24,2.02,122.9251
2025-04-25,2.02,122.8858
2025-04-28,1.98,122.7176
2025-04-29,1.96,122.5944
2025-04-30,1.94,122.5921
2025-05-01,2.0,123.1405
2025-05-02,2.06,122.4962
2025-05-05,2.08,122.2613
2025-05-06,2.04,122.0417
2025-05-07,2.01,122.117
2025-05-08,2.08,122.7568
2025-05-09,2.08,122.5191
2025-05-12,2.16,123.4863
2025-05-13,2.17,122.9583
2025-05-14,2.16,122.6746
2025-05-15,2.11,122.8174
2025-05-16,2.09,123.0737
2025-05-19,2.1,122.4186
2025-05-20,2.13,122.3199
2025-05-21,2.23,121.7496
2025-05-22,2.2,122.0429
2025-05-23,2.18,121.3837
2025-05-27,2.11,121.6099
2025-05-28,2.15,121.9888
2025-05-29,2.11,121.5617
2025-05-30,2.07,121.7674
2025-06-02,2.13,121.1881
2025-06-03,2.14,121.4592
2025-06-04,2.06,121.0539
2025-06-05,2.11,120.9596
2025-06-06,2.2,121.161
2025-06-09,2.18,120.9103
2025-06-10,2.18,121.0485
2025-06-11,2.14,120.587
2025-06-12,2.11,120.1723
2025-06-13,2.13,120.3245
2025-06-16,2.16,120.1565
2025-06-17,2.08,120.5048
2025-06-18,2.07,120.7305
2025-06-20,2.05,121.0408
2025-06-23,2.04,121.1694
2025-06-24,2.01,120.3645
2025-06-25,2.01,120.3336
2025-06-26,1.98,119.6451
2025-06-27,2.0,119.659
2025-06-30,1.95,119.4088
2025-07-01,1.97,119.3436
2025-07-02,2.0,119.3037
2025-07-03,2.02,119.2382
2025-07-07,2.05,119.6201
2025-07-08,2.07,119.8371
2025-07-09,2.01,119.7311
2025-07-10,2.01,119.8343
2025-07-11,2.06,119.9214
2025-07-14,2.04,120.2209
2025-07-15,2.09,120.5105
2025-07-16,2.05,120.4175
2025-07-17,2.04,120.6384
2025-07-18,2.03,120.356
2025-07-21,1.98,119.9961
2025-07-22,1.96,119.681
2025-07-23,2.03,119.5697
2025-07-24,1.98,119.5664
2025-07-25,1.96,119.9857
2025-07-28,1.98,120.6149
2025-07-29,1.91,120.9674
2025-07-30,1.96,121.4042
2025-07-31,1.98,121.721
2025-08-01,1.9,121.2122
2025-08-04,1.85,120.9859
2025-08-05,1.86,120.9082
2025-08-06,1.88,120.5082
2025-08-07,1.88,120.5043
2025-08-08,1.88,120.3329
2025-08-11,1.87,120.6892
2025-08-12,1.91,120.2736
2025-08-13,1.87,120.13
2025-08-14,1.9,120.6446
2025-08-15,1.95,120.3377
2025-08-18,1.96,120.5622
2025-08-19,1.95,120.7224
2025-08-20,1.94,120.7757
2025-08-21,1.94,121.0843
2025-08-22,1.85,120.2774
2025-08-25,1.87,120.4214
2025-08-26,1.84,120.5274
2025-08-27,1.81,120.7274
2025-08-28,1.81,120.2595
2025-08-29,1.82,120.2082
2025-09-02,1.87,120.6837
2025-09-03,1.82,120.5052
2025-09-04,1.79,120.7629
2025-09-05,1.73,120.1282
2025-09-08,1.7,120.0971
2025-09-09,1.72,120.1569
2025-09-10,1.69,120.1223
2025-09-11,1.67,119.9534
2025-09-12,1.7,120.0611
2025-09-15,1.68,119.5644
2025-09-16,1.67,119.1348
2025-09-17,1.68,119.1582
2025-09-18,1.73,119.6616
2025-09-19,1.75,119.7858
2025-09-22,1.78,119.8152
2025-09-23,1.75,119.6202
2025-09-24,1.78,120.1707
2025-09-25,1.8,120.5419
2025-09-26,1.82,120.4349
2025-09-29,1.8,120.115
2025-09-30,1.8,120.1368
2025-10-01,1.77,120.1502
2025-10-02,1.76,120.4296
2025-10-03,1.8,120.0881
2025-10-06,1.84,120.2722
2025-10-07,1.79,120.4884
2025-10-08,1.78,120.7766
2025-10-09,1.8,121.0902
2025-10-10,1.75,121.1163
2025-10-14,1.73,121.1822
2025-10-15,1.76,120.8642
2025-10-16,1.71,120.6698
2025-10-17,1.75,120.7028
2025-10-20,1.74,120.6209
2025-10-21,1.7,120.8895
2025-10-22,1.68,120.8958
2025-10-23,1.71,120.9531
2025-10-24,1.73,120.9345
2025-10-27,1.73,120.7988
2025-10-28,1.71,120.6361
2025-10-29,1.78,120.5312
2025-10-30,1.82,121.2832
2025-10-31,1.81,121.3859
2025-11-03,1.82,121.4512
2025-11-04,1.81,121.8271
2025-11-05,1.87,121.8482
2025-11-06,1.83,121.6948
2025-11-07,1.83,121.388
2025-11-10,1.84,121.2984
2025-11-12,1.81,121.0458
2025-11-13,1.83,120.7725
2025-11-14,1.86,120.9666
2025-11-17,1.85,121.1146
2025-11-18,1.85,121.2127
2025-11-19,1.86,121.4978
2025-11-20,1.86,121.6889
2025-11-21,1.82,121.8653
2025-11-24,1.81,121.9171
2025-11-25,1.79,121.6335
2025-11-26,1.77,121.2437
2025-11-28,1.79,121.0527
2025-12-01,1.85,120.9862
2025-12-02,1.85,121.1467
2025-12-03,1.82,120.7336
2025-12-04,1.85,120.6766
2025-12-05,1.88,120.6863
2025-12-08,1.91,120.776
2025-12-09,1.92,120.6832
2025-12-10,1.88,120.6752
2025-12-11,1.89,119.98
2025-12-12,1.93,120.1442
2025-12-15,1.93,119.9561
2025-12-16,1.92,119.8902
2025-12-17,1.92,120.155
2025-12-18,1.88,120.0528
2025-12-19,1.92,120.1652
2025-12-22,1.94,119.9912
2025-12-23,1.94,119.7057
2025-12-24,1.91,119.4372
2025-12-26,1.91,119.4723
2025-12-29,1.9,119.5899
2025-12-30,1.9,119.4939
2025-12-31,1.93,119.7456
2026-01-02,1.94,119.6059
2026-01-05,1.91,119.6192
2026-01-06,1.91,119.7807
2026-01-07,1.88,119.8719
2026-01-08,1.92,120.0904
2026-01-09,1.9,120.2215
2026-01-12,1.9,119.9958
2026-01-13,1.88,120.1401
2026-01-14,1.86,119.9537
2026-01-15,1.88,119.9951
2026-01-16,1.91,120.0838
2026-01-20,1.97,119.4455
2026-01-21,1.92,119.3431
2026-01-22,1.95,119.1962
2026-01-23,1.92,118.8976
2026-01-26,1.9,118.0525
2026-01-27,1.9,117.4523
2026-01-28,1.9,117.5117
2026-01-29,1.89,117.4396
2026-01-30,1.9,117.8996
2026-02-02,1.94,118.3609
2026-02-03,1.92,117.9764
2026-02-04,1.94,118.2602
2026-02-05,1.89,118.5034
2026-02-06,1.88,118.2407
2026-02-09,1.87,117.6392
2026-02-10,1.84,117.5216
2026-02-11,1.86,117.4601
2026-02-12,1.8,117.5376
2026-02-13,1.77,117.5258
2026-02-17,1.79,117.7375
2026-02-18,1.8,117.8426
2026-02-19,1.79,118.2354
2026-02-20,1.8,117.9917
2026-02-23,1.77,117.9395
2026-02-24,1.78,117.9463
2026-02-25,1.77,117.769
2026-02-26,1.74,117.9042
2026-02-27,1.72,117.8223
2026-03-02,1.76,118.667
2026-03-03,1.77,119.4341
2026-03-04,1.8,119.0705
2026-03-05,1.82,119.5683
2026-03-06,1.8,119.491
2026-03-09,1.78,119.5151
2026-03-10,1.82,118.7255
2026-03-11,1.85,119.2885
2026-03-12,1.89,119.8227
2026-03-13,1.92,120.5518
2026-03-16,1.87,120.097
2026-03-17,1.83,119.8328
2026-03-18,1.86,119.9276
2026-03-19,1.88,120.1802
2026-03-20,2.01,120.2757
2026-03-23,2.01,119.9371
2026-03-24,2.06,120.1295
2026-03-25,2.02,120.1282
2026-03-26,2.08,120.389
2026-03-27,2.13,120.8851
2026-03-30,2.04,121.2851
2026-03-31,2.0,121.035
2026-04-01,2.02,120.1198
2026-04-02,1.97,120.503
2026-04-03,1.99,120.6565
2026-04-06,1.98,120.4302
2026-04-07,1.96,120.32
2026-04-08,1.96,119.0596
2026-04-09,1.95,118.8998
2026-04-10,1.95,118.8552
2026-04-13,1.92,118.9916
2026-04-14,1.89,118.3581
2026-04-15,1.9,118.3623
2026-04-16,1.93,118.3616
2026-04-17,1.9,118.0795
2026-04-20,1.91,118.2374
2026-04-21,1.92,118.4331
2026-04-22,1.92,118.6004
2026-04-23,1.92,118.7155
2026-04-24,1.89,118.7294
2026-04-27,1.91,118.5458
2026-04-28,1.92,118.7717
2026-04-29,1.96,119.0975
2026-04-30,1.94,118.671
2026-05-01,1.91,118.3926
2026-05-04,1.95,118.8264
2026-05-05,1.96,118.6207
2026-05-06,1.94,118.0982
2026-05-07,1.96,118.0116
2026-05-08,1.93,118.0392
2026-05-11,1.95,118.0562
2026-05-12,1.99,118.5238
2026-05-13,1.99,118.4737
2026-05-14,2.0,118.6696
2026-05-15,2.1,119.2825
2026-05-18,2.13,119.0574
2026-05-19,2.18,119.451
2026-05-20,2.13,119.1624
2026-05-21,2.18,119.369
2026-05-22,2.16,119.2868
2026-05-26,2.1,119.1696
2026-05-27,2.09,119.1829
2026-05-28,2.06,119.0318
2026-05-29,2.07,118.8783
2026-06-01,2.07,119.1653
2026-06-02,2.07,119.0359
2026-06-03,2.11,119.3848
2026-06-04,2.11,119.3615
2026-06-05,2.19,120.0831
2026-06-08,2.21,120.034
2026-06-09,2.2,119.9617
2026-06-10,2.21,119.9134
2026-06-11,2.16,120.1174
2026-06-12,2.17,119.5073
2026-06-15,2.15,119.3158
2026-06-16,2.14,119.256
2026-06-17,2.23,119.3871
2026-06-18,2.21,120.3958
2026-06-22,2.28,120.5463
2026-06-23,2.29,121.0552
2026-06-24,2.23,121.412
2026-06-25,2.19,121.0559
2026-06-26,2.18,120.8866
2026-06-29,2.16,120.9525
2026-06-30,2.2,120.9248
2026-07-01,2.25,121.1455
2026-07-02,2.26,120.6902
2026-07-06,2.24,120.835
2026-07-07,2.3,120.8145
2026-07-08,2.31,121.1307
2026-07-09,2.31,120.753
2026-07-10,2.32,120.5046
2026-07-13,2.36,120.7413
2026-07-14,2.33,120.4728
2026-07-15,2.32,120.3088
2026-07-16,2.35,120.331
2026-07-17,2.31,120.5315
2026-07-20,2.35,120.5401
2026-07-21,2.37,120.5779
2026-07-22,2.39,120.5736
2026-07-23,2.43,120.9075
2026-07-24,2.43,120.7105
2026-07-27,2.44,120.7739
2026-07-28,2.41,120.6247
2026-07-29,2.41,120.7892
2026-07-30,2.41,119.6753
2026-07-31,2.47,119.7034
2026-08-03,2.43,119.6951
2026-08-04,2.4,119.5977
2026-08-05,2.41,119.3881
2026-08-06,2.43,119.5113
2026-08-07,2.4,119.0649
2026-08-10,2.43,119.1187
2026-08-11,2.43,119.179
2026-08-12,2.42,119.1179
2026-08-13,2.39,119.1848
2026-08-14,2.41,118.9028
2026-08-17,2.44,118.814
2026-08-18,2.41,118.9831
2026-08-19,2.35,118.3328
2026-08-20,2.35,118.2548
2026-08-21,2.4,118.0628
2026-08-24,2.38,118.3195
2026-08-25,2.32,118.2283
2026-08-26,2.34,118.4461
2026-08-27,2.34,118.3583
2026-08-28,2.42,118.7479
2026-08-31,2.44,118.7479
2026-09-01,2.44,118.7479
2026-09-02,2.45,118.7479
