open_interest_all,noncomm_positions_long_all,noncomm_positions_short_all,noncomm_postions_spread_all,comm_positions_long_all,comm_positions_short_all,nonrept_positions_long_all,nonrept_positions_short_all,date
215727,17167,11285,28968,116843,138956,52748,36518,1995-03-21
210049,14551,11466,28944,113016,136298,53538,33340,1995-03-28
256217,47565,4359,31430,109486,184192,67736,36236,1995-04-04
270834,53491,4571,32905,111854,200925,72584,32433,1995-04-18
259968,46462,4135,32614,112110,191414,68782,31805,1995-04-25
239375,28737,4654,31637,117395,168978,61607,34107,1995-05-02
225753,11961,13694,31357,132993,145426,49442,35277,1995-05-09
219029,13017,16343,27680,132259,138664,46073,36342,1995-05-16
229431,11878,21885,28259,143529,143769,45765,35518,1995-05-23
210370,12245,16358,25198,126134,134006,46793,34807,1995-05-30
222778,13779,17340,22373,136997,146997,49628,36067,1995-06-06
217161,17974,11194,20485,128228,152626,50474,32857,1995-06-13
246779,36134,5297,21525,133463,186532,55658,33425,1995-06-20
233644,30032,4562,19392,132705,177189,51515,32501,1995-06-27
224807,18742,18909,18420,147262,153809,40383,33669,1995-07-03
235665,14998,24859,18843,158020,155615,43805,36348,1995-07-11
226761,22090,11732,18004,138926,162874,47741,34151,1995-07-18
219155,17277,13393,17319,139087,150541,45473,37903,1995-07-25
219921,13726,38413,17471,148361,124936,40364,39102,1995-08-01
229933,15331,44046,24101,144304,121378,46197,40407,1995-08-08
225823,17548,30102,17158,143095,141363,48022,37201,1995-08-15
230584,14193,42004,19936,150335,131201,46119,37442,1995-08-22
231970,15544,45740,18271,151948,129158,46208,38801,1995-08-29
239153,14643,52458,19932,157454,124187,47124,42577,1995-09-05
238276,20875,42118,18612,146832,136040,51957,41506,1995-09-12
240625,23163,36949,17503,145419,145905,54540,40268,1995-09-19
236758,17608,37648,18924,149419,141186,50808,39000,1995-09-26
231369,13970,41142,18946,150349,131212,48104,40069,1995-10-03
244307,19849,38044,21215,151339,147272,51904,37776,1995-10-10
246485,16040,40020,21888,159212,147582,49345,36995,1995-10-17
255081,14053,52252,22986,170150,139243,47891,40600,1995-10-24
257725,15346,51052,23586,170993,142625,47801,40462,1995-10-31
258734,17569,40541,27397,158729,151508,55039,39288,1995-11-07
230555,24093,15188,20065,130964,161988,55432,33313,1995-11-14
213952,18437,14810,20785,123115,145573,51615,32784,1995-11-21
217488,16836,17103,24307,122297,138530,54048,37549,1995-11-28
205466,15749,15874,24209,115614,134783,49894,30600,1995-12-05
211973,24900,13276,24458,107660,145420,54955,28819,1995-12-12
207157,16613,12569,25259,111807,137431,53478,31898,1995-12-19
203366,16205,12925,24781,109642,135243,52738,30418,1995-12-26
217382,24798,11963,26297,111244,152071,55044,27051,1996-01-02
280266,63054,6969,29609,116031,207675,71572,36013,1996-01-09
285396,69403,7178,29911,117669,216703,68413,31603,1996-01-16
314041,80558,4667,33466,121400,238634,78617,37274,1996-01-23
318335,79056,5239,37089,121129,233405,81060,42601,1996-01-30
350544,80479,6972,42114,145101,264654,82850,36804,1996-02-06
323614,60885,4876,36198,144466,244456,82066,38084,1996-02-13
314048,52220,6151,34259,148813,237063,78756,36574,1996-02-20
314214,46752,4931,34414,152620,240841,80427,34028,1996-02-27
294730,33195,10170,35558,151119,214042,74857,34960,1996-03-05
280304,33574,9934,29349,138761,206770,78620,34251,1996-03-12
268780,28017,12861,27811,137636,196794,75315,31314,1996-03-19
283359,40565,8658,30161,126060,211555,86572,32984,1996-03-26
264462,33681,11247,30066,132233,190891,68482,32258,1996-04-02
280096,39927,12773,30785,137519,203075,71865,33463,1996-04-09
277315,21951,17700,30706,154946,190476,69712,38434,1996-04-16
284906,22334,23313,32731,162338,193124,67504,35739,1996-04-23
293583,24602,25545,32977,166280,199033,69724,36029,1996-04-30
299841,28585,21312,32700,159302,208492,79252,37337,1996-05-07
279759,23872,28007,27247,156377,188538,72263,35967,1996-05-14
278134,23527,35489,26814,159964,178337,67829,37494,1996-05-21
279188,24581,33850,29283,155953,179375,69372,36680,1996-05-28
256689,24456,37492,28373,143231,155435,60630,35390,1996-06-04
263315,15239,54089,27672,161702,144354,58702,37201,1996-06-11
269540,18586,50966,28000,166743,154180,56211,36394,1996-06-18
270719,19221,49505,26885,168443,154015,56171,40314,1996-06-25
270230,11567,52339,28178,176751,148125,53734,41588,1996-07-02
271184,11964,49560,28526,176202,152183,54492,40915,1996-07-09
250004,11735,41055,25943,157358,144702,54968,38304,1996-07-16
239460,14196,38658,25481,147162,137789,52621,37532,1996-07-23
234627,14175,34323,25203,144803,141119,50447,33982,1996-07-30
230514,17435,15557,26032,130543,157769,56505,31156,1996-08-06
230591,16789,14598,26836,131275,158827,55691,30330,1996-08-13
229576,15404,17023,28095,133216,155433,52862,29026,1996-08-20
234967,16745,15025,27803,134321,163044,56098,29095,1996-08-27
231238,10422,24896,28908,139573,146284,52335,31150,1996-09-03
253087,9530,56499,27119,165247,134308,51191,35162,1996-09-10
254442,10102,62248,24966,170448,130610,48925,36617,1996-09-17
253447,9146,65893,23647,173038,127351,47616,36557,1996-09-24
260245,9218,71139,22625,185321,127268,43081,39213,1996-10-01
258393,11253,67926,22862,179585,129198,44694,38408,1996-10-08
261892,12870,65639,22331,179251,136035,47441,37887,1996-10-15
257035,11009,48083,23263,168377,147867,54386,37822,1996-10-22
254007,8890,54704,22833,172228,137455,50057,39016,1996-10-29
261847,9954,64756,23376,182004,132140,46512,41574,1996-11-05
249496,15451,53232,23846,161111,136151,49088,36267,1996-11-12
232977,10834,50081,24162,151122,123366,46859,35368,1996-11-19
251568,8031,64224,27680,174066,123616,41792,36048,1996-11-26
250446,9534,65134,26695,172914,120243,41302,38374,1996-12-03
250199,10287,50690,28856,170334,133269,40723,37384,1996-12-10
250013,9551,49497,26068,171341,135668,43053,38780,1996-12-17
254443,7963,49725,28909,177303,138131,40268,37678,1996-12-24
258554,7329,53856,29715,182102,134570,39408,40414,1996-12-31
277673,6533,60124,33686,197786,141830,39668,42033,1997-01-07
271474,5901,61358,29500,196759,137591,39314,43025,1997-01-14
278361,5767,58910,31271,198712,142106,42611,46073,1997-01-21
270412,9057,49157,31618,189556,147010,40181,42628,1997-01-28
277151,7767,56044,34620,193854,145780,40910,40707,1997-02-04
281937,5840,54841,34714,199825,152835,41558,39547,1997-02-11
286554,11399,47711,37058,193692,163034,44405,38751,1997-02-18
288423,13092,33501,38700,186950,176174,49680,40047,1997-02-25
284364,21177,16124,41917,168687,191000,52582,35322,1997-03-04
278643,14683,14841,41657,167534,185633,54769,36512,1997-03-11
252822,11872,21219,36493,150880,155418,53577,39692,1997-03-18
244172,15597,21834,35304,146155,152140,47116,34894,1997-03-25
236110,10070,18053,34340,144255,149786,47445,33932,1997-04-01
232027,9184,16760,34980,143160,145425,44703,34861,1997-04-08
241537,7944,35518,34091,153674,129345,45828,42584,1997-04-15
245113,8871,44091,33754,155796,125003,46691,42264,1997-04-22
246102,8249,45662,34100,157500,124678,46253,41662,1997-04-29
250794,9730,46432,33677,158078,125710,49308,44975,1997-05-06
227217,17214,28433,26683,127930,130727,55390,41373,1997-05-13
222590,12916,37374,27010,133552,119609,49112,38596,1997-05-20
221772,12984,36087,26735,132615,120239,49438,38711,1997-05-27
213326,11856,35869,27521,131115,115109,42834,34826,1997-06-03
226071,11573,39927,28223,139283,119977,46991,37944,1997-06-10
229376,11205,41428,28527,144769,121187,44875,38234,1997-06-17
253008,11692,59873,30070,163728,117974,47518,45091,1997-06-24
272823,7356,71904,31417,183862,119207,50188,50296,1997-07-01
314536,7431,79522,45650,215432,139081,46024,50283,1997-07-08
297221,7633,77978,40516,204383,128901,44688,49826,1997-07-15
287134,11483,68297,44165,189076,129525,42410,45147,1997-07-22
279003,12102,64076,38735,179486,128440,48680,47752,1997-07-29
282559,6614,73875,36745,197290,125820,41910,46118,1997-08-05
279213,14855,60995,36926,175502,133205,51930,48086,1997-08-12
286277,7157,60291,38745,188567,139624,51808,47617,1997-08-19
287175,8077,57034,38754,183707,144157,56638,47230,1997-08-26
286627,6598,63438,39585,191686,142183,48758,41421,1997-09-02
295455,6583,62718,39082,200338,147859,49452,45796,1997-09-09
283664,6388,61141,34090,192526,140133,50660,48300,1997-09-16
278562,6451,62670,33798,190246,137733,48067,44362,1997-09-23
278217,26698,38199,39201,147098,168895,65220,31922,1997-09-30
272953,44161,27361,40581,124384,167175,63827,37835,1997-10-07
262797,32276,35197,37564,129459,152441,63498,37595,1997-10-14
259170,15053,41124,38291,147588,141806,58238,37949,1997-10-21
318139,7337,71431,44907,202058,151866,63838,49935,1997-10-28
321968,7566,71379,48596,208790,155645,57016,46348,1997-11-04
320862,8275,68958,50564,206352,154484,55671,46856,1997-11-11
286754,11805,62637,37758,178677,134060,58514,52298,1997-11-18
268321,7355,67577,39972,173927,116941,47067,43831,1997-11-25
275204,9267,68508,41950,175735,115746,48252,49000,1997-12-02
283247,8434,71274,44173,178148,115856,52492,51944,1997-12-09
271969,7252,66689,46976,169871,112666,47870,45639,1997-12-16
271782,8737,59974,48182,155676,115734,59186,47891,1997-12-23
267269,6748,58626,49303,158578,116287,52641,43053,1997-12-30
280730,5570,65915,53570,171596,115930,49993,45314,1998-01-06
265182,7659,65249,45168,161856,108754,50499,46011,1998-01-13
260248,7814,58791,47656,149381,110147,55397,43653,1998-01-20
256696,10605,33119,52883,136612,132675,56596,38020,1998-01-27
262758,11810,34654,53319,144041,137270,53588,37516,1998-02-03
273443,12699,33222,57330,146286,147573,57127,35318,1998-02-10
266814,10904,35811,52005,147662,138408,56242,40590,1998-02-17
272980,9879,43109,53618,160188,133191,49295,43062,1998-02-24
276808,12022,38621,56338,155557,142195,52891,39655,1998-03-03
278261,10858,43548,55521,161319,138565,50564,40627,1998-03-10
274801,8421,54008,46659,172048,130173,47673,43962,1998-03-17
252210,8736,44314,46749,146154,122911,50571,38236,1998-03-24
242862,15879,31114,47496,129728,133240,49759,31011,1998-03-31
277782,38357,24265,54386,123873,170665,61166,28466,1998-04-07
274308,41573,25722,49374,122400,170350,60962,28863,1998-04-14
278410,44864,25194,48206,118668,170095,66672,34915,1998-04-21
272096,44271,20134,47569,119991,174817,60265,29576,1998-04-28
258803,35670,24440,45230,122526,153755,55377,35379,1998-05-05
223279,12634,31839,38758,125044,119672,46843,33010,1998-05-12
223512,12148,30167,38300,124685,123157,48379,31888,1998-05-19
219726,11537,34134,37946,124524,114506,45720,33140,1998-05-26
249571,5854,59291,42441,159697,109079,41579,38760,1998-06-02
257565,6894,56499,46766,160858,116835,43046,37464,1998-06-09
268857,4473,64066,47757,174523,118208,42104,38826,1998-06-16
255413,5155,40979,48515,160259,130052,41485,35867,1998-06-23
251553,4926,38444,46802,159371,133526,40454,32781,1998-06-30
254441,7649,40343,48665,158697,133356,39430,32077,1998-07-07
246031,6146,40945,46576,155078,126523,38230,31987,1998-07-14
244418,6052,36500,45864,154539,131188,37963,30867,1998-07-21
239728,6415,44763,45990,152468,117646,34855,31329,1998-07-28
261286,6907,64380,46262,172628,115695,35489,34949,1998-08-04
274463,8022,65298,48482,182384,124748,35574,35935,1998-08-11
284231,11256,68610,50404,186758,128482,35813,36735,1998-08-18
297026,10703,68913,51059,200324,137872,34941,39182,1998-08-25
312572,7324,73076,54384,215189,144710,35675,40402,1998-09-01
303896,11112,55334,54154,194848,153922,43781,40486,1998-09-08
275660,11663,25976,52643,167179,164596,44175,32446,1998-09-15
278492,13165,27597,55029,165947,167920,44351,27946,1998-09-22
288094,20952,20308,58554,157562,181337,51027,27896,1998-09-29
311009,39979,9868,60147,152254,212375,58629,28620,1998-10-06
296742,35967,6831,57431,149010,207102,54335,25379,1998-10-13
289297,31266,7807,56067,150342,197684,51621,27739,1998-10-20
287661,21984,9762,54431,163275,194917,47971,28551,1998-10-27
279299,9640,27111,32573,129689,116208,107398,103408,1998-11-03
270055,12212,15090,51914,158226,172860,47704,30192,1998-11-10
227251,14458,9319,44441,126500,148657,41851,24834,1998-11-17
227268,16575,8319,45279,121031,147189,44383,26480,1998-11-24
219769,10609,15337,47238,126481,133332,35442,23861,1998-12-01
225373,11486,15553,46798,127533,136887,39556,26135,1998-12-08
226216,8295,20186,47134,136033,131378,34754,27518,1998-12-15
241414,6791,33427,47753,150815,129294,36055,30941,1998-12-22
247842,6264,40631,50564,158568,128136,32447,28512,1998-12-29
259687,8018,50237,48491,167538,127575,35640,33383,1999-01-05
249749,10278,48642,47083,157817,128324,34571,25699,1999-01-12
264384,8970,60777,48576,170646,124870,36192,30161,1999-01-19
264346,8459,66700,46155,160064,110389,49669,41103,1999-01-26
268646,12931,68770,50070,172900,122585,32745,27221,1999-02-02
269427,8836,66393,50544,176963,127180,33084,25309,1999-02-09
270868,7746,72605,48046,182036,123018,33040,27198,1999-02-16
277963,7831,74528,49029,185097,128015,36005,26390,1999-02-23
279314,16128,71421,49586,178935,133933,34665,24374,1999-03-02
277706,33547,31858,51620,148825,170730,43714,23497,1999-03-09
245396,10759,38978,45601,151427,131579,37609,29238,1999-03-16
254940,8524,59545,45461,166915,120134,34041,29801,1999-03-23
273449,6016,85760,46108,188638,112631,32686,28950,1999-03-30
282126,7959,96301,46884,192862,107594,34422,31347,1999-04-06
275928,11552,91272,44197,184256,110408,35923,30051,1999-04-13
278123,11697,83954,44942,186145,119876,35339,29351,1999-04-20
286030,12806,92624,44967,193066,115440,35191,32999,1999-04-27
274563,19356,65998,43673,170816,138223,40717,26669,1999-05-04
281813,13668,73254,48351,179275,126627,40520,33582,1999-05-11
278847,9034,86961,49858,186215,113345,33740,28683,1999-05-18
286157,8296,92378,49456,193992,111002,34412,33320,1999-05-25
291611,22155,87833,51884,200746,122682,16826,29212,1999-06-01
310828,9153,92554,54110,210484,125913,37081,38251,1999-06-08
324488,10770,91521,59977,215349,136387,38391,36602,1999-06-15
331575,9324,94715,62113,220302,139499,39837,35249,1999-06-22
329120,9031,90665,61173,215752,140157,43165,37125,1999-06-29
340929,9909,93057,64000,215242,141515,51778,42358,1999-07-06
308511,9625,85766,57041,203239,127735,38606,37968,1999-07-13
307360,9198,86670,56426,204105,126552,37632,37713,1999-07-20
293152,14844,80521,53292,186509,122406,38508,36933,1999-07-27
298852,17839,71353,56404,187194,139561,37415,31533,1999-08-03
307917,16062,67367,55119,193554,154094,43182,31337,1999-08-10
308577,22692,53167,57111,178151,171032,50622,27267,1999-08-17
307959,15983,71521,57479,192009,145578,42488,33381,1999-08-24
320503,19653,74967,59610,196664,151981,44577,33945,1999-08-31
324438,18778,75286,61089,198570,152975,46000,35088,1999-09-07
310044,21504,68852,53163,187965,152316,47413,35713,1999-09-14
318970,31854,61077,54904,178619,168188,53594,34800,1999-09-21
474595,63659,41069,112977,172326,261544,125633,59005,1999-09-28
512607,59567,31672,150927,188456,281702,113657,48306,1999-10-05
501362,50186,14243,154095,202862,295704,94219,37320,1999-10-12
492113,46638,13862,146586,213740,293984,85149,37681,1999-10-19
449240,40966,12634,130762,207701,270197,69810,35646,1999-10-26
454003,35699,11374,136426,213279,276305,68599,29898,1999-11-02
443292,31193,11045,134115,212139,268614,65845,29518,1999-11-09
356465,32280,9696,96776,165663,226704,61746,23288,1999-11-16
355052,38846,9552,98274,154192,225594,63740,21633,1999-11-23
334218,35114,10622,93062,147472,206932,58570,23603,1999-11-30
315082,26896,11956,88299,151327,188712,48560,26114,1999-12-07
301410,12928,15406,82789,160783,179244,44910,23971,1999-12-14
320393,17145,20435,92745,166216,188147,44288,19067,1999-12-21
332618,17861,19963,97170,170791,197466,46797,18020,1999-12-28
309856,16855,21926,87975,166274,179133,38752,20822,2000-01-04
305508,21893,21841,85414,163540,178632,34661,19621,2000-01-11
276473,25196,18951,69870,147337,170240,34070,17411,2000-01-18
271210,24056,17240,69585,142742,167988,34826,16396,2000-01-25
257978,23576,20602,64581,141503,155109,28318,17686,2000-02-01
337869,48581,19759,88520,154196,211641,46573,17949,2000-02-08
344235,50402,8532,91882,156110,224849,45842,18972,2000-02-15
361751,60138,6783,95374,159480,241012,46760,18583,2000-02-22
331484,45451,7929,87602,159568,218091,38863,17862,2000-02-29
319007,42125,8512,75149,157848,208961,43886,26386,2000-03-07
287736,36715,11597,67464,152490,191559,31067,17116,2000-03-14
291373,35434,12549,68191,156693,191484,31055,19149,2000-03-21
264550,15555,25123,60242,161416,157799,27336,21386,2000-03-28
278250,18124,39047,65704,165632,152395,28791,21105,2000-04-04
274049,15132,37321,66225,164013,148835,28680,21668,2000-04-11
272858,16100,35998,64967,162212,150384,29579,21509,2000-04-18
270539,16000,41982,64701,164568,143687,25271,20169,2000-04-25
282070,15357,48616,66906,172697,141966,27110,24582,2000-05-02
277767,16052,43119,67465,167191,146348,27058,20834,2000-05-09
235261,14165,44296,53764,136797,114664,30536,22538,2000-05-16
237926,13801,52077,51450,142331,110999,30344,23400,2000-05-23
233723,15844,59340,49953,142278,100620,25649,23810,2000-05-30
235328,23849,27590,54829,126131,135666,30518,17242,2000-06-06
229685,30339,14168,52862,115957,148548,30527,14106,2000-06-13
232484,31736,10549,53117,115975,154705,31656,14113,2000-06-20
229537,30366,12419,53984,117732,149957,27455,13178,2000-06-27
234086,30224,12780,53273,121758,154684,28832,13349,2000-07-05
227343,26739,15095,52406,123444,145527,24753,14316,2000-07-11
205510,24719,17577,46335,108471,126132,25985,15466,2000-07-18
191412,23171,20730,45643,97471,107020,25127,18018,2000-07-25
177549,21201,27484,45501,88194,85635,22654,18929,2000-08-01
188198,19059,45084,46420,101705,76012,21014,20682,2000-08-08
199642,17406,50311,46650,112607,80395,22980,22287,2000-08-15
198817,18667,46677,48084,110499,82827,21566,21228,2000-08-22
200638,18661,48775,48049,110504,82154,23424,21660,2000-08-29
194312,19610,40024,47223,101873,85249,25606,21815,2000-09-05
196409,18951,47308,44518,106517,81439,26422,23144,2000-09-12
201316,18950,52103,43154,111477,80841,27734,25218,2000-09-19
199215,20286,48280,40420,109951,86438,28558,24078,2000-09-26
189356,19421,42030,40187,102548,86870,27200,20269,2000-10-03
198654,21798,49380,40587,107897,87208,28372,21480,2000-10-10
194991,25136,44594,40217,100929,88723,28709,21457,2000-10-17
197999,25605,48557,39973,105313,87321,27108,22149,2000-10-24
204461,16431,54494,43027,117872,82809,27131,24132,2000-10-31
208032,15404,54760,45681,120501,84858,26446,22733,2000-11-07
191092,15091,56143,34350,115061,78557,26590,22043,2000-11-14
185782,15629,58051,33747,110396,72233,26010,21751,2000-11-21
182403,15437,47661,35872,102607,77670,28487,21199,2000-11-28
173722,15769,39178,35332,93844,79385,28777,19827,2000-12-05
169897,18235,30884,35557,87695,85992,28409,17464,2000-12-12
173593,16054,34064,35931,94186,85365,27422,18233,2000-12-19
176454,18215,27818,36233,92010,94906,29996,17497,2000-12-26
173653,16272,37362,35771,97567,82861,24043,17659,2001-01-02
185321,13373,49242,37224,110944,77587,23781,21268,2001-01-09
186119,12548,67277,31171,119555,64933,22845,22738,2001-01-16
190685,14957,69568,31920,116743,66341,27064,22856,2001-01-23
192364,18084,68929,29803,121958,72301,22520,21331,2001-01-30
187957,15628,65608,30197,119486,71066,22646,21087,2001-02-06
196888,14681,71524,31567,129016,71894,21624,21904,2001-02-13
205623,15922,79185,32390,133174,72415,24138,21633,2001-02-20
212593,18553,66338,39181,123390,83938,31470,23136,2001-02-27
200220,16185,56767,40462,117492,82290,26081,20702,2001-03-06
189856,21121,39729,36967,99257,95881,32511,17279,2001-03-13
184769,12710,46207,37857,105316,81620,28887,19085,2001-03-20
184687,12939,42337,37213,106201,84595,28335,20542,2001-03-27
180033,10164,58553,35783,108018,63555,26068,22142,2001-04-03
193468,10424,66425,38849,117791,65880,26404,22314,2001-04-10
181715,10839,50610,37236,105585,72597,28055,21272,2001-04-17
175083,12866,40798,36634,95181,78451,30403,19200,2001-04-24
171186,13470,34623,37916,88681,79283,31119,19364,2001-05-01
169911,13886,32225,38148,87343,81073,30533,18465,2001-05-08
152519,29871,24524,33360,56984,78346,32304,16289,2001-05-15
207704,56444,14490,41941,58091,133036,51228,18237,2001-05-22
198913,56754,10916,38014,59367,134665,44778,15318,2001-05-29
169995,34489,8496,35840,64551,111335,35115,14324,2001-06-05
177598,33261,12006,35146,71488,115433,37702,15012,2001-06-12
188570,35787,11762,37702,76014,126796,39067,12310,2001-06-19
202033,39484,11816,39674,80942,136781,41933,13762,2001-06-26
185908,33949,11696,39167,79098,121947,33694,13098,2001-07-03
182745,31992,16073,37703,80399,114362,32651,14607,2001-07-10
163897,30863,17338,31032,68856,100877,33147,14651,2001-07-17
160497,32079,15426,31274,62683,98685,34461,15112,2001-07-24
146634,24037,24588,29305,62789,74559,30503,18182,2001-07-31
143524,24827,24603,29469,59003,71474,30226,17978,2001-08-07
173181,51635,15990,31576,51308,113723,38662,11892,2001-08-14
185285,58093,15263,33106,52730,124500,41355,12416,2001-08-21
169313,47077,16029,31992,52333,109847,37911,11445,2001-08-28
172183,45911,16003,32703,54772,111397,38797,12080,2001-09-04
169550,43492,19028,31840,56625,106758,37591,11923,2001-09-10
175518,49242,14497,32193,49762,110891,44322,17936,2001-09-18
190076,57592,14110,33532,47116,118963,51837,23472,2001-09-25
196180,56816,13643,35720,52165,134365,51479,12453,2001-10-02
198102,55637,12979,38481,54809,135505,49176,11138,2001-10-09
186828,44786,14406,37763,59884,123038,44394,11620,2001-10-16
176631,36089,17355,36362,67602,111467,36579,11448,2001-10-23
180675,32992,16360,37663,72825,114837,37195,11815,2001-10-30
172589,32554,16536,37469,67959,109535,34608,9050,2001-11-06
150368,29495,19449,26184,62759,93977,31930,10758,2001-11-13
153930,25798,30871,26148,68149,77072,33835,19840,2001-11-20
150355,23930,31934,25959,70032,74928,30433,17533,2001-11-27
145846,26439,33274,26603,62131,70550,30672,15419,2001-12-04
155417,25140,45686,26256,74268,64509,29753,18966,2001-12-11
155703,30418,30463,29527,60781,80389,34977,15325,2001-12-18
152501,26717,29139,27769,65351,80793,32663,14800,2001-12-21
151637,27601,28112,26973,65795,83017,31268,13536,2001-12-28
152325,28456,21595,27233,61389,89887,35247,13610,2002-01-08
168770,48864,14297,27949,51662,113538,40295,12986,2002-01-15
172691,46124,15146,28945,57301,116151,40321,12449,2002-01-22
166638,31254,13620,29417,69952,109598,36015,14003,2002-01-29
205775,58261,14875,37041,66797,138726,43676,15133,2002-02-05
217485,66794,19022,41201,64678,141593,44811,15668,2002-02-12
211381,65249,20760,40655,61939,134855,43538,15111,2002-02-19
213281,62881,22076,42925,62325,134569,45151,13711,2002-02-26
208770,59695,16844,42796,60561,134967,45718,14163,2002-03-05
189747,52898,16065,36905,54501,122487,45443,14290,2002-03-12
188558,49016,16066,37889,56675,120539,44978,14064,2002-03-19
201927,54396,14434,41229,58014,133625,48287,12639,2002-03-26
219423,64970,18680,44281,57661,143101,52511,13362,2002-04-02
210915,65551,20437,41504,56035,136040,47825,12935,2002-04-09
211102,60678,20138,41184,61703,137002,47536,12778,2002-04-16
225258,68166,18946,42255,63933,150447,50904,13610,2002-04-23
253774,77560,20856,48796,70944,168625,56473,15497,2002-04-30
269188,81322,24350,52762,75163,174723,59941,17353,2002-05-07
240083,71216,29725,39231,71098,154947,58538,16179,2002-05-14
247690,78777,26126,40877,66887,165396,61149,15291,2002-05-21
262937,80787,31281,42865,69181,169719,70104,19072,2002-05-28
261676,78185,25579,48911,67398,168299,67182,18886,2002-06-04
242692,71846,17309,47623,69392,158853,53831,18907,2002-06-11
233244,67896,17411,45570,65571,152308,54207,17955,2002-06-18
245417,67214,19599,48358,69014,158463,60830,18997,2002-06-25
231637,55967,18447,48661,69431,147538,57578,16992,2002-07-02
234183,48882,18123,47473,75773,151283,62055,17304,2002-07-09
224647,48893,20797,39408,73906,148204,62440,16238,2002-07-16
222205,50104,19742,39062,70720,146333,62320,17068,2002-07-23
198100,28437,24398,37774,83281,123221,48608,12707,2002-07-30
197947,25773,21580,36662,81560,120768,53951,18936,2002-08-06
205658,27402,23366,37210,86626,125800,54420,19281,2002-08-13
213242,29204,21834,37745,90618,132081,55675,21582,2002-08-20
215778,28634,23746,38569,91047,132364,57527,21099,2002-08-27
216465,30215,22412,38956,86359,134586,60935,20511,2002-09-03
232883,45477,24316,42663,79145,146632,65597,19271,2002-09-10
214958,46570,19885,32777,70473,143669,65138,18627,2002-09-17
245399,69269,24515,35020,72465,169047,68645,16817,2002-09-24
235276,68560,22444,37332,67140,158998,62243,16502,2002-10-01
228000,62792,20732,37685,67902,153032,59621,16552,2002-10-08
210509,41406,22621,36643,78883,133555,53576,17689,2002-10-15
209644,35072,23190,38268,82840,129877,53465,18309,2002-10-22
211422,33619,15316,41105,82429,137452,54269,17549,2002-10-29
214334,38971,16221,41362,76713,139077,57288,17674,2002-11-05
246047,57696,16799,47777,74490,160221,66084,21250,2002-11-12
231988,56352,14878,45456,69659,151548,60521,20106,2002-11-19
207124,50739,13862,35417,65227,138608,55743,19238,2002-11-26
202132,45811,14374,37431,60926,130073,57965,20254,2002-12-03
230905,71424,20798,36489,60042,152532,62950,21086,2002-12-10
275329,87027,29318,44822,66381,172293,77099,28897,2002-12-17
285668,86490,26398,50153,72262,180596,76764,28522,2002-12-23
287346,88162,25982,49529,75430,186192,74225,25642,2002-12-31
304648,93743,27548,53556,78362,194031,78986,29512,2003-01-07
307547,94090,28889,57421,77934,190643,78102,30595,2003-01-14
317358,96094,28430,62316,77343,194938,81605,31674,2003-01-21
320798,95552,30900,59775,70697,195965,94775,34158,2003-01-28
344590,106450,31344,66435,74557,214806,97149,32006,2003-02-04
320562,90719,32032,65358,82583,189977,81903,33195,2003-02-11
312753,70305,29716,65202,93165,180620,84081,37215,2003-02-14
309765,60142,30081,66407,96345,174398,86871,38879,2003-02-25
295715,58549,25393,65712,95635,175071,75819,29538,2003-03-04
301963,59428,26561,68754,97932,177897,75849,28752,2003-03-11
304609,46356,28832,73364,108542,167266,76347,35147,2003-03-18
294112,40295,15680,71070,118071,175415,64676,31947,2003-03-25
253880,39072,15395,58154,102945,157218,53708,23114,2003-04-01
258436,41677,20366,59255,103411,155324,54092,23491,2003-04-08
267940,43926,26690,62200,106080,154613,55733,24437,2003-04-15
268251,45632,25256,69041,96309,148861,57270,25093,2003-04-22
263158,44069,24461,65112,93641,145916,60335,27668,2003-04-29
269113,48102,14889,69881,92585,161696,58546,22647,2003-05-06
290914,52285,14421,76536,94810,169001,67283,30957,2003-05-13
314505,76518,12832,85685,87426,189745,64875,26243,2003-05-20
301020,79105,9051,69418,76774,179014,75723,43538,2003-05-27
302730,92294,4660,72858,83585,204074,53993,21138,2003-06-03
300902,77692,7361,77565,87890,189344,57754,26632,2003-06-10
311876,80709,9590,84770,90481,196070,55916,21446,2003-06-17
311755,63882,9271,89289,105778,192205,52806,20990,2003-06-24
309104,57440,8218,90678,109797,189441,51189,20768,2003-07-01
308839,54403,10241,90825,113586,188548,50025,19224,2003-07-08
311338,47174,18677,96768,118276,176594,49121,19300,2003-07-15
326722,55410,17030,99797,119169,191659,52346,18236,2003-07-22
384394,89898,14062,107272,118673,235176,68550,27884,2003-07-29
350055,70271,14159,109398,115217,211692,55169,14806,2003-08-05
369018,79398,14940,113946,116188,222058,59485,18073,2003-08-12
403040,99511,10769,123191,119399,250479,60939,18601,2003-08-19
425401,108719,11698,130900,121507,262585,64276,20218,2003-08-26
485893,138294,15176,147951,128681,299620,70967,23145,2003-09-02
515629,143745,24279,163074,134875,304188,73934,24088,2003-09-09
505726,136776,26019,159073,137246,296714,72632,23920,2003-09-16
538490,146534,27347,170800,145137,314348,76020,25997,2003-09-23
488249,140835,26312,147876,127260,290525,72278,23536,2003-09-30
454861,113877,14189,138756,136346,278321,65882,23595,2003-10-07
439081,112485,12823,134485,127072,269688,65040,22086,2003-10-14
454168,120024,12711,139520,125815,278988,68810,22950,2003-10-21
463229,131873,14377,134199,122732,285059,74425,29594,2003-10-28
457162,124562,11699,132167,126217,285155,74216,28141,2003-11-04
478636,129142,16047,142566,134757,295420,72171,24603,2003-11-11
515005,143000,16627,151700,138232,314295,82073,32383,2003-11-18
441873,136415,10374,102358,124548,298627,78552,30514,2003-11-25
455911,145456,13428,112667,122342,306307,75447,23509,2003-12-02
466993,141727,15031,121871,124265,303473,79130,26619,2003-12-09
473081,149919,15656,123764,124397,309703,75002,23959,2003-12-16
474012,146014,16426,126092,126404,306920,75501,24573,2003-12-22
480691,148832,13977,127404,126677,314513,77778,24798,2003-12-30
495015,153033,16621,131447,132411,321113,78124,25834,2004-01-06
515509,151716,13822,140350,143289,336368,80154,24969,2004-01-13
476855,129218,14953,132139,142624,306204,72874,23560,2004-01-20
426638,122043,14168,97608,126608,286342,80379,28519,2004-01-27
384082,98205,15199,92414,126585,256888,66877,19581,2004-02-03
400756,98245,23657,97382,132448,259120,72682,20598,2004-02-10
419494,110665,24009,102458,132807,275223,73564,17804,2004-02-17
401354,100503,25174,89730,130285,258874,80836,27575,2004-02-24
393471,85318,30347,96275,134840,243301,77037,23548,2004-03-02
398443,99526,24839,100144,126809,254857,71964,18604,2004-03-09
419478,102411,21889,104294,135644,271541,77130,21754,2004-03-16
495809,149981,23172,124650,133791,321479,87387,26508,2004-03-23
477748,164385,16744,108404,125462,333414,79497,19185,2004-03-30
488861,180184,13426,110094,118224,343833,80359,21509,2004-04-06
491590,178247,15641,112445,120212,341552,80686,21951,2004-04-12
425141,109227,21102,112865,127144,271576,75905,19598,2004-04-20
402488,99034,27126,105240,130463,254062,67751,16060,2004-04-27
412763,93711,30833,114883,137364,241806,66804,25241,2004-05-04
420405,87364,43948,115798,151148,231903,66095,28756,2004-05-11
424107,83503,49247,119558,155077,225300,65969,30002,2004-05-18
388147,84464,46280,100766,137096,208046,65821,33055,2004-05-25
375997,85309,34163,102553,126498,212541,61637,26740,2004-06-01
370755,83679,35734,102346,124811,208733,59920,23943,2004-06-08
364104,83876,38246,100668,121728,199807,57832,25383,2004-06-15
369861,88366,29594,105864,116921,211957,58710,22446,2004-06-22
373219,87427,27065,105335,120204,217157,60253,23662,2004-06-29
376159,81862,29915,109733,124719,213271,59845,23240,2004-07-06
413932,114326,17204,119465,117672,256400,62470,20864,2004-07-13
427529,116566,17177,122393,125340,265569,63230,22391,2004-07-20
371259,82304,29814,102782,118407,208060,67767,30603,2004-07-27
363138,86291,33068,100593,121459,208657,54795,20820,2004-08-03
372375,88822,20732,106099,120354,225340,57099,20204,2004-08-10
387473,96692,19333,108527,123170,238503,59084,21110,2004-08-17
420353,129085,18441,111707,118527,268835,61034,21370,2004-08-24
432057,135840,24076,112204,120172,274809,63841,20968,2004-08-31
410705,111993,24218,110346,125023,254492,63343,21648,2004-09-07
408358,104851,21518,109269,129671,257119,64567,20452,2004-09-14
419199,113445,18599,111113,130335,269067,64307,20420,2004-09-21
416514,129322,18413,102632,119818,275481,64741,19988,2004-09-28
454874,170013,23375,106066,112654,304607,66141,20826,2004-10-05
460019,171655,24295,106423,110843,305667,71098,23633,2004-10-12
468047,179753,24707,108769,111963,311142,67562,23430,2004-10-19
485835,192281,25046,111860,110961,319273,70732,29656,2004-10-26
476616,181551,30402,113352,112152,306606,69561,26257,2004-11-02
531015,195488,32485,133867,126539,338796,75120,25866,2004-11-09
562598,203792,34000,147703,134578,352142,76524,28753,2004-11-16
486221,204465,34275,109747,100297,311903,71712,30295,2004-11-23
486214,202731,39602,107689,106555,313043,69239,25880,2004-11-30
499152,212015,38774,112340,106899,320228,67899,27810,2004-12-07
449009,160102,32177,106321,119095,285365,63491,25146,2004-12-14
456338,163829,31811,108398,120004,292051,64107,24078,2004-12-21
461891,171894,33412,102936,120818,302540,66243,23003,2004-12-28
422961,141876,31583,95596,121643,267535,63846,28246,2005-01-04
396165,110457,39289,98029,127065,235117,60615,23731,2005-01-11
394503,108842,43838,97972,124695,226773,62993,25919,2005-01-18
390696,108245,42434,96274,117157,217872,69020,34118,2005-01-25
345407,103558,48495,73688,114196,201314,53965,21911,2005-02-01
349393,98573,60024,75694,122025,189790,53101,23884,2005-02-08
359757,111861,61774,77091,114951,197904,55854,22988,2005-02-15
375346,123571,53199,83336,107067,215797,61372,23013,2005-02-22
385154,137675,51729,81245,104850,229127,61385,23054,2005-03-01
402030,145880,45861,85489,105072,248090,65588,22590,2005-03-08
439401,181307,39143,86750,106118,288518,65225,24990,2005-03-15
395166,150243,30687,82126,100242,257263,62556,25091,2005-03-22
349778,139214,24445,59973,93132,242876,57460,22484,2005-03-29
341416,143159,25143,57488,89506,238823,51263,19962,2005-04-05
348710,150278,25570,58095,87927,244152,52410,20893,2005-04-12
355038,153355,28905,61234,87329,244512,53120,20386,2005-04-19
376622,175825,26564,59182,83662,267843,57953,23032,2005-04-26
360277,153235,36671,59028,93026,241829,54990,22750,2005-05-03
351685,134144,45002,58012,104443,224286,55087,24386,2005-05-10
342871,122727,58924,61063,105303,194816,53778,28069,2005-05-17
342642,113396,66334,60409,116516,186319,52321,29580,2005-05-24
294597,113281,78972,40636,92986,148726,47694,26264,2005-05-31
297782,114070,73481,44843,86596,157183,52274,22275,2005-06-07
310698,123715,64827,48654,82434,175074,55895,22143,2005-06-14
365726,169197,54084,60063,73890,227295,62576,24285,2005-06-21
373380,185159,44627,58289,69972,248529,59961,21935,2005-06-28
343084,148339,39379,57089,74704,221863,62952,24753,2005-07-05
329400,124657,47526,56355,84726,202309,63662,23209,2005-07-12
330662,116722,59562,57306,94792,185349,61841,28444,2005-07-19
298630,112823,57339,43092,80207,172186,62508,26013,2005-07-26
295252,119229,49881,46263,71960,178522,57801,20586,2005-08-02
341392,168050,45787,50550,66051,223909,56741,21146,2005-08-09
404108,209234,46187,62305,70705,272116,61864,23499,2005-08-16
397895,206672,41954,61389,70462,271834,59373,22718,2005-08-23
345968,161487,41210,53910,73833,225949,56738,24900,2005-08-30
360310,162177,39363,60377,73990,233537,63765,27034,2005-09-06
387063,177800,43490,63962,82281,252149,63020,27462,2005-09-13
463495,224267,53553,84616,88803,292257,65809,33069,2005-09-20
435603,222945,45499,68803,76539,285284,67316,36017,2005-09-27
441466,233241,50248,65941,76944,294395,65340,30882,2005-10-04
458416,238480,49318,72697,78945,306511,68294,29890,2005-10-11
448893,228349,46253,73992,81009,294908,65544,33740,2005-10-18
426035,209142,44274,74683,84171,280240,58038,26838,2005-10-25
407029,183116,44719,64917,96138,268015,62859,29377,2005-11-01
389793,169547,37792,65299,94209,257577,60738,29125,2005-11-08
401088,180522,40966,65066,95129,264735,60371,30320,2005-11-15
407398,203516,37634,57814,78642,264941,67426,47009,2005-11-22
412942,200819,39943,57198,95954,281170,58970,34630,2005-11-29
413222,209921,40509,62621,81912,275895,58768,34198,2005-12-06
425938,190673,31789,73141,93318,278518,68806,42490,2005-12-13
403540,185562,24357,67776,85161,282719,65041,28687,2005-12-20
394161,181574,22822,62984,83780,280684,65823,27672,2005-12-27
417121,183095,28646,73654,90137,283982,70237,30840,2006-01-03
445192,186070,38091,81755,103426,288608,73942,36738,2006-01-10
472692,191611,41834,88652,113980,299914,78449,42291,2006-01-17
472579,185454,43617,94099,114322,291479,78704,43384,2006-01-24
426167,185498,44664,74820,98976,272778,66873,33905,2006-01-31
428619,179588,50285,80041,103655,263545,65336,34748,2006-02-07
432430,169316,46774,88641,108503,265310,65971,31706,2006-02-14
431192,163702,44474,91870,108730,263994,66889,30855,2006-02-21
430801,168365,41853,88102,108383,268968,65951,31879,2006-02-28
429392,164992,45181,88662,111150,263921,64588,31628,2006-03-07
417271,141542,45876,89632,119001,253312,67097,28451,2006-03-14
416027,147921,44381,87823,114771,253278,65512,30545,2006-03-21
412112,163969,40712,78072,99672,254994,70399,38334,2006-03-28
432642,178405,42308,80537,97472,275651,76228,34146,2006-04-04
439170,174758,46710,94295,100432,272931,69685,25234,2006-04-11
463444,178042,46041,110726,100258,277182,74417,29496,2006-04-18
465442,172689,44606,114547,106086,275778,72120,30511,2006-04-25
492358,174401,46936,130135,111488,283177,76335,32110,2006-05-02
505689,171691,42354,141254,117320,288289,75424,33791,2006-05-09
495983,157633,38411,143212,119541,278802,75596,35558,2006-05-16
470591,137534,33938,145053,117957,262589,70046,29011,2006-05-23
405286,130604,30373,100390,111460,253107,62831,21416,2006-05-30
373767,130751,37060,100101,85497,216195,57419,20412,2006-06-06
382474,136441,41572,105117,84955,218502,55961,17284,2006-06-13
390281,127579,42105,113188,95650,217481,53864,17507,2006-06-20
384321,122349,43673,109375,96025,209681,56572,21592,2006-06-27
392868,125419,39129,114335,97159,218633,55955,20771,2006-07-03
427008,137378,38818,125866,105154,238640,58611,23685,2006-07-11
443519,139173,33737,136668,104896,247700,62782,25414,2006-07-18
432413,128828,28630,138790,104647,247726,60148,17266,2006-07-25
394609,131525,29149,112236,90054,232876,60795,20350,2006-08-01
402899,137723,30760,115699,91164,238560,58312,17880,2006-08-08
402702,130012,30441,115573,92835,231352,64282,25336,2006-08-15
393425,126264,32077,114953,95807,226838,56402,19558,2006-08-22
390836,120628,36569,111655,104825,222404,53728,20207,2006-08-29
420442,129699,33741,122632,105462,239274,62650,24795,2006-09-05
403755,113975,37833,122543,113062,219271,54175,24108,2006-09-12
430959,106302,36909,144179,126494,223743,53985,26128,2006-09-19
406994,102769,36471,127579,120900,214686,55746,28258,2006-09-26
413818,101699,37640,134472,121737,211269,55910,30437,2006-10-03
430807,98766,43002,146737,136263,215293,49041,25775,2006-10-10
426984,102696,44402,143566,132537,216007,48185,23009,2006-10-17
430766,98485,44989,148034,134576,215692,49671,22051,2006-10-24
427979,101286,39744,143343,126909,219403,56441,25488,2006-10-31
455640,115838,36470,150021,127913,244653,61868,24496,2006-11-07
476072,121873,34127,155012,136856,262989,62331,23944,2006-11-14
474432,117348,34014,159030,136012,257773,62042,23616,2006-11-21
423676,118632,36943,131100,110055,233244,63889,22389,2006-11-28
415169,120540,35250,126921,105527,230911,62181,22088,2006-12-05
411990,117740,35792,127610,110128,229716,56513,18872,2006-12-12
416337,106524,37238,132804,122817,227014,54193,19281,2006-12-19
415984,108971,40668,130487,121794,228803,54732,16027,2006-12-26
434040,119215,40964,139242,116573,232778,59010,21055,2007-01-03
426897,102115,49603,140268,129694,213578,54821,23449,2007-01-09
421266,108226,43463,134478,125450,222528,53111,20797,2007-01-16
457878,130510,40488,138947,127615,255344,60805,23098,2007-01-23
426462,145142,38980,120879,105235,249783,55206,16820,2007-01-30
449381,153536,37471,128689,108888,266319,58267,16901,2007-02-06
482168,167924,35609,138682,111685,288984,63877,18893,2007-02-13
494298,169127,31374,143483,118224,297887,63463,21553,2007-02-20
533271,181073,32709,160476,128081,322090,63641,17996,2007-02-27
487871,133699,27884,151260,139281,284476,63632,24252,2007-03-06
494886,126740,25251,155324,152002,291657,60820,22654,2007-03-13
467591,123244,25890,142451,140117,277893,61780,21357,2007-03-20
437206,125901,25883,122862,121062,267964,67380,20496,2007-03-27
430640,131231,32322,120236,121251,259461,57921,18620,2007-04-03
463667,150645,32505,125894,122428,284779,64701,20490,2007-04-10
484425,171025,29099,130028,118116,302920,65256,22377,2007-04-17
504386,169482,28627,141514,125814,308622,67577,25623,2007-04-24
482965,165497,27945,132266,122866,299944,62337,22810,2007-05-01
505498,170461,25445,140039,129872,315038,65127,24977,2007-05-08
495194,150795,28768,144222,137436,296486,62742,25718,2007-05-15
503146,142348,37979,152858,145011,281090,62928,31219,2007-05-22
485884,134623,38421,140507,147407,269785,63347,37170,2007-05-29
451514,143638,31718,129075,127421,271043,51380,19678,2007-06-05
481714,123350,47956,149712,159129,259636,49523,24410,2007-06-12
481432,123335,39989,153988,152387,266632,51723,20823,2007-06-19
477171,116524,56094,151146,161571,245444,47929,24486,2007-06-26
445464,107932,43789,144842,142522,234963,50167,21870,2007-07-03
460710,112479,40274,148373,142343,248862,57515,23201,2007-07-10
458921,113773,35084,145520,139192,253685,60436,24632,2007-07-17
490884,155169,27784,149810,123048,292430,62857,20861,2007-07-24
425305,114426,31688,132785,125030,242445,53064,18387,2007-07-31
429149,124478,31837,132170,119377,246832,53123,18309,2007-08-07
428617,120581,22564,134615,119596,252896,53825,18542,2007-08-14
418657,101114,31689,133402,135334,230997,48806,22568,2007-08-21
407664,105209,24359,126809,128991,234549,46655,21948,2007-08-28
432389,132256,26268,128134,116842,253934,55157,24053,2007-09-04
499547,165390,23325,143972,127668,307141,62517,25108,2007-09-11
522636,178258,19449,150703,128970,324224,64705,28260,2007-09-18
550958,207286,17788,150572,125993,352170,67107,30428,2007-09-25
559674,215348,20437,160042,120501,353921,63783,25274,2007-10-02
582150,229012,17361,171120,120309,370709,61708,22959,2007-10-09
623197,242750,17966,187331,125384,390069,67731,27831,2007-10-16
637345,227362,17493,209185,135016,384502,65782,26165,2007-10-23
673656,236961,16060,220008,150478,411529,66208,26058,2007-10-30
733716,242634,19895,253051,163545,428065,74487,32706,2007-11-06
716152,226983,17700,242754,175348,421698,71066,33999,2007-11-13
673449,209561,18010,221584,176486,408149,65819,25707,2007-11-20
623013,209969,21585,173551,171358,393192,68136,34685,2007-11-27
589490,194145,14636,176246,157479,377722,61620,20887,2007-12-04
595037,199104,15520,182897,151272,376868,61763,19752,2007-12-11
605938,200915,18369,189291,151160,376304,64572,21975,2007-12-18
636180,214001,16698,201693,159163,396762,61323,21028,2007-12-24
671656,231754,19943,208710,164770,419028,66422,23975,2007-12-31
712073,240447,22443,221668,178847,441634,71111,26328,2008-01-08
763873,246474,21946,242527,204601,469681,70271,29719,2008-01-15
729446,239466,21505,227528,184630,442105,77823,38308,2008-01-22
644842,239669,19685,168502,162478,424016,74194,32639,2008-01-29
616126,238234,20391,159670,153463,411372,64759,24692,2008-02-05
608654,242684,23537,152644,148920,407652,64407,24822,2008-02-12
632515,251966,28093,157314,154535,421608,68701,25500,2008-02-19
646391,254665,32573,157776,158092,426250,75858,29792,2008-02-26
652339,242944,33465,173806,159056,416411,76533,28657,2008-03-04
653481,241711,28924,174176,163750,426036,73844,24344,2008-03-11
677503,233445,29084,189605,178904,433137,75548,25676,2008-03-18
621294,217299,26636,168412,165114,389671,70469,36575,2008-03-25
527365,192960,22641,136395,141037,345550,56972,22780,2008-04-01
541247,199108,24421,144723,142555,349481,54861,22622,2008-04-08
560461,204758,23282,151138,145671,363556,58895,22485,2008-04-15
560056,203178,25370,151539,150051,363090,55288,20057,2008-04-22
555068,192639,28225,147614,155228,346802,59586,32428,2008-04-29
564330,188501,31406,154407,165658,352316,55763,26202,2008-05-06
569844,192389,38570,150602,171862,353096,54991,27575,2008-05-13
595544,211592,25796,159207,162690,385213,62055,25328,2008-05-20
526321,219749,26983,118102,127366,350673,61104,30563,2008-05-27
498320,199687,27975,113222,130025,336411,55387,20711,2008-06-03
500937,188919,36985,121529,135260,321748,55229,20675,2008-06-10
499699,181693,26957,124985,136342,326877,56680,20881,2008-06-17
520630,190698,35123,128324,139426,331905,62182,25278,2008-06-24
570018,226922,33504,133850,139080,375660,70165,27004,2008-07-01
576516,227049,31847,132344,146853,384670,70270,27656,2008-07-08
650891,250177,30478,151590,169943,436548,79182,32276,2008-07-15
627575,237262,27626,151225,166948,422580,72140,26144,2008-07-22
557468,213190,24836,131904,152491,381446,59882,19281,2008-07-29
521480,188484,24740,124515,145589,347814,62893,24411,2008-08-05
495782,149168,28342,132485,157807,307193,56320,27761,2008-08-12
508294,132214,30864,140860,181458,303986,53762,32585,2008-08-19
501737,134489,40604,135201,183310,296932,48737,28999,2008-08-26
505297,125015,45148,136960,193441,290706,49880,32482,2008-09-02
521693,117819,51020,143749,211182,291839,48943,35084,2008-09-09
538058,127614,56591,158315,203185,289582,48944,33570,2008-09-16
538850,146726,33664,164670,172939,308918,54515,31598,2008-09-23
490130,133121,20379,144456,157711,296384,54842,28910,2008-09-30
490812,132346,21938,147836,157013,289882,53617,31156,2008-10-07
482650,123104,20876,146712,158573,282067,54261,32994,2008-10-14
483544,111224,23216,153728,173498,272847,45094,33754,2008-10-21
481118,106351,35607,151762,183543,263392,39462,30356,2008-10-28
470721,107197,46032,147008,176894,248063,39621,29617,2008-11-04
460180,102869,50873,145856,173946,233150,37509,30301,2008-11-11
454194,100512,44478,140760,168485,232517,44437,36439,2008-11-18
397306,117984,28386,103731,132469,234940,43122,30249,2008-11-25
385038,112408,21607,103492,128677,230542,40462,29397,2008-12-02
382946,111004,21997,102332,129573,231171,40037,27446,2008-12-09
418216,136916,17661,109220,126271,261827,45809,29507,2008-12-16
426122,145758,14105,111741,127056,272890,41566,27386,2008-12-22
431499,154007,15712,105454,125152,281980,46886,28352,2008-12-30
451283,159377,14626,109279,133551,295986,49075,31392,2009-01-06
444004,152461,14703,108460,137423,290748,45660,30094,2009-01-13
470121,154652,17637,115036,151060,304861,49373,32587,2009-01-20
482631,173655,21135,101948,151906,323907,55123,35641,2009-01-27
482938,189933,21830,91676,146599,338913,54730,30519,2009-02-03
497376,198084,20871,95793,149230,353192,54269,27520,2009-02-10
533721,207366,23271,111100,152714,368375,62541,30975,2009-02-17
544159,207506,28916,113415,160359,369291,62879,32537,2009-02-24
521048,196611,24135,106156,157393,361108,60888,29649,2009-03-03
520943,183585,28031,112215,163346,349364,61796,31333,2009-03-10
531340,182066,18999,116297,175177,365738,57801,30307,2009-03-17
550217,185442,19324,118737,187458,385177,58581,26979,2009-03-24
501780,189271,21047,98607,155914,353499,57988,28627,2009-03-31
472002,169198,31725,99981,146179,311537,56643,28759,2009-04-07
464050,170290,30037,100564,137116,303446,56080,30003,2009-04-14
468927,166953,33589,106071,142048,299023,53855,30244,2009-04-21
470135,172383,32251,102689,137656,304110,57407,31084,2009-04-28
472679,177482,35434,104717,128345,302739,62134,29788,2009-05-05
494888,192947,37067,110915,129519,319756,61507,27151,2009-05-12
507912,195646,24774,118954,130880,337388,62433,26796,2009-05-19
518847,216832,26908,106016,127480,349696,68519,36228,2009-05-26
533716,226535,21652,112054,130656,376094,64471,23915,2009-06-02
522637,222682,21323,109207,128607,367220,62142,24888,2009-06-09
503662,208048,24944,107447,129850,347116,58317,24155,2009-06-16
495029,198846,27890,105987,132116,333590,58079,27561,2009-06-23
496694,197959,28224,104307,133065,338894,61363,25269,2009-06-30
489899,194828,23767,102673,137435,337873,54963,25586,2009-07-07
494289,187333,27035,109669,144631,330574,52656,27010,2009-07-14
523285,203538,22478,118176,142179,355963,59392,26668,2009-07-21
497393,200795,23936,106124,135683,344193,54791,23140,2009-07-28
519409,223607,19432,105942,129799,370114,60061,23921,2009-08-04
504419,216015,18275,103894,125252,357712,59259,24538,2009-08-11
493315,205835,24378,104135,128075,338839,55270,25963,2009-08-18
501066,209086,19476,106348,128731,348913,56902,26330,2009-08-25
506321,211406,19384,105866,128383,354714,60666,26358,2009-09-01
602564,262004,20018,125900,136955,427167,77705,29480,2009-09-08
622094,273953,18770,129186,133066,439376,85890,34762,2009-09-15
628409,274710,19185,131761,135415,443356,86523,34106,2009-09-22
575097,260419,17925,111207,126538,414845,76933,31121,2009-09-29
634969,284104,24615,125690,131221,435802,93954,48862,2009-10-06
671445,305644,25018,138754,139710,464314,87337,43359,2009-10-13
676857,301473,23119,150469,137949,466294,86965,36975,2009-10-20
651634,285493,20467,139566,140190,449222,86385,42378,2009-10-27
687283,297845,26281,165334,154175,469904,69929,25763,2009-11-03
737391,301150,28343,181679,162979,482034,91583,45336,2009-11-09
773681,299818,29053,198159,180347,492119,95358,54351,2009-11-17
693661,302732,29180,142454,162524,481326,85951,40701,2009-11-24
717426,305232,32815,151197,169647,492593,91349,40820,2009-12-01
694650,293475,28700,158456,157106,468759,85613,38736,2009-12-08
692120,291523,23556,159526,154058,472533,87014,36505,2009-12-15
688212,276401,27062,168091,157924,459255,85796,33804,2009-12-22
669947,267667,25721,161155,158294,451746,82830,31324,2009-12-29
691557,268030,25622,171683,162488,458567,89355,35684,2010-01-05
709092,277219,28859,182726,162965,466913,86182,30594,2010-01-12
722085,268663,27048,192652,174493,470355,86276,32030,2010-01-19
651455,251848,28918,156064,161856,423612,81687,42862,2010-01-26
638521,252126,29844,157122,158050,416152,71222,35403,2010-02-02
632281,227091,38446,165063,168218,391316,71909,37456,2010-02-09
609964,226220,32875,149898,158459,383891,75387,43301,2010-02-16
630275,238959,27138,161859,152567,403980,76890,37298,2010-02-23
657701,248398,25493,172242,159711,428589,77351,31378,2010-03-02
666239,248573,24936,172324,168083,437755,77259,31223,2010-03-09
675464,244938,27658,187823,166451,427869,76254,32114,2010-03-16
665203,226055,27827,186978,177746,418468,74425,31931,2010-03-23
603626,213643,26859,150494,177841,400724,61647,25549,2010-03-30
648116,253253,29401,156925,170574,438422,67364,23368,2010-04-06
696345,273080,25801,169294,183311,475555,70661,25696,2010-04-13
682040,256290,21712,164465,186547,470827,74740,25037,2010-04-20
701919,278445,27000,151721,193880,488245,77874,34953,2010-04-27
735006,288019,27028,166065,204754,509722,76168,32190,2010-05-04
828659,303412,27103,195033,242417,566805,87797,39718,2010-05-11
836014,297077,22308,205389,249133,573430,84415,34886,2010-05-18
776675,279456,26126,196880,222801,518900,77539,34770,2010-05-25
751380,279643,23448,163847,231664,533133,76225,30951,2010-06-01
787244,288306,24838,175343,242906,554009,80689,33054,2010-06-08
782911,288332,22349,172427,243821,560273,78331,27863,2010-06-15
825811,297375,23173,185649,256590,583162,86197,33828,2010-06-22
820732,294968,21945,187012,259438,579347,79313,32428,2010-06-29
787211,261878,30497,180506,269805,543796,75022,32411,2010-07-06
777861,255475,23503,182903,264860,542119,74623,29336,2010-07-13
777591,236052,37238,191513,280163,518291,69862,30548,2010-07-20
727447,233465,30735,172527,248985,492016,72470,32169,2010-07-27
695147,230223,28667,161068,238597,477694,65260,27718,2010-08-03
703935,232629,24665,169651,233551,482752,68104,26867,2010-08-10
743672,252186,25222,182401,235727,508606,73358,27443,2010-08-17
763300,270100,24644,184253,236647,525608,72301,28796,2010-08-24
781195,287261,26348,182188,234950,543702,76796,28957,2010-08-31
799564,291762,27129,191340,235433,549345,81029,31750,2010-09-07
822441,302454,30466,199804,238244,560072,81938,32099,2010-09-14
831929,300166,27880,207308,242154,564320,82301,32421,2010-09-21
840745,311557,31177,195846,249631,575655,83711,38068,2010-09-28
873968,315769,32307,222658,256304,579800,79237,39204,2010-10-05
889504,316244,33990,232821,261603,587819,78836,34874,2010-10-12
909477,309667,33751,254889,264315,583818,80606,37019,2010-10-19
862669,290762,31293,231346,259945,564010,80616,36021,2010-10-26
897868,290865,37327,249678,276889,578230,80436,32633,2010-11-02
979800,305007,37706,295871,293299,606803,85622,39419,2010-11-09
924518,272708,33357,278503,284995,572847,88312,39812,2010-11-16
813977,269561,32318,206134,251901,533132,86381,42393,2010-11-23
804955,273714,28915,204963,246880,536150,79398,34927,2010-11-30
829161,277239,25811,215826,251250,550222,84845,37302,2010-12-07
818562,265860,24436,215550,253954,545098,83198,33478,2010-12-14
800320,257468,27568,204243,260225,537807,78384,30702,2010-12-21
803377,263992,26312,200929,255696,539892,82761,36245,2010-12-28
796505,256944,32221,193786,256070,535762,89704,34735,2011-01-04
795947,241451,39565,209434,265301,517493,79762,29456,2011-01-11
801933,244054,54620,212435,267727,501345,77717,33532,2011-01-18
735631,234717,58889,165344,258399,474879,77170,36519,2011-01-25
641234,222390,51684,128082,216682,431331,74080,30137,2011-02-01
653146,237138,45857,126645,213458,449433,75906,31211,2011-02-08
664111,243160,43735,130494,213074,460251,77382,29631,2011-02-15
725747,260938,47688,151590,227870,494661,85348,31807,2011-02-22
741438,275184,44859,153167,226614,512734,86472,30678,2011-03-01
740976,268600,42527,162099,222668,508120,87608,28231,2011-03-08
735415,251258,45643,168449,238750,492485,76958,28838,2011-03-15
741348,245124,34589,181368,232886,495729,81971,29663,2011-03-22
672647,249195,35212,127953,218876,482961,76623,26520,2011-03-29
710994,271713,40955,130787,222335,509426,86158,29826,2011-04-05
720941,270364,41471,143551,225017,508199,82009,27720,2011-04-12
780145,291192,39482,168014,233820,538324,87119,34324,2011-04-19
763754,281023,42712,156159,241819,529873,84752,35010,2011-04-26
805910,278126,41623,194036,248776,534388,84972,35863,2011-05-03
788164,255815,42851,184917,267173,527124,80260,33272,2011-05-10
772908,234858,39878,188236,274037,513657,75777,31136,2011-05-17
831374,255455,41940,217163,280168,539965,78587,32305,2011-05-24
715858,261494,38510,145340,232055,505238,76969,26770,2011-05-31
730025,265739,34446,153464,233997,515402,76825,26714,2011-06-07
718929,256751,34899,152021,236955,506383,73202,25626,2011-06-14
750516,278066,39278,159544,235010,523419,77896,28275,2011-06-21
703831,232841,38284,152762,241950,481807,76279,30979,2011-06-28
702311,227245,40122,157089,243614,477463,74364,27637,2011-07-05
775360,282404,46211,167452,245075,529346,80428,32350,2011-07-12
854141,302828,39765,213062,258069,566112,80183,35203,2011-07-19
791632,300143,30654,166250,239698,557631,85542,37098,2011-07-26
817915,319752,30502,175842,244447,575243,77874,36329,2011-08-02
906419,290342,31159,238753,290628,594365,86696,42142,2011-08-09
952078,289390,31476,274289,303231,609736,85166,36576,2011-08-16
1034978,279511,31542,324635,345271,634910,85562,43891,2011-08-23
955019,257750,25112,290128,325952,600409,81189,39369,2011-08-30
1007750,267098,25594,315388,339884,625638,85379,41130,2011-09-06
986214,253812,29084,305903,347052,614673,79447,36554,2011-09-13
965320,230207,27175,302114,348843,600631,84155,35400,2011-09-20
824865,195497,36743,228369,326598,526349,74401,33403,2011-09-27
804393,194030,31716,225582,318961,515167,65820,31929,2011-10-04
806727,194306,26284,227725,316273,520252,68423,32466,2011-10-11
794999,186757,26772,224939,315416,509584,67887,33705,2011-10-18
809584,197135,28792,230870,307570,516348,74008,33573,2011-10-25
785989,200577,22521,215290,295378,517732,74744,30447,2011-11-01
845013,223053,22073,227269,304597,550453,90095,45219,2011-11-08
838080,227366,23568,227640,302666,552873,80408,33999,2011-11-15
678699,204899,26099,143709,254429,466247,75662,42645,2011-11-22
646836,198377,24049,142122,235791,450199,70546,30466,2011-11-29
655854,206383,23916,148916,227446,453332,73109,29690,2011-12-06
654915,190428,27259,154698,240129,440272,69660,32685,2011-12-13
666530,174674,33770,171589,255375,428934,64892,32237,2011-12-20
624191,168897,32990,145393,247971,417537,61930,28270,2011-12-27
642722,170814,35028,155304,253342,421118,63263,31273,2012-01-03
644348,170332,30897,158045,251448,425856,64523,29551,2012-01-10
667548,174103,28095,163248,263928,447863,66269,28342,2012-01-17
663855,182191,27164,160710,253439,446728,67515,29252,2012-01-24
660852,211698,23511,148802,235173,463251,65180,25288,2012-01-31
688505,223344,27653,159946,235634,476251,69580,24655,2012-02-07
672325,214239,30438,156213,235607,463166,66266,22508,2012-02-14
714931,233110,31473,169434,238225,489332,74162,24692,2012-02-21
737521,253817,32275,170635,234282,509900,78786,24711,2012-02-28
676087,201331,29307,164068,244653,455944,66035,26768,2012-03-06
683178,196610,33334,171066,245413,452146,70089,26632,2012-03-13
675513,175472,37313,167132,267243,443015,65667,28053,2012-03-20
626687,190984,30933,136301,238172,436128,61231,23326,2012-03-27
623172,180702,31103,138024,242059,429290,62387,24755,2012-04-03
640791,174847,31148,157708,243750,423891,64486,28044,2012-04-10
640395,171313,24480,160446,246447,429623,62190,25846,2012-04-17
641899,168295,28846,158848,253368,427222,61388,26983,2012-04-24
648716,175731,28356,156886,251895,438744,64203,24730,2012-05-01
667617,165288,44309,171817,269967,421163,60545,30328,2012-05-08
699370,156510,52686,186703,296483,427435,59674,32546,2012-05-15
728017,163036,56040,200743,303638,434365,60600,36869,2012-05-22
674096,162787,61321,169229,285588,409627,56492,33919,2012-05-29
704117,186411,56988,182089,272704,431071,62913,33968,2012-06-05
695294,183769,50847,186097,264343,425525,61084,32825,2012-06-12
701862,185237,47226,188024,268046,434835,60555,31777,2012-06-19
656194,171718,55962,165542,263707,403242,55226,31447,2012-06-26
670160,185507,48271,164582,259598,427878,60473,29429,2012-07-03
673276,175523,56742,166915,270659,417898,60179,31722,2012-07-10
681387,171869,50935,174857,272730,425488,61931,30107,2012-07-17
674786,154334,51542,181118,278435,407048,60899,35078,2012-07-24
644298,174273,45437,155817,252919,413746,61289,29298,2012-07-31
622617,166060,47049,151874,242844,395208,61840,28486,2012-08-07
619661,165450,47227,154450,238989,389436,60772,28548,2012-08-14
647383,180441,40315,162777,233084,415653,71082,28638,2012-08-21
670216,203355,36236,160955,231889,448655,74017,24370,2012-08-28
709605,217032,32308,176106,236896,472397,79573,28795,2012-09-04
764181,231870,27947,197372,251019,511449,83920,27412,2012-09-11
808829,248668,27401,211644,262172,542939,86345,26844,2012-09-18
759250,257088,22475,184801,238342,531514,79018,20460,2012-09-25
759596,264379,24439,180294,229135,531763,85788,23101,2012-10-02
759329,269711,25416,186711,223208,525440,79699,21763,2012-10-09
731636,252479,26386,178091,221600,503039,79466,24120,2012-10-16
718402,231402,26666,180315,228757,487509,77928,23912,2012-10-23
689762,220648,27254,159131,229878,478060,80105,25317,2012-10-30
700259,209909,26224,178110,235274,468506,76967,27420,2012-11-06
718200,221820,26817,177277,237515,487988,81589,26118,2012-11-13
725595,229435,27108,179384,237190,496623,79585,22480,2012-11-20
649280,241888,23497,125373,196497,475278,85522,25132,2012-11-27
610268,204506,32204,125822,200230,426922,79710,25319,2012-12-04
625088,206748,30701,135629,204114,433800,78597,24957,2012-12-11
633191,199724,40216,143417,213580,420368,76470,29190,2012-12-18
630843,192668,43521,148142,220092,409986,69941,29193,2012-12-24
595223,198885,45219,119719,205966,401748,70653,28537,2012-12-31
615254,190528,46875,136194,221480,402637,67052,29548,2013-01-08
638659,192796,41578,145526,229002,421908,71336,29648,2013-01-15
659275,195719,36537,161603,228890,433375,73062,27760,2013-01-22
598100,183190,52121,120157,225303,397752,69450,28070,2013-01-29
610796,196813,52318,131801,215164,397712,67017,28965,2013-02-05
628752,196438,67857,135398,228487,391978,68429,33519,2013-02-12
666103,189328,90948,161824,245536,373572,69415,39760,2013-02-19
642459,196956,83318,149005,234724,369022,61774,41114,2013-02-26
666993,182688,87676,172691,246747,368535,64867,38091,2013-03-05
681973,189128,86834,178693,249336,380134,64816,36312,2013-03-12
703073,198922,70926,194280,245804,399893,64068,37975,2013-03-19
633658,194730,66998,147885,230855,384934,60187,33840,2013-03-26
647002,193389,82930,158389,237255,370902,57969,34782,2013-04-02
653859,195821,83270,160722,238384,375648,58933,34220,2013-04-09
808120,184696,78619,257985,308210,430861,57229,40656,2013-04-16
824660,174596,90905,274441,325420,411493,50204,47821,2013-04-23
749677,171901,86011,226863,305597,389428,45316,47374,2013-04-30
780761,168566,89695,237530,328182,405366,46483,48170,2013-05-07
807394,163282,94340,252645,341962,412115,49504,48294,2013-05-14
847211,161137,99204,275692,358063,425884,52320,46431,2013-05-21
691958,168520,113317,197934,275055,333019,50449,47689,2013-05-28
659936,168309,103455,198818,250847,316478,41962,41186,2013-06-04
677874,170550,110323,208262,256718,317049,42344,42240,2013-06-11
689311,162529,119185,212731,270294,314871,43757,42524,2013-06-18
694750,158161,125292,215269,278039,314051,43281,40137,2013-06-25
776879,160905,129616,253839,316701,351456,45434,41968,2013-07-02
808703,163861,136016,261799,338291,369793,44751,41095,2013-07-09
823667,162437,121305,255768,360595,403828,44867,42766,2013-07-16
830568,170353,112575,263620,351500,409557,45095,44817,2013-07-23
723932,167118,115255,216558,301063,350807,39194,41311,2013-07-30
738021,164632,91737,213733,317771,393985,41886,38566,2013-08-06
731908,161748,79465,214512,311561,401511,44086,36419,2013-08-13
747070,174592,71695,225161,303760,414044,43557,36170,2013-08-20
723116,180516,54299,207075,291605,427759,43920,33983,2013-08-27
739479,180877,53214,211669,297846,439828,49087,34768,2013-09-03
721444,162857,52192,209026,305185,427986,44376,32240,2013-09-10
738604,154668,60839,218656,319735,421632,45545,37477,2013-09-17
729363,155399,55450,217190,314020,420969,42754,35754,2013-09-24
689447,154713,57211,190048,301468,406321,43218,35866,2013-10-01
687618,154595,44554,192003,297599,416941,43422,34120,2013-10-08
715953,151803,67691,200102,320133,409719,43915,38441,2013-10-15
715600,163418,54968,199982,309576,423168,42624,37482,2013-10-22
695510,167538,38962,187055,298594,433720,42323,35773,2013-10-29
695794,161418,45159,188801,304254,423832,41322,38002,2013-11-05
724276,157152,72449,200181,320577,410685,46365,40960,2013-11-12
724803,154682,82842,204687,320895,398054,44539,39220,2013-11-19
636307,151118,98891,154834,288354,342523,42000,40058,2013-11-26
641036,151150,102614,160226,287126,335677,42534,42518,2013-12-03
629838,152770,95868,157226,277931,337117,41911,39627,2013-12-10
656536,152056,97530,168729,293533,349663,42218,40615,2013-12-17
667491,151256,96669,177234,296997,350730,42004,42858,2013-12-24
628586,152452,94136,155224,279146,338055,41764,41171,2013-12-31
630115,156270,89792,156579,275604,343857,41662,39887,2014-01-07
664721,162705,91741,162498,298467,369616,41052,40867,2014-01-14
663764,162253,89976,159021,302067,372814,40423,41953,2014-01-21
608056,167696,77419,133728,269790,358697,36841,38211,2014-01-28
602247,165286,76912,139386,261974,351148,35600,34800,2014-02-04
617237,177365,78375,142317,257899,357873,39656,38672,2014-02-11
657075,190511,70826,162430,260289,386117,43845,37702,2014-02-18
637838,193673,52359,150441,250370,400193,43354,34845,2014-02-25
656664,193754,46415,162417,258830,411868,41663,35964,2014-03-04
684249,193209,40942,179270,266799,424912,44971,39125,2014-03-11
711980,202885,30681,190516,273475,453836,45104,36948,2014-03-18
675535,184632,39101,180518,266083,422654,44302,33263,2014-03-25
607938,174189,47068,151413,237361,379074,44975,30383,2014-04-01
614585,168495,47610,155104,247155,381155,43830,30716,2014-04-08
628029,165879,52321,162044,257354,378734,42752,34930,2014-04-15
632178,162997,52339,160523,265425,384772,43232,34543,2014-04-22
621734,165365,53270,151416,261844,385130,43109,31918,2014-04-29
651381,181195,54048,160365,265942,405338,43880,31631,2014-05-06
641801,176007,56930,158903,262050,391541,44842,34427,2014-05-13
637142,172356,55274,160921,261058,387907,42807,33039,2014-05-20
610131,172072,79362,143278,247072,345147,47709,42344,2014-05-27
604437,170545,93650,143623,249380,329318,40888,37846,2014-06-03
598946,170102,94129,141274,247321,325307,40248,38236,2014-06-10
601503,173620,78966,141294,247954,342620,38635,38624,2014-06-17
639293,203131,56892,152390,237697,394343,46074,35668,2014-06-24
632177,218090,49785,142357,223944,407078,47786,32957,2014-07-01
638504,218022,47931,147662,224103,410571,48717,32340,2014-07-08
639522,212149,51976,153331,227647,403235,46395,30979,2014-07-15
643364,212653,45957,160380,224092,405361,46239,31666,2014-07-22
575402,203355,48582,126356,204612,369329,41079,31135,2014-07-29
563036,188772,54898,129129,203659,347919,41477,31090,2014-08-05
581490,209214,43254,131990,194922,373871,45364,32375,2014-08-12
574443,197830,45013,129497,202933,360380,44183,39553,2014-08-19
552454,184158,58526,122681,201920,338036,43695,33212,2014-08-26
568103,181250,75426,129262,213347,326641,44244,36774,2014-09-02
600722,185347,83063,144082,228108,333522,43184,40055,2014-09-09
625164,177225,94564,160837,241677,329190,45424,40572,2014-09-16
644637,174503,103747,172090,255467,327679,42578,41121,2014-09-23
610095,172206,105123,153666,243957,307825,40266,43480,2014-09-30
619593,172662,105694,158224,248889,313346,39818,42329,2014-10-07
641301,191574,104214,165405,245922,326819,38401,44864,2014-10-14
669147,204257,92978,177048,250308,357718,37535,41403,2014-10-21
641605,196373,91852,167687,242924,344996,34621,37070,2014-10-28
691425,174202,112963,197981,280275,334156,38967,46324,2014-11-04
735438,172113,117357,212131,310695,359906,40499,46043,2014-11-11
755453,184157,99280,212562,320196,394621,38539,48990,2014-11-18
595199,180186,88707,140814,237166,321380,37033,44298,2014-11-25
578664,184614,79863,137294,218655,323373,38101,38133,2014-12-02
598203,203156,67572,142450,210475,346851,42122,41330,2014-12-09
595431,196636,60261,141936,219322,352363,37537,40871,2014-12-16
570538,191976,66778,131134,214438,333047,32989,39578,2014-12-23
569339,195001,63858,133100,203224,331205,38014,41176,2014-12-30
597165,200644,62280,148419,209460,347582,38641,38884,2015-01-06
607853,207989,59438,149194,207785,362639,42885,36583,2015-01-13
700698,248222,59521,183589,220808,422580,48078,35007,2015-01-20
656429,262284,51047,149487,197663,425773,46996,30122,2015-01-27
639243,248259,45162,142382,199809,421754,48794,29946,2015-02-03
609302,219168,46183,141781,202013,391702,46341,29636,2015-02-10
602502,204772,58181,144799,207389,367186,45542,32336,2015-02-17
592890,199755,60890,140200,212441,362931,40494,28869,2015-02-24
598983,195193,66681,142575,217216,354315,43998,35412,2015-03-03
630766,187299,90070,155269,242346,348053,45852,37374,2015-03-10
667988,178442,108642,167902,276030,350252,45615,41192,2015-03-17
667089,184532,110275,172809,270174,343948,39575,40057,2015-03-24
572616,180115,91489,134759,221593,311610,36149,34757,2015-03-31
579573,191667,80720,139232,210638,329024,38037,30597,2015-04-07
586197,193390,84642,147400,207781,321752,37626,32403,2015-04-14
592646,194116,81862,155363,204051,319988,39116,35434,2015-04-21
592531,197331,87428,154980,201958,317220,38263,32903,2015-04-28
598100,177256,98175,166705,218082,299017,36057,34203,2015-05-05
601344,182713,99980,157857,225351,308799,35423,34708,2015-05-12
628414,208057,77807,156693,221091,361651,42573,32263,2015-05-19
567268,196803,85674,124549,206251,322849,39665,34196,2015-05-26
559404,199625,87987,122225,201531,317510,36024,31682,2015-06-02
572475,189785,110403,127000,217387,300870,38303,34201,2015-06-09
587957,195521,113908,132686,222521,305813,37229,35551,2015-06-16
602869,207208,108452,135748,220394,325560,39521,33109,2015-06-23
607373,196075,126302,138036,232205,310288,41056,32746,2015-06-30
624457,192522,141912,144804,245764,298834,41368,38907,2015-07-07
636436,189648,140664,149746,257187,307511,39854,38515,2015-07-14
688184,183702,160134,175204,289237,306862,40042,45985,2015-07-21
630687,180959,157081,154320,262578,273993,32829,45292,2015-07-28
635992,181234,153587,162819,255576,268826,36362,50760,2015-08-04
634115,185017,152714,160716,249232,273956,39150,46729,2015-08-11
636582,185116,140043,165272,250091,283813,36102,47453,2015-08-18
661565,193405,116687,180526,251317,319692,36317,44660,2015-08-25
608673,185395,107622,157506,229265,303706,36507,39839,2015-09-01
616676,181817,122008,159382,238385,295103,37091,40183,2015-09-08
609014,168892,132801,163760,239961,270005,36402,42449,2015-09-15
611945,180716,121353,162034,233670,289353,35525,39205,2015-09-22
600090,184378,105632,152012,227838,303599,35861,38847,2015-09-29
625986,193998,101178,165405,229316,324351,37267,35053,2015-10-06
641353,206492,79959,167833,227685,355791,39343,37770,2015-10-13
686201,233132,70332,182373,223692,398644,47004,34852,2015-10-20
652091,225777,63049,167987,217523,389003,40804,32052,2015-10-27
631868,190149,76498,169065,229611,352992,43043,33313,2015-11-03
639510,167232,102456,180921,246717,316069,44640,40064,2015-11-10
656475,165084,136121,177177,270123,294588,44091,48589,2015-11-17
535410,162092,141849,116582,214891,231475,41845,45505,2015-11-24
536215,160479,147438,118844,218055,225105,38837,44828,2015-12-01
542365,164658,140161,125943,212862,232406,38902,43855,2015-12-08
553569,159955,139642,137321,217381,233150,38913,43457,2015-12-15
561090,155933,123749,150517,215801,244382,38839,42442,2015-12-22
539984,152028,128717,142535,206064,226124,39358,42608,2015-12-29
552648,154764,124177,154730,205994,229814,37160,43927,2016-01-05
551508,160944,112697,143482,205805,253064,41277,42265,2016-01-12
567155,159793,112721,163670,206409,250076,37282,40688,2016-01-19
530273,178509,109778,138357,172052,241682,41354,40455,2016-01-26
537133,184321,100456,130475,179237,267946,43100,38255,2016-02-02
643820,219947,94561,167218,209164,340796,47491,41245,2016-02-09
697444,225098,76472,191204,229524,392944,51618,36823,2016-02-16
733879,246402,67423,202042,230103,427016,55332,37398,2016-02-23
701954,248418,64802,186421,211142,413891,55973,36840,2016-03-01
788410,280680,67823,226543,222061,455602,59127,38442,2016-03-08
761637,266517,63095,221725,218545,438450,54850,38367,2016-03-15
782861,279345,63004,220882,225939,463536,56695,35438,2016-03-22
689723,278105,63991,162061,196118,428948,53440,34724,2016-03-29
685591,277700,64352,163889,192185,422597,51817,34752,2016-04-05
743572,306027,63303,179961,203846,464575,53739,35734,2016-04-12
735270,308286,62718,175263,197122,465736,54600,31553,2016-04-19
703778,302990,59647,161446,189335,452834,50007,29851,2016-04-26
816948,356491,56595,200892,203747,527207,55818,32254,2016-05-03
819565,353084,59675,205181,205107,519396,56194,35313,2016-05-10
847879,358956,60305,220488,211076,533965,57360,33120,2016-05-17
776500,303550,69475,187920,226891,480930,58139,38175,2016-05-24
679932,281904,66267,145752,200769,434531,51507,33382,2016-05-31
701199,309440,58763,153450,187322,453086,50986,35899,2016-06-07
794622,366698,60658,173021,204485,527538,50418,33405,2016-06-14
815220,371148,54623,180871,210498,545440,52703,34286,2016-06-21
854547,391712,61929,191863,217363,571435,53609,29320,2016-06-28
946255,414837,67092,240497,234569,606577,56352,32089,2016-07-05
910785,394636,65368,230973,227397,584759,57780,29685,2016-07-12
890097,381682,62894,226322,221037,569787,61056,31095,2016-07-19
798270,361784,56279,179071,202835,538556,54580,24363,2016-07-26
845903,385069,58805,191776,209440,565812,59618,29510,2016-08-02
823554,371220,58499,187792,207136,546834,57405,30428,2016-08-09
837871,367975,55537,200048,211112,551247,58736,31039,2016-08-16
832258,373298,50599,200802,201738,547798,56420,33058,2016-08-23
779556,349497,57789,179971,191857,509748,58230,32048,2016-08-30
831338,387403,57280,189578,195987,548523,58371,35958,2016-09-06
806108,359951,57625,187272,200498,529835,58387,31376,2016-09-13
793177,332163,59508,189571,205598,513857,65846,30242,2016-09-20
792666,368769,57647,166815,200512,535001,56570,33202,2016-09-27
761990,329257,67611,182044,190303,479996,60386,32339,2016-10-04
731252,286209,75612,190353,194907,433080,59782,32206,2016-10-11
728151,275517,80622,196895,198929,419188,56809,31445,2016-10-18
736562,288565,76152,194607,198369,432966,55021,32837,2016-10-25
739201,296065,71158,188131,198353,447749,56654,32164,2016-11-01
748147,292443,69295,197860,201829,454120,56015,26872,2016-11-08
712406,241712,66974,202690,212675,411993,55329,30750,2016-11-15
634083,235809,77094,169596,174665,360454,54013,26939,2016-11-22
600844,223023,80317,152024,175835,335821,49962,32681,2016-11-29
608167,219675,92020,161657,175823,323956,51011,30534,2016-12-06
623974,219955,99779,170825,181290,324371,51905,28999,2016-12-13
647827,205182,101564,196332,192935,318251,53377,31680,2016-12-20
597450,198934,107749,173291,177970,290661,47255,25749,2016-12-27
616679,201488,111370,185486,178123,290328,51582,29495,2017-01-03
646101,210142,103616,209512,178230,301381,48217,31592,2017-01-10
689307,218615,111734,235519,186434,308934,48739,33120,2017-01-17
703456,208534,101210,251365,195136,318903,48422,31978,2017-01-24
578481,211867,92774,149373,174240,306461,43001,29873,2017-01-31
622522,218908,97539,171572,186587,324831,45455,28580,2017-02-07
627910,209869,99432,183503,190547,319283,43991,25693,2017-02-14
651490,221880,92627,193925,191206,336115,44479,28823,2017-02-21
656489,250708,82604,175064,182048,366458,48669,32362,2017-02-28
645146,226803,95302,185880,183429,335434,49034,28530,2017-03-07
643969,197853,100119,204374,191567,308729,50176,30746,2017-03-14
677776,223754,101618,216225,189547,324727,48250,35206,2017-03-21
645306,231300,87413,185388,184891,345390,43727,27115,2017-03-28
628054,241650,80467,161559,177186,354401,47659,31627,2017-04-04
681606,253798,76667,185408,189805,381952,52595,37579,2017-04-11
725021,277499,77156,193946,201573,416898,52003,37021,2017-04-18
667987,280182,83923,152512,187612,398932,47681,32620,2017-04-25
656510,269482,84476,151193,186751,387083,49084,33758,2017-05-02
637559,222393,81007,167130,197083,354434,50953,34988,2017-05-09
640232,210705,90449,172769,206056,344222,50702,32792,2017-05-16
697601,239655,80045,189284,218469,393450,50193,34822,2017-05-23
625626,253634,81826,139158,184498,372924,48335,31718,2017-05-30
728589,319033,104932,157855,202435,428276,49266,37527,2017-06-06
682626,300066,102945,145981,191766,402538,44812,31162,2017-06-13
650158,251826,100240,154519,195633,362363,48181,33036,2017-06-20
634481,234322,102165,152526,196511,348380,51122,31410,2017-06-27
650201,214572,123891,169688,212950,318215,52991,38407,2017-07-03
677637,206889,151855,186875,232132,302438,51741,36469,2017-07-11
686311,212660,154615,187147,236838,309682,49666,34867,2017-07-18
673706,219210,126875,170983,235651,340547,47862,35301,2017-07-25
652786,244336,108695,151122,211348,360604,45980,32366,2017-08-01
637727,244193,94351,144375,204842,365459,44316,33543,2017-08-08
694319,276766,84935,162385,210874,411229,44294,35769,2017-08-15
741455,294775,79323,177968,221894,448479,46818,35686,2017-08-22
790158,329175,82736,190075,219164,482135,51744,35212,2017-08-29
860258,349610,84689,213490,240315,520878,56843,41202,2017-09-05
855055,360861,86441,209029,230937,522559,54229,37026,2017-09-12
824227,336962,84186,205912,229455,499922,51897,34206,2017-09-19
764017,312622,84605,177918,226058,471587,47419,29907,2017-09-26
736096,290944,78464,181735,211365,445915,52052,29982,2017-10-03
743032,288982,74443,189524,211096,449686,53430,29379,2017-10-10
746761,288767,79121,190070,215311,447389,52612,30181,2017-10-17
742440,278192,79596,201115,213428,432030,49705,29699,2017-10-24
725380,269343,72657,196681,209518,424250,49839,31792,2017-10-31
731832,275021,73669,200639,205474,426740,50697,30784,2017-11-07
740799,277018,74549,200552,211704,435009,51524,30689,2017-11-14
735317,274718,68971,192371,214800,444112,53429,29864,2017-11-21
667490,294975,59766,136248,185880,443366,50386,28109,2017-11-28
642172,254655,74588,137793,200943,398190,48780,31601,2017-12-05
633192,196653,90067,154555,233153,352760,48831,35810,2017-12-12
629799,193343,76845,157611,231142,362298,47704,33045,2017-12-19
622956,204260,65367,142703,231736,384680,44257,30206,2017-12-26
691269,246679,74658,157660,238469,424278,48461,34673,2018-01-02
747536,292883,80822,171022,232674,460795,50957,34898,2018-01-09
813562,307693,83388,195938,256511,500328,53420,33909,2018-01-16
820887,309695,79888,194473,261255,509620,55464,36907,2018-01-23
777810,308903,83116,170672,244853,487977,53381,36044,2018-01-30
760071,285575,77404,176868,250319,473074,47308,32724,2018-02-06
746321,264687,72237,184297,247539,459234,49799,30554,2018-02-13
774163,269719,62493,191315,256717,487682,56411,32672,2018-02-20
726602,255633,72111,173551,245689,450554,51729,30385,2018-02-27
723005,255216,61879,173701,242990,458220,51099,29205,2018-03-06
732155,238550,63987,193020,247829,444079,52756,31069,2018-03-13
755377,223456,70140,220606,260260,432570,51054,32060,2018-03-20
740664,267781,55903,171044,248264,483421,53575,30297,2018-03-27
702091,241458,68277,160704,251492,447781,48437,25329,2018-04-03
725402,245285,81058,168856,260662,446141,50598,29347,2018-04-10
745971,249337,75420,173711,270567,466322,52356,30518,2018-04-17
731775,229195,87282,176165,270745,438553,55670,29776,2018-04-24
715229,203301,99934,183377,270285,400636,58266,31283,2018-05-01
699566,191839,88299,174771,273178,406391,59779,30105,2018-05-08
740326,182272,101695,194939,293736,402138,69379,41554,2018-05-15
730741,167912,90502,193533,308336,412264,60960,34443,2018-05-22
670827,189253,76499,167044,258001,393595,56529,33689,2018-05-29
648436,180812,73567,162617,249206,380902,55800,31349,2018-06-05
651671,185374,69914,165996,246328,383610,53973,32151,2018-06-12
691070,181231,97481,197319,259068,362077,53453,34193,2018-06-19
664598,181874,116883,167736,259060,345491,55928,34489,2018-06-26
714279,195827,129508,192685,268387,351266,57381,40820,2018-07-03
719736,197589,128533,202282,260383,350258,59482,38663,2018-07-10
768264,193798,154907,226676,289143,346234,58647,40446,2018-07-17
751269,197879,165548,214536,278899,328719,59956,42467,2018-07-24
661303,191548,174615,172350,241323,273061,56082,41277,2018-07-31
684599,187470,194465,185609,256690,264925,54829,39600,2018-08-07
741105,190922,216271,213128,283103,271530,53951,40175,2018-08-14
772428,192353,216317,234029,295128,282419,50918,39663,2018-08-21
719898,194185,211137,199388,277004,275425,49321,33947,2018-08-28
717213,178426,212682,200302,282867,257445,55618,46784,2018-09-04
713486,176273,204790,200018,283350,264057,53844,44620,2018-09-11
717124,177441,206360,202496,287418,269604,49769,38665,2018-09-18
678450,177071,209835,177667,272187,251858,51524,39090,2018-09-25
690249,178735,213936,180843,275560,254536,55112,40935,2018-10-02
705337,158844,215842,205979,286536,243919,53979,39598,2018-10-09
739876,183927,168968,222798,278174,309175,54976,38935,2018-10-16
758944,187549,159145,236250,279662,327246,55483,36303,2018-10-23
720853,162336,156360,229075,274497,300424,54945,34994,2018-10-30
746222,163124,150914,244707,282329,316219,56063,34382,2018-11-06
786537,152829,175760,268845,312279,302244,52585,39688,2018-11-13
781916,160162,155544,257916,314325,334671,49513,33785,2018-11-20
629993,153169,155689,168870,258894,270447,49060,34987,2018-11-27
602198,173697,120977,164554,219551,282770,44397,33897,2018-12-04
616571,171352,102651,173020,221884,308404,50315,32496,2018-12-11
649633,187680,100183,184704,226962,332655,50287,32091,2018-12-18
716336,218002,86647,212781,235398,384995,50154,31912,2018-12-24
705063,226143,81238,196763,230208,396854,51949,30207,2018-12-31
706555,211813,90522,203983,237304,381077,53455,30974,2019-01-08
758539,215794,102817,208095,280499,414365,54151,33262,2019-01-15
767712,198900,101961,213574,295686,411400,59553,40777,2019-01-22
731659,230729,106540,183127,264135,408162,53669,33830,2019-01-29
742347,233655,102889,185573,267624,421711,55494,32174,2019-02-05
735815,228856,102304,184899,268113,417206,53947,31405,2019-02-12
826311,270316,99688,220093,278983,471354,56919,35175,2019-02-19
742474,255148,94213,187148,242538,428797,57640,32316,2019-02-26
699480,203709,106313,189921,246856,371405,58994,31841,2019-03-05
773326,215315,116463,209696,284599,414967,63716,32200,2019-03-12
774937,217719,105592,210004,286943,428848,60272,30493,2019-03-19
744171,226844,89719,193011,255099,425247,69217,36194,2019-03-26
658649,194833,95862,177665,230736,354889,55415,30233,2019-04-02
677719,206809,89464,186535,224517,370959,59858,30760,2019-04-09
674009,177281,121565,197946,238712,319126,60070,35372,2019-04-16
673157,166966,130944,202515,247968,305729,55707,33968,2019-04-23
637690,177741,107592,174978,230691,324373,54280,30747,2019-04-30
665348,186303,108157,197876,226819,327255,54349,32059,2019-05-07
740685,228224,99775,207297,245009,386011,60155,47601,2019-05-14
724237,191767,112079,212997,259399,360582,60075,38579,2019-05-21
669686,194997,109463,154055,262679,371411,57955,34757,2019-05-28
720079,252842,77176,191154,219446,412141,56637,39608,2019-06-04
764776,260843,54903,215554,233776,458181,54603,36138,2019-06-11
858867,291475,55943,249256,258977,514575,59159,39093,2019-06-18
1014917,338456,59492,287910,320774,623683,67777,43832,2019-06-25
1031393,344370,49547,297238,319942,644699,69843,39908,2019-07-02
1010098,330682,56127,278831,326210,636418,74375,38722,2019-07-09
1038695,338248,58974,275051,349110,662182,76286,42488,2019-07-16
1088147,338099,58268,295915,372828,691248,81305,42715,2019-07-23
964960,347815,54968,250069,296714,624137,70362,35786,2019-07-30
1112432,402556,55933,307618,332537,711219,69720,37662,2019-08-06
1183351,396224,51957,345046,370588,749282,71493,37066,2019-08-13
1189816,398983,49336,342709,376693,762803,71431,34968,2019-08-20
1215303,415245,53872,349963,372097,770920,77998,40548,2019-08-27
1217186,414616,49918,350741,377687,779299,74142,37229,2019-09-03
1125346,361265,51491,329331,363783,710804,70968,33721,2019-09-10
1177110,373773,45464,350295,384663,749390,68378,31961,2019-09-17
1247777,404388,46423,369417,402801,794805,71172,37133,2019-09-24
1050013,347010,45509,300426,334698,672127,67879,31951,2019-10-01
1078067,364413,47494,302253,342716,696018,68685,32303,2019-10-08
1058248,341008,57789,304309,342404,662334,70526,33815,2019-10-15
1064778,345675,55143,306266,341858,669942,70978,33427,2019-10-22
1034568,358854,56439,270735,333165,662042,71814,45352,2019-10-29
1071020,363564,61883,300495,334530,676083,72431,32559,2019-11-05
1087776,327426,60236,316434,368137,672759,75779,38346,2019-11-12
1105336,348365,49178,320821,362546,697956,73604,37380,2019-11-19
926134,326130,55994,240212,295558,600904,64234,29024,2019-11-26
983549,353144,56057,252000,314827,646028,63579,29465,2019-12-03
964413,327223,58277,258306,316510,618944,62374,28886,2019-12-10
1003799,346765,55239,275918,319323,644947,61793,27695,2019-12-17
1072332,376789,54656,301329,327741,686844,66473,29503,2019-12-24
1099823,404435,53347,300300,326354,718255,68735,27922,2019-12-31
1197110,418349,60853,349394,360464,751993,68904,34870,2020-01-07
1170516,399791,57702,332186,368993,741791,69546,38837,2020-01-14
1189723,400893,57947,345880,369827,747352,73123,38544,2020-01-21
1068985,404290,49922,256151,341322,727420,67222,35491,2020-01-28
1002910,370971,59564,238310,326194,670982,67435,34054,2020-02-04
1013330,377807,50440,236223,332164,690437,67136,36229,2020-02-11
1140854,443404,54601,277591,347292,768956,72568,39707,2020-02-18
1222538,437286,50894,338546,362454,789185,84253,43913,2020-02-25
1226461,411491,43173,361576,382146,782809,71248,38903,2020-03-03
1236887,377884,34302,364899,425129,798395,68974,39291,2020-03-10
1161072,314830,38517,378258,406796,705717,61189,38581,2020-03-17
1254370,338965,26203,431703,426031,762688,57672,33777,2020-03-24
992626,300142,31730,292183,346692,641811,53609,26901,2020-03-31
1053747,308039,32377,323723,363806,667648,58178,29999,2020-04-07
1142624,324629,34566,367842,389370,705990,60784,34226,2020-04-14
1067082,308178,31422,340010,358374,667047,60521,28604,2020-04-21
1023747,314091,28026,314451,335088,653359,60116,27911,2020-04-28
1009319,303829,28258,308222,336164,644942,61103,27897,2020-05-05
1013123,306235,37321,302132,340312,646581,64444,27089,2020-05-12
1086271,328535,44994,329863,361279,684085,66594,27329,2020-05-19
903115,306857,53213,244319,287534,578788,64405,26795,2020-05-26
874543,293337,56040,249000,268246,544431,63960,25071,2020-06-02
875907,284766,59413,263298,266823,528375,61020,24822,2020-06-09
910794,299684,57187,274038,275372,553171,61700,26398,2020-06-16
1004682,335264,59738,308051,292136,604248,69230,32645,2020-06-23
990185,355678,65306,291233,273880,600793,69394,32852,2020-06-30
1008422,366449,73204,293320,278128,608270,70524,33628,2020-07-07
1016765,358149,69220,300720,286264,616390,71632,30436,2020-07-14
1076205,365334,66619,334514,301325,639144,75032,35929,2020-07-21
1127029,351980,74380,370279,331272,651724,73497,30646,2020-07-28
1135911,360749,76066,371794,327824,650909,75544,37141,2020-08-04
1091080,334415,74696,360185,318586,624985,77894,31213,2020-08-11
1125064,332467,67399,382322,333500,644372,76775,30971,2020-08-18
1077350,315720,65623,360345,325464,623812,75821,27570,2020-08-25
1031272,326208,65489,331947,295191,604755,77926,29081,2020-09-01
1018960,329872,65683,323456,290204,600894,75427,28927,2020-09-08
1052825,343484,70105,333875,298975,619001,76493,29845,2020-09-15
1027946,316182,74339,327440,306792,598312,77532,27855,2020-09-22
911902,318439,74262,254874,266270,555002,72319,27763,2020-09-29
908492,323385,72994,253905,257166,549440,74036,32152,2020-10-06
905764,323584,85353,256028,250390,534785,75763,29598,2020-10-13
936622,335320,84464,269140,259827,556759,72334,26258,2020-10-20
886856,326472,80116,238435,245774,541605,76175,26701,2020-10-27
882150,321154,81056,245262,242763,530673,72971,25159,2020-11-03
873170,309798,79608,249576,243380,518974,70417,25013,2020-11-10
875225,318920,78123,247506,239078,524633,69721,24963,2020-11-17
751804,301253,80042,191387,187887,452379,71277,27995,2020-11-24
746427,307994,67508,183974,192674,467992,61784,26952,2020-12-01
778040,326610,72333,198573,190908,477598,61949,29536,2020-12-08
773839,327152,72863,196283,187383,477751,63022,26943,2020-12-15
799618,338437,76115,207889,188385,489183,64908,26431,2020-12-21
747305,341623,77288,174786,167118,471334,63778,23897,2020-12-29
810238,358500,77829,207697,176260,499570,67781,25143,2021-01-05
754574,312665,73608,197303,175200,459819,69405,23843,2021-01-12
735630,305270,64899,197328,166226,449126,66806,24277,2021-01-19
700842,311942,60623,167734,155785,449765,65380,22720,2021-01-26
695241,308430,61591,167466,154315,443892,65031,22292,2021-02-02
689620,303811,62702,167746,154265,437857,63797,21314,2021-02-09
686558,292235,72266,169644,158873,421256,65806,23393,2021-02-16
632438,288037,71192,141388,142205,396301,60808,23557,2021-02-23
645514,259021,77096,167492,158649,375086,60352,25840,2021-03-02
676057,247600,80436,189291,178109,379439,61057,26891,2021-03-09
676965,251664,76613,181144,187700,393354,56457,25854,2021-03-16
684841,256838,88597,182519,189299,387192,56185,26533,2021-03-23
638136,256060,98499,149814,177544,363279,54717,26544,2021-03-30
633809,276945,89222,145051,160233,374643,51580,24893,2021-04-06
630094,269947,90112,145592,160967,370464,53588,23926,2021-04-13
657138,279947,95778,155197,164860,382837,57134,23326,2021-04-20
635455,275176,101690,137666,162994,374875,59617,21222,2021-04-27
638934,274993,100318,143470,163283,371601,57188,23545,2021-05-04
704587,292027,88096,172057,178466,420041,62037,24394,2021-05-11
751663,301372,86970,190784,194438,446709,65069,27201,2021-05-18
699958,306983,74028,161680,165224,436587,66071,27662,2021-05-25
683388,308131,73089,156251,159084,430598,59922,23450,2021-06-01
679113,309317,77218,152178,157633,427119,59986,22599,2021-06-08
661687,291112,80341,146872,160358,412708,63346,21767,2021-06-15
634981,256195,85028,152660,165337,375672,60789,21621,2021-06-22
608002,259729,92042,131378,158861,362050,58034,22531,2021-06-29
625552,281655,89604,127695,159306,385821,56896,22432,2021-07-06
659997,287452,85797,151100,164303,398844,57143,24256,2021-07-13
659539,289396,80169,136953,177228,421361,55962,21057,2021-07-20
636396,282356,76656,138601,162045,399231,53394,21908,2021-07-27
628660,282902,78576,120588,167298,409279,57871,20216,2021-08-03
628177,276009,106355,123336,174231,373421,54601,25065,2021-08-10
637788,292807,93427,121671,172872,396171,50438,26518,2021-08-17
658332,311348,90842,123635,173746,418914,49603,24941,2021-08-24
639860,325583,96608,103711,162216,416203,48350,23338,2021-08-31
636604,317677,101384,103250,161398,408929,54278,23040,2021-09-07
634212,319790,100886,102535,160244,406210,51643,24581,2021-09-14
623506,304600,109615,106090,161704,382495,51112,25306,2021-09-21
608409,299923,127208,94593,164298,360133,49595,26475,2021-09-28
610483,304848,115023,100006,156875,368996,48754,26457,2021-10-05
614277,306373,115050,104960,154598,368700,48346,25567,2021-10-12
616916,307708,108262,107559,150840,377035,50809,24060,2021-10-19
673722,328118,102675,134162,159355,410799,52087,26086,2021-10-26
673396,323962,98365,141447,157502,408806,50485,24777,2021-11-02
775386,362359,93919,187564,170265,463915,55198,29988,2021-11-09
837139,383211,99795,201182,195035,506474,57711,29689,2021-11-16
711387,339458,93116,141390,170782,451569,59756,25313,2021-11-23
685404,321265,86386,136598,171319,439778,56223,22642,2021-11-30
655042,312428,86085,133841,157256,412524,51517,22592,2021-12-07
653715,309950,98647,132991,157661,398526,53113,23551,2021-12-14
651027,310040,93538,132614,155120,402252,53254,22624,2021-12-21
650426,320306,92399,125181,150583,411105,54357,21741,2021-12-28
650245,312978,85778,134692,153434,406897,49140,22878,2022-01-04
699412,305412,89842,174377,167193,408406,52430,26786,2022-01-11
696202,305421,94480,156085,183280,421386,51417,24252,2022-01-18
723419,333483,87701,163870,170273,445604,55793,26244,2022-01-25
637298,291983,102221,133006,161392,380550,50917,21521,2022-02-01
647101,301253,90379,135877,160931,396493,49040,24352,2022-02-08
717041,335472,92710,163712,166638,434319,51219,26299,2022-02-15
808830,376435,94862,198408,179694,486934,54293,28626,2022-02-22
815986,379815,89109,200079,180188,498107,55904,28691,2022-03-01
921117,403514,82289,242126,212136,564918,63342,31784,2022-03-08
849700,373239,76567,202402,213518,545963,60541,24768,2022-03-15
823034,350553,69352,198852,214556,529246,59072,25584,2022-03-22
762707,348923,70969,171868,187493,493487,54423,26383,2022-03-29
745645,346004,80271,164253,178437,477054,56951,24066,2022-04-05
795447,367710,83365,181799,184808,501462,61131,28821,2022-04-12
776562,356575,90027,173172,186318,488489,60497,24874,2022-04-19
728774,328977,92663,162141,181471,449297,56186,24673,2022-04-26
731812,307105,95830,181374,186529,430932,56803,23677,2022-05-03
741917,296031,97616,197741,190171,423816,57974,22744,2022-05-10
727353,286953,108588,187055,196919,407744,56427,23967,2022-05-17
717726,293447,97525,180546,191148,415984,52585,23670,2022-05-24
641087,281667,100484,135308,173389,382791,50723,22504,2022-05-31
622353,282854,98894,137459,153904,363224,48136,22776,2022-06-07
643209,277333,113712,152434,162241,351340,51202,25724,2022-06-14
639784,280420,105794,152996,157291,356485,49078,24509,2022-06-21
622359,278841,113751,140413,153673,343598,49432,24597,2022-06-28
641642,272216,125800,157579,162466,329508,49381,28755,2022-07-05
694137,252403,135552,204066,179573,316162,58095,38357,2022-07-12
677492,239928,147427,186284,202069,312617,49210,31163,2022-07-19
622683,245561,154136,147269,182595,290257,47258,31021,2022-07-26
613727,250210,121923,150991,170743,310808,41782,30004,2022-08-02
612376,250942,102308,153912,165215,325893,42307,30264,2022-08-09
598603,245125,101089,148379,162609,319946,42491,29189,2022-08-16
598932,242188,114585,147502,166671,306825,42570,30020,2022-08-23
581386,239565,121514,138078,160686,291415,43057,30379,2022-08-30
594783,233016,131444,149324,168834,281810,43610,32205,2022-09-06
593418,227701,133152,152987,167240,276786,45490,30493,2022-09-13
618780,215679,154893,167013,189839,262013,46249,34861,2022-09-20
584868,202890,156917,157415,179674,236672,44889,33863,2022-09-27
588463,220035,129614,166396,160570,258927,41462,33525,2022-10-04
574421,211710,120340,163673,157034,258394,42003,32014,2022-10-11
582348,204659,135314,170106,163370,246723,44214,30206,2022-10-18
606961,204646,145304,184221,173551,246031,44543,31405,2022-10-25
599297,211438,153807,173041,171958,240602,42860,31847,2022-11-01
645338,227232,142290,201958,172975,266988,43173,34103,2022-11-08
684124,240433,101404,212060,189414,336544,42218,34116,2022-11-15
570841,225322,100844,135717,166115,305003,43687,29277,2022-11-22
559524,221036,101593,132564,167807,296782,38116,28585,2022-11-29
566225,224486,99696,143129,156198,296393,42412,27007,2022-12-06
606562,241169,100755,158567,164363,317485,42463,29754,2022-12-13
606785,242015,99558,159208,161968,317851,43594,30169,2022-12-20
579634,244787,91648,141461,150239,320101,43146,26424,2022-12-27
606863,248177,88141,160137,151812,329930,46738,28655,2023-01-03
664014,261444,88837,194275,157343,351389,50952,29513,2023-01-10
705668,265514,88721,208149,178432,377377,53572,31420,2023-01-17
733468,276140,92279,214417,189514,395530,53397,31242,2023-01-24
661942,278607,89074,170108,163890,373662,49336,29098,2023-01-31
620608,239218,91184,164654,163977,336673,52759,28097,2023-02-07
605576,224854,99628,164901,165472,314986,50348,26059,2023-02-14
599637,222312,100512,162171,166149,311166,49005,25787,2023-02-21
575384,217124,104081,145257,166491,298964,46512,27081,2023-02-28
615245,219469,121338,172297,174604,294512,48875,27099,2023-03-07
676591,247133,92579,198690,183389,352073,47379,33250,2023-03-14
718931,253738,79356,220568,191118,389982,53506,29025,2023-03-21
711739,269277,69244,196880,193501,412793,52081,32821,2023-03-28
748112,292719,72676,214514,186287,428321,54592,32601,2023-04-04
736307,283793,67385,211676,185837,425847,55001,31400,2023-04-11
748698,284442,69290,216446,190954,432689,56857,30274,2023-04-18
704204,274670,64846,192433,180677,417484,56424,29441,2023-04-25
744202,289971,64808,215068,185974,433022,53189,31304,2023-05-02
794166,292966,67429,246716,196582,448562,57903,31460,2023-05-09
769191,273887,68621,235475,199045,436602,60784,28493,2023-05-16
722490,250863,68158,211652,204944,414176,55031,28503,2023-05-23
639126,242793,70074,162753,185005,378689,48576,27610,2023-05-30
625245,243769,64965,161635,167711,368726,52130,29919,2023-06-06
618147,229264,68351,161635,173634,360906,53614,27255,2023-06-13
621664,231792,68660,163091,174476,361690,52304,28222,2023-06-20
590757,222583,68986,153008,162181,339777,52985,28987,2023-06-27
609673,237916,72719,162481,159002,346034,50276,28440,2023-07-03
656397,244076,75455,198747,161851,352721,51723,29474,2023-07-11
676043,272528,72217,187759,164513,384815,51243,31252,2023-07-18
659555,253403,73571,181968,172474,376614,51710,27402,2023-07-25
596100,244060,74767,149791,154254,346341,47996,25201,2023-08-01
583740,229579,84857,152397,151547,321875,50218,24611,2023-08-08
594756,230043,110241,157874,156607,298485,50232,28157,2023-08-15
600009,220749,122001,166250,160953,280219,52057,31539,2023-08-22
597241,242873,115945,150759,154755,299419,48855,31118,2023-08-29
586886,239516,99618,148368,148097,308930,50906,29970,2023-09-05
585976,235884,112955,146840,151596,296322,51655,29859,2023-09-12
596410,238942,102190,157788,150207,305678,49473,30753,2023-09-19
573822,232836,120311,141481,148698,281572,50808,30458,2023-09-26
607491,209964,134697,177835,166402,265426,53290,29533,2023-10-03
623216,206202,145727,188303,176839,258365,51872,30821,2023-10-10
672669,225166,115081,227920,171882,297910,47702,31758,2023-10-17
740610,255354,102133,257348,178190,347944,49719,33186,2023-10-24
728673,269771,98347,237430,170312,360866,51160,32030,2023-10-31
720170,265469,92905,233069,170600,363459,51031,30737,2023-11-07
722583,258144,96593,244100,169811,352843,50527,29045,2023-11-14
763981,279754,96401,259078,176017,377307,49132,31195,2023-11-21
718454,306305,94738,194790,166174,396092,51185,32833,2023-11-28
702028,300340,89618,192179,155334,390563,54175,29668,2023-12-05
659677,274293,85382,177295,155525,370363,52563,26636,2023-12-12
702177,292797,83902,195553,159417,394891,54409,27830,2023-12-19
685284,304680,86874,175939,150639,393655,54026,28816,2023-12-26
700881,303949,85859,186843,155067,401225,55023,26954,2024-01-02
665286,276659,85518,180404,152094,373223,56129,26142,2024-01-09
668529,266752,84504,189332,157077,368045,55368,26648,2024-01-16
642602,244663,72260,185813,160951,356639,51175,27890,2024-01-23
580408,226288,74839,145594,158065,332460,50461,27514,2024-01-30
575677,233270,68838,149011,146265,329424,47131,28404,2024-02-06
576184,216251,87000,156947,152463,304896,50522,27341,2024-02-13
567260,213664,71117,157161,149752,310821,46683,28162,2024-02-20
551918,219282,75395,140979,148053,308450,43602,27093,2024-02-27
706068,281810,73558,209750,162802,384427,51707,38333,2024-03-05
776137,294594,72055,232063,194321,431310,55158,40709,2024-03-12
789118,286999,68712,240321,205442,438162,56357,41924,2024-03-19
723391,280381,62015,191161,197693,434303,54155,35911,2024-03-26
797856,306170,69596,235571,199724,452739,56390,39950,2024-04-02
865833,307527,73023,279484,218772,473875,60049,39450,2024-04-09
924186,297722,66138,328147,237701,490345,60615,39556,2024-04-16
898041,293050,64150,320425,227221,479827,57344,33638,2024-04-23
841013,287009,56478,291207,204631,458477,58166,34851,2024-04-30
861373,283164,57044,310381,205951,459603,61878,34346,2024-05-07
875249,296004,63254,298587,220109,480513,60549,32895,2024-05-14
931382,316204,58835,333770,216616,503822,64793,34954,2024-05-21
773824,298645,51780,231307,185526,457105,58346,33632,2024-05-28
736514,290723,46716,228748,160121,433685,56923,27365,2024-06-04
729754,277850,41684,232209,162188,426181,57508,29680,2024-06-11
743289,290952,40978,235102,163143,438525,54092,28685,2024-06-18
711234,288348,41806,209050,158687,431765,55149,28612,2024-06-25
719261,283399,41890,219880,161805,427439,54177,30052,2024-07-02
799427,303267,48031,266685,171573,453682,57902,31030,2024-07-09
953024,346202,57684,336117,206981,519105,63724,40118,2024-07-16
908046,326370,57804,326301,194436,491607,60938,32333,2024-07-23
815816,309068,57181,274331,176132,455029,56284,29275,2024-07-30
796080,290363,50179,274617,173305,444820,57795,26464,2024-08-06
865820,327369,52148,299329,182077,483026,57045,31317,2024-08-13
926026,356118,56334,322444,187497,512003,59967,35244,2024-08-20
840626,348663,53806,262473,168185,490559,61305,33787,2024-08-27
808325,339608,56535,251650,159478,467892,57589,32247,2024-09-03
827014,342388,61761,265493,162170,467029,56963,32732,2024-09-10
902570,374820,67056,295714,171623,504537,60413,35263,2024-09-17
994199,386538,72599,350337,195954,533480,61370,37783,2024-09-24
915249,365838,65139,316032,173058,501069,60321,33010,2024-10-01
875966,343554,66790,305751,168374,471931,58287,31494,2024-10-08
904588,353931,68392,315683,177666,490269,57307,30243,2024-10-15
983079,359274,64097,373016,188660,512967,62129,32999,2024-10-22
945200,361432,70484,350511,171781,487932,61475,36272,2024-10-29
926213,333578,66439,357848,174828,469647,59959,32279,2024-11-05
871454,309359,67091,335700,161327,433590,65067,35072,2024-11-12
850790,302352,60334,323613,164982,434937,59842,31905,2024-11-19
711924,302610,55689,217272,138868,409074,53175,29889,2024-11-26
709609,307808,49573,217535,130084,414957,54182,27545,2024-12-03
758752,327830,50400,240480,138009,436342,52432,31530,2024-12-10
715934,301635,40426,235153,124578,410267,54568,30088,2024-12-17
691049,284040,40659,234558,119191,389028,53260,26803,2024-12-24
658591,283560,37998,209120,113625,383268,52285,28205,2024-12-31
690485,295827,41496,224936,117213,395686,52509,28367,2025-01-07
756977,314574,36310,237379,151024,453129,54000,30158,2025-01-14
845135,340746,37539,286007,161399,490582,56984,31007,2025-01-21
805253,346742,40588,237461,166295,497142,54754,30062,2025-01-28
837198,365025,54869,270922,145523,480830,55728,30577,2025-02-04
867510,351041,57409,307587,152257,470388,56624,32126,2025-02-11
871137,334244,59469,323540,154927,456360,58427,31769,2025-02-18
773047,324930,57488,264616,127785,423034,55716,27909,2025-02-25
756299,311969,62968,266213,121616,399022,56502,28097,2025-03-04
779270,303640,61608,274226,141238,413174,60166,30262,2025-03-11
870033,335342,66773,313409,160771,455194,60512,34657,2025-03-18
826602,324724,66139,286819,154851,441628,60208,32015,2025-03-25
851437,324333,73451,332329,136052,412893,58723,32764,2025-04-01
775736,269017,65915,312574,136189,371608,57957,25640,2025-04-08
884929,282937,66537,387129,155653,401922,59210,29341,2025-04-15
978932,263736,68467,461054,192429,413553,61713,35858,2025-04-22
862598,249339,67460,377616,177209,386941,58434,30582,2025-04-29
902795,243775,62661,418086,179247,390220,61688,31829,2025-05-06
832416,239259,63239,360220,173730,380314,59207,28643,2025-05-13
861067,237118,57178,382435,180136,393365,61379,28090,2025-05-20
716227,233466,56404,268454,151411,362171,62895,29197,2025-05-27
710687,246981,55548,267091,138015,363175,58600,24872,2025-06-03
697081,245007,54825,257599,134045,360367,60431,24291,2025-06-10
742394,257540,56897,278405,142467,382385,63982,24707,2025-06-17
698970,246867,58320,247206,142575,368803,62321,24641,2025-06-24
668770,248372,55013,223742,135830,365541,60825,24473,2025-07-01
666313,249192,55553,216258,137328,368689,63535,25813,2025-07-08
678633,258374,54618,212890,143404,386867,63965,24258,2025-07-15
758541,304056,58776,240756,151569,427089,62160,31920,2025-07-22
648414,272933,55745,176247,139216,393275,60017,23147,2025-07-29
670740,283496,53279,189081,139211,402900,58951,25479,2025-08-05
663454,278472,57929,196848,127622,383672,60512,25005,2025-08-12
644005,261955,60085,189870,129601,370963,62579,23087,2025-08-19
633282,268942,59212,172886,128289,375586,63164,25598,2025-08-26
764782,310958,66526,243208,144884,413771,65732,41276,2025-09-02
817108,315939,60588,276309,156271,423169,68589,57043,2025-09-09
835822,312973,56894,286440,165872,458144,70536,34343,2025-09-16
898447,319773,60512,331393,178548,469609,68734,36933,2025-09-23
821734,309430,61349,294063,151409,434792,66832,31529,2025-09-30
849176,287427,62225,322276,172267,430078,67205,34597,2025-10-07
915454,261122,63391,383570,200116,430289,70645,38204,2025-10-14
926098,228568,62367,406324,222944,423288,68262,34119,2025-10-21
808428,238258,55381,321725,184937,401687,63508,29635,2025-10-28
792984,229475,50470,315689,184874,398523,62946,28301,2025-11-04
837169,233541,51222,345929,191251,411791,66448,28227,2025-11-10
846779,234387,53890,344289,203984,420680,64119,27921,2025-11-18
669455,239315,47721,226784,142102,371745,61255,23205,2025-11-25
664896,246642,42226,232579,121689,365345,63986,24746,2025-12-02
683904,252206,43202,242322,126092,375794,63285,22587,2025-12-09
761051,264606,45881,285489,143007,404296,67949,25385,2025-12-16
770129,275680,43823,285337,136092,413999,73020,26971,2025-12-23
743107,259440,39941,271623,140636,407576,71408,23967,2025-12-30
772291,255438,41695,299548,146926,407279,70379,23769,2026-01-06
844000,270880,40417,332496,163528,442730,77096,28357,2026-01-13
871555,265540,41612,355938,176260,447205,73817,26799,2026-01-20
793753,248908,42473,304416,168428,419198,72002,27667,2026-01-27
732325,205191,44004,291515,168878,374840,66741,21967,2026-02-03
726156,200356,44909,292165,171942,366785,61693,22297,2026-02-10
723906,202612,48021,290143,171024,364348,60126,21393,2026-02-17
699768,207877,45689,256209,159243,365381,76440,32489,2026-02-24
699876,208990,49099,264495,162448,366260,63943,20022,2026-03-03
709862,210640,44961,272478,165373,372740,61371,19682,2026-03-10
681393,211327,47976,251893,158509,362167,59665,19357,2026-03-17
692212,207469,46134,269263,157440,356855,58041,19960,2026-03-24
558977,204631,43935,188236,108726,308859,57385,17947,2026-03-31
550487,202470,48602,184267,107732,300197,56019,17421,2026-04-07
565169,208164,47045,191989,107020,307708,57997,18427,2026-04-14
556894,208123,47927,182878,106694,307938,59200,18152,2026-04-21
521553,204559,51055,157573,104291,294468,55131,18457,2026-04-28
526987,203487,46986,163400,104515,298523,55585,18078,2026-05-05
545067,212267,47093,170206,106575,312150,56019,15618,2026-05-12
543416,198358,49698,170610,121453,303358,52996,19750,2026-05-19
455126,196997,47337,100032,106216,288746,51882,19012,2026-05-26
434790,202178,30761,96969,86920,289424,48724,17636,2026-06-02
459311,200910,35006,110161,99121,292811,49118,21332,2026-06-09
479355,204164,29779,126892,98764,301366,49535,21318,2026-06-16
497446,208278,35394,135243,108574,306444,45350,20365,2026-06-23
500141,220217,38007,126338,99025,309292,54561,26505,2026-06-30
506482,224379,41214,131384,99441,312020,51278,21864,2026-07-07
522185,216895,40964,134622,120483,325286,50185,21313,2026-07-14
523471,216777,40582,134816,120447,326729,51431,21345,2026-07-21
493548,213558,39427,110119,103867,309089,66004,34913,2026-07-28
488312,221382,30734,116093,101198,321541,49639,19945,2026-08-04
564585,247970,33114,154637,104295,355178,57683,21656,2026-08-11
561817,252603,33108,147722,104166,361044,57325,19942,2026-08-18
644992,273133,30921,203683,105433,384794,62742,25593,2026-08-25
578926,253542,31354,167566,98809,359907,59009,20099,2026-09-01
